tree
version=v4
num_class=3
num_tree_per_iteration=3
label_index=0
max_feature_idx=183
objective=multiclass num_class:3
feature_names=diff_height diff_reach diff_age diff_prior_bouts diff_prior_wins diff_prior_losses diff_prior_win_rate diff_prior_finish_rate diff_prior_wins_ko diff_prior_wins_sub diff_prior_wins_dec diff_prior_losses_ko diff_prior_losses_sub diff_prior_losses_dec diff_slpm diff_sapm diff_str_acc diff_td_per15 diff_td_acc diff_td_def diff_sub_per15 diff_kd_per_fight diff_control_per_min diff_title_bouts diff_layoff_days diff_recent3_wins diff_recent5_wins diff_vertex_score diff_vertex_score_all_time diff_current_streak diff_finish_against_per_bout diff_avg_bout_seconds diff_kd_absorbed_per_fight diff_control_absorbed_per_min diff_reversals_per_fight diff_elo diff_str_off diff_str_def diff_grap_off diff_grap_def diff_kd_off diff_kd_def diff_ctrl_off diff_ctrl_def diff_avg_opp_elo_career diff_avg_opp_elo_last5 diff_max_opp_elo_beaten diff_avg_opp_elo_beaten diff_sos_weighted_winrate diff_preufc_bouts diff_preufc_wins diff_preufc_losses diff_preufc_win_rate diff_preufc_ko_rate diff_preufc_sub_rate diff_preufc_finish_rate diff_preufc_finish_losses diff_preufc_career_days diff_preufc_days_since_last diff_preufc_fights_last_24mo diff_preufc_last3_wins diff_preufc_dwcs_fights diff_preufc_avg_win_seconds diff_glicko_cons diff_traj_slpm diff_traj_sapm diff_traj_td abs_age_a abs_age_b abs_vertex_score_a abs_vertex_score_b abs_vertex_score_all_time_a abs_vertex_score_all_time_b abs_layoff_days_a abs_layoff_days_b abs_prior_bouts_a abs_prior_bouts_b abs_current_streak_a abs_current_streak_b abs_kd_per_fight_a abs_kd_per_fight_b abs_kd_absorbed_per_fight_a abs_kd_absorbed_per_fight_b abs_elo_a abs_elo_b abs_preufc_bouts_a abs_preufc_bouts_b abs_preufc_win_rate_a abs_preufc_win_rate_b abs_preufc_days_since_last_a abs_preufc_days_since_last_b abs_glicko_cons_a abs_glicko_cons_b is_main_event scheduled_rounds is_debut_a is_debut_b sherdog_matched_a sherdog_matched_b is_womens stance_a_orthodox stance_a_southpaw stance_a_switch stance_b_orthodox stance_b_southpaw stance_b_switch stance_asymmetry reach_height_ratio_diff age_curve_diff wc_strawweight wc_flyweight wc_bantamweight wc_featherweight wc_lightweight wc_welterweight wc_middleweight wc_light_heavyweight wc_heavyweight wc_other mlvl_prior_finish_rate_w mlvl_prior_finish_rate_l mlvl_prior_wins_ko_w mlvl_prior_wins_ko_l mlvl_prior_wins_sub_w mlvl_prior_wins_sub_l mlvl_prior_losses_ko_w mlvl_prior_losses_ko_l mlvl_prior_losses_sub_w mlvl_prior_losses_sub_l mlvl_finish_against_per_bout_w mlvl_finish_against_per_bout_l mlvl_avg_bout_seconds_w mlvl_avg_bout_seconds_l mlvl_slpm_w mlvl_slpm_l mlvl_sapm_w mlvl_sapm_l mlvl_str_acc_w mlvl_str_acc_l mlvl_td_per15_w mlvl_td_per15_l mlvl_td_acc_w mlvl_td_acc_l mlvl_td_def_w mlvl_td_def_l mlvl_sub_per15_w mlvl_sub_per15_l mlvl_control_per_min_w mlvl_control_per_min_l mlvl_kd_absorbed_per_fight_w mlvl_kd_absorbed_per_fight_l mlvl_reversals_per_fight_w mlvl_reversals_per_fight_l mlvl_str_off_w mlvl_str_off_l mlvl_str_def_w mlvl_str_def_l mlvl_grap_off_w mlvl_grap_off_l mlvl_grap_def_w mlvl_grap_def_l mlvl_kd_off_w mlvl_kd_off_l mlvl_kd_def_w mlvl_kd_def_l mlvl_ctrl_off_w mlvl_ctrl_off_l mlvl_ctrl_def_w mlvl_ctrl_def_l mlvl_preufc_ko_rate_w mlvl_preufc_ko_rate_l mlvl_preufc_sub_rate_w mlvl_preufc_sub_rate_l mlvl_preufc_finish_rate_w mlvl_preufc_finish_rate_l mlvl_preufc_finish_losses_w mlvl_preufc_finish_losses_l mrate_w_ko_win_rate mrate_w_sub_win_rate mrate_l_ko_loss_rate mrate_l_sub_loss_rate mrate_w_ko_loss_rate mrate_l_ko_win_rate mrate_l_sub_win_rate
feature_infos=[-33:31] [-30:30] [-17.763175906913077:15.937029431895962] [-35:32] [-21:20] [-16:14] [-1:1] [-1:1] [-14:14] [-16:16] [-14:14] [-8:7] [-7:7] [-12:12] [-32.885714285714286:42.266666666666666] [-39.474747474747474:18.163490748412045] [-1:0.80555555555555558] [-39.130434782608695:41.409033444431671] [-1:1] [-1:1] [-58.064516129032256:43.244303741026435] [-5:4] [-54.923076923076927:56.723168239758678] [-15:16] [-3879:4047] [-3:3] [-4:4] [-87:87] [-71:80] [-11:19] [-1:1] [-1276:1241] [-4:3] [-56.551724137931039:52.846153846153847] [-3:5.666666666666667] [-165.23960794737081:187.72957987466452] [-5.9930223824692481:5.1722189906521789] [-5.2871586058442812:4.643341275245576] [-6.0539996484444103:6.2941280484515767] [-5.2127796393448671:4.2636362945367008] [-6.4568873716097199:7.5521710218853615] [-6.0634795884430694:5.3488257095188514] [-0.60383963873453028:0.61015830758354328] [-0.41129539256856124:0.39537769960240393] [-121.37047185625011:117.83196902945451] [-121.37047185625011:125.36442297282019] [-243.98111022265539:221.06972531170686] [-200.54644567980426:163.61990619704716] [-1.6515868157299565:1.5550923617495884] [-82:76] [-67:63] [-23:13] [-0.54545454545454541:1] [-1:1] [-1:1] [-1:1] [-13:12] [-6980:6790] [-5443:5033] [-25:26] [-3:3] [-3:3] [-1514.5454545454545:779.44444444444446] [-942.13098560007018:944.23628227503741] [-15.414952973059144:15.371947197783479] [-14.325658597860921:13.788218755999598] [-15.154178602458002:13.096774193548388] [18.937713894592743:46.628336755646821] [18.496919917864478:47.854893908282001] [0:100] [0:98] [0:93] [0:94] [0:4180] [7:4068] [1:45] [1:44] [-5:18] [-7:16] [0:4] [0:5] [0:3] [0:4] [1421.7383820903501:1764.1763556763694] [1426.8363942554711:1722.8962165223752] [0:87] [0:91] [0:1] [0:1] [19:6609] [15:6687] [551.496385522536:2118.3077125748664] [534.02490901288229:2122.1640092066796] [0:1] [3:5] none none none none [0:1] [0:1] [0:1] [0:1] [0:1] [0:1] [0:1] [0:1] [-0.12683732452518581:0.16250000000000009] [-2.6451363563537598:3.1028730869293213] [0:1] [0:1] [0:1] [0:1] [0:1] [0:1] [0:1] [0:1] [0:1] none [0:1] [0:1] [0:15] [0:16] [0:17] [0:16] [0:7] [0:8] [0:7] [0:7] [0:1] [0:1] [7:1500] [7:1500] [0:45] [0:34.285714285714285] [0:23.333333333333336] [0:42] [0:1] [0:1] [0:42.857142857142854] [0:40.909090909090907] [0:1] [0:1] [0:1] [0:1] [0:43.90243902439024] [0:58.064516129032256] [0:57.663421418637] [0:58.991596638655459] [0:3] [0:4] [0:6] [0:3] [-2.2742224984458335:5.9646218469872494] [-2.5980379611167392:6.7409597293375629] [-3.9774554966325644:3.6263168004043309] [-3.6658611711342224:3.9222623076108443] [-1.9176227636004057:5.8529260703707395] [-1.9902514634851349:5.6441412475818957] [-3.2352673150820812:4.6454877485848094] [-3.0281969485194073:4.870050356366157] [-1.6094908317897643:7.7157241647749508] [-1.5151269415166926:7.2707920320045485] [-3.1555901330186202:4.6587263698611094] [-3.0027287707402617:5.1323829803751781] [-0.22649601105732459:0.60882128166558602] [-0.22916117953619172:0.55707098663523169] [-0.42943741195546481:0.29577104922801234] [-0.39226447677512355:0.34956118967939198] [0:1] [0:1] [0:1] [0:1] [0:1] [0:1] [0:13] [0:14] [0:1] [0:1] [0:1] [0:1] [0:1] [0:1] [0:1]
tree_sizes=1603 1391 1624 1656 1635 1552 1545 1660 1337 1542 1760 1781 1764 1654 1543 1440 1440 1442 1450 1545 1666 1562 1766 1555 1662 1763 1547 1661 1756 1777 1779 1758 1768 1448 1541 1448 1552 1332 1671 1663 1768 1656 1766 1440 1443 1553 1554 1764 1665 1659 1558 1658 1552 1667 1450 1549 1446 1654 1658 1440 1548 1779 1659 1663 1549 1768 1560 1546 1661 1331 1660 1335 1554 1558 1445 1223 1444 1546 1227 1771 1341 1448 1665 1447 1339 1545 1446 1442 1663 1446 1339 1435 1771 1442 1774 1338 1235 1438 1567 1773 1553 1552 1666 1781 1785 1555 1336 1776 1439 1555 1443 1334 1336 1455 1452 1661 1337 1451 1667 1550 1664 1456 1347 1560 1656 1451 1229 1661 1341 1453 1334 1550 1453 1657 1450 1661 1763 1344 1448 1560 1781 1435 1668 1671 1230 1234 1557 1456 1546 1660 1128 1456 1666 1012 1446 1449 1126 1206 1350 1348 1449 1331 1124 1340 1561 1234 1569 1014 1661 1227 1452 1340 1556 1230 1660 1672 1663 1544 1768 1231 1123 1333 1120 1458 1546 1116 1121 1118 1344 1232 1230 1436 1222 1335 1571 1340 1342 910 1122 1338 1339 1121 1549 1668 910 1563 1126 1332 1760 1127 1122 1452 1343 904 1749 1339 1558 1451 1558 1778 1435 1343 1130 1566 1019 1234 1558 1346 1016 1226 1452 1012 1334 1780 904 1238 1339 1126 1653 1553 1128 1114 1771 905 1666 1452 1006 1663 1672 1131 1109 798 1119 1450 1563

Tree=0
num_leaves=14
num_cat=0
split_feature=177 169 169 99 157 71 170 22 130 137 130 174 36
split_gain=110.269 45.3237 23.0766 22.4769 17.0744 15.3966 12.7322 14.8277 10.2831 8.84704 9.36558 6.5569 3.15252
threshold=0.54195804195804198 0.52506265664160412 0.47213622291021679 1.0000000180025095e-35 0.13740535788611416 7.5000000000000009 0.62731481481481499 -8.7651331187268671 0.12660256410256412 0.49984066284257495 0.14495798319327732 0.81365740740740755 0.015851928526385551
decision_type=10 8 8 2 2 10 10 8 2 10 2 8 2
left_child=1 3 5 4 -1 -2 7 -3 -7 11 -11 -4 -5
right_child=2 6 9 12 -6 8 -8 -9 -10 10 -12 -13 -14
leaf_value=-1.1187430572225301 -1.1292894633729318 -1.0944581544751788 -1.1100289207159131 -1.1495236015633521 -1.1307450305684656 -1.1143893100519457 -1.0900804385442859 -1.1186652793356475 -1.0890410079427499 -1.0949845305517891 -1.0694179168038935 -1.0880299346455933 -1.1359879693262045
leaf_weight=368.50824058055878 42.596382647752762 52.172313630580902 39.954746514558792 64.720085263252258 391.29235222935677 48.87026846408844 46.889041364192963 168.73450800776482 53.823336213827133 42.926587164402008 58.44619944691658 49.530677497386932 60.427426546812057
leaf_count=1116 129 158 121 196 1185 148 142 511 163 130 177 150 183
internal_value=-1.1173 -1.12319 -1.09718 -1.12755 -1.12494 -1.10929 -1.10879 -1.11288 -1.10094 -1.08806 -1.0799 -1.09764 -1.1432
internal_weight=1488.89 1152.74 336.148 884.948 759.801 145.29 267.796 220.907 102.694 190.858 101.373 89.4854 125.148
internal_count=4509 3491 1018 2680 2301 440 811 669 311 578 307 271 379
is_linear=0
shrinkage=1


Tree=1
num_leaves=12
num_cat=0
split_feature=54 20 20 180 180 177 174 53 36 165 52
split_gain=146.679 41.2407 40.2597 29.7108 19.4029 18.8757 14.2665 14.0814 12.2184 6.91709 5.67108
threshold=0.1663292847503374 1.3498334764727005 0.98895878288978245 0.31666666666666671 0.11437908496732027 0.18465909090909094 0.84412955465587058 0.26381257631257632 -0.017559906691813076 0.016063634763377632 0.007019704433497532
decision_type=8 8 10 10 8 10 10 10 2 2 10
left_child=2 3 4 5 9 -2 -4 -6 -5 -1 -3
right_child=1 10 6 8 7 -7 -8 -9 -10 -11 -12
leaf_value=-1.6998805110517763 -1.6547155166931209 -1.6091517202164107 -1.6739540752162596 -1.6187254594652984 -1.6756633265465251 -1.6809830421336169 -1.6409156600064887 -1.694582930099696 -1.6561167294437871 -1.6882576172123267 -1.63685049320344
leaf_weight=201.67342537641525 84.410822838544846 28.973444595932961 47.908845394849777 31.711092904210091 215.13352955877781 88.973570019006729 36.501977443695068 87.832883223891258 27.604620441794395 145.77977241575718 32.167367622256279
leaf_count=884 370 127 210 139 943 390 160 385 121 639 141
internal_value=-1.67569 -1.65185 -1.68524 -1.65968 -1.68862 -1.66816 -1.6594 -1.68118 -1.63547 -1.69506 -1.62283
internal_weight=1028.67 293.841 734.83 232.7 650.42 173.384 84.4108 302.966 59.3157 347.453 61.1408
internal_count=4509 1288 3221 1020 2851 760 370 1328 260 1523 268
is_linear=0
shrinkage=1


Tree=2
num_leaves=14
num_cat=0
split_feature=132 130 161 54 161 53 137 137 45 181 130 142 78
split_gain=68.8234 23.3476 21.3046 16.4012 16.1137 14.2744 11.0571 11.042 8.9383 7.63985 7.46626 6.38612 3.51917
threshold=527.38095238095252 0.15504807692307696 0.37630084400495895 0.25060386473429958 0.90922681535804639 -0.2011904761904762 0.47263964067718539 0.59356563739865453 25.499184182367348 0.34848484848484856 0.15192307692307697 0.46588642106663125 -1.0000000180025095e-35
decision_type=2 2 2 8 2 8 8 10 10 8 2 10 2
left_child=2 5 3 6 8 11 -1 -7 -3 -6 -4 -2 -12
right_child=1 4 10 -5 9 7 -8 -9 -10 -11 12 -13 -14
leaf_value=-0.71676878923531462 -0.72934650041447979 -0.71774662174921688 -0.73258768123099127 -0.74516011933746917 -0.72687106436117876 -0.70797551775184153 -0.73287585404925881 -0.72818466384306346 -0.73612257869658149 -0.74956800413465019 -0.74426075972881711 -0.71257728621633643 -0.75934781190285516
leaf_weight=143.8824462890625 99.668569564819336 312.11999416351318 45.712652206420898 77.18693733215332 46.836733818054199 522.69794940948486 127.77060985565186 46.462039947509766 47.9608154296875 48.710203170776367 57.32816219329834 55.829386711120605 57.32816219329834
leaf_count=384 266 833 122 206 125 1395 341 124 128 130 153 149 153
internal_value=-0.722325 -0.717023 -0.734603 -0.729012 -0.724113 -0.712567 -0.724349 -0.709636 -0.720232 -0.738627 -0.746634 -0.72329 -0.752078
internal_weight=1689.49 1180.29 509.209 348.84 455.628 724.658 271.653 569.16 360.081 95.5469 160.369 155.498 114.656
internal_count=4509 3150 1359 931 1216 1934 725 1519 961 255 428 415 306
is_linear=0
shrinkage=1


Tree=3
num_leaves=14
num_cat=0
split_feature=169 121 79 119 79 132 132 141 133 89 51 132 174
split_gain=99.5708 38.5495 23.0099 22.7613 15.5534 14.7914 13.7303 12.2073 11.5456 10.5565 10.4578 5.93947 5.34967
threshold=0.51000000000000012 1.5000000000000002 0.37171052631578955 0.45804195804195807 0.54006410256410264 447.04166666666669 535.71428571428589 0.43383838383838391 3.6034794001367727 589.50000000000011 1.0000000180025095e-35 643.53846153846166 0.72902097902097907
decision_type=8 2 2 8 2 2 2 10 2 10 10 2 10
left_child=1 5 10 12 7 8 -4 -5 -1 -7 -3 -6 -2
right_child=3 2 6 4 11 9 -8 -9 -10 -11 -12 -13 -14
leaf_value=-0.0080412992927407466 -0.0093942799319963275 -0.011844682069268451 0.036510754788466604 0.023376317306300583 0.042430002361165599 -0.0069102499712390408 0.0086235845911673392 0.0042926811135333845 0.016410888308634294 -0.018563193058009422 0.0067976345780555308 0.02187151021969307 0.0078143874261957756
leaf_weight=97.944885194301605 47.928790956735611 115.97219079732895 40.291940897703171 124.72280216217041 59.963752657175064 185.7476501762867 93.292104601860046 94.979784220457077 43.918074607849121 390.50601100921631 80.832023471593857 42.952953994274139 69.572543144226074
leaf_count=297 145 352 121 375 179 565 282 286 133 1190 245 129 210
internal_value=-8.34344e-05 -0.00678708 0.0045068 0.0158614 0.0213367 -0.0119849 0.0172586 0.0151921 -0.000395483 -0.014829 -0.00418209 0.0341621 0.000758054
internal_weight=1488.63 1048.5 330.388 440.121 322.619 718.117 133.584 219.703 141.863 576.254 196.804 102.917 117.501
internal_count=4509 3185 1000 1324 969 2185 403 661 430 1755 597 308 355
is_linear=0
shrinkage=0.04


Tree=4
num_leaves=14
num_cat=0
split_feature=171 145 145 180 53 180 168 168 180 165 53 53 99
split_gain=176.42 36.9906 28.7801 23.2657 16.4377 15.7751 15.309 12.8963 11.558 11.1528 10.6647 9.0299 5.27919
threshold=0.37228260869565222 1.4695877262173243 0.72609935171444207 0.31666666666666671 -0.28861579596873704 0.45804195804195807 -0.023434021063926794 0.014192697537674622 0.31666666666666671 0.14309019615826388 -0.16734409755004717 0.10155401873668125 1.0000000180025095e-35
decision_type=8 2 2 10 10 10 2 2 8 2 10 10 2
left_child=2 3 8 7 -3 9 -6 -2 12 -4 -5 -10 -1
right_child=1 4 5 10 6 -7 -8 -9 11 -11 -12 -13 -14
leaf_value=-0.022927692409557117 0.00070266111964824079 0.065472875649859597 -0.009286086987008715 0.052558336108006296 0.013994823694930028 0.027649937245442104 0.04812626413359649 0.025162647970499417 0 0.018956155592747916 0.017320493581460518 -0.017481561851316847 -0.0065688499686422817
leaf_weight=281.14209240674973 138.30503728985786 32.571908339858055 104.22525039315224 29.259948953986168 43.100536808371544 31.898008897900581 42.772457882761955 45.053693637251854 97.361279860138893 27.408151134848595 28.255117639899254 90.498243495821953 37.050194770097733
leaf_count=1247 605 138 457 125 186 139 184 197 425 120 122 400 164
internal_value=0.000425541 0.023001 -0.0117024 0.0138909 0.0412394 0.00286271 0.0313767 0.00682754 -0.0164094 -0.00329194 0.0358733 -0.00845922 -0.0210557
internal_weight=1028.9 359.319 669.583 240.874 118.445 163.531 85.873 183.359 506.052 131.633 57.5151 187.86 318.192
internal_count=4509 1557 2952 1049 508 716 370 802 2236 577 247 825 1411
is_linear=0
shrinkage=0.04


Tree=5
num_leaves=13
num_cat=0
split_feature=131 132 180 119 163 173 173 173 131 7 170 169
split_gain=77.7594 36.6548 26.8527 16.8119 15.9388 13.291 12.7647 12.44 11.4621 10.7368 6.14979 5.16492
threshold=653.83333333333337 521.56944444444457 0.5277777777777779 0.75735294117647067 -0.51069210486914363 0.86811594202898557 0.86038961038961048 0.69397993311036799 465.53333333333336 -0.041666666666666664 0.37715517241379315 0.36038961038961043
decision_type=2 2 10 8 2 8 10 10 2 10 10 10
left_child=1 5 3 6 8 9 -2 -6 -3 -1 -5 -7
right_child=2 4 -4 10 7 11 -8 -9 -10 -11 -12 -13
leaf_value=-0.0032752321628341996 0.017254242401674925 -0.026459622699081753 -0.013116077448072977 0.0050339658505977047 0.01479083244819111 -0.03824920716801096 0.0044208363046156782 -0.0019176786958917745 -0.00546284347051841 -0.025512543884247136 -0.013849754434708064 -0.022036886679028558
leaf_weight=96.247439026832581 448.23171040415764 58.425071686506271 80.165272533893585 62.209402531385422 93.686854183673859 55.768088698387146 173.10710865259171 287.37747669219971 142.3723492026329 53.90431022644043 47.948901623487473 89.83997705578804
leaf_count=257 1196 156 214 166 250 149 462 767 380 144 128 240
internal_value=-0.000184572 -0.00843426 0.00873246 0.0111442 -0.00259084 -0.0198761 0.0136949 0.00221293 -0.0116829 -0.0113876 -0.00321826 -0.0284784
internal_weight=1689.28 877.622 811.662 731.497 581.862 295.76 621.339 381.064 200.797 150.152 110.158 145.608
internal_count=4509 2343 2166 1952 1553 790 1658 1017 536 401 294 389
is_linear=0
shrinkage=0.04


Tree=6
num_leaves=13
num_cat=0
split_feature=177 177 132 179 147 38 171 171 57 62 20 54
split_gain=94.9491 29.6721 22.3548 19.5296 17.5093 15.6221 12.4347 8.7982 11.3862 8.0809 7.20065 5.02266
threshold=0.54195804195804198 0.31009615384615391 673.47222222222229 0.20714285714285716 11.135901877810161 0.082660752969656096 0.18019480519480521 0.33712121212121215 343.50000000000006 145.63095238095244 -0.77999663783596251 0.125437062937063
decision_type=10 8 2 10 2 2 10 8 10 10 10 10
left_child=1 4 7 11 9 -5 -4 8 -2 -1 -6 -3
right_child=2 3 6 5 10 -7 -8 -9 -10 -11 -12 -13
leaf_value=-0.006189415085120077 0.036409389994787517 -0.0013626435657591131 0.016932527582375116 0.023426047096810631 -0.003283148853781971 0.0010575390632569844 -0.008491125977338275 0.0088190777616895116 0.014098634089307878 0.011599500723337522 -0.017386353903325741 -0.013061523003343241
leaf_weight=142.18347865343094 125.13494321703911 199.6981420814991 61.964153736829758 92.555875718593597 68.845469653606415 107.82980400323868 59.233583927154541 40.696053743362427 54.633265286684036 56.15317577123642 396.53702875971794 82.621246427297592
leaf_count=433 370 605 185 279 210 326 179 122 162 171 1215 252
internal_value=-8.05927e-05 -0.00559973 0.018395 0.00194134 -0.0110818 0.0114643 0.00452293 0.0259571 0.0297555 -0.00111005 -0.0153158 -0.00482742
internal_weight=1488.09 1146.42 341.662 482.705 663.719 200.386 121.198 220.464 179.768 198.337 465.382 282.319
internal_count=4509 3491 1018 1462 2029 605 364 654 532 604 1425 857
is_linear=0
shrinkage=0.04


Tree=7
num_leaves=14
num_cat=0
split_feature=171 20 178 180 180 180 171 168 44 52 18 57 92
split_gain=164.117 38.2276 23.0614 21.2771 18.5295 13.9392 12.5788 12.1233 10.1338 9.09594 6.96309 6.66405 5.91727
threshold=0.37228260869565222 0.90528394663233336 0.14642857142857144 0.34523809523809529 0.31666666666666671 0.27922077922077926 0.23669467787114848 0.0024394003494397553 -7.3548541985774127 1.0000000180025095e-35 -1.0000000180025095e-35 34.500000000000007 1372.5179784367936
decision_type=8 8 10 10 10 10 10 2 10 10 8 10 2
left_child=2 4 6 11 7 8 12 -2 -3 -8 -6 -4 -1
right_child=1 5 3 -5 10 -7 9 -9 -10 -11 -12 -13 -14
leaf_value=-0.015159117822100974 -0.00061605227816501009 0.012893787990889723 -0.013004639331314056 0.02910283050320582 0.045990291451987839 0.064150006420303718 0.006458362714793304 0.021355528612949707 0.041435051069146057 -0.016464265969973094 0.017754344884580889 0.0036400542478871689 -0.025671109733038239
leaf_weight=211.60952360928059 126.66578896343708 31.727193385362625 87.973804786801338 32.993784427642822 28.657923698425293 29.640049621462822 58.997861087322235 57.699697837233543 59.908124506473541 50.451280489563942 30.973969981074333 66.942261561751366 154.69397787749767
leaf_count=945 553 133 389 142 120 122 261 248 251 224 130 296 695
internal_value=0.00041164 0.0219122 -0.0114342 0.000421135 0.0126882 0.0401984 -0.016112 0.00632758 0.0318206 -0.00414326 0.0318917 -0.0058221 -0.0196617
internal_weight=1028.94 365.273 663.662 187.91 243.997 121.275 475.753 184.365 91.6353 109.449 59.6319 154.916 366.304
internal_count=4509 1557 2952 827 1051 506 2125 801 384 485 250 685 1640
is_linear=0
shrinkage=0.04


Tree=8
num_leaves=11
num_cat=0
split_feature=131 132 180 119 93 131 99 119 170 131
split_gain=72.1136 34.0872 25.057 15.761 15.3347 12.8358 12.4675 10.1654 5.79677 5.67688
threshold=653.83333333333337 521.56944444444457 0.5277777777777779 0.75735294117647067 1.0000000180025095e-35 453.04166666666669 1.0000000180025095e-35 0.53589743589743599 0.37715517241379315 423.61904761904765
decision_type=2 2 10 8 2 2 2 10 10 2
left_child=1 7 3 6 5 -3 -2 -1 -5 -9
right_child=2 4 -4 8 -6 -7 -8 9 -10 -11
leaf_value=-0.0072371926091076627 0.01059986930099545 -0.0088664871755782058 -0.012706088540916313 0.0048375939276408811 -0.020864357726441726 0.0043558883695453618 0.025722613844562911 -0.03193029220645166 -0.013498285630472449 -0.018159925360989992
leaf_weight=83.839288830757141 516.1498439013958 178.23660081624985 80.113705217838287 62.215413331985474 63.640583097934723 339.83822441101074 105.35892313718796 85.139090746641159 47.922527343034744 126.34806674718857
leaf_count=224 1377 476 214 166 170 907 281 228 128 338
internal_value=-0.000178692 -0.00812752 0.00840636 0.010735 -0.00249389 -0.000197555 0.0132039 -0.0191717 -0.00317227 -0.0238371
internal_weight=1688.8 877.042 811.76 731.647 581.715 518.075 621.509 295.326 110.138 211.487
internal_count=4509 2343 2166 1952 1553 1383 1658 790 294 566
is_linear=0
shrinkage=0.04


Tree=9
num_leaves=13
num_cat=0
split_feature=169 161 119 179 132 99 139 161 28 79 82 92
split_gain=87.3342 38.8304 18.7566 17.4493 17.2887 17.1373 13.8755 12.6 10.6656 5.44657 5.18249 3.99837
threshold=0.51000000000000012 0.31774945702605611 0.45804195804195807 0.55050505050505061 521.56944444444457 1.0000000180025095e-35 2.080034837114638 0.42883811741241779 -2.4999999999999996 0.42582417582417587 0.088932806324110686 1094.7020052016135
decision_type=8 2 8 10 2 2 2 2 8 2 2 2
left_child=1 5 10 7 9 6 -1 -4 -6 -3 -2 -7
right_child=2 4 3 -5 8 11 -8 -9 -10 -11 -12 -13
leaf_value=-0.0031570918206110942 -0.0074969855627953323 0.010101898981375762 0.0051860657366074323 0.035971734235199185 0.015583797436227342 -0.014211795328921546 -0.01510501386924719 0.023226509332875053 -0.0054026562581887972 0.030837396702399229 0.0091849077511846223 -0.030243011698614621
leaf_weight=346.62720632553101 57.665247410535812 40.393527925014496 123.81864368915558 78.886986583471298 50.286431074142456 41.093597620725632 282.88083124160767 125.1737853884697 157.42258980870247 43.689663648605347 59.507763415575027 79.882307976484299
leaf_count=1057 175 121 369 231 152 127 871 369 479 129 180 249
internal_value=-7.97881e-05 -0.00641466 0.0147326 0.019629 0.00594825 -0.0112256 -0.00854472 0.01432 -0.000261922 0.0211354 0.000964228 -0.024975
internal_weight=1487.33 1042.28 445.052 327.879 291.792 750.484 629.508 248.992 207.709 84.0832 117.173 120.976
internal_count=4509 3185 1324 969 881 2304 1928 738 631 250 355 376
is_linear=0
shrinkage=0.04


Tree=10
num_leaves=15
num_cat=0
split_feature=171 160 53 145 145 20 170 165 171 52 160 131 67 99
split_gain=153.218 35.3481 28.5398 26.7102 23.8854 12.1698 10.7028 9.65991 9.3551 9.08435 8.93752 7.55228 6.85307 5.54357
threshold=0.37228260869565222 -0.22804865973019364 -0.25425685425685418 0.72609935171444207 0.77796691533504025 0.97486932088823142 0.3373983739837399 0.14761170188163322 0.16064516129032261 -0.003907203907203948 -0.59633979191656594 590.30952380952397 29.572895277207397 1.0000000180025095e-35
decision_type=8 2 10 2 2 10 8 2 10 8 2 2 10 2
left_child=3 2 11 8 12 -4 -6 10 13 -10 -5 -2 -3 -1
right_child=1 4 5 7 6 -7 -8 -9 9 -11 -12 -13 -14 -15
leaf_value=-0.022810443788369709 0.046111759429140239 0.02955789338417061 -0.0069909533033335148 -0.016682133151557671 0.033672015516224632 0.018599736552510154 0.061975548450070347 0.022064028220118343 -1.3409604306216854e-05 -0.01660465724380842 0.0052732118379944324 0.018521429212025195 0.0028369616917832963 -0.0057560798417355952
leaf_weight=243.46695356070995 30.517473697662354 28.211443945765495 105.08017636835575 43.484527707099915 50.152583301067352 40.310473561286926 45.736469268798828 32.26042665541172 93.179842323064804 121.59282705187798 87.979554384946823 37.429128289222717 33.26705214381218 36.135371699929237
leaf_count=1110 125 120 454 192 208 166 185 139 415 548 385 157 142 163
internal_value=0.000397517 0.0209344 0.0102355 -0.011182 0.0352697 0.000169153 0.047693 0.00279843 -0.0158123 -0.00944918 -0.002045 0.0314314 0.0154076 -0.0206419
internal_weight=1028.8 370.705 213.337 658.1 157.368 145.391 95.8891 163.725 494.375 214.773 131.464 67.9466 61.4785 279.602
internal_count=4509 1557 902 2952 655 620 393 716 2236 963 577 282 262 1273
is_linear=0
shrinkage=0.04


Tree=11
num_leaves=15
num_cat=0
split_feature=173 130 130 53 170 173 182 14 87 7 137 137 67 13
split_gain=52.6089 27.866 16.2586 14.9427 12.6108 10.1567 9.81022 10.2639 9.62215 9.22416 8.15125 7.88358 6.10147 5.53845
threshold=0.86038961038961048 0.19139194139194141 0.13188405797101452 -0.22361655773420477 0.30217391304347835 0.74342105263157909 0.42481203007518803 -0.54551982805947119 0.81365740740740755 -0.33578431372549017 0.57401928555774717 0.45171490060233183 30.449007529089666 -1.0000000180025095e-35
decision_type=8 2 2 8 10 10 10 10 8 10 10 10 10 2
left_child=1 3 6 -1 5 -3 8 -8 -2 -6 -5 12 -4 -13
right_child=2 4 11 10 9 -7 7 -9 -10 -11 -12 13 -14 -15
leaf_value=-0.0010324169334513906 -0.01114988299101902 0.014336569859547496 -0.014670805385733468 0.015558496365763065 0.0018990416797242161 -0.0047972110248641238 -0.025479617567575819 0.00018731217410382136 0.0088472824264234414 -0.01375713321170109 -0.0013314110467602309 -0.011280826360933251 0.0029900292760726551 -0.025120510067310493
leaf_weight=138.2507698237896 53.191694617271423 96.63303542137146 75.178629755973816 442.65295189619064 93.234725326299667 80.479373931884766 48.228623360395432 50.158300340175629 131.86915764212608 166.82341969013214 50.561969518661499 75.894616395235062 52.361691325902939 132.55139923095703
leaf_count=369 142 258 201 1181 249 215 129 134 352 446 135 203 140 355
internal_value=-0.000170871 0.00520288 -0.00943824 0.0105716 -0.00255372 0.00565289 -0.00236052 -0.0125041 0.00305975 -0.00815073 0.0138238 -0.0153786 -0.00743773 -0.020169
internal_weight=1688.07 1068.64 619.434 631.466 437.171 177.112 283.448 98.3869 185.061 260.058 493.215 335.986 127.54 208.446
internal_count=4509 2853 1656 1685 1168 473 757 263 494 695 1316 899 341 558
is_linear=0
shrinkage=0.04


Tree=12
num_leaves=15
num_cat=0
split_feature=177 171 132 68 177 89 74 68 18 177 146 30 54 54
split_gain=85.2879 30.5983 18.2935 12.5519 10.5555 9.62384 9.04576 8.5973 8.15646 8.10616 7.57466 6.85587 5.93041 4.17447
threshold=0.54195804195804198 0.31698564593301443 671.35416666666686 31.404517453798771 0.14642857142857144 428.50000000000006 141.50000000000003 36.283367556468178 -0.18138528138528134 0.26491228070175443 1.2118764380476821 -0.045952740070387112 0.34668803418803423 -0.049630541871921167
decision_type=10 10 2 10 8 10 2 8 10 10 10 2 10 10
left_child=1 4 3 11 5 -1 -4 -6 -5 10 -3 -2 -11 -8
right_child=2 9 6 8 7 -7 13 -9 -10 12 -12 -13 -14 -15
leaf_value=0.0094525056689342621 0.022843529684398466 -0.0191767670050947 -0.010402349739043734 0.042330212417118089 0.0018399316738093392 -0.011058263129900322 0.020744378043821451 0.018873553051243476 0.021830008563050063 -0.0099345911930142101 -0.0061001567850367212 0.0013473998281222624 0.0076197563364052033 0.0026234596499020548
leaf_weight=45.595425218343735 45.657216548919678 288.73998787999153 43.419594883918762 58.995926409959793 320.83002224564552 170.59324285387993 41.429586201906204 54.773630887269974 75.518538057804108 104.88178873062134 96.103332161903381 49.028264224529266 42.44463324546814 40.251995325088501
leaf_count=139 133 897 130 171 969 526 123 165 220 320 296 144 130 121
internal_value=-0.000540925 -0.00593777 0.0165426 0.0232375 0.000320031 -0.00669961 0.00417387 0.00437275 0.0310819 -0.012888 -0.0159407 0.0118641 -0.00484644 0.0119785
internal_weight=1478.26 1123.96 354.301 229.2 591.792 216.189 125.101 375.604 134.514 532.17 384.843 94.6855 147.326 81.6816
internal_count=4484 3442 1042 668 1799 665 374 1134 391 1643 1193 277 450 244
is_linear=0
shrinkage=0.04


Tree=13
num_leaves=14
num_cat=0
split_feature=171 20 123 180 53 143 144 160 44 31 143 54 145
split_gain=159.152 34.0963 22.1307 21.6737 17.8746 20.4685 16.8633 12.6041 11.644 8.42865 7.88516 4.93504 4.2349
threshold=0.3257575757575758 0.59499147709516798 1.0000000180025095e-35 0.34523809523809529 -0.17531520617400279 0.60749299719887961 0.80673457838143758 0.32075766759786578 0.82286447880551361 426.11111111111114 0.70074626865671652 0.052060982495765122 0.4934380305629032
decision_type=8 10 2 8 8 10 8 2 10 2 10 10 2
left_child=2 4 9 12 5 -2 8 -6 -3 11 -5 -1 -4
right_child=1 6 3 10 7 -7 -8 -9 -10 -11 -12 -13 -14
leaf_value=-0.022930735410881382 0.041473754898329676 0.027326702365134611 -0.02103921136141787 0.031782778536560724 -0.003395632783348067 0.0049492806976122964 0.013937628657431428 0.023559497605624827 0.053070829353831929 0.00056853763322123373 0.0024516710876930237 -0.010459240845064754 -0.0057640751977347674
leaf_weight=282.93512871861458 48.012542888522148 61.091946586966515 44.484857514500618 30.358351573348045 142.47314549982548 50.083219349384308 58.543132454156876 33.404286995530128 60.115926772356033 32.594970315694809 28.184232756495476 65.71432638168335 85.061993911862373
leaf_count=1304 199 247 205 131 619 211 239 142 241 148 123 296 379
internal_value=0.00079166 0.0184443 -0.0132806 -0.00202459 0.0094952 0.0230843 0.0319452 0.00181688 0.0404413 -0.0188087 0.0179738 -0.0206224 -0.0111457
internal_weight=1023.06 453.724 569.334 188.089 273.973 98.0958 179.751 175.877 121.208 381.244 58.5426 348.649 129.547
internal_count=4484 1898 2586 838 1171 410 727 761 488 1748 254 1600 584
is_linear=0
shrinkage=0.04


Tree=14
num_leaves=13
num_cat=0
split_feature=131 130 17 131 54 31 72 43 130 129 53 7
split_gain=46.1501 20.9684 16.2045 14.2713 12.9744 11.2635 10.3732 9.9114 9.31052 9.14475 7.79877 5.00765
threshold=647.03846153846166 0.18350168350168353 -1.7695855427663705 532.36666666666679 0.17142857142857143 -1.0000000180025095e-35 8.5000000000000018 -0.094592519390144361 0.22902097902097904 0.42261904761904767 -0.21384260900389929 -1.0000000180025095e-35
decision_type=2 2 10 2 10 2 8 2 2 2 10 10
left_child=1 6 11 9 8 -6 -1 -5 -4 -3 -8 -2
right_child=2 3 4 7 5 -7 10 -9 -10 -11 -12 -13
leaf_value=0.015831551923475053 0 -0.024019599498950498 0.015596796898678138 0.011260121979656184 0.015527673801789104 -0.0066431852587960074 -0.01311434909299434 -0.010550979077545739 0.0040248531905817345 -0.0059362685138424345 8.6664536511661916e-05 -0.016674284372027608
leaf_weight=52.457540482282639 68.558685332536697 177.32426097989082 371.04973542690277 47.468055665493011 50.205860078334808 128.05909317731857 91.566975086927414 105.74405577778816 160.67550417780876 61.228155821561813 314.81083706021309 48.68805268406868
leaf_count=140 183 476 990 127 134 342 245 283 429 164 841 130
internal_value=-5.08444e-06 -0.00654468 0.00671657 -0.0133291 0.00899204 -0.000336126 -0.000731284 -0.00375131 0.0121179 -0.0194307 -0.00290783 -0.00700515
internal_weight=1677.84 850.6 827.237 391.765 709.99 178.265 458.835 153.212 531.725 238.552 406.378 117.247
internal_count=4484 2276 2208 1050 1895 476 1226 410 1419 640 1086 313
is_linear=0
shrinkage=0.04


Tree=15
num_leaves=12
num_cat=0
split_feature=169 79 179 160 38 54 169 141 139 92 160
split_gain=68.1883 34.1655 23.1527 15.9823 14.3124 14.2014 12.7331 7.00887 6.92471 7.93653 2.35057
threshold=0.30602006688963218 0.3585714285714286 0.57738095238095244 -1.172935493555004 -0.24947182665368003 0.12470095693779909 0.72474747474747481 0.63762626262626265 2.6488592782521336 1349.3508927051209 -0.25911595501806911
decision_type=8 2 10 2 2 10 10 8 2 2 2
left_child=3 4 5 -1 7 -3 -6 -2 9 -5 -10
right_child=1 2 -4 8 6 -7 -8 -9 10 -11 -12
leaf_value=0.0065585835511249588 0.0043755552709320092 0.014346759946618545 0.035735938733874088 -0.015678430698518903 -0.0068360186203982503 -0.010398235675218113 0.014786675352546541 0.021762640600534327 -0.016582401877217025 -0.0026082788308485743 -0.027612861562065088
leaf_weight=65.388685286045074 135.61885997653008 235.31853187084198 73.089364886283875 217.26629224419594 352.78292793035507 43.177046239376068 48.697529524564743 50.677923530340195 75.236151218414307 114.0277464389801 65.5633265376091
leaf_count=201 410 695 211 672 1078 129 144 152 235 351 206
internal_value=-0.000520585 0.00597804 0.0158223 -0.011872 6.93403e-05 0.0104797 -0.0041781 0.00920695 -0.0144375 -0.0112072 -0.0218914
internal_weight=1476.84 939.362 351.585 537.482 587.777 278.496 401.48 186.297 472.094 331.294 140.799
internal_count=4484 2819 1035 1665 1784 824 1222 562 1464 1023 441
is_linear=0
shrinkage=0.04


Tree=16
num_leaves=12
num_cat=0
split_feature=178 169 12 92 170 169 108 78 132 20 169
split_gain=116.187 47.363 18.5926 17.315 16.4397 14.5821 14.4839 12.3902 9.04685 9.06111 5.8156
threshold=0.23303167420814483 0.29705882352941182 -1.4999999999999998 1381.9833835770098 0.34891304347826091 0.19139194139194141 0.013535214588046076 -1.0000000180025095e-35 220.05000000000004 0.04762294662394146 0.20344827586206901
decision_type=10 8 2 2 10 10 10 2 2 10 10
left_child=1 4 -2 5 10 -4 -6 -5 -3 -10 -1
right_child=2 8 3 7 6 -7 -8 -9 9 -11 -12
leaf_value=0.0046864539770179181 0.046189764769043108 0.0046181428607757202 0.037180170469546865 -0.010640951540834883 0.036466896051579469 0.014310865719785562 0.0033420522180211605 0.014320034889498788 -0.020487349499197668 -0.0072374069791422612 -0.014793092021840423
leaf_weight=62.39198349416256 35.872124388813972 32.054976269602776 76.468197003006935 50.260950520634651 44.225811749696732 111.43466725945473 40.310480028390884 82.936059966683388 336.03827483952045 112.0457711815834 38.969442874193192
leaf_count=269 144 144 304 214 188 470 171 351 1554 501 174
internal_value=0.000759297 -0.00910506 0.0191438 0.0159821 0.00799966 0.0237758 0.0209187 0.00487717 -0.0157346 -0.0172021 -0.00285447
internal_weight=1023.01 666.037 356.972 321.1 185.898 187.903 84.5363 133.197 480.139 448.084 101.361
internal_count=4484 3001 1483 1339 802 774 359 565 2199 2055 443
is_linear=0
shrinkage=0.04


Tree=17
num_leaves=12
num_cat=0
split_feature=131 130 180 131 17 31 33 72 20 83 75
split_gain=42.6416 19.5958 16.1295 13.415 13.2597 12.8248 10.1403 9.77808 7.67329 7.17604 3.18012
threshold=647.03846153846166 0.18350168350168353 0.5634920634920636 532.36666666666679 -1.7695855427663705 -2.2403846153846412 -6.1836252188322076 8.5000000000000018 -1.2581549796268006 1516.0000704076192 4.5000000000000009
decision_type=2 2 10 2 10 2 10 8 10 2 2
left_child=1 7 4 9 10 -6 -5 -1 -9 -3 -2
right_child=2 3 -4 6 5 -7 -8 8 -10 -11 -12
leaf_value=0.015404158299236947 -0.012680921806176044 -0.011557506878611661 -0.0099282563926257686 0.0099117127484128417 0.020245632709311602 0.007165125613049628 -0.011324453109756303 -0.017729942728674959 -0.00076298653982201673 -0.025646327937184167 0.0015496917471978374
leaf_weight=52.463948518037796 46.81576070189476 117.35826089978218 85.236823260784149 55.688881933689117 160.00107780098915 482.93754416704178 97.439957678318024 47.46743056178093 358.7616251707077 120.65063574910164 52.08634352684021
leaf_count=140 125 315 228 149 427 1289 261 127 959 325 139
internal_value=-3.68552e-06 -0.00629381 0.00645686 -0.0128595 0.00835302 0.0104498 -0.00357425 -0.000674909 -0.00278914 -0.0187852 -0.00522592
internal_weight=1676.91 849.831 827.078 391.138 741.841 642.939 153.129 458.693 406.229 238.009 98.9021
internal_count=4484 2276 2208 1050 1980 1716 410 1226 1086 640 264
is_linear=0
shrinkage=0.04


Tree=18
num_leaves=12
num_cat=0
split_feature=169 40 179 38 92 169 178 165 179 55 146
split_gain=63.3698 28.8463 17.1466 16.9602 13.3985 12.0904 10.2665 9.81789 7.29084 7.2896 5.96453
threshold=0.30602006688963218 0.77175312368026661 0.57738095238095244 -0.028370642127837711 1488.6136346511598 0.71825396825396837 0.2752525252525253 0.065339686112916337 0.57738095238095244 -1.0000000180025095e-35 1.7513388510223955
decision_type=8 2 10 2 2 10 10 2 10 10 10
left_child=4 3 9 6 8 -5 -2 -6 10 -3 -1
right_child=1 2 -4 5 7 -7 -8 -9 -10 -11 -12
leaf_value=-0.0197763328828225 0.012315485051702737 0.022204552737646682 0.038389872059513858 -0.0063036919905974653 0.010075649258753396 0.012789806610765023 -0.0085156719852197259 -0.011299487886681907 -0.0020533007571025383 0.0057933758577435454 -0.0053305674264412318
leaf_weight=284.04026475548744 244.70884597301483 69.764605492353439 50.206316947937012 356.03209134936333 67.690864473581314 61.318978428840637 43.898111015558243 67.815602034330368 58.413031309843063 115.48764449357986 56.020277112722397
leaf_count=893 730 205 143 1087 207 180 133 212 180 341 173
internal_value=-0.000504201 0.00573639 0.0178296 0.0016806 -0.0115004 -0.00346975 0.00912162 -0.000611517 -0.0151875 0.0120705 -0.0174251
internal_weight=1475.4 941.417 235.459 705.958 533.98 417.351 288.607 135.506 398.474 185.252 340.061
internal_count=4484 2819 689 2130 1665 1267 863 419 1246 546 1066
is_linear=0
shrinkage=0.04


Tree=19
num_leaves=13
num_cat=0
split_feature=145 180 178 160 172 180 91 178 156 72 30 180
split_gain=114.462 25.6019 20.417 17.4919 16.5525 10.8015 8.60262 8.48363 6.20248 6.06135 5.50219 4.15801
threshold=0.74116035904067645 0.34523809523809529 0.14642857142857144 -1.1196650916831532 0.52128623188405809 0.17156862745098042 1304.86028985743 0.30384615384615393 -0.15676759175351021 21.500000000000004 0.14797385620915035 0.11437908496732027
decision_type=2 10 8 2 10 8 2 10 2 8 2 8
left_child=2 3 6 -2 -5 9 10 -3 -7 -4 -1 -8
right_child=1 7 5 4 -6 8 11 -9 -10 -11 -12 -13
leaf_value=-0.0046265255303627722 -0.011740407214685894 0.019896830431508944 0.0012895367491469552 0.0205773017386995 -0.0049005233156342665 0.020591634697551032 -0.025239029440894303 0.046461853675098481 -0.0012500960313524536 -0.016834618947830251 -0.020459321467284842 -0.014234451663026651
leaf_weight=146.61571444571018 41.904929339885712 33.914331912994385 62.351018756628036 216.70390602946281 49.645093470811844 48.70918470621109 120.51619081199169 53.691905453801155 35.301692053675652 54.538469955325127 45.809699803590775 113.23967331647873
leaf_count=668 180 138 279 892 210 208 573 204 152 246 213 521
internal_value=0.000729365 0.0175468 -0.00989488 0.0120414 0.0158204 0.000608901 -0.0148408 0.0365411 0.0114834 -0.00722096 -0.00849238 -0.0199999
internal_weight=1022.94 395.86 627.082 308.254 266.349 200.9 426.181 87.6062 84.0109 116.889 192.425 233.756
internal_count=4484 1624 2860 1282 1102 885 1975 342 360 525 881 1094
is_linear=0
shrinkage=0.04


Tree=20
num_leaves=14
num_cat=0
split_feature=119 130 173 140 130 162 107 53 42 143 53 173 107
split_gain=52.3754 21.646 16.2936 13.8572 11.439 11.4713 10.282 9.05775 8.95215 8.38626 7.711 7.2915 5.35213
threshold=0.54195804195804198 0.18350168350168353 0.86811594202898557 3.4811978231155343 0.42261904761904767 0.53322685715900009 0.022244161937035604 -0.099689440993788792 0.014321000327996465 0.68217893217893233 -0.2328282828282828 0.81101190476190488 -0.011232950790121985
decision_type=10 2 8 8 2 2 8 8 2 8 8 10 10
left_child=2 3 4 10 5 -1 11 -4 -8 -9 -2 -3 -6
right_child=1 6 7 -5 12 -7 8 9 -10 -11 -12 -13 -14
leaf_value=0.015517876453431518 -0.0094119839446340364 -0.00041827750787721906 -0.014012609528558649 -0.019789140516362554 0.0065581456588128173 0.0017489898580694233 -0.033704419825579181 -0.0054757375724856011 -0.011809494973103614 0.011698860484486096 0.0042302111455249118 -0.015209549655629102 -0.012594984295128798
leaf_weight=415.04701751470566 84.070910900831223 85.365377396345139 70.287508934736252 56.818883538246155 46.063705325126648 126.97419050335884 68.621019661426544 93.242423564195633 55.790305078029633 86.893222242593765 298.94258081912994 142.59631738066673 45.283224940299988
leaf_count=1108 225 229 188 152 123 339 185 249 150 232 799 384 121
internal_value=-2.5454e-07 -0.00746517 0.0066897 -0.00153358 0.0101009 0.0123052 -0.014838 -0.00193586 -0.0240744 0.00281669 0.00121385 -0.00970538 -0.00294851
internal_weight=1676 792.205 883.791 439.832 633.368 542.021 352.373 250.423 124.411 180.136 383.013 227.962 91.3469
internal_count=4484 2124 2360 1176 1691 1447 948 669 335 481 1024 613 244
is_linear=0
shrinkage=0.04


Tree=21
num_leaves=13
num_cat=0
split_feature=177 147 179 177 132 179 108 68 107 2 160 156
split_gain=70.3953 19.742 17.2033 14.4177 10.8545 9.95456 11.2021 9.6277 8.42305 8.33504 6.53136 5.85676
threshold=0.54195804195804198 12.353659997603932 0.68333333333333346 0.26491228070175443 645.41666666666686 0.27922077922077926 0.0076452188659459361 31.404517453798771 -0.042085577119860766 0.22450376454483492 -1.0067212499029943 0.0070677721474534227
decision_type=10 2 10 10 2 10 8 10 8 8 2 2
left_child=1 5 4 10 7 8 -7 -2 -1 -5 -3 -6
right_child=2 3 -4 9 11 6 -8 -9 -10 -11 -12 -13
leaf_value=0.013235134335672961 0.0061035295150086016 -0.0031899526845919246 0.032857930450391502 0.0066127031406408047 0.0082487240737134614 -0.0021460430159701079 0.017988375467341153 0.026097998829055981 -0.0061495915560198598 -0.010235475794852431 -0.016449714745667296 -0.0092200638000993311
leaf_weight=40.089384257793427 68.498320043087006 72.348057180643082 68.248677879571915 103.62329083681107 85.499084919691086 86.029016256332397 89.206270724534988 90.379001528024673 280.88155701756477 84.238774627447128 358.18866205215454 46.578604906797409
leaf_count=123 199 226 193 315 253 260 268 258 863 258 1129 139
internal_value=-0.00048392 -0.00544895 0.0148893 -0.0102117 0.0105695 0.000491272 0.00813626 0.0175822 -0.00368863 -0.000945752 -0.0142387 0.00205015
internal_weight=1473.81 1114.61 359.204 618.399 290.955 496.206 175.235 158.877 320.971 187.862 430.537 132.078
internal_count=4484 3442 1042 1928 849 1514 528 457 986 573 1355 392
is_linear=0
shrinkage=0.04


Tree=22
num_leaves=15
num_cat=0
split_feature=171 178 178 180 34 180 91 180 171 138 20 55 44 18
split_gain=136.39 28.7141 22.3987 17.8069 14.1442 13.4596 10.5138 9.28316 8.91366 7.34684 7.03774 5.89436 5.84169 5.38575
threshold=0.3257575757575758 0.22649572649572652 0.18898809523809526 0.34523809523809529 0.18208556149732621 0.40588235294117653 1301.6076386657735 0.42261904761904767 0.16064516129032261 0.43825696775134987 0.025613955246100845 0.095903010033444827 -1.8423423980839286 0.47407614781634949
decision_type=8 8 10 8 2 10 2 10 10 10 10 10 10 10
left_child=2 6 7 11 5 -3 9 13 -9 -2 -8 -4 -6 -1
right_child=1 4 3 -5 12 -7 10 8 -10 -11 -12 -13 -14 -15
leaf_value=-0.021306226882958908 0.0013455631465259623 0.014231225712737466 -0.015471397398147315 0.022127316074496799 0.025523723938710507 0.039296068085917568 -0.015132753980793006 -0.014961924185516694 0.012956352553422592 0.025363347410911636 0.0063596718511738639 0.0065631761553208712 0.050664108493028819 -0.0019860294137554343
leaf_weight=322.44200219213963 37.941781088709831 177.11488407850266 61.467158764600754 44.146812707185745 30.396581843495369 42.540693327784538 50.710224285721779 46.992477968335152 28.57767342031002 43.789905160665512 45.157213717699051 27.363775700330734 38.827164456248283 25.341583341360092
leaf_count=1543 159 716 274 182 120 158 223 217 127 183 190 123 149 120
internal_value=0.000696007 0.0166305 -0.0126672 0.00163221 0.0243927 0.0192507 0.0039275 -0.0171566 -0.00434688 0.0143889 -0.00502721 -0.00866403 0.040174 -0.0199139
internal_weight=1022.81 466.478 556.331 132.978 288.879 219.656 177.599 423.354 75.5702 81.7317 95.8674 88.8309 69.2237 347.784
internal_count=4484 1898 2586 579 1143 874 755 2007 344 342 413 397 269 1663
is_linear=0
shrinkage=0.04


Tree=23
num_leaves=13
num_cat=0
split_feature=119 132 173 140 132 131 53 176 53 161 176 68
split_gain=48.7462 27.5823 15.2279 12.4874 10.9742 10.658 8.66525 7.92427 7.19831 6.33667 6.17339 5.9584
threshold=0.54195804195804198 576.77500000000009 0.86811594202898557 3.4811978231155343 384.20000000000005 438.36250000000007 -0.099689440993788792 3.5000000000000004 0.025641025641025637 0.096859791601262818 1.0000000180025095e-35 32.631074606433955
decision_type=10 2 8 10 2 2 8 10 10 2 10 10
left_child=2 8 4 5 -1 -3 -4 -6 11 -10 -8 -2
right_child=1 3 6 -5 7 -7 10 -9 9 -11 -12 -13
leaf_value=-0.0039135432622199847 -0.015408501977403476 -0.0086708144468189627 -0.013701280501806202 -0.019625689791451378 0.013262226333178211 0.0058445854006018618 0.010640539194415133 -0.0035418550134253234 0.00064308747030295639 -0.015382969188006168 -0.0041200403671561156 -0.030987129993346883
leaf_weight=81.234582096338272 110.16084703803062 111.82278606295586 70.238723933696747 48.176293760538101 503.23668926954269 285.12763828039169 83.878503501415253 48.679395973682404 60.75811493396759 110.06918928027153 96.238990187644958 65.224287569522858
leaf_count=217 297 300 188 129 1344 762 224 130 163 297 257 176
internal_value=0 -0.00720508 0.00645555 -0.000607645 0.00975402 0.00173899 -0.00188393 0.0117728 -0.0156555 -0.00970078 0.00276353 -0.0213562
internal_weight=1674.85 791.339 883.507 445.127 633.151 396.95 250.356 551.916 346.212 170.827 180.117 175.385
internal_count=4484 2124 2360 1191 1691 1062 669 1474 933 460 481 473
is_linear=0
shrinkage=0.04


Tree=24
num_leaves=14
num_cat=0
split_feature=79 179 171 173 157 99 54 39 86 53 45 171 158
split_gain=52.8673 27.2837 22.2555 17.1878 12.9969 11.6998 9.96143 9.751 9.54975 8.86148 7.74519 7.68814 5.08485
threshold=0.31009615384615391 0.57738095238095244 0.267948717948718 0.84807692307692317 -0.21657271583416596 1.0000000180025095e-35 0.11764705882352944 -0.11539390259931283 18.500000000000004 -0.22825630252100837 -14.466458597120548 0.15075757575757578 -0.60992219186037877
decision_type=2 10 10 8 2 2 10 2 10 10 8 8 2
left_child=2 6 3 5 -3 -1 8 12 -2 -8 -9 -5 -4
right_child=1 4 7 11 -6 -7 9 10 -10 -11 -12 -13 -14
leaf_value=0.00029240016214534728 0.0052914752161729089 0.039698673628926276 -0.0068463362333264976 0.023161773319042095 0.011584900808588441 -0.018682226257331295 0.0077443990472288709 0.0050844474655357061 0.021700803326600401 -0.014849569190048128 -0.0099890376415702007 0.0027660730935264409 -0.019857455202446323
leaf_weight=234.2177420258522 263.36036232113838 61.728378981351852 66.217648893594742 64.962729901075363 47.681160479784012 65.746485501527786 48.677697777748108 75.496827483177185 71.941957384347916 62.037165999412537 189.53966757655144 54.596897184848785 195.31077912449837
leaf_count=715 780 174 209 191 139 207 148 235 211 189 595 163 620
internal_value=8.06761e-05 0.00986761 -0.00566725 0.00120184 0.0276806 -0.00390809 0.00544141 -0.0111357 0.00887224 -0.00491744 -0.0056848 0.0139649 -0.0166094
internal_weight=1501.52 555.427 946.089 419.524 109.41 299.964 446.017 526.565 335.302 110.715 265.036 119.56 261.528
internal_count=4576 1641 2935 1276 313 922 1328 1659 991 337 830 354 829
is_linear=0
shrinkage=0.04


Tree=25
num_leaves=15
num_cat=0
split_feature=171 178 145 160 180 133 89 145 180 143 64 159 165 13
split_gain=97.1356 27.9848 23.7449 20.0105 15.6816 14.7347 12.1031 10.4845 9.28787 9.15927 8.77158 7.02153 6.88824 6.65102
threshold=0.3816526610644258 0.40833333333333338 0.69830597314135245 -0.34436496938392208 0.36931818181818188 2.9223094020228668 598.50000000000011 0.47046536640390352 0.11437908496732027 0.2869249394673124 -2.9423692426742396 -0.72473524127139777 -0.011197846874097809 -1.0000000180025095e-35
decision_type=10 8 2 2 10 2 10 2 8 10 10 2 2 2
left_child=2 5 8 13 10 11 -5 -7 12 -10 -4 -2 -1 -3
right_child=1 3 4 6 -6 7 -8 -9 9 -11 -12 -13 -14 -15
leaf_value=-0.02660233955923149 0.0043628057207149226 0.025547513737581476 0.012088985302117447 0.017470600759834535 0.023871986731909389 -0.015171644684571708 0.04839151102297274 0.0069954881938378358 0.012082960435787831 -0.012156750344740742 -0.01047439479724128 0.029940278415114624 -0.013014404168064138 0.0024519437158980377
leaf_weight=134.57586954534054 30.149492397904396 32.270559474825859 36.815537959337234 31.86046190559864 39.655588731169701 61.374196961522102 65.120027750730515 74.386333957314491 27.518691882491112 203.15255868434906 100.76136763393879 40.814854204654694 114.56725764274597 50.984508082270622
leaf_count=659 121 125 157 121 158 264 242 302 126 945 443 163 552 198
internal_value=-0.00110434 0.0147697 -0.0104645 0.0262486 0.00202989 0.00467394 0.0385356 -0.0030488 -0.0150784 -0.00921669 -0.00437834 0.019313 -0.020439 0.0116247
internal_weight=1044.01 386.96 657.047 180.236 177.232 206.725 96.9805 135.761 479.814 230.671 137.577 70.9643 249.143 83.2551
internal_count=4576 1536 3040 686 758 850 363 566 2282 1071 600 284 1211 323
is_linear=0
shrinkage=0.04


Tree=26
num_leaves=13
num_cat=0
split_feature=20 130 161 52 161 91 54 179 130 136 37 73
split_gain=30.938 23.8061 14.2178 12.71 12.0332 9.05164 8.94593 8.50549 7.71896 7.16238 4.87745 2.00426
threshold=0.99950666008880129 0.15504807692307696 0.39214470631484605 -0.013245614035087725 1.5184480101565081 1539.8454938571429 0.37238095238095242 0.57738095238095244 0.25866188769414583 3.4056974121554178 0.3055218164088947 162.50000000000003
decision_type=8 2 2 8 2 2 8 10 2 10 2 2
left_child=1 3 6 5 -5 -1 -3 -4 9 10 -2 -10
right_child=8 2 7 4 -6 -7 -8 -9 11 -11 -12 -13
leaf_value=0.0061565983154327234 -0.0063742014432717903 0.0034308153690265847 -0.0047248650311108951 0.014551067478310673 -0.0060637605254498595 -0.009027971033407604 -0.01507444075395469 -0.021073777832251953 -0.027247569539854577 0.0025454431229476348 -0.023371819349704299 -0.014480058516017349
leaf_weight=202.7873774766922 69.705689370632172 421.35159730911255 141.51569870114326 396.26113033294678 50.436323255300522 89.764173358678818 45.375017046928406 79.63876137137413 45.091558635234833 76.544932991266251 44.780232459306717 44.518597930669785
leaf_count=542 187 1127 381 1059 135 240 122 216 122 205 120 120
internal_value=0.000603258 0.00299349 -0.0023586 0.00797285 0.0122106 0.00147579 0.00159908 -0.0106895 -0.0115121 -0.00689094 -0.0131848 -0.0211565
internal_weight=1707.77 1427.13 687.881 739.249 446.697 292.552 466.727 221.154 280.641 191.031 114.486 89.6102
internal_count=4576 3822 1846 1976 1194 782 1249 597 754 512 307 242
is_linear=0
shrinkage=0.04


Tree=27
num_leaves=14
num_cat=0
split_feature=177 82 139 99 54 117 93 131 139 107 41 129 84
split_gain=57.3307 22.6467 17.1142 15.903 13.6966 13.3199 10.2603 11.1043 6.909 6.35401 4.0979 3.7405 2.88281
threshold=0.31009615384615391 0.12701612903225809 2.0176545162818345 1.0000000180025095e-35 0.057417582417582443 1.0000000180025095e-35 1.0000000180025095e-35 453.04166666666669 2.769763518513038 0.020262668544282384 0.048596206188351761 0.15075757575757578 1509.4405051401102
decision_type=10 2 2 2 10 2 2 2 2 10 2 2 2
left_child=2 6 3 4 -1 8 7 -2 -3 10 -4 -11 -5
right_child=1 5 9 12 -6 -7 -8 -9 -10 11 -12 -13 -14
leaf_value=0.0078341136039970678 0.010924015294756879 0.015181298582844806 -0.013015588711043356 -0.0099508403748179066 -0.0076225827721126274 0.034619773037891322 0.016352343397468112 -0.0057969506768743078 -0.0017640853516770916 -0.012098651130615486 -0.023959534897856467 0.0037685305293900569 -0.025174163763467053
leaf_weight=213.79458034038544 86.166337341070175 234.26012602448463 133.33822566270828 41.526597827672958 159.0531659424305 51.012127578258514 62.362116634845734 233.33515137434006 45.549268156290054 55.87331959605217 100.99594128131866 39.936300486326218 42.793920785188675
leaf_count=653 251 685 426 132 498 144 184 703 136 178 322 127 137
internal_value=8.32449e-05 0.00829775 -0.00735119 -0.00232435 0.00123234 0.0159426 0.00164522 -0.00126122 0.0124192 -0.014278 -0.0178226 -0.00549347 -0.0179048
internal_weight=1500 712.685 787.312 457.168 372.848 330.822 381.864 319.501 279.809 330.144 234.334 95.8096 84.3205
internal_count=4576 2103 2473 1420 1151 965 1138 954 821 1053 748 305 269
is_linear=0
shrinkage=0.04


Tree=28
num_leaves=15
num_cat=0
split_feature=171 178 145 182 180 133 155 53 53 157 64 39 159 39
split_gain=90.6777 25.4595 22.6444 14.9225 14.592 13.7355 11.8949 10.4876 9.92919 8.78287 8.29974 8.20639 6.4542 6.37842
threshold=0.3816526610644258 0.40833333333333338 0.69830597314135245 0.37980769230769235 0.36931818181818188 2.9223094020228668 -0.83444179493008119 -0.21384260900389929 -0.2011904761904762 -0.24521120284186365 -2.9423692426742396 -0.49506434189232917 -0.72473524127139777 -0.3672556579218611
decision_type=10 8 2 8 10 2 2 10 10 2 10 2 2 2
left_child=2 5 8 7 10 12 -7 -3 11 -10 -4 -1 -2 -5
right_child=1 3 4 13 -6 6 -8 -9 9 -11 -12 -13 -14 -15
leaf_value=0.014071703768233869 0.0041577178887017138 0.031684244243835591 0.011654459556926502 0.049090101778417161 0.022837378968390491 -0.02246591369722414 0.0041075431585664455 0.0039468625358733125 -0.02307083532926462 -0.010949973918486107 -0.01025293489393732 -0.011759677536556821 0.028562171530795748 0.026138388094488239
leaf_weight=30.553424283862114 30.271871164441109 32.939456030726433 37.107064545154572 39.122937485575676 40.25259530544281 35.781656116247177 99.786527052521706 62.559183150529861 207.28869213163853 184.72653672099113 100.05247730016708 51.241565808653831 41.572097912430763 48.674888923764229
leaf_count=139 121 120 157 141 158 152 414 243 1016 889 443 238 163 182
internal_value=-0.00107333 0.0141378 -0.0102102 0.0249612 0.0019625 0.00448929 -0.00300472 0.013764 -0.0147668 -0.0174067 -0.00427019 -0.00203314 0.0185049 0.0368259
internal_weight=1041.93 390.709 651.222 183.296 177.412 207.412 135.568 95.4986 473.81 392.015 137.16 81.795 71.844 87.7978
internal_count=4576 1536 3040 686 758 850 566 363 2282 1905 600 377 284 323
is_linear=0
shrinkage=0.04


Tree=29
num_leaves=15
num_cat=0
split_feature=119 132 20 132 107 32 173 99 20 136 67 167 173 52
split_gain=46.9594 20.2258 11.8614 11.7997 10.7151 9.70549 9.20827 8.0428 7.3787 7.34578 6.97284 6.85455 6.71004 5.84516
threshold=0.54195804195804198 562.06250000000011 0.54785250596294299 720.5777777777779 0.014449697037238198 -0.11715686274509803 0.86811594202898557 1.0000000180025095e-35 0.0911371476935353 3.4336693962607501 27.886379192334022 -0.012099760728996479 0.79057017543859665 -0.054142156862745087
decision_type=8 2 10 2 8 2 8 2 10 10 10 2 10 10
left_child=3 6 5 4 8 -3 10 11 -1 -4 -2 -5 -6 -8
right_child=1 2 9 7 12 -7 13 -9 -10 -11 -12 -13 -14 -15
leaf_value=0.013130424709750926 0.0057964597064420467 -0.0070374859960216519 -0.014212765948346305 0.014657919121249488 0.0033594232704493988 0.0078167106122312147 -0.02924275727725377 0.025707934873556208 -0.00018199840170622886 0.0012077343051235423 -0.011010855708107652 -0.00092385195666380986 -0.012374781246866626 -0.013767253717313705
leaf_weight=194.2759595811367 53.595504313707352 95.12003356218338 125.25394651293755 161.22859391570091 92.809848815202713 261.75621956586838 59.517723053693771 72.756479173898697 100.62264207005501 80.613176733255386 142.49125164747238 62.119121730327606 79.645070225000381 124.69132831692696
leaf_count=519 144 255 336 431 248 700 162 195 269 216 384 166 213 338
internal_value=0.000581234 -0.00538541 -0.000561257 0.00795138 0.00397295 0.00384336 -0.0124985 0.0141895 0.00859606 -0.00818811 -0.00640074 0.0103305 -0.00392504 -0.0189091
internal_weight=1706.5 943.039 562.743 763.458 467.354 356.876 380.296 296.104 294.899 205.867 196.087 223.348 172.455 184.209
internal_count=4576 2535 1507 2041 1249 955 1028 792 788 552 528 597 461 500
is_linear=0
shrinkage=0.04


Tree=30
num_leaves=15
num_cat=0
split_feature=161 171 171 99 179 68 139 39 157 133 53 22 90 165
split_gain=47.9517 25.7777 13.6004 15.8732 13.2219 10.2237 9.78932 8.7622 8.02284 7.69031 7.29876 6.72369 3.70343 2.20949
threshold=-0.04330158665884281 0.18465909090909094 0.30901856763925734 1.0000000180025095e-35 0.63068181818181823 34.032854209445595 2.1932583858929511 -0.11539390259931283 0.58244035151492313 2.9515469918632307 -0.16734409755004717 5.7808296394727652 435.50000000000006 -0.017524364582388614
decision_type=2 10 10 2 10 8 2 2 2 2 10 10 8 2
left_child=2 4 3 6 11 9 -1 12 -7 -3 -9 -2 -4 -5
right_child=1 5 7 13 -6 8 -8 10 -10 -11 -12 -13 -14 -15
leaf_value=0.0071476466436245379 0.014451110294538922 -0.014564492682537468 -0.008388590121554431 -0.010772986854310072 0.031595902120111562 0.016312767581037679 -0.0075554576294923964 -0.016702814887487465 -0.0051112706801939049 0.00024615626621267385 -5.8454868656364761e-05 -0.0010537170986856055 -0.022123467636042435 -0.024753725356715241
leaf_weight=209.37301197648048 228.78732424974442 78.739762723445892 43.658551156520844 39.750663191080093 63.804197192192078 87.428168207406998 109.47074213624001 66.567267239093781 40.150031864643097 188.1948666870594 112.73822313547134 55.117750406265259 136.06770291924477 38.539003074169159
leaf_count=629 666 244 140 126 178 261 339 213 124 571 356 163 442 124
internal_value=8.23683e-05 0.00730129 -0.00700108 -0.00188562 0.015225 0.000291726 0.00208544 -0.0126329 0.00956756 -0.00415324 -0.00630714 0.0114408 -0.018863 -0.0179058
internal_weight=1498.39 742.222 756.165 397.133 347.709 394.513 318.844 359.032 127.578 266.935 179.305 283.905 179.726 78.2897
internal_count=4576 2207 2369 1218 1007 1200 968 1151 385 815 569 829 582 250
is_linear=0
shrinkage=0.04


Tree=31
num_leaves=15
num_cat=0
split_feature=171 178 145 160 180 133 155 157 66 73 1 180 13 130
split_gain=85.1435 23.049 21.5012 17.4 13.604 12.7495 11.4426 9.45059 7.95355 7.59391 6.58361 6.28509 6.2165 5.36154
threshold=0.3816526610644258 0.40833333333333338 0.69830597314135245 -0.34436496938392208 0.36931818181818188 2.9223094020228668 -0.83444179493008119 -0.26293008929781525 1.8463305537689114 182.50000000000003 -12.499999999999998 0.34523809523809529 -1.0000000180025095e-35 0.19292803970223329
decision_type=10 8 2 2 10 2 2 2 8 2 10 8 2 2
left_child=2 5 7 12 8 13 -7 11 -4 -5 -9 -1 -3 -2
right_child=1 3 4 9 -6 6 -8 10 -10 -11 -12 -13 -14 -15
leaf_value=-0.024666673235676055 0.0076482091485517703 0.023506870675887966 -0.010757048526720247 0.023777539837504653 0.021827178702344633 -0.022149273033712662 0.0040540352228129635 0.01041000190932421 0.0097646491585863943 0.046712950550869076 -0.010968635224165047 -0.010701534560404607 0.0014707972888993051 0.029681866787172259
leaf_weight=158.49293354153633 40.194430872797966 33.197315499186516 93.471451565623283 53.384743422269821 40.846796110272408 35.234862178564072 99.886174097657204 25.078691586852074 43.431946188211441 47.588556751608849 203.81193590164185 80.688645958900452 51.967902109026909 32.440364003181458
leaf_count=800 161 125 416 191 158 152 414 119 184 172 981 382 198 123
internal_value=-0.00103935 0.0135952 -0.00997547 0.0237825 0.00185189 0.00438817 -0.0028767 -0.0144655 -0.00420854 0.0349587 -0.00858246 -0.020028 0.0102568 0.0177856
internal_weight=1039.72 393.894 645.822 186.139 177.75 207.756 135.121 468.072 136.903 100.973 228.891 239.182 85.1652 72.6348
internal_count=4576 1536 3040 686 758 850 566 2282 600 363 1100 1182 323 284
is_linear=0
shrinkage=0.04


Tree=32
num_leaves=15
num_cat=0
split_feature=119 132 130 131 77 157 157 170 87 48 82 167 91 58
split_gain=43.1626 18.9832 11.6473 8.49902 8.58165 7.15153 8.07563 6.68574 6.5234 5.72965 5.66224 5.5657 5.36876 3.95024
threshold=0.54195804195804198 562.06250000000011 0.19292803970223329 435.16666666666669 1.0000000180025095e-35 0.15818072140103809 -0.40649158002779934 0.25543478260869573 0.8973684210526317 0.04259951162635401 0.20344827586206901 -0.095947304874315575 1504.019125299186 435.50000000000006
decision_type=8 2 2 2 2 2 2 8 10 10 2 2 2 8
left_child=2 7 5 10 -5 6 -1 9 -9 -2 -3 -4 -7 -13
right_child=1 3 11 4 -6 12 -8 8 -10 -11 -12 13 -14 -15
leaf_value=0.013990461387245223 0.0037000996905234263 -0.0034263698043912943 0.011122382807963219 0.0083558278074787606 -0.0031946587304806369 0.022155757838947816 -0.00036206558029550496 -0.0208558355750715 -0.0080459993945694031 -0.014409212384089638 -0.020239872745065862 0.0010880203360545777 0.0095241221288557311 -0.011583923014321294
leaf_weight=123.31169858574867 66.206290662288666 107.61611238121986 68.835893362760544 202.23672938346863 207.38639238476753 125.52951043844223 125.97601878643036 154.18667784333229 112.17517131567001 46.856377869844437 45.2173872590065 169.771210283041 99.403486549854279 50.107623130083084
leaf_count=330 178 289 184 541 555 336 337 419 304 127 122 454 266 134
internal_value=0.000560535 -0.00516413 0.00762805 -0.000491795 0.00250957 0.0114785 0.00675704 -0.0120656 -0.0155189 -0.00384791 -0.00851305 0.0012789 0.0166492 -0.00183007
internal_weight=1704.82 941.881 762.935 562.457 409.623 474.221 249.288 379.425 266.362 113.063 152.833 288.715 224.933 219.879
internal_count=4576 2535 2041 1507 1096 1269 667 1028 723 305 411 772 602 588
is_linear=0
shrinkage=0.04


Tree=33
num_leaves=12
num_cat=0
split_feature=169 161 179 147 39 101 18 160 169 119 144
split_gain=47.4712 20.9757 16.3547 15.2542 10.7559 9.77015 8.7707 8.09389 7.85008 5.12737 3.81523
threshold=0.51000000000000012 -0.04330158665884281 0.55050505050505061 2.8639572951234835 -0.63651051323977981 1.0000000180025095e-35 0.083624708624708652 -0.2513052214077382 0.29217479674796754 0.70185185185185195 0.5986111111111112
decision_type=8 2 10 2 2 2 10 2 10 8 10
left_child=1 4 5 -3 10 6 -2 -5 -6 -4 -1
right_child=2 3 9 7 8 -7 -8 -9 -10 -11 -12
leaf_value=-0.023403007316940477 0.0082072963692326716 0.024072238156984588 0.014238460279437121 0.003621420338395665 -0.011348071667287716 0.019667486838372394 -0.0067129944608972907 -0.008128937369137652 -0.0005276418897136332 0.033185430792656581 -0.010190800211697534
leaf_weight=98.259680330753326 194.0569808781147 43.525165319442749 43.413466662168503 260.66570797562599 230.30111691355705 73.701554208993912 92.117015093564987 145.16373744606972 201.00992652773857 55.5151546895504 58.89094865322113
leaf_count=316 569 128 125 789 743 214 274 445 628 153 192
internal_value=7.83851e-05 -0.0046567 0.0107803 0.0018458 -0.00962017 0.00677516 0.00339096 -0.000586374 -0.00632279 0.0251165 -0.0185602
internal_weight=1496.62 1037.82 458.804 449.355 588.462 359.876 286.174 405.829 431.311 98.9286 157.151
internal_count=4576 3241 1335 1362 1879 1057 843 1234 1371 278 508
is_linear=0
shrinkage=0.04


Tree=34
num_leaves=13
num_cat=0
split_feature=171 20 145 71 180 92 158 132 180 66 1 165
split_gain=79.7401 21.9957 20.487 14.9473 12.6398 12.1809 11.4088 9.53959 9.05436 7.55166 7.45423 6.76522
threshold=0.3816526610644258 0.4903044273296065 0.69830597314135245 25.500000000000004 0.36931818181818188 1038.0017654393268 0.44336966910602632 704.29285714285732 0.11437908496732027 1.8463305537689114 14.000000000000002 -0.011197846874097809
decision_type=10 10 2 10 10 2 2 2 8 8 8 2
left_child=2 5 8 6 9 -2 -3 -7 11 -4 -10 -1
right_child=1 3 4 -5 -6 7 -8 -9 10 -11 -12 -13
leaf_value=-0.025911248968449457 0.026062180215169008 0.020743802989553171 -0.010538803137452112 -0.0016294474299439555 0.020867575858545789 0.0063508238099594981 0.044932238074477708 -0.013447146371163737 -0.010991547750557853 0.0094401397973901211 0.011336621513075681 -0.012173887533603734
leaf_weight=127.31465010344982 31.425725683569908 120.43378949165344 92.806640401482582 33.906689137220383 41.418974041938782 108.10736903548241 43.682297185063362 59.53840334713459 197.87930485606194 43.694187730550766 26.28715406358242 110.98958484828472
leaf_count=659 124 435 416 129 158 436 158 254 948 184 123 552
internal_value=-0.00100971 0.0130515 -0.00973868 0.0224587 0.00178008 0.0036184 0.0274272 -0.000706493 -0.0141687 -0.00410681 -0.00832561 -0.0195991
internal_weight=1037.48 397.094 640.39 198.023 177.92 199.071 164.116 167.646 462.471 136.501 224.166 238.304
internal_count=4576 1536 3040 722 758 814 593 690 2282 600 1071 1211
is_linear=0
shrinkage=0.04


Tree=35
num_leaves=12
num_cat=0
split_feature=119 30 137 138 8 30 99 147 57 171 170
split_gain=40.0768 14.8966 12.5354 12.1045 11.3601 11.2869 10.1702 10.5344 9.47827 8.5317 4.0521
threshold=0.54195804195804198 -0.13840996168582373 0.41281352616502481 0.50820232782400054 1.0000000180025095e-35 -0.33095238095238083 1.0000000180025095e-35 9.2727160907972745 -1767.4999999999998 0.45804195804195807 0.29099462365591405
decision_type=8 2 8 8 2 2 2 2 10 8 10
left_child=5 3 4 8 -3 -1 7 -7 -2 -4 -8
right_child=1 2 9 -5 -6 6 10 -9 -10 -11 -12
leaf_value=-0.0059715423508015751 -0.023076024931038851 0.00039645466800725018 -0.0020904406083752563 -0.025760930738192446 0.022067309898895719 -0.0011752420586725624 0.02710857253491827 0.010603800500190743 -0.0025016927653523321 -0.014667804990493478 0.011025675880438681
leaf_weight=88.918658971786499 45.97284808754921 120.0646615922451 373.29359203577042 80.070666342973709 56.27857431769371 175.50565320253372 61.284643858671188 390.21161365509033 153.50924307107925 111.63106423616409 46.5463527739048
leaf_count=238 125 322 1003 218 151 469 165 1044 415 301 125
internal_value=0.000545197 -0.00497488 -0.00169193 -0.0126997 0.00740925 0.00735673 0.00912547 0.00695037 -0.0073447 -0.00501413 0.0203497
internal_weight=1703.29 940.821 661.268 279.553 176.343 762.467 673.548 565.717 199.482 484.925 107.831
internal_count=4576 2535 1777 758 473 2041 1803 1513 540 1304 290
is_linear=0
shrinkage=0.04


Tree=36
num_leaves=13
num_cat=0
split_feature=177 126 79 173 161 174 145 89 32 43 152 71
split_gain=43.8262 22.4227 12.4105 10.7006 9.36777 10.0449 8.52397 11.5009 10.7445 6.89799 6.37587 2.47437
threshold=0.2817460317460318 1.0000000180025095e-35 0.3585714285714286 0.53589743589743599 1.9431712299286958 0.77598566308243744 0.68969292450337139 449.50000000000006 -0.014718614718614726 0.084755818901356014 0.054093567251461992 21.500000000000004
decision_type=8 2 2 10 2 8 2 10 2 2 2 8
left_child=3 4 10 11 5 -2 8 -8 -5 -4 -3 -1
right_child=1 2 9 6 -6 -7 7 -9 -10 -11 -12 -13
leaf_value=-0.028752153731962618 -0.010710249641750267 0.011021070004548413 0.014480334682703893 0.0092545243309882144 0.013661901400093265 0.0024002174303307628 0.00607240734344963 -0.015179357704488201 -0.007781747857929267 0.032424295707541996 -0.0023911409253677112 -0.014029043749011408
leaf_weight=44.498024731874466 174.90090408921242 122.48264718055725 165.90095350146294 93.564857214689255 55.970534861087799 198.58805480599403 48.498904973268509 235.62083020806313 157.43960455060005 44.173220604658127 103.95333188772202 37.759227961301804
leaf_count=145 538 360 471 291 163 598 154 765 499 125 311 122
internal_value=-0.000762621 0.00503926 0.0114133 -0.00889884 -0.00144627 -0.00374614 -0.00680245 -0.0115361 -0.00141182 0.0183987 0.00487149 -0.0222674
internal_weight=1483.35 865.97 436.51 617.381 429.459 373.489 535.124 284.12 251.004 210.074 226.436 82.2573
internal_count=4542 2566 1267 1976 1299 1136 1709 919 790 596 671 267
is_linear=0
shrinkage=0.04


Tree=37
num_leaves=11
num_cat=0
split_feature=20 169 178 178 17 44 160 169 136 92
split_gain=63.6572 33.1574 18.0428 11.7749 11.6433 10.875 11.788 10.5217 10.1085 8.21517
threshold=0.4903044273296065 0.051315789473684217 0.18898809523809526 0.63961038961038974 0.19704412055391432 -1.6827296945049282 -0.094846080927766099 0.4491379310344828 3.9396081920748629 1412.0107997017797
decision_type=8 8 8 10 10 10 2 8 10 2
left_child=1 -1 9 5 -5 8 -7 -4 -2 -3
right_child=3 2 7 4 -6 6 -8 -9 -10 -11
leaf_value=0.025426460646553961 0.0084973996206746463 -0.0094028925810783689 0.0054662434177704857 0.045025643492840911 0.014680590211717368 0.0074645290919355886 0.032450089668548586 -0.01297815230481532 -0.017220048039464038 -0.020687189877962933
leaf_weight=45.723656803369522 76.982844993472099 244.07291242480278 156.08296227455139 33.548974946141243 53.319772139191628 76.619486123323441 50.095092445611954 71.236894562840462 34.620953246951103 183.54563540220261
leaf_count=179 313 1180 659 120 188 306 194 336 141 926
internal_value=-0.000355679 -0.0071444 -0.00945664 0.0142425 0.0268017 0.00956337 0.0175347 -0.000336579 0.000419674 -0.0142881
internal_weight=1025.85 700.662 654.938 325.187 86.8687 238.318 126.715 227.32 111.604 427.619
internal_count=4542 3280 3101 1262 308 954 500 995 454 2106
is_linear=0
shrinkage=0.04


Tree=38
num_leaves=14
num_cat=0
split_feature=119 132 130 37 53 107 160 77 161 47 108 108 55
split_gain=46.5111 20.4404 18.5306 10.9775 9.98426 10.3464 9.44258 8.75612 6.98215 6.53557 6.34917 5.89372 6.59914
threshold=0.51190476190476197 628.37254901960796 0.19292803970223329 -0.63433207505488787 0.017978345184227539 -0.016391085888818654 -0.54138338829882349 1.0000000180025095e-35 0.67050496030883699 15.725061030668941 -0.064553461968898759 -0.16911522299051282 -0.22494019138755975
decision_type=8 2 2 2 10 8 2 2 2 8 8 10 10
left_child=2 4 8 6 10 -6 -3 -5 9 -1 -2 -4 -13
right_child=1 3 11 7 5 -7 -8 -9 -10 -11 -12 12 -14
leaf_value=0.018270149964177151 -0.00633181742089461 -0.0015536833351090318 -0.012080929303224477 0.0038000925889834863 0.0081035314206742651 -0.010144877957869511 0.020871239257463651 -0.0091551341111166737 0.00091726250604724834 0.0068165308893087277 -0.020414189530358593 0.015686673034561078 -0.00068785904481776655
leaf_weight=292.16399645805359 74.468583464622498 51.884057223796844 50.463742971420288 165.8794519007206 69.446426779031754 168.02702447772026 69.445152014493942 165.92488890886307 64.721660941839218 112.66361904144287 175.69577273726463 49.384762734174728 179.03751087188721
leaf_count=784 202 139 135 444 188 455 186 445 173 302 478 132 479
internal_value=0.000887008 -0.00502967 0.00832363 0.00108349 -0.010705 -0.00478835 0.011331 -0.00268044 0.0131659 0.0151122 -0.016272 0.00014577 0.00289653
internal_weight=1689.21 940.771 748.435 453.134 487.638 237.473 121.329 331.804 469.549 404.828 250.164 278.886 228.422
internal_count=4542 2537 2005 1214 1323 643 325 889 1259 1086 680 746 611
is_linear=0
shrinkage=0.04


Tree=39
num_leaves=14
num_cat=0
split_feature=169 161 121 174 130 157 93 131 18 64 160 132 167
split_gain=46.7679 19.2188 17.3592 11.9205 12.9657 11.4864 8.49935 9.31093 7.10607 6.99338 10.1775 6.08389 2.97919
threshold=0.39087301587301593 0.67050496030883699 1.5000000000000002 0.72902097902097907 0.17914438502673799 0.49108934998941928 1.0000000180025095e-35 489.41666666666669 -0.084815546772068498 0.50197153443322973 -0.54138338829882349 702.6962962962964 -0.05311242810283117
decision_type=8 2 2 8 2 2 2 2 10 10 2 2 2
left_child=2 3 9 8 -5 11 7 -3 -2 10 -1 -4 -11
right_child=1 6 5 4 -6 -7 -8 -9 -10 12 -12 -13 -14
leaf_value=-7.2603659337850643e-05 0.0023146191006678221 0.021059203523064091 0.014082725683297978 -0.0011670774181385321 0.014672214966566682 -0.011379155663561636 0.029560847437310498 0.0031482155257225677 -0.014590192207354635 -0.013136442877536103 -0.013520675452698049 -0.0024631769237126681 -0.026723906230928917
leaf_weight=132.39247632026672 71.111274719238281 86.48477628827095 94.08581668138504 176.60633105039597 153.91510620713234 72.289559572935104 54.212626427412033 100.52408334612846 88.128584444522858 52.79580819606781 282.55664002895355 56.081661552190781 59.722480297088623
leaf_count=423 214 241 279 539 452 227 154 290 272 172 915 171 193
internal_value=-0.000731633 0.00646229 -0.00774578 0.00189537 0.00622484 0.00161325 0.0156803 0.01151 -0.00706125 -0.0116923 -0.00924527 0.00791483 -0.0205379
internal_weight=1480.91 730.983 749.924 489.761 330.521 222.457 241.221 187.009 159.24 527.467 414.949 150.167 112.518
internal_count=4542 2162 2380 1477 991 677 685 531 486 1703 1338 450 365
is_linear=0
shrinkage=0.04


Tree=40
num_leaves=15
num_cat=0
split_feature=171 178 53 178 160 84 53 128 63 63 157 55 157 22
split_gain=72.7722 24.4118 20.7608 18.3965 14.0895 11.2805 11.7922 10.3776 7.94404 6.94714 6.33915 5.31136 4.33112 3.5792
threshold=0.37228260869565222 0.63961038961038974 -0.27300331247699666 0.18898809523809526 0.26404594229722084 1519.0298920621046 -0.18964368964368963 1.0000000180025095e-35 -141.55479929327359 1.3260878412013428 0.17941712264596407 0.02819055944055943 0.77043932233997403 5.7808296394727652
decision_type=10 8 10 10 2 2 8 2 2 2 2 10 2 10
left_child=3 2 9 5 -4 6 -1 11 -3 -2 -9 -5 -7 -10
right_child=1 8 4 7 -6 12 -8 10 13 -11 -12 -13 -14 -15
leaf_value=0.012474914426563535 0.0068993766794034654 0.012170509608998332 -0.0061976332164175663 -0.012647236477838913 0.021237347371241184 -0.022701141695742985 -0.011134211537779912 0.0021673916855607591 0.043461477835935972 0.02988715032967838 0.027997948355457519 0.0050430428579910248 -0.0078437029423649631 0.024905687919436443
leaf_weight=39.786455363035202 33.567146688699722 36.649715542793274 157.30420859158039 62.461203709244728 35.933552771806717 170.52881056070328 199.43968744575977 30.173413649201393 42.607270106673241 60.207953229546547 30.396463006734848 46.520709335803986 40.687913343310356 37.976557940244675
leaf_count=185 129 133 646 280 136 881 988 127 149 222 121 210 205 130
internal_value=-0.000344215 0.0128398 0.00650347 -0.00895044 -0.00100259 -0.0131707 -0.00716379 0.00226114 0.0281493 0.0218393 0.0154069 -0.00510047 -0.0198989 0.0351537
internal_weight=1024.24 404.246 287.013 619.995 193.238 450.443 239.226 169.552 117.234 93.7751 60.5699 108.982 211.217 80.5838
internal_count=4542 1545 1133 2997 782 2259 1173 738 412 351 248 490 1086 279
is_linear=0
shrinkage=0.04


Tree=41
num_leaves=14
num_cat=0
split_feature=119 132 130 170 94 68 170 156 137 53 39 55 66
split_gain=42.8688 19.1973 17.3846 10.7949 9.52571 8.16425 7.8131 6.56921 6.39767 5.73098 5.43106 5.62005 4.45879
threshold=0.51190476190476197 628.37254901960796 0.19292803970223329 0.25543478260869573 4.0000000000000009 32.165639972621499 0.53137254901960795 0.28627622397102276 0.41617405654611189 0.0089891725921137661 0.95512483565730466 -0.23693181818181816 0.28703610728172868
decision_type=8 2 2 8 2 8 10 2 10 10 2 8 8
left_child=2 3 6 8 7 -5 9 -3 -2 -1 11 -4 -8
right_child=1 4 10 5 -6 -7 12 -9 -10 -11 -12 -13 -14
leaf_value=0.02194292645695628 0.010930723378707799 0.00016730565244319685 0.014851415130355849 -0.0081466665188115583 -0.012935072422535651 -0.020593488043042233 -0.0067140193216640399 0.011659321793331208 -0.0069344993645902775 0.011495979957066575 -0.012152031031052724 -0.00053327477422158108 0.010860244488185917
leaf_weight=132.55417263507843 46.438159435987473 276.86763256788254 46.719998240470886 177.22321847081184 65.16713935136795 165.1249865591526 45.206162393093109 110.91814023256302 97.91389074921608 246.02379682660103 47.114118248224258 184.9788124859333 45.135963469743729
leaf_count=356 125 742 125 482 175 451 121 297 265 661 126 495 121
internal_value=0.000852361 -0.00483164 0.00799486 -0.0103391 0.00109153 -0.0141985 0.0126898 0.00348104 -0.00113782 0.0152073 7.45049e-05 0.00261081 0.00206716
internal_weight=1687.39 939.653 747.733 486.7 452.953 342.348 468.92 387.786 144.352 378.578 278.813 231.699 90.3421
internal_count=4542 2537 2005 1323 1214 933 1259 1039 390 1017 746 620 242
is_linear=0
shrinkage=0.04


Tree=42
num_leaves=15
num_cat=0
split_feature=169 179 177 177 179 48 170 48 55 64 57 160 38 79
split_gain=43.3636 21.0708 20.0615 14.0322 12.4764 10.5676 10.3727 8.78917 7.53445 7.45016 7.12107 7.10906 6.22235 5.88095
threshold=0.39087301587301593 0.30384615384615393 0.26491228070175443 0.60769230769230786 0.40833333333333338 0.28685399513210691 0.63397129186602885 0.059095685706391461 0.16116522366522365 0.50197153443322973 248.50000000000003 -0.54138338829882349 0.082660752969656096 0.37171052631578955
decision_type=8 10 10 8 10 8 10 8 8 10 10 2 2 2
left_child=2 3 9 6 7 8 -2 -4 -3 11 -5 -1 -6 -7
right_child=1 5 4 10 12 13 -8 -9 -10 -11 -12 -13 -14 -15
leaf_value=-0.0022681045808252004 -0.0080398842074791508 0.013929037945139125 0.003728923418029773 0.015771137852790901 0.024464390752780209 0.01486207450361195 0.013805678098538837 -0.012647485399857852 -0.003034230032374536 -0.02262957092165058 -0.0027070278110580439 -0.014123174457787394 0.0026414685139638295 0.036223206053997294
leaf_weight=124.78373235464096 236.92535051703453 156.41279524564743 102.92631906270981 107.81825757026672 41.509470880031586 43.002403765916824 39.741671025753021 104.87285748124123 56.416628986597061 95.910733759403229 47.504031985998154 233.99578967690468 42.116215705871582 44.26554000377655
leaf_count=402 733 449 317 310 120 127 120 325 163 319 137 772 125 123
internal_value=-0.00070604 0.00620456 -0.00748862 0.000536873 0.000698868 0.0143277 -0.00485627 -0.00454739 0.00942992 -0.0127306 0.0101258 -0.0100233 0.0136585 0.0260075
internal_weight=1478.2 732.087 746.115 431.989 291.425 300.097 276.667 207.799 212.829 454.69 155.322 358.78 83.6257 87.2679
internal_count=4542 2162 2380 1300 887 862 853 642 612 1493 447 1174 245 250
is_linear=0
shrinkage=0.04


Tree=43
num_leaves=12
num_cat=0
split_feature=171 131 128 53 157 14 82 143 132 20 147
split_gain=68.3399 20.9902 17.5474 15.8428 14.584 12.142 11.6738 9.04656 7.67445 6.93028 4.41574
threshold=0.37228260869565222 462.90000000000003 1.0000000180025095e-35 -0.20806277056277053 0.96075342586332746 -1.0652310663231943 0.14039408866995076 0.70074626865671652 529.58333333333337 1.2209064899991817 13.468472038749452
decision_type=10 2 2 10 2 10 2 8 2 8 2
left_child=2 6 9 7 5 -4 -2 -3 -5 10 -1
right_child=1 3 4 8 -6 -7 -8 -9 -10 -11 -12
leaf_value=-0.018757036392418207 0.040417573996792654 0.025808976415690511 0.019166727183384597 0.013059954000666374 0.023758487134127017 -0.0088055284424308159 0.01224618743290823 0.0030979130143912602 -0.0052674791467420814 0.0041720293534049579 -0.0097421378725921354
leaf_weight=221.05096997320652 55.376923814415932 82.140469208359718 28.842186748981476 49.08185675740242 35.170844063162804 146.8121895045042 42.902782455086708 43.137128263711929 134.31392899155617 31.753678202629089 151.72491264343262
leaf_count=1146 196 296 130 189 150 698 153 165 546 133 740
internal_value=-0.00032873 0.0123692 -0.00873597 0.00718759 0.000612661 -0.00411871 0.0283871 0.0180911 -0.000307472 -0.0136025 -0.0151291
internal_weight=1022.31 406.953 615.355 308.673 210.825 175.654 98.2797 125.278 183.396 404.53 372.776
internal_count=4542 1545 2997 1196 978 828 349 461 735 2019 1886
is_linear=0
shrinkage=0.04


Tree=44
num_leaves=12
num_cat=0
split_feature=131 132 72 130 15 173 173 28 13 148 177
split_gain=38.9412 26.7335 16.7582 14.3118 11.158 11.8155 10.0115 7.59631 6.45735 6.38896 5.56389
threshold=462.90000000000003 717.05000000000007 43.500000000000007 0.15707236842105265 -2.3213064379681381 0.82247899159663873 0.86515151515151534 7.5000000000000009 -1.0000000180025095e-35 21.121913966868721 0.88194444444444453
decision_type=2 2 10 2 8 10 10 8 2 10 8
left_child=4 2 3 -2 -1 10 9 -8 -7 -3 -6
right_child=1 6 -4 -5 5 8 7 -9 -10 -11 -12
leaf_value=0.0069175741820846175 0.0075630511133870561 0.017079502813295039 -0.023471295106478378 -0.0034046420291741876 -0.011533319601041574 -0.01274148981959888 -0.0081704975433757009 0.0098009875617827234 -0.028537698554239991 0.0023354486087712239 0.006413479913947577
leaf_weight=44.757878065109253 309.66420736908913 298.20798960328102 47.078465282917023 490.45020186901093 66.991198241710663 83.795758038759232 62.368195921182632 91.58648294210434 88.296316683292389 56.586007565259933 45.579735428094864
leaf_count=122 831 802 127 1321 182 227 167 245 243 152 123
internal_value=0.00081997 0.00381917 -0.000533023 0.000841774 -0.0114933 -0.0144092 0.0110574 0.00250195 -0.0209757 0.0147468 -0.0042566
internal_weight=1685.36 1355.94 847.193 800.114 329.421 284.663 508.749 153.955 172.092 354.794 112.571
internal_count=4542 3645 2279 2152 897 775 1366 412 470 954 305
is_linear=0
shrinkage=0.04


Tree=45
num_leaves=13
num_cat=0
split_feature=169 161 121 63 157 48 174 93 131 39 153 89
split_gain=40.3383 16.9038 15.6743 10.9069 10.5712 8.9609 8.38915 7.75363 8.23769 7.55129 5.4612 4.53931
threshold=0.39087301587301593 0.67050496030883699 1.5000000000000002 -325.41868772308493 0.49108934998941928 0.2071056816718915 0.77346041055718484 1.0000000180025095e-35 489.41666666666669 -0.19118855665988144 -0.35819752237001851 481.00000000000006
decision_type=8 2 2 2 2 10 10 2 2 2 2 10
left_child=2 3 9 -2 5 -4 -5 8 -3 11 -11 -1
right_child=1 7 4 6 -6 -7 -8 -9 -10 10 -12 -13
leaf_value=-0.0050149502831510467 0.019993335036102053 0.019544414411317042 0.013487919412441127 -0.0069761388643607494 -0.010900708801306804 -0.0084510488553295685 0.0042217179508580961 0.027759439800340888 0.0027422259399136539 -0.018122616997186265 -0.0041524074053099578 -0.019403012512322567
leaf_weight=45.089865893125534 46.085080564022064 87.138376265764236 110.66581720113754 177.26777863502502 71.619998246431351 39.732545137405396 266.8853954076767 54.811486810445786 100.77043631672859 54.487894296646118 241.20276403427124 179.64906790852547
leaf_count=145 136 241 329 543 227 121 798 154 290 178 776 604
internal_value=-0.000675693 0.00597539 -0.00724366 0.00168697 0.00164245 0.00766129 -0.000248643 0.0145863 0.0106067 -0.0110343 -0.00678589 -0.0165602
internal_weight=1475.41 732.959 742.448 490.238 222.018 150.398 444.153 242.72 187.909 520.43 295.691 224.739
internal_count=4542 2162 2380 1477 677 450 1341 685 531 1703 954 749
is_linear=0
shrinkage=0.04


Tree=46
num_leaves=13
num_cat=0
split_feature=171 160 128 131 14 165 107 90 9 79 183 68
split_gain=63.9392 20.6387 16.7311 14.8722 13.803 11.9526 9.93553 8.2607 8.25056 7.12984 5.72345 2.28207
threshold=0.37228260869565222 -0.24502170433212475 1.0000000180025095e-35 458.6571428571429 -0.82911823443766042 0.059989262973221581 0.02732486584945604 690.50000000000011 -1.0000000180025095e-35 0.20294117647058826 0.069047619047619066 29.123887748117731
decision_type=10 2 2 2 10 2 8 10 2 2 10 8
left_child=2 3 8 -2 -4 -6 7 -3 11 -5 -10 -1
right_child=1 6 4 9 5 -7 -8 -9 10 -11 -12 -13
leaf_value=-0.012590011650181681 0.021806336651741771 0.0018074795460533493 0.019538954383913981 0.0043033508494224777 -0.010941000774140236 0.014084287513892454 0.035110240648087383 0.023340535923593527 -0.012072548906967569 -0.012358169685487412 0.0035848233057699562 -0.026372089996489389
leaf_weight=30.165951326489449 54.945338875055313 46.866080105304718 46.751496031880379 109.56122981011868 124.72723418474197 39.344590231776237 60.718516245484352 73.343070775270462 247.94790203869343 64.365332081913948 43.263123854994774 78.492273569107056
leaf_count=154 195 171 207 432 600 171 216 266 1243 265 203 419
internal_value=-0.00031839 0.0118857 -0.00851712 0.00386281 0.000593218 -0.00487883 0.0219465 0.0150461 -0.0133149 -0.00188658 -0.00973529 -0.0227138
internal_weight=1020.49 409.8 610.693 228.872 210.823 164.072 180.928 120.209 399.869 173.927 291.211 108.658
internal_count=4542 1545 2997 892 978 771 653 437 2019 697 1446 573
is_linear=0
shrinkage=0.04


Tree=47
num_leaves=15
num_cat=0
split_feature=119 132 1 173 107 132 131 170 74 45 156 15 133 64
split_gain=37.51 16.9453 11.2857 10.8154 10.6885 10.39 10.1416 9.98629 6.63765 6.42828 6.29193 6.28397 6.12834 6.28631
threshold=0.51190476190476197 628.37254901960796 1.0000000180025095e-35 0.88675213675213682 0.0057400009184001019 713.26136363636374 458.6571428571429 0.30901856763925734 174.50000000000003 19.319052902564525 0.43792204192373468 -1.3873417413881672 2.7062501404652211 -0.74948127933765851
decision_type=8 2 8 10 8 2 2 8 2 8 2 8 2 10
left_child=3 2 7 5 6 10 -3 -2 -6 -7 -1 -4 -5 -14
right_child=1 4 11 12 8 9 -8 -9 -10 -11 -12 -13 13 -15
leaf_value=0.0090088501587832354 0.0067750748846211331 -0.0060360752111493525 -0.0037147742035688854 -0.013418156464822126 0.0018250439718988177 0.020296784959859794 0.012238550639812593 -0.010068418727474573 -0.012070028573546563 0.0038112070050846333 -0.0034497305463376134 -0.018968449491479803 0.013024431259710487 -0.0038378306081058161
leaf_weight=241.2171847820282 92.794722825288773 67.557880580425262 56.566991329193115 45.540730953216553 106.22284796833992 179.74122375249863 166.52717423439026 139.91104397177696 112.10419490933418 48.93630251288414 87.690915167331696 195.39442622661591 60.115058600902557 82.938687890768051
leaf_count=647 251 182 155 122 285 486 446 382 301 132 235 535 161 222
internal_value=0.000786596 -0.00453847 -0.00972771 0.0074738 0.00102552 0.0102704 0.00695267 -0.00334303 -0.00532303 0.0168096 0.00568079 -0.01558 -0.000794561 0.00327549
internal_weight=1683.26 937.079 484.667 746.18 452.412 557.586 234.085 232.706 218.327 228.678 328.908 251.961 188.594 143.054
internal_count=4542 2537 1323 2005 1214 1500 628 633 586 618 882 690 505 383
is_linear=0
shrinkage=0.04


Tree=48
num_leaves=14
num_cat=0
split_feature=177 179 99 171 171 17 84 136 146 42 158 72 14
split_gain=35.5496 16.3264 11.9475 17.7114 10.5741 8.7231 8.37755 7.2668 7.01686 5.459 5.65947 4.3188 1.40649
threshold=0.34313725490196084 0.57738095238095244 1.0000000180025095e-35 0.29289215686274517 0.13188405797101452 1.4093114796881336 1549.8434204485964 3.315361858213127 1.7513388510223955 -0.048869131232403863 -0.41290368792728166 21.500000000000004 -0.20327753925505007
decision_type=10 10 2 8 10 10 2 10 10 2 2 8 10
left_child=2 4 3 5 7 -1 -6 -2 -5 -3 -11 12 -4
right_child=1 9 11 8 6 -7 -8 -9 -10 10 -12 -13 -14
leaf_value=0.0076834496267821619 0.017746847595480137 0.030784131889039373 -0.028603002373642945 -0.010902555383797172 -0.0049991968964480703 -0.0066940579934451827 0.0093591424072117756 0.0016963991943445076 0.0036408785148245278 0.023550246931519175 0.0031938833107749186 -0.0072545096257935352 -0.016099118686095815
leaf_weight=251.81684410572052 118.38965621590614 48.455947816371918 34.985037952661514 329.8213264644146 201.13162276148796 91.115603744983673 94.832909107208252 73.401862680912018 62.486791968345642 44.801191627979279 42.975452214479446 52.470856964588165 35.790537029504776
leaf_count=764 336 133 121 1086 604 289 280 209 202 124 121 175 121
internal_value=0.000549865 0.00780968 -0.00472753 -0.00278139 0.00436501 0.00384924 -0.000375742 0.0116551 -0.00857763 0.0200065 0.0137545 -0.0162055 -0.0226202
internal_weight=1482.48 623.989 858.487 735.241 487.756 342.932 295.965 191.792 392.308 136.233 87.7766 123.246 70.7756
internal_count=4565 1807 2758 2341 1429 1053 884 545 1288 378 245 417 242
is_linear=0
shrinkage=0.04


Tree=49
num_leaves=14
num_cat=0
split_feature=171 180 180 84 171 178 40 7 181 84 137 62 120
split_gain=73.0802 16.2657 15.4691 15.0954 12.6474 10.9124 7.23586 8.25112 5.7537 5.1736 4.77649 4.72303 2.43867
threshold=0.31698564593301443 0.31666666666666671 0.18465909090909094 1557.070032245724 0.53452380952380962 0.13809523809523813 0.14519434308148893 -0.025807525807525818 0.51923076923076927 1514.7731785367962 0.47357508723078778 -203.81534090909088 0.34166666666666673
decision_type=10 10 8 2 10 8 2 8 8 2 10 10 10
left_child=2 3 11 4 -2 9 7 -3 -7 -4 -5 -1 -13
right_child=1 6 5 10 -6 8 -8 -9 -10 -11 -12 12 -14
leaf_value=-0.0046003809859878732 0.0047626680224378435 0.0134653952574147 0.0015825184626311137 -0.018962160772186619 0.022525158393689768 0.013930007023138015 0.0093355090954848063 0.039387008930339154 -0.0062898776066855665 -0.014559655440707175 6.6047116415901522e-05 -0.013141036408077128 -0.021925502830078863
leaf_weight=46.027299001812935 175.16426600515842 33.202826842665672 44.986303359270096 34.930075600743294 101.22134612500668 67.402135998010635 42.232391536235809 54.305690228939056 32.69668710231781 103.97971603274345 50.642363384366035 87.876642897725105 150.96951735019684
leaf_count=235 713 122 216 150 366 289 154 183 139 529 209 457 803
internal_value=7.50574e-05 0.0111917 -0.0101602 0.00679324 0.0113328 -0.00285046 0.0233016 0.0298376 0.00730863 -0.00969349 -0.00780735 -0.0165118 -0.0187701
internal_weight=1025.64 491.699 533.938 361.958 276.386 249.065 129.741 87.5085 100.099 148.966 85.5724 284.873 238.846
internal_count=4565 1897 2668 1438 1079 1173 459 305 428 745 359 1495 1260
is_linear=0
shrinkage=0.04


Tree=50
num_leaves=13
num_cat=0
split_feature=173 119 130 53 93 47 2 145 71 32 158 89
split_gain=29.768 14.9372 14.3378 14.3016 11.1443 10.9076 10.2689 8.8322 8.53906 7.23875 6.92088 6.64747
threshold=0.84105263157894739 0.51190476190476197 0.39009661835748799 -0.018019480519480515 1.0000000180025095e-35 15.725061030668941 0.58726899383983533 0.5626055083156184 15.500000000000002 -0.16789215686274506 -0.18571174302057661 1853.5000000000002
decision_type=8 10 2 10 2 8 10 2 8 2 2 8
left_child=1 2 5 8 7 -1 9 -3 -2 -5 -8 -10
right_child=3 4 -4 6 -6 -7 10 -9 11 -11 -12 -13
leaf_value=0.014099314024476079 -0.002435609644447269 0.0077252191159681025 -0.0067931920193518708 -0.016928114253567307 -0.018896614567695483 0.0001270824402354169 0.015696905899970293 -0.0053927577940876869 -0.022394618038444888 -0.0026838195903131764 -0.0013833127337931101 -0.0061979179731787926
leaf_weight=375.04404598474503 79.903980791568756 152.67740416526794 86.670367836952209 77.152384549379349 52.966367423534393 117.68010330200195 67.848952531814575 175.30411157011986 147.4294371008873 215.40439268946648 83.840521574020386 57.6353540122509
leaf_count=1011 216 412 232 210 144 317 183 473 403 581 226 157
internal_value=-0.000529274 0.00409441 0.00813496 -0.00661846 -0.00205095 0.0107733 -0.0021166 0.000712582 -0.0135976 -0.00649197 0.00629614 -0.0179043
internal_weight=1689.56 960.342 579.395 729.215 380.948 492.724 444.246 327.982 284.969 292.557 151.689 205.065
internal_count=4565 2589 1560 1976 1029 1328 1200 885 776 791 409 560
is_linear=0
shrinkage=0.04


Tree=51
num_leaves=14
num_cat=0
split_feature=161 169 43 174 171 38 126 166 173 176 140 89 122
split_gain=28.8157 15.9767 16.8336 14.812 11.9833 10.4053 10.052 9.5226 7.12836 6.69715 5.99222 5.39348 4.78094
threshold=0.36444984684316944 0.54006410256410264 0.016848960388507282 0.81980519480519487 0.267948717948718 0.03610833656489805 1.5000000000000002 0.023325731218918917 0.93933823529411775 1.0000000180025095e-35 3.2477651329749113 1197.5000000000002 1.5000000000000002
decision_type=2 10 2 8 10 2 2 2 10 10 10 10 2
left_child=1 2 10 11 6 -4 7 -2 12 -5 -1 -3 -6
right_child=4 3 5 9 8 -7 -8 -9 -10 -11 -12 -13 -14
leaf_value=-0.013109644872556838 0.0016320615855110021 0.0022812809389745193 0.0080518552836377506 0.0049347448854462342 -0.013371254457633805 -0.0064083263919444827 0.025294237748832517 0.017803416815033585 0.010677659351159273 0.025355223922362249 0.00077679619693452582 -0.015411535728615249 0.00265064668090136
leaf_weight=381.64458477497101 131.62648040056229 80.772651731967926 157.41792276501656 45.774033308029175 60.904752671718597 159.02559182047844 79.675448328256607 104.28815871477127 65.564251184463501 60.226247668266296 56.710427135229111 40.579094558954239 56.594513803720474
leaf_count=1255 377 239 495 133 190 516 219 297 194 174 183 122 171
internal_value=0.000529601 -0.00344451 -0.00624431 0.0058286 0.00835226 0.000781437 0.0130628 0.00883417 0.000193786 0.0166843 -0.0113109 -0.00369632 -0.00568005
internal_weight=1480.8 982.151 754.799 227.352 498.654 316.444 315.59 235.915 183.064 106 438.355 121.352 117.499
internal_count=4565 3117 2449 668 1448 1011 893 674 555 307 1438 361 361
is_linear=0
shrinkage=0.04


Tree=52
num_leaves=13
num_cat=0
split_feature=171 84 145 53 173 79 182 167 171 128 145 1
split_gain=67.9174 15.0759 12.4989 11.8925 13.5398 11.2327 10.5464 9.18857 8.84064 10.0879 7.23561 3.69578
threshold=0.31698564593301443 1556.1622559238051 0.35841106371157533 -0.13453458306399479 0.7958333333333335 0.28869047619047622 0.31414473684210531 0.066287665358219408 0.072751322751322761 1.0000000180025095e-35 0.86883081254779826 12.500000000000002
decision_type=10 2 2 10 10 2 10 2 8 2 2 8
left_child=2 3 7 4 -2 6 -3 11 -4 -10 -5 -1
right_child=1 5 8 10 -6 -7 -8 -9 9 -11 -12 -13
leaf_value=-0.019307708402183123 0.006730174274119414 -0.0090245342942682771 -0.018762623258594464 -0.0009174282582815682 0.029151825533641557 -0.019920265359532525 0.021267436714649507 0.0066917163799312257 -0.0061728717298765012 0.01297148906067634 0.01450418746927431 -0.0051514535273780035
leaf_weight=236.26388938724995 66.928523987531662 34.3256875872612 44.130981579422951 90.501027494668961 125.29085421562195 37.349295288324356 37.447266474366188 27.012555733323097 117.14577250182629 69.189463004469872 103.47997809946537 35.161712631583214
leaf_count=1274 245 142 219 391 436 160 146 141 560 291 377 183
internal_value=5.43415e-05 0.010689 -0.00990267 0.0143911 0.0214305 -0.00240688 0.00682777 -0.0152948 -0.00287564 0.000956377 0.00733123 -0.0175068
internal_weight=1024.23 495.323 528.904 386.2 192.219 109.122 71.773 298.438 230.466 186.335 193.981 271.426
internal_count=4565 1897 2668 1449 681 448 288 1598 1070 851 768 1457
is_linear=0
shrinkage=0.04


Tree=53
num_leaves=14
num_cat=0
split_feature=132 173 161 89 7 57 35 53 151 145 15 20 120
split_gain=29.2434 17.4685 11.3112 8.84631 8.7886 9.55359 9.51002 9.4483 8.34649 8.28662 8.2551 6.50927 3.88632
threshold=527.38095238095252 0.84105263157894739 -0.047204937832614549 2140.0000000000005 -0.05000000000000001 777.50000000000011 0.6971512289724161 0.068670792808723846 0.22474747474747478 0.54570260462631703 -1.8291889146199618 0.2776706930523431 0.93095238095238109
decision_type=2 10 2 10 10 10 2 10 2 2 10 10 10
left_child=4 2 9 10 5 6 -1 -6 -4 -2 -3 -5 -7
right_child=1 3 8 11 7 12 -8 -9 -10 -11 -12 -13 -14
leaf_value=7.5141996702098301e-05 0.01624702774944008 0.010118619963881447 -0.0018366627752541265 0.016736291384696324 -0.025360251689738132 0.014022968470361715 -0.015402523598884254 -0.0049750928823808242 0.015384912096294796 0.0045160531222407296 -0.0080307207708086095 -0.0036164894310904572 -0.0020101222093878881
leaf_weight=107.47848153114319 231.69416815042496 44.692224085330963 256.68740007281303 54.369828522205353 84.934257745742798 45.503685086965561 153.35529941320419 64.599252760410309 53.545027077198029 167.14052549004555 328.66623693704605 45.267713367938995 49.573848217725754
leaf_count=290 627 120 691 146 237 123 417 178 144 450 886 122 134
internal_value=-0.000498948 0.00294325 0.00691175 -0.00300373 -0.00854294 -0.00509048 -0.00904127 -0.0166586 0.00116918 0.0113595 -0.00583162 0.00752561 0.00570852
internal_weight=1687.51 1182.06 709.067 472.996 505.445 355.911 260.834 149.534 310.232 398.835 373.358 99.6375 95.0775
internal_count=4565 3186 1912 1274 1379 964 707 415 835 1077 1006 268 257
is_linear=0
shrinkage=0.04


Tree=54
num_leaves=12
num_cat=0
split_feature=79 11 38 173 174 67 132 110 144 178 153
split_gain=29.1666 17.4954 15.3817 13.4891 8.8637 8.53898 9.85832 7.79096 6.80807 6.30209 5.75997
threshold=0.33908045977011497 -1.4999999999999998 0.064055908786329066 0.83666666666666678 0.81980519480519487 30.553045859000687 704.29285714285732 1.0000000180025095e-35 0.82683658170914553 0.5634920634920636 1.2517755824303609
decision_type=2 2 2 8 8 10 2 2 8 10 2
left_child=2 -2 7 8 -5 10 -7 9 -4 -1 -3
right_child=1 5 3 4 -6 6 -8 -9 -10 -11 -12
leaf_value=0.0057276725943417985 0.026446287393677523 -0.0060984988196541579 -0.016128939818379841 -0.0082115987871107 0.0073890619041787724 0.017432982839701277 -0.0013480598518181258 -0.012770877548577792 -0.0024746816385394052 -0.010572014813504029 0.0078397360690890278
leaf_weight=360.00988239049911 74.102462232112885 118.68778303265572 251.21315862238407 114.43000039458275 116.65336233377457 132.58501809835434 66.73087215423584 48.660278648138046 77.041185587644577 41.412035882472992 77.556902706623077
leaf_count=1107 207 355 835 364 358 374 199 159 251 134 222
internal_value=0.000506185 0.00873154 -0.00332378 -0.00774814 -0.000329696 0.00534957 0.0111598 0.00217513 -0.0129476 0.00401908 -0.000568078
internal_weight=1479.08 469.663 1009.42 559.338 231.083 395.561 199.316 450.082 328.254 401.422 196.245
internal_count=4565 1357 3208 1808 722 1150 573 1400 1086 1241 577
is_linear=0
shrinkage=0.04


Tree=55
num_leaves=13
num_cat=0
split_feature=54 145 130 155 157 70 119 30 149 18 107 24
split_gain=50.8022 23.1269 14.0077 10.8298 10.3811 10.0417 10.504 9.37243 10.2414 7.24489 6.49626 4.33793
threshold=0.11526806526806528 0.6822322200611487 0.28102564102564109 -0.21950162708531601 -0.36436892833754436 36.500000000000007 0.64852941176470602 -0.013762626262626259 0.036472148541114066 0.44504830917874399 0.0015618656384315257 -35.499999999999993
decision_type=8 2 2 2 2 10 8 2 2 10 10 2
left_child=1 4 5 -4 11 6 -2 8 -3 -6 -9 -1
right_child=2 7 3 -5 9 -7 -8 10 -10 -11 -12 -13
leaf_value=-0.012129015780392924 0.00035718491135035692 0.0019052761030580996 0.033448322783742171 0.0098914716780697 -0.0099676548067311448 -0.015083186536978986 0.016845956356513935 -0.013215711916578355 0.027737531217809423 0.012895069224378488 0.0055697489995661636 -0.026293891850664459
leaf_weight=59.505839750170708 122.94650293886662 63.490427896380424 64.301987215876579 62.709790781140327 219.60227569937706 31.176767498254776 123.93142928183079 62.370814606547356 39.402516350150108 23.721879079937935 54.053299829363823 95.494121566414833
leaf_count=327 514 251 225 234 1123 132 462 269 157 117 231 523
internal_value=4.24536e-05 -0.00717136 0.0110375 0.0220013 -0.0129048 0.00596132 0.0086771 0.00324387 0.0119887 -0.00768691 -0.00450382 -0.0209813
internal_weight=1022.71 617.641 405.066 127.012 398.324 278.055 246.878 219.317 102.893 243.324 116.424 155
internal_count=4565 2998 1567 459 2090 1108 976 908 408 1240 500 850
is_linear=0
shrinkage=0.04


Tree=56
num_leaves=12
num_cat=0
split_feature=173 161 130 130 155 119 83 167 53 71 87
split_gain=25.8816 13.612 14.2604 13.4468 15.6058 11.3846 8.65201 8.24865 6.76349 5.15113 4.17566
threshold=0.84105263157894739 2.4320822386118599 0.39009661835748799 0.11237373737373739 -0.44647178069548715 0.52786377708978338 1501.3427622934785 -0.11652145376235608 0.022857889237199561 15.500000000000002 0.93541666666666679
decision_type=8 2 2 2 2 10 2 2 10 8 10
left_child=1 2 5 4 10 -1 -4 -5 -9 -6 -2
right_child=3 -3 6 7 9 -7 -8 8 -10 -11 -12
leaf_value=0.010851766444225888 0.0046604271031858045 -0.015600588736200936 0.0032206797998173961 0.0014296495946570112 0.0025519285974302938 0.00083082876821957241 -0.017154751677134438 -0.019295991080534512 -0.0079397311857808232 -0.011937513140908669 0.019274246010890093
leaf_weight=481.65533703565598 80.277042359113693 53.352651298046112 65.073006272315979 71.352224886417389 55.996604919433594 291.62001940608025 66.532495379447937 165.0418683886528 176.2536418735981 126.41851395368576 51.758145332336426
leaf_count=1302 216 146 175 195 150 786 180 455 480 341 139
internal_value=-0.000471234 0.00384384 0.00500847 -0.00615824 6.9901e-05 0.00708118 -0.00711662 -0.0108978 -0.0134775 -0.00748907 0.0105059
internal_weight=1685.33 958.234 904.881 727.098 314.45 773.275 131.606 412.648 341.296 182.415 132.035
internal_count=4565 2589 2443 1976 846 2088 355 1130 935 491 355
is_linear=0
shrinkage=0.04


Tree=57
num_leaves=14
num_cat=0
split_feature=177 179 99 171 2 74 35 2 91 138 77 72 16
split_gain=29.3348 14.2873 10.9047 16.1398 11.3485 9.05339 9.66483 7.82986 7.67076 5.27115 4.97773 4.14534 1.16599
threshold=0.34313725490196084 0.43650793650793657 1.0000000180025095e-35 0.29289215686274517 1.2046543463381261 118.50000000000001 -28.809763896583942 -5.57015742642026 1279.1303110384331 0.47766281512605052 1.5000000000000002 21.500000000000004 -0.0043954712008086585
decision_type=10 10 2 8 8 2 2 10 2 10 2 8 10
left_child=2 5 3 4 -1 9 -7 -5 -3 -2 -10 12 -4
right_child=1 8 11 7 -6 6 -8 -9 10 -11 -12 -13 -14
leaf_value=0.0090879497545255459 -0.016726630267720251 0.0034496485297894259 -0.027262665849303022 0.0034064060453256784 -0.0061899891057114508 0.02022235804357618 0.0025150578046002499 -0.010860719533918515 0.013453501299943145 0.002037961587551439 0.028382393091807848 -0.0066344978862737172 -0.015585413748206501
leaf_weight=224.81788611412048 50.918589353561401 61.80028235912323 34.815350875258446 75.842841804027557 117.66484066843987 60.209787756204605 257.89574819803238 312.27494722604752 83.976155310869217 43.788918048143387 67.498396128416061 51.7696732878685 34.194996118545532
leaf_count=688 151 174 122 248 365 175 759 1040 234 127 187 175 120
internal_value=0.000486866 0.00705453 -0.00434313 -0.00248899 0.00383043 0.00269155 0.00592576 -0.00806602 0.0154382 -0.0080991 0.0202616 -0.0154299 -0.0218104
internal_weight=1477.47 626.088 851.381 730.601 342.483 412.813 318.106 388.118 213.275 94.7075 151.475 120.78 69.0103
internal_count=4565 1807 2758 2341 1053 1212 934 1288 595 278 421 417 242
is_linear=0
shrinkage=0.04


Tree=58
num_leaves=14
num_cat=0
split_feature=171 160 130 145 133 140 168 167 171 128 43 21 139
split_gain=60.995 13.9762 11.8265 11.5746 9.73968 10.9155 9.19962 8.94928 8.32941 9.2257 6.05808 5.18143 3.67773
threshold=0.31698564593301443 -0.22804865973019364 0.14039408866995076 0.35841106371157533 3.0145248291541251 2.7827881260058325 0.022489348198231274 0.066287665358219408 0.072751322751322761 1.0000000180025095e-35 -0.074082507139607581 -0.31101190476190471 3.7526692500416812
decision_type=10 2 2 2 2 10 2 2 8 2 2 2 2
left_child=3 4 6 7 5 -2 -3 12 -5 -10 -4 -6 -1
right_child=1 2 10 8 11 -7 -8 -9 9 -11 -12 -13 -14
leaf_value=-0.018666045063569961 0.003730509142691853 -0.0039472822901893689 0.015453954262239299 -0.018377973897672928 0.01173748502399332 0.028370160134238934 0.020627535483514491 0.0069320888425869944 -0.0059658481895093068 0.0123035850566255 0.03423279426475942 -0.0060621179479992942 -0.0032545311263064403
leaf_weight=236.39978966116905 82.679179415106773 53.21811380982399 52.407417297363281 43.27412337064743 31.884975492954254 43.614794865250587 43.40007846057415 26.852752760052681 116.36910726130009 69.943232238292694 65.909452617168427 126.7933107316494 28.547671690583229
leaf_count=1308 308 206 182 219 128 157 166 141 560 291 224 526 149
internal_value=3.2737e-05 0.0100076 0.0176891 -0.00952823 0.00416538 0.0124114 0.00716926 -0.0148033 -0.00277995 0.000911044 0.0261309 -0.00242181 -0.0170315
internal_weight=1021.29 499.907 214.935 521.387 284.972 126.294 96.6182 291.8 229.586 186.312 118.317 158.678 264.947
internal_count=4565 1897 778 2668 1119 465 372 1598 1070 851 406 654 1457
is_linear=0
shrinkage=0.04


Tree=59
num_leaves=12
num_cat=0
split_feature=132 20 7 166 119 40 45 17 43 156 71
split_gain=26.4256 16.035 11.5797 10.4639 9.82295 9.20366 7.25588 6.95871 6.36128 6.15794 5.06627
threshold=527.38095238095252 0.82834808154635142 -0.31881313131313122 0.12088903817049053 0.4188596491228071 0.73073829001455926 -26.242847459706351 0.13525177782249698 -0.020814198449989548 0.22047180676135805 13.500000000000002
decision_type=2 10 8 2 8 2 10 10 2 2 8
left_child=4 2 9 -4 8 7 -6 -3 -1 -2 -8
right_child=1 5 3 -5 6 -7 10 -9 -10 -11 -12
leaf_value=0.010039056565607576 0.02110352946887906 -0.01241724915522275 0.0052340416042438572 -0.0072970557142230255 0.0029515378707369246 -0.022580102431656736 -0.0027624309541943708 0.0033191395687599285 -0.0074959524601373589 0.0031159390630004532 -0.015887684185389217
leaf_weight=65.579981803894043 98.892337054014206 70.975843161344528 675.69698983430862 125.53783974051476 48.406172662973404 44.962270170450211 58.138640105724335 118.68738400936127 64.78625026345253 44.767489969730377 266.4959469139576
leaf_count=176 268 192 1823 339 134 123 159 320 174 121 736
internal_value=-0.000448525 0.00282492 0.00514983 0.00326152 -0.00811282 -0.00651167 -0.011409 -0.00259349 0.00131898 0.0155723 -0.0135589
internal_weight=1682.93 1179.52 944.895 801.235 503.407 234.625 373.041 189.663 130.366 143.66 324.635
internal_count=4565 3186 2551 2162 1379 635 1029 512 350 389 895
is_linear=0
shrinkage=0.04


Tree=60
num_leaves=13
num_cat=0
split_feature=177 169 179 93 144 160 167 131 42 17 7 131
split_gain=38.4078 16.0016 13.4513 10.2796 10.0959 11.8328 8.94076 8.12558 8.06567 7.48088 6.05569 4.71389
threshold=0.32291666666666669 0.56594202898550738 0.60769230769230786 1.0000000180025095e-35 0.80123456790123471 -1.0067212499029943 -0.11305867726982548 721.5777777777779 -0.052016435568723131 0.89951951853808965 -0.49675324675324667 526.45000000000016
decision_type=10 8 10 2 8 2 2 2 2 10 10 2
left_child=1 4 3 7 9 -6 -5 -2 -4 -1 -3 -10
right_child=2 10 8 6 5 -7 -8 -9 11 -11 -12 -13
leaf_value=-0.0081005607548816708 0.003542215317340819 0.014488152089473596 0.030665163369753438 0.0016931100885706606 0.017766839119603552 -0.006893288059293191 0.026354693180115053 -0.010386488974754245 0.019358356802919263 -0.018680238668489803 -0.0027346478613902588 0.0015497210952690969
leaf_weight=272.44528231024742 410.50228521227837 66.634491801261902 47.49633327126503 42.212671607732773 40.428837239742279 124.20336377620697 53.067296028137207 79.021999925374985 46.373417645692825 179.51508133113384 62.345072358846664 48.66635200381279
leaf_count=898 1209 195 130 122 130 408 151 242 128 619 189 138
internal_value=-0.000199262 -0.006576 0.00633462 0.00363018 -0.0092555 -0.000754704 0.0155805 0.00127309 0.017314 -0.0123391 0.00619076 0.0103711
internal_weight=1472.91 745.572 727.34 584.804 616.593 164.632 95.28 489.524 142.536 451.96 128.98 95.0398
internal_count=4559 2439 2120 1724 2055 538 273 1451 396 1517 384 266
is_linear=0
shrinkage=0.04


Tree=61
num_leaves=15
num_cat=0
split_feature=178 173 160 157 34 137 132 157 172 30 14 87 17 67
split_gain=55.644 15.4934 9.89399 10.2197 8.46134 7.78939 9.19199 8.03879 7.24105 5.36159 4.72816 4.8579 4.42767 3.78587
threshold=0.22649572649572652 0.79057017543859665 -0.19328806046821942 -0.3035281441639473 0.39181286549707611 0.46940462135267336 610.52777777777794 0.20774974860296733 0.53137254901960795 -0.024922360248447194 -0.36484033228607532 0.98275862068965536 -0.80347156305979561 29.937029431895965
decision_type=8 8 2 2 2 10 2 2 10 2 10 10 10 10
left_child=2 5 10 12 8 6 -2 -7 -3 -5 11 -1 -4 -12
right_child=1 4 3 9 -6 7 -8 -9 -10 -11 13 -13 -14 -15
leaf_value=-0.00094764291695624667 0.0078725053958502902 0.015626875097991173 0.00086709849615795702 0.015608552374357591 0.033563876455007059 -0.0058742804829081023 -0.015796054654661461 0.020679526378985007 -0.0022949449813265649 -0.0017030279084197944 -0.010581848977301675 -0.018449036580311398 -0.017565690514223672 -0.021868588672303711
leaf_weight=79.258369043469429 43.235956698656082 234.70058357715607 30.407390743494034 51.120425388216972 35.66253662109375 28.980809852480888 63.730009138584137 46.209614127874374 42.085516110062599 62.708973988890648 90.766098722815514 36.595596835017204 63.369366645812988 110.30177330970764
leaf_count=388 175 881 157 226 125 125 274 177 166 303 464 184 330 584
internal_value=0.000352589 0.00996932 -0.00871345 -0.00190039 0.0153611 0.000676612 -0.00622632 0.0104758 0.0128962 0.00612235 -0.0131502 -0.00660362 -0.0116216 -0.016861
internal_weight=1019.13 494.605 524.528 207.606 312.449 182.156 106.966 75.1904 276.786 113.829 316.922 115.854 93.7768 201.068
internal_count=4559 1923 2636 1016 1172 751 449 302 1047 529 1620 572 487 1048
is_linear=0
shrinkage=0.04


Tree=62
num_leaves=14
num_cat=0
split_feature=131 132 132 15 99 7 17 108 173 15 85 66 138
split_gain=33.1629 15.1603 12.6434 11.1041 9.1827 8.7665 10.9665 9.9231 8.42165 8.23902 7.78569 6.41567 2.97763
threshold=615.3939393939396 720.5777777777779 527.38095238095252 -2.0159207507107619 1.0000000180025095e-35 -0.0303030303030303 -1.1665404420217309 -0.15351670980453488 0.91287878787878796 1.0830526498876196 7.5000000000000009 0.054220465263338076 0.5091186252771619
decision_type=2 2 2 10 2 8 10 10 8 10 2 10 8
left_child=2 5 8 -4 9 7 -7 -2 11 -3 -5 -1 -10
right_child=1 4 3 10 -6 6 -8 -9 12 -11 -12 -13 -14
leaf_value=-0.0018191188101281031 -0.0078951512618883612 0.011102090054432374 0.013160343459343984 0.0039565987898562737 0.022903732316391943 -0.01917473098807836 0.00039334251865788718 0.0085138432195361533 -0.015790766075281716 -0.0070482024372384459 -0.0080332123223264551 -0.019383511244569884 -0.030212373873254466
leaf_weight=105.05379572510719 74.215304404497147 220.02790877223015 62.040822148323059 117.86759102344513 85.493492722511292 62.893167525529861 161.22552147507668 272.33575439453125 57.914552927017212 47.996761649847031 319.12009510397911 48.068490654230118 44.595052570104599
leaf_count=289 200 594 167 319 235 170 435 734 164 129 863 133 127
internal_value=-3.80947e-05 0.00503847 -0.00625615 -0.00253514 0.0115355 0.00099704 -0.00514984 0.00498143 -0.0134741 0.00783026 -0.00479301 -0.00743594 -0.0223152
internal_weight=1678.85 924.188 754.66 499.029 353.518 570.67 224.119 346.551 255.632 268.025 436.988 153.122 102.51
internal_count=4559 2497 2062 1349 958 1539 605 934 713 723 1182 422 291
is_linear=0
shrinkage=0.04


Tree=63
num_leaves=14
num_cat=0
split_feature=161 169 144 11 132 171 174 21 175 3 143 63 173
split_gain=29.7018 16.4011 11.7026 11.6295 10.8172 10.9635 9.14093 9.06258 8.48718 7.03627 6.45513 5.35821 4.8932
threshold=0.36444984684316944 0.53137254901960795 0.80123456790123471 -1.0000000180025095e-35 779.05769230769249 0.4045454545454546 0.82480818414322254 0.20000000000000007 1.0000000180025095e-35 1.0000000180025095e-35 0.70074626865671652 73.434944685091082 0.8973684210526317
decision_type=2 8 8 2 2 10 10 2 2 2 8 2 10
left_child=1 2 8 -4 5 7 9 -2 -1 -3 -7 -6 -8
right_child=4 6 3 -5 11 10 12 -9 -10 -11 -12 -13 -14
leaf_value=-0.015681926791154373 0.0069000062855602484 0.0043243222703550988 0.017911166370530526 -0.0046671767869615353 -0.012099782436652454 -0.011387025109180412 0.0046635875934583617 0.020490156678709247 -0.0055194152072005811 -0.014819496674224625 0.010022909020979352 0.006451315813726306 0.02128648082940747
leaf_weight=253.33194471895695 153.10623469948769 83.778560042381287 48.373164653778076 138.89669731259346 56.839984983205795 49.495604306459427 59.443718940019608 164.79544577002525 277.49295310676098 47.150279134511948 39.658200949430466 42.762478172779083 55.132872372865677
leaf_count=859 438 248 150 457 169 152 173 459 905 142 119 131 157
internal_value=-0.00019223 -0.00431507 -0.00736499 0.00121851 0.00763802 0.0105256 0.00459139 0.0139934 -0.0103935 -0.00261469 -0.00183554 -0.00413037 0.0127946
internal_weight=1470.26 963.6 718.095 187.27 506.658 407.055 245.505 317.902 530.825 130.929 89.1538 99.6025 114.577
internal_count=4559 3091 2371 607 1468 1168 720 897 1764 390 271 300 330
is_linear=0
shrinkage=0.04


Tree=64
num_leaves=13
num_cat=0
split_feature=171 171 87 180 160 22 131 172 71 180 22 161
split_gain=53.8381 14.9992 13.064 15.3232 12.7857 10.7653 8.37054 8.76616 8.27271 8.7963 2.98427 2.65652
threshold=0.4045454545454546 0.087121212121212141 0.91987179487179505 0.17156862745098042 -0.20675007536280024 10.367235285319635 484.41666666666669 0.33712121212121215 28.500000000000004 0.31666666666666671 10.109358778186929 -0.17462326967630587
decision_type=8 10 8 10 2 10 2 10 10 10 10 2
left_child=1 10 3 -3 8 -4 -6 -8 9 -2 11 -1
right_child=4 2 5 -5 6 -7 7 -9 -10 -11 -12 -13
leaf_value=-0.010277485269565425 0.0045421678820662678 -0.0049323037901712807 -0.019430333969643936 0.012973989903600214 0.035950834258009635 0.0055603840286742832 0.023506134604146328 0.00043732858639645023 -0.010720653188702047 0.025135829820644339 -0.0051665320870360456 -0.023207536948981811
leaf_weight=38.74305185675621 135.89358234405518 221.02572058141232 107.70614504814148 115.60663339495659 43.438704878091812 36.298129066824913 71.462234929203987 41.763362437486649 37.822866588830948 43.344367653131485 29.114460617303848 95.736464217305183
leaf_count=212 515 1095 551 489 140 166 244 151 152 149 152 543
internal_value=0.000337332 -0.00666446 -0.00308334 0.00123138 0.012398 -0.0131224 0.0210803 0.015093 0.00605436 0.00964517 -0.0170909 -0.0196006
internal_weight=1017.96 644.231 480.637 336.632 373.725 144.004 156.664 113.226 217.061 179.238 163.594 134.48
internal_count=4559 3208 2301 1584 1351 717 535 395 816 664 907 755
is_linear=0
shrinkage=0.04


Tree=65
num_leaves=15
num_cat=0
split_feature=131 132 132 43 173 20 167 173 65 52 145 66 81 88
split_gain=30.5666 14.1599 11.88 10.7347 11.1652 10.6684 8.52752 7.99287 6.60738 6.6961 6.32438 6.07861 4.8543 3.03528
threshold=615.3939393939396 720.5777777777779 527.38095238095252 -0.05583512065938151 0.69782608695652182 0.99950666008880129 0.035563789980756981 0.91287878787878796 -0.75156372312408071 -0.01416040100250626 0.57013578863022552 0.054220465263338076 0.10912698412698414 0.81980519480519487
decision_type=2 2 2 2 10 10 2 8 10 10 2 10 2 8
left_child=2 5 7 10 -5 6 -2 11 12 -10 -4 -1 -3 -9
right_child=1 8 3 4 -6 -7 -8 13 9 -11 -12 -13 -14 -15
leaf_value=-0.0016839947399832783 0.004987457963126482 0.00042248099875591172 0.014976112154483469 0.007296706752193999 -0.010233797261617559 -0.016365794224343953 -0.0085773934246966936 -0.029934533915655401 0.0061256844761299733 0.021678924055514536 -0.00097581250810391447 -0.018809031008707663 0.015694706445958238 -0.015307519203557687
leaf_weight=104.93585959076881 430.93435782194138 111.79199317097664 70.563887029886246 73.39395734667778 265.9505315721035 50.840700715780258 88.489544481039047 42.587273865938187 71.068610489368439 123.26812967658043 88.754288703203201 47.850737035274506 46.636206179857254 59.166515648365021
leaf_count=289 1162 303 190 198 721 138 239 122 193 336 240 133 126 169
internal_value=-3.51208e-05 0.00484077 -0.00601153 -0.00240747 -0.0064261 0.000935211 0.00266065 -0.0130273 0.0111282 0.0160618 0.00612635 -0.00714777 0.00500093 -0.0216806
internal_weight=1676.23 923.03 753.203 498.663 339.344 570.265 519.424 254.54 352.765 194.337 159.318 152.787 158.428 101.754
internal_count=4559 2497 2062 1349 919 1539 1401 713 958 529 430 422 429 291
is_linear=0
shrinkage=0.04


Tree=66
num_leaves=13
num_cat=0
split_feature=177 89 179 35 169 141 141 99 144 14 57 31
split_gain=33.91 15.3609 12.1824 9.83369 8.73571 8.30496 7.79957 7.60964 7.79217 6.09807 5.61723 1.94743
threshold=0.32291666666666669 407.50000000000006 0.43650793650793657 -30.230638729499898 0.30602006688963218 0.10620300751879701 0.60102040816326541 1.0000000180025095e-35 0.85037313432835837 1.0000000180025095e-35 126.50000000000001 29.750000000000004
decision_type=10 10 10 2 10 10 8 2 10 10 8 2
left_child=1 4 3 -2 -1 -4 -5 8 -3 -6 -7 -9
right_child=2 7 5 6 9 10 -8 11 -10 -11 -12 -13
leaf_value=-0.0066176430137331764 0.015580942165346614 -0.0090280598243479802 0.028023239366116719 -0.0038391668147126192 0.0032692284211999086 0.014753551869232311 0.0080385141389431296 -0.024989394710571041 0.0052152375836635109 0.024538326353453346 0.00072743640197555704 -0.013143646450701546
leaf_weight=56.605629473924637 74.085257351398468 426.06605106592178 48.052811086177826 284.49748027324677 45.973872661590576 120.32332548499107 127.1567450761795 48.326166525483131 70.924824684858322 40.665964215993881 73.946142584085464 51.039156690239906
leaf_count=189 216 1404 131 855 141 338 371 175 229 122 209 179
internal_value=-0.000184669 -0.0062143 0.00593791 0.00226819 0.00550983 0.0132462 -0.000154809 -0.00903831 -0.00698501 0.0134412 0.009456 -0.0191163
internal_weight=1467.66 739.602 728.062 485.739 143.245 242.322 411.654 596.356 496.991 86.6398 194.269 99.3653
internal_count=4559 2439 2120 1442 452 678 1226 1987 1633 263 547 354
is_linear=0
shrinkage=0.04


Tree=67
num_leaves=13
num_cat=0
split_feature=54 169 20 84 3 158 1 20 177 168 66 108
split_gain=39.3972 19.1382 15.7626 10.3763 9.43417 9.24272 8.37894 8.28697 10.0084 6.31034 5.21534 4.32152
threshold=0.055555555555555573 0.20344827586206901 0.40264098138541649 1552.6061046993657 2.5000000000000004 0.44336966910602632 12.500000000000002 1.4133742197651975 0.15587044534412958 0.031609596867304308 2.5500350679012622 0.053717419505119331
decision_type=8 8 10 2 2 2 8 8 10 2 8 10
left_child=2 3 6 4 -2 11 9 8 -3 -1 -8 -4
right_child=1 7 5 -5 -6 -7 10 -9 -10 -11 -12 -13
leaf_value=-0.016685087495636932 0.01455569728822745 0.0084117653842132132 -0.0087847572494393466 -0.0012560811545495559 0.034398201794392125 0.02008567029812169 -0.0096363261648366189 0.016614447262973779 -0.0083499518744956057 -0.0042486991710806443 0.016115655306216323 0.0093390693951014101
leaf_weight=255.30914610624313 110.72933693230152 95.390339881181717 59.76061387360096 38.004539772868156 60.707891032099724 41.271845459938049 22.576185211539268 47.823418319225311 138.38005313277245 89.348784655332565 25.989016830921173 31.182188674807549
leaf_count=1373 384 394 256 146 207 166 122 164 635 454 125 133
internal_value=0.000315794 0.00845491 -0.00728824 0.0175818 0.0217525 0.00462294 -0.0112998 0.0016213 -0.00149509 -0.0134885 0.00415126 -0.00251478
internal_weight=1016.47 491.036 525.438 209.442 171.437 132.215 393.223 281.594 233.77 344.658 48.5652 90.9428
internal_count=4559 1930 2629 737 591 555 2074 1193 1029 1827 247 389
is_linear=0
shrinkage=0.04


Tree=68
num_leaves=14
num_cat=0
split_feature=132 20 31 94 145 140 15 69 171 2 21 52 163
split_gain=22.9825 13.3442 10.8605 9.58988 8.8389 9.02719 8.43636 8.16655 6.2449 6.43749 5.03606 4.99231 2.86877
threshold=532.91666666666686 0.82834808154635142 81.950000000000003 4.0000000000000009 1.1028688356448144 2.4473158828748898 1.5270409289121862 32.500000000000007 0.45804195804195807 -3.4346338124572209 0.20000000000000007 0.021111853832442077 -0.20653937603525421
decision_type=2 10 2 2 2 10 10 10 10 10 2 10 2
left_child=2 3 10 6 5 -4 -2 -5 9 -3 12 -10 -1
right_child=1 8 4 7 -6 -7 -8 -9 11 -11 -12 -13 -14
leaf_value=-0.017630959122047644 0.0085674579486135147 -0.011784613303413705 0.0039018371017003855 -0.018043313750355595 -0.014879876574832876 -0.012162605471193189 -0.0026329608858748359 0.0027143094619495657 -0.022902747148655148 0.0068658340763913589 -0.027348675333548896 -0.0046999426006989206 -0.0032937019072950486
leaf_weight=47.619428932666779 680.601996332407 45.002580791711807 217.15153422951698 46.896458476781845 84.017371386289597 74.276584297418594 126.98227182030678 81.738309860229492 44.698568195104599 82.087172627449036 46.406324207782745 53.152154117822647 43.074460089206696
leaf_count=135 1843 122 590 127 233 202 343 222 122 222 134 144 120
internal_value=-2.87185e-05 0.00308408 -0.00707686 0.00518661 -0.0035315 -0.000213275 0.00680278 -0.00491869 -0.00564217 0.000205638 -0.0166754 -0.0131829 -0.0109536
internal_weight=1673.71 1161.16 512.546 936.219 375.445 291.428 807.584 128.635 224.94 127.09 137.1 97.8507 90.6939
internal_count=4559 3145 1414 2535 1025 792 2186 349 610 344 389 266 255
is_linear=0
shrinkage=0.04


Tree=69
num_leaves=11
num_cat=0
split_feature=161 99 53 157 132 21 64 63 132 46
split_gain=26.5138 12.7431 14.4002 16.2137 9.71598 9.06868 6.23712 5.20021 3.10891 1.60591
threshold=0.36444984684316944 1.0000000180025095e-35 0.44529914529914533 0.32004975872450203 779.05769230769249 0.53484848484848502 -2.1109343675832046 73.434944685091082 697.63333333333344 1.1487766892859101
decision_type=2 2 10 2 2 2 8 2 2 10
left_child=1 2 3 -1 5 6 -2 -6 -3 -10
right_child=4 8 -4 -5 7 -7 -8 -9 9 -11
leaf_value=0.00084304968274977968 0.021208819273680887 -0.0075755593297663704 0.015577845699261905 -0.011120326301669044 -0.011839524216320164 0.022685616039005714 0.0049736866112243582 0.0064572898250848465 -0.025865461597749443 -0.013640762760744402
leaf_weight=466.22588783502579 42.868643939495087 50.54511833190918 65.715298056602478 295.12834195792675 56.583278983831406 72.640892148017883 292.24504795670509 42.724752128124237 43.507591485977173 37.054046481847763
leaf_count=1453 122 172 191 985 169 201 845 131 156 134
internal_value=-0.00017498 -0.0040896 -0.0022412 -0.00380027 0.00721188 0.00994117 0.0071134 -0.00396195 -0.0156296 -0.0205035
internal_weight=1465.24 958.176 827.07 761.354 507.063 407.755 335.114 99.308 131.107 80.5616
internal_count=4559 3091 2629 2438 1468 1168 967 300 462 290
is_linear=0
shrinkage=0.04


Tree=70
num_leaves=14
num_cat=0
split_feature=178 171 92 142 180 53 143 107 143 39 20 163 130
split_gain=47.6225 17.8426 12.7398 11.5627 11.2846 9.14684 11.2486 8.41034 8.17577 5.91345 4.31998 3.94502 2.79494
threshold=0.22649572649572652 0.4045454545454546 1412.0107997017797 0.20734437975817291 0.18465909090909094 0.20993712170182763 0.46225071225071229 0.039465438612458555 0.41277890466531447 -0.49506434189232917 0.52937835228923646 -0.29987154270551647 0.063508064516129045
decision_type=8 8 2 10 8 10 10 8 10 2 10 2 2
left_child=2 4 5 -3 9 6 -1 -5 -6 -2 12 -7 -4
right_child=1 3 10 7 8 11 -8 -9 -10 -11 -12 -13 -14
leaf_value=0.01661095936818572 0.0056697696023465059 0.030897854729056845 -0.02641612999744072 0.0070294931161924458 0.026895046800239308 -0.0047109016918988602 -0.0039843046501343024 0.027083799690762883 0.0032219215682259997 -0.013371093857022759 -0.00010462734644147985 -0.022113310700238548 -0.014817767126608103
leaf_weight=55.284705340862274 36.979243442416191 64.094588279724121 49.072470992803574 159.00252228975296 31.78362238407135 39.500508829951286 171.26598656177521 41.997131928801537 83.09529547393322 83.147660210728645 24.363401144742966 45.689372152090073 129.81595616042614
leaf_count=241 166 207 277 551 123 218 826 140 336 400 109 246 719
internal_value=0.000298157 0.00908281 -0.00822966 0.0161768 0.00103749 -0.00312293 0.00108364 0.0113429 0.00996441 -0.00749472 -0.0159988 -0.0142157 -0.0181397
internal_weight=1015.09 500.1 514.992 265.094 235.006 311.741 226.551 201 114.879 120.127 203.252 85.1899 178.888
internal_count=4559 1923 2636 898 1025 1531 1067 691 459 566 1105 464 996
is_linear=0
shrinkage=0.04


Tree=71
num_leaves=11
num_cat=0
split_feature=173 99 169 43 137 53 156 35 27 181
split_gain=27.0658 14.018 11.6569 10.9928 8.91932 8.15601 7.29057 6.57653 5.77861 4.89078
threshold=0.70479302832244028 1.0000000180025095e-35 0.15587044534412958 -0.070251601247717246 0.41712757830404895 0.20993712170182763 0.50730275244409484 5.8046989688318726 -9.4999999999999982 0.30384615384615393
decision_type=8 2 10 2 10 8 2 2 10 10
left_child=4 2 9 -4 7 6 -6 -1 -3 -2
right_child=1 8 3 -5 5 -7 -8 -9 -10 -11
leaf_value=0.023132570444473234 -0.0093630434934312175 0.00084338829009720671 0.0038542520780420852 -0.0056896861301689809 -0.0016709386080007314 0.019326167512249734 0.013360264698550554 0.005847909304946039 0.020731869044559394 -0.025342931073403911
leaf_weight=86.45060122013092 81.49666240811348 44.146143645048141 266.82158973813057 690.6622271835804 226.28991442918777 48.457302987575531 65.774330049753189 61.043154507875443 49.419537514448166 50.856141179800034
leaf_count=235 224 120 726 1885 615 133 179 166 135 141
internal_value=-2.65444e-05 -0.00329645 -0.00457602 -0.00302675 0.00788919 0.00429887 0.00174138 0.01608 0.0114774 -0.0156623
internal_weight=1671.42 1183.4 1089.84 957.484 488.015 340.522 292.064 147.494 93.5657 132.353
internal_count=4559 3231 2976 2611 1328 927 794 401 255 365
is_linear=0
shrinkage=0.04


Tree=72
num_leaves=13
num_cat=0
split_feature=171 174 143 161 89 49 164 20 147 57 5 137
split_gain=22.2969 16.0205 12.211 12.189 8.09773 8.15686 7.96385 6.69018 6.64112 5.15451 4.18977 4.181
threshold=0.16064516129032261 0.75500000000000012 0.52440476190476204 0.050530207981037557 449.50000000000006 -2.4999999999999996 0.7598152351098203 -1.221415133683512 3.0679371447676367 326.50000000000006 -1.0000000180025095e-35 0.47890574839690198
decision_type=10 8 10 2 8 10 2 10 2 8 2 10
left_child=1 3 7 10 -3 -6 8 -2 -4 -9 -1 -5
right_child=2 4 6 11 5 -7 -8 9 -10 -11 -12 -13
leaf_value=-0.020882456320823955 0.0057226055292017228 0.024095721484823935 0.013267742295463923 -0.00077442430946430012 0.016965529972663144 0.0026867917844567474 0.015923409342006273 -0.0081238093012045015 -0.002979125475594032 -0.019349482360322006 -0.0045674880156081734 0.015457841484759767
leaf_weight=46.258003532886505 38.390362188220024 67.695143133401871 42.796085089445114 49.595471441745758 108.37189669907093 156.44912259280682 43.627512246370316 203.20945300161839 494.66558374464512 98.563737601041794 56.340681940317154 50.351945817470551
leaf_count=149 120 195 129 143 311 455 134 662 1591 324 181 142
internal_value=-6.95227e-05 0.00641658 -0.00384168 -0.00243757 0.0118071 0.0085794 -0.000310868 -0.0098488 -0.0016595 -0.0118487 -0.0120732 0.00745544
internal_weight=1456.31 535.062 921.253 202.546 332.516 264.821 581.089 340.164 537.462 301.773 102.599 99.9474
internal_count=4536 1576 2960 615 961 766 1854 1106 1720 986 330 285
is_linear=0
shrinkage=0.04


Tree=73
num_leaves=13
num_cat=0
split_feature=171 145 143 130 160 170 1 173 146 175 173 65
split_gain=44.2125 21.3128 12.3205 12.3086 12.2529 8.5109 8.13252 7.66307 2.80163 3.208 0.589806 0.583932
threshold=0.087121212121212141 0.29522716884069389 0.35067567567567576 0.25866188769414583 -0.31789040384957157 0.19803921568627456 6.5000000000000009 0.82247899159663873 0.088373941176659462 1.0000000180025095e-35 0.54356060606060608 -0.31847897830637456
decision_type=8 2 10 2 2 10 10 10 10 2 10 8
left_child=8 2 7 5 -5 -3 -4 -2 9 -1 -10 -12
right_child=1 3 6 4 -6 -7 -8 -9 10 -11 11 -13
leaf_value=-0.0049720777666174554 -0.0056746928785090071 -0.0059347890394189562 -0.01527516394354806 0.0037717619071322901 0.025152250419438211 0.0069089405816061752 0.0043676543926195093 0.022715415010056042 -0.016936389038135262 -0.022728597822366609 -0.019670351796349735 -0.030068082725986142
leaf_weight=35.624152854084969 27.997083693742752 112.74632082879543 160.646593734622 75.67237663269043 99.997293829917908 299.81217157840729 41.946730181574821 31.274042442440987 21.087313592433929 30.769727379083633 23.884722575545311 45.33805538713932
leaf_count=204 128 474 838 285 342 1214 220 133 118 167 145 268
internal_value=-0.000640355 0.0029629 -0.00650918 0.00718691 0.0160271 0.00338823 -0.0111968 0.00940033 -0.0200949 -0.013446 -0.0247603 -0.0268401
internal_weight=1006.8 850.093 261.864 588.228 175.67 412.558 202.593 59.2711 156.704 66.3939 90.3101 69.2228
internal_count=4536 3634 1319 2315 627 1688 1058 261 902 371 531 413
is_linear=0
shrinkage=0.04


Tree=74
num_leaves=12
num_cat=0
split_feature=131 176 170 52 68 2 31 30 37 58 67
split_gain=18.6934 14.2012 14.2283 14.7991 8.43155 8.34882 8.45664 7.57981 8.1415 6.04365 3.61396
threshold=453.04166666666669 2.5000000000000004 0.35388994307400384 -0.016575091575091513 35.535934291581121 -5.4976043805612571 -46.203703703703688 -0.079682539682539674 -0.65696754716848327 -20.499999999999996 29.572895277207397
decision_type=2 10 10 10 8 10 2 2 2 8 10
left_child=7 2 4 -4 -2 -3 -7 10 -9 -10 -1
right_child=1 5 3 -5 -6 6 -8 8 9 -11 -12
leaf_value=-0.010269756534705875 0.010858272299153062 -0.01983374762536123 -0.0067182502165643631 0.0059719269541285485 -0.0036914790264191088 0.012544500334642062 -0.0077761353447058958 0.0073683880126556994 -0.0014859021285258906 -0.017609173505112461 -0.02636641663929077
leaf_weight=51.040284514427185 474.25889354944229 57.182151347398758 278.62900942564011 309.07606601715088 72.869445711374283 44.390374422073364 116.7035086452961 66.121548175811768 76.54487743973732 72.288247585296631 42.873659580945969
leaf_count=146 1288 155 756 839 199 120 318 182 210 199 124
internal_value=0.000450195 0.00247919 0.00427786 -4.22385e-05 0.00891361 -0.00684 -0.00212148 -0.00841138 -0.00421937 -0.00939558 -0.0178397
internal_weight=1661.98 1353.11 1134.83 587.705 547.128 218.276 161.094 308.869 214.955 148.833 93.9139
internal_count=4536 3675 3082 1595 1487 593 438 861 591 409 270
is_linear=0
shrinkage=0.04


Tree=75
num_leaves=10
num_cat=0
split_feature=169 79 160 85 153 126 20 142 138
split_gain=20.4605 12.8584 10.9273 9.82854 9.00863 7.6631 6.93815 5.89965 5.09588
threshold=0.30602006688963218 0.53137254901960795 -1.172935493555004 23.500000000000004 1.8437862345435629 1.5000000000000002 -1.0717871095671121 0.51754926108374399 0.48489196121907746
decision_type=8 2 2 2 2 2 10 10 10
left_child=2 3 -1 4 -2 8 -4 -8 -3
right_child=1 5 6 -5 -6 -7 7 -9 -10
leaf_value=0.0084354452820471909 -0.0023586690974487052 0.0014686036890631268 0.0035166927588523677 0.016721716840056342 0.010709153240317227 0.025368782578895584 -0.0083194463520320748 -0.020544007835797316 0.015569481888861834
leaf_weight=65.04175990819931 593.92608442902565 95.029162704944611 59.589733585715294 56.389926433563232 97.346850395202637 50.60816279053688 282.46252819895744 82.146096631884575 71.921913862228394
leaf_count=204 1830 269 195 168 284 138 965 282 201
internal_value=-6.251e-05 0.00331317 -0.00671964 0.0008143 -0.000502724 0.0118486 -0.00906243 -0.0111278 0.00761165
internal_weight=1454.46 965.222 489.24 747.663 691.273 217.559 424.198 364.609 166.951
internal_count=4536 2890 1646 2282 2114 608 1442 1247 470
is_linear=0
shrinkage=0.04


Tree=76
num_leaves=12
num_cat=0
split_feature=178 169 180 20 47 69 20 53 89 180 15
split_gain=37.5362 13.6584 13.6537 10.6517 9.83151 9.13081 8.19927 6.4781 6.43367 4.36109 4.15684
threshold=0.18898809523809526 0.29705882352941182 0.69047619047619058 1.6816262437987517 -16.370370035825996 20.500000000000004 0.1632819676830328 -0.27300331247699666 589.50000000000011 0.11437908496732027 -1.1350031494335031
decision_type=8 10 10 10 8 8 10 10 10 10 8
left_child=1 7 3 4 -2 -5 8 -1 -3 -8 -9
right_child=2 6 -4 5 -6 -7 9 10 -10 -11 -12
leaf_value=0.013937085391975315 -0.0088226391116005484 -0.0060714591030372788 0.026044295932193318 0.031539807719248414 0.0054919803466475523 0.0058530987230544984 -0.0081553255447773636 0.0085759089512550853 -0.020296512278358731 0.011397184210961557 -0.010232005853611894
leaf_weight=46.70399098098278 104.2074853181839 71.529712200164795 51.60206426680088 37.856134027242661 282.73463892936707 53.382689729332924 55.793114468455315 26.296671941876411 189.44842451810837 25.873015776276588 59.467860594391823
leaf_count=191 449 393 173 120 1135 182 282 116 1096 118 281
internal_value=-0.000628878 -0.00878458 0.00668421 0.00454083 0.00161895 0.0167589 -0.0129922 0.00209968 -0.0164434 -0.00187368 -0.00440979
internal_weight=1004.9 475.113 529.783 478.181 386.942 91.2388 342.644 132.469 260.978 81.6661 85.7645
internal_count=4536 2477 2059 1886 1584 302 1889 588 1489 400 397
is_linear=0
shrinkage=0.04


Tree=77
num_leaves=13
num_cat=0
split_feature=132 150 63 173 53 173 176 3 44 16 62 21
split_gain=19.7151 9.906 8.9538 9.28971 7.64185 9.60356 8.2962 8.13546 6.53307 6.47858 5.77485 4.2963
threshold=560.23376623376635 0.23205128205128209 178.76329445613808 0.87750000000000006 -0.063339438339438323 0.90238095238095251 2.5000000000000004 1.5000000000000002 19.451015065503615 -0.008127623545164912 65.618055555555586 -0.15339366515837102
decision_type=2 2 2 10 10 8 10 2 10 8 10 2
left_child=4 2 3 -2 5 9 7 -6 11 -1 -4 -3
right_child=1 8 10 -5 6 -7 -8 -9 -10 -11 -12 -13
leaf_value=0.0023037179097463271 0.011384767970768024 -0.0098506405200408341 -0.0071627943675997771 0.0010832790510623682 -0.0034006163272560013 -0.022830438687112403 -0.012604285347774736 0.01144659673872203 -0.016213380381968099 -0.012867742949091996 0.0083121250391244225 0.0031439441473033137
leaf_weight=85.28329262137413 429.36896443367004 53.091162830591202 118.6672280728817 208.63965019583702 158.1199269592762 73.257353752851486 80.023878514766693 92.84636065363884 48.240751951932907 93.376931667327881 55.90766042470932 163.52049997448921
leaf_count=233 1170 144 322 564 434 212 221 254 131 256 152 443
internal_value=0.000436735 0.00364294 0.00583176 0.0080261 -0.00548221 -0.0107188 -0.00147032 0.00210788 -0.00306166 -0.00564202 -0.00217644 -6.24477e-05
internal_weight=1660.34 1077.44 812.584 638.009 582.908 251.918 330.99 250.966 264.852 178.66 174.575 216.612
internal_count=4536 2926 2208 1734 1610 701 909 688 718 489 474 587
is_linear=0
shrinkage=0.04


Tree=78
num_leaves=10
num_cat=0
split_feature=171 99 20 83 161 172 79 17 89
split_gain=19.9964 14.8598 11.1258 12.3352 7.66463 8.50959 7.11788 6.12742 5.1122
threshold=0.16064516129032261 1.0000000180025095e-35 -1.871348086391563 1515.9660955362817 0.050530207981037557 0.11324786324786326 0.30602006688963218 0.81989195304157014 486.00000000000006
decision_type=10 2 10 2 2 8 2 10 10
left_child=1 4 -2 7 5 -1 -5 -4 -6
right_child=2 -3 3 6 8 -7 -8 -9 -10
leaf_value=-0.011796672293885436 0.012156555005300929 -0.012700941483217721 -0.0073413384742920928 -0.0048044105525337439 0.025294177128481043 0.0071415653635682553 0.0045150651872203238 -0.019759740156784035 0.01032174538583625
leaf_weight=49.093124121427536 65.208977282047272 58.960495740175247 189.35518799722195 360.89051283895969 43.767018854618073 155.58172914385796 204.53017795085907 97.113921701908112 227.98807570338249
leaf_count=147 202 201 610 1207 121 466 612 329 641
internal_value=-5.38907e-05 0.00608074 -0.00364011 -0.00486447 0.00843099 0.00255406 -0.00142772 -0.0116123 0.0128243
internal_weight=1452.49 535.39 917.099 851.89 476.43 204.675 565.421 286.469 271.755
internal_count=4536 1576 2960 2758 1375 613 1819 939 762
is_linear=0
shrinkage=0.04


Tree=79
num_leaves=15
num_cat=0
split_feature=178 180 53 169 57 173 132 66 157 130 174 16 63 130
split_gain=35.3553 13.2283 13.0773 12.9909 12.7153 11.1126 9.37134 7.42711 6.90222 6.88919 6.27779 6.53561 6.36257 4.58339
threshold=0.18898809523809526 0.18465909090909094 -0.23631368631368629 0.29705882352941182 -1182.4999999999998 0.7958333333333335 587.35227272727286 -1.2591602884159827 0.58244035151492313 0.13188405797101452 0.80384615384615399 0.038221530421629825 48.656703312709517 0.39009661835748799
decision_type=8 10 8 10 8 10 2 8 2 2 8 10 2 2
left_child=3 2 5 10 -3 -2 -6 -4 13 -10 11 -1 -12 -5
right_child=1 4 7 8 6 -7 -8 -9 9 -11 12 -13 -14 -15
leaf_value=0.0038535590702952101 -0.0013039234498045543 -0.0017539576237686927 0.015540214589255304 -0.018106269216249301 0.031266007043475097 0.02653232788988431 0.0095717606865680423 -0.0052940934182606428 -0.012918187956767729 0.010777461380011608 -0.0017526648539190903 -0.020863738274182333 0.023235266740980073 -0.0034279850011159334
leaf_weight=40.966412737965584 39.646732062101364 51.018169686198235 30.115167185664177 220.42786599695683 72.40401217341423 52.760957583785057 59.062107548117638 226.32085433602333 42.181503638625145 34.972345739603043 31.577745407819748 27.97162427008152 32.125901773571968 41.260194644331932
leaf_count=188 150 188 125 1270 245 177 215 959 230 172 140 127 133 217
internal_value=-0.000619824 0.00644752 0.00186221 -0.00858523 0.0151441 0.0146819 0.0216806 -0.00278874 -0.0127301 -0.00215135 0.00200428 -0.00630181 0.0109822 -0.0158214
internal_weight=1002.81 531.328 348.844 471.484 182.484 92.4077 131.466 256.436 338.842 77.1538 132.642 68.938 63.7036 261.688
internal_count=4536 2059 1411 2477 648 327 460 1084 1889 402 588 315 273 1487
is_linear=0
shrinkage=0.04


Tree=80
num_leaves=11
num_cat=0
split_feature=132 99 52 176 85 143 53 13 46 24
split_gain=18.485 9.45928 9.41033 9.88566 7.71752 6.66659 8.06055 5.9948 3.55438 4.16476
threshold=560.23376623376635 1.0000000180025095e-35 -0.11408276125095339 1.5000000000000002 4.5000000000000009 0.98809523809523825 -0.063339438339438323 -1.0000000180025095e-35 -1.5501933517532505 -10.499999999999998
decision_type=2 2 8 10 2 10 8 2 10 2
left_child=4 2 7 -4 -1 6 -6 -2 -3 -10
right_child=1 8 3 -5 5 -7 -8 -9 9 -11
leaf_value=-0.019922761898105993 0.0021787517900671355 0.020698418277173107 0.0072958878141561965 -0.0024026916963579194 -0.008514511013636825 -0.017331613570326979 0.002005706957026134 -0.012541184175833586 -0.00083745317631936671 0.015562138708940359
leaf_weight=51.750906884670258 76.872067004442215 55.897655189037323 488.97397175431252 255.01491993665695 197.73602604866028 51.908745735883713 280.50662705302238 101.92161464691162 45.921633839607239 52.0134197473526
leaf_count=147 208 155 1325 690 549 144 770 277 127 144
internal_value=0.000423326 0.00352814 0.0019881 0.00397009 -0.00531385 -0.00384921 -0.00234854 -0.00622433 0.0126808 0.00792143
internal_weight=1658.52 1076.62 922.783 743.989 581.902 530.151 478.243 178.794 153.833 97.9351
internal_count=4536 2926 2500 2015 1610 1463 1319 485 426 271
is_linear=0
shrinkage=0.04


Tree=81
num_leaves=12
num_cat=0
split_feature=171 174 20 83 161 89 49 177 139 5 20
split_gain=18.7325 14.3989 10.4584 11.7891 10.1126 7.37124 7.45394 7.27716 7.04022 3.97913 3.93202
threshold=0.16064516129032261 0.76696832579185525 -1.871348086391563 1515.9660955362817 0.050530207981037557 449.50000000000006 -2.4999999999999996 0.31009615384615391 1.0283804455200578 -1.0000000180025095e-35 -0.10777532624728438
decision_type=10 8 10 2 2 8 10 10 2 2 10
left_child=1 4 -2 8 9 -3 -7 -5 -4 -1 -6
right_child=2 5 3 7 10 6 -8 -9 -10 -11 -12
leaf_value=-0.019822715985213703 0.011751315431473378 0.022693267376526754 -0.0046476097437446462 -0.0056955544855204097 0.015192631771191628 0.016018671783212632 0.0023100012618011119 0.0033791893070987391 -0.01729263346780277 -0.003960434634083014 -0.00052940882299237085
leaf_weight=46.315355882048607 65.492376983165741 68.144892185926437 135.10801748931408 295.07272708415985 44.753223985433578 106.77756430208683 156.33784249424934 269.46339198946953 149.76786470413208 56.60314953327179 56.685571014881134
leaf_count=151 202 195 430 1015 126 305 454 804 509 183 162
internal_value=-4.90389e-05 0.00588417 -0.00352736 -0.00472018 -0.00245173 0.0110246 0.00792042 -0.00136216 -0.0113397 -0.0112401 0.00646799
internal_weight=1450.52 535.618 914.904 849.412 204.357 331.26 263.115 564.536 284.876 102.919 101.439
internal_count=4536 1576 2960 2758 622 954 759 1819 939 334 288
is_linear=0
shrinkage=0.04


Tree=82
num_leaves=14
num_cat=0
split_feature=178 169 44 53 143 156 84 42 142 36 141 24 42
split_gain=33.3868 12.3795 11.4161 12.7626 10.3039 9.74269 6.89374 6.11607 6.09774 5.17201 5.14864 4.71024 3.97204
threshold=0.18898809523809526 0.29705882352941182 -11.655149416949369 -0.13310023310023306 0.52985739750445637 0.35848433458185475 1532.5013266611588 0.085846512372302175 0.55618686868686884 -0.18144661063442435 0.47646733111849399 -6.4999999999999991 0.092707328650473278
decision_type=8 10 8 10 10 2 2 2 8 2 8 2 2
left_child=1 7 8 4 -4 -5 9 11 10 -3 -2 -1 -8
right_child=2 6 3 5 -6 -7 12 -9 -10 -11 -12 -13 -14
leaf_value=0.0061959631272184325 -0.00032191375265337155 0.0017529377468292846 0.029069451717047126 0.0082146196813366618 0.0090241497334985193 -0.011163066994697797 -0.022789475206486932 0.016934594472883657 0.009974466479551759 -0.012023774564784385 -0.018093931611223087 -0.010943220054940691 -0.0051058135061446451
leaf_weight=47.305542007088661 57.877837151288986 63.05424553155899 74.701878502964973 166.84483098983765 93.418226212263107 54.146913394331932 109.05526915192604 31.829308956861496 38.807219654321671 137.00456237792969 46.885290995240211 53.666595354676247 26.139115676283836
leaf_count=213 225 332 245 683 337 232 662 135 148 753 189 240 142
internal_value=-0.000606149 -0.00839284 0.00623498 0.0097865 0.0180621 0.00342883 -0.0124779 0.00192092 -0.00337781 -0.00768458 -0.00839032 -0.00291187 -0.0194477
internal_weight=1000.74 468.055 532.682 389.112 168.12 220.992 335.253 132.801 143.57 200.059 104.763 100.972 135.194
internal_count=4536 2477 2059 1497 582 915 1889 588 562 1085 414 453 804
is_linear=0
shrinkage=0.04


Tree=83
num_leaves=12
num_cat=0
split_feature=130 5 174 170 33 54 176 68 148 144 91
split_gain=13.3166 13.8596 9.43252 8.95759 8.40548 7.79307 7.39206 6.93769 6.22853 5.90221 5.73109
threshold=0.15504807692307696 -2.4999999999999996 0.72902097902097907 0.41801075268817212 -2.4490461751837809 0.37238095238095242 2.5000000000000004 35.030800821355243 9.719804382581879 0.62583333333333346 1093.4851149604124
decision_type=2 2 8 10 8 8 10 8 10 10 2
left_child=1 9 6 7 -5 8 10 -3 -4 -1 -2
right_child=2 3 5 4 -6 -7 -8 -9 -10 -11 -12
leaf_value=0.027381651036762666 0.017263521666670813 0.0068739815609417691 0.00032550968756675877 0.0053841446577544408 -0.0091901094455690106 -0.019872126136147798 -0.011340228419852525 -0.0085790283983085708 -0.0086673965772158974 0.0086853316891000697 0.0022315205271689577
leaf_weight=48.229391574859619 55.917211979627609 424.18507578969002 227.28956609964371 98.468369394540787 173.18685978651047 58.699037998914719 44.522404909133911 51.222943127155304 266.89884957671165 64.028383851051331 144.11389052867889
leaf_count=132 152 1155 624 268 471 168 122 140 736 174 394
internal_value=0.000410423 0.00386393 -0.00330875 0.00188146 -0.00389959 -0.00619986 0.00321796 0.00519028 -0.00453499 0.0169063 0.00650853
internal_weight=1656.76 859.321 797.441 747.063 271.655 552.887 244.554 475.408 494.188 112.258 200.031
internal_count=4536 2340 2196 2034 739 1528 668 1295 1360 306 546
is_linear=0
shrinkage=0.04


Tree=84
num_leaves=11
num_cat=0
split_feature=169 160 177 139 157 41 146 11 45 62
split_gain=22.0611 11.2963 10.9046 10.3177 8.20054 7.48854 6.85369 6.05331 4.51954 4.38758
threshold=0.30602006688963218 -1.172935493555004 0.60769230769230786 0.75015631513130476 -0.68088586549787877 -0.80692420851099189 1.6286647084528401 -1.4999999999999998 -9.2010555397652052 14.731570512820499
decision_type=8 2 8 2 2 2 10 2 8 10
left_child=1 -1 6 4 -4 -3 7 -2 -7 -5
right_child=2 5 3 9 -6 8 -8 -9 -10 -11
leaf_value=0.0091958548269065396 0.0097111391463265313 0.0047562086465444634 0.026910366056373074 -0.0038679204187232457 0.0096182642679586306 -0.0038726186290497641 0.011855138454106387 -0.002427823313661565 -0.013645028373817512 0.0095559687135654946
leaf_weight=63.888202711939812 75.294256746768951 56.426562294363976 67.937334895133972 88.90557011961937 127.87785419821739 108.82517224550247 78.035444676876068 472.73501490056515 261.0108705163002 67.676456779241562
leaf_count=201 221 185 186 253 360 373 235 1478 912 193
internal_value=0.000547319 -0.00636998 0.00401748 0.00963571 0.0157341 -0.00872373 0.000841596 -0.000741747 -0.0107931 0.00194516
internal_weight=1468.61 490.151 978.462 352.397 195.815 426.263 626.065 548.029 369.836 156.582
internal_count=4597 1671 2926 992 546 1470 1934 1699 1285 446
is_linear=0
shrinkage=0.04


Tree=85
num_leaves=13
num_cat=0
split_feature=54 178 160 143 31 62 133 63 138 173 53 52
split_gain=37.5237 17.2441 15.0265 13.0052 10.7394 7.86907 7.368 7.21126 7.17045 8.04391 6.97462 4.39484
threshold=0.11111111111111113 0.14642857142857144 -0.23458911486649747 0.49683544303797472 486.25000000000006 -191.45988835725674 4.1364388133284935 266.61088215402549 0.50730817162186226 0.82843137254901966 -0.23631368631368629 0.007019704433497532
decision_type=8 10 2 10 2 10 2 2 8 10 10 10
left_child=1 4 3 11 7 -3 -7 -1 9 -4 -5 -2
right_child=2 5 8 10 -6 6 -8 -9 -10 -11 -12 -13
leaf_value=-0.016261105723097958 0.024546207344958923 0.018874982458643438 0.023502727938369029 0.0045567857231866189 0.013154641039821936 -0.00599345465955382 0.011658747138363781 0.00050924278669122814 0.029024901620873449 0.0040290809040570428 -0.012737286978071954 0.0046974004737479272
leaf_weight=291.3685377240181 38.974201500415802 35.922438457608223 56.773361161351204 66.881884783506393 24.341313913464546 140.82177503407001 50.576711282134056 47.384068161249161 56.170418784022331 84.276895239949226 81.930690735578537 33.815863862633705
leaf_count=1671 137 152 217 262 122 583 230 259 198 295 350 121
internal_value=-0.0001717 -0.00666539 0.00897176 0.00179589 -0.0120635 0.00196315 -0.00128214 -0.0139148 0.0169749 0.0119917 -0.00497281 0.0155408
internal_weight=1009.24 590.415 418.823 221.603 363.094 227.321 191.398 338.753 197.221 141.05 148.813 72.7901
internal_count=4597 3017 1580 870 2052 965 813 1930 710 512 612 258
is_linear=0
shrinkage=0.04


Tree=86
num_leaves=12
num_cat=0
split_feature=173 131 85 176 172 37 67 167 121 106 162
split_gain=22.1777 9.90181 10.7556 8.1287 8.98247 7.4371 7.3938 6.49756 6.27775 6.09313 4.80518
threshold=0.71869565217391307 462.90000000000003 24.500000000000004 1.0000000180025095e-35 0.46770833333333339 -0.72347062541487739 26.939082819986314 0.024773986561502676 1.5000000000000002 1.0000000180025095e-35 -0.091148132986367023
decision_type=8 2 2 10 8 2 10 2 2 2 2
left_child=3 5 7 4 9 -2 -5 -3 -8 -1 -7
right_child=1 2 -4 6 -6 10 8 -9 -10 -11 -12
leaf_value=0.011247369082985839 0.0012126060996807972 0.0015804164421136097 -0.016946388010274923 -0.012710706308009469 0.023174146292359331 -0.020831792821923507 0.008885996793746874 -0.007130601395280386 -0.0050321040960303503 -0.0053320647050023881 -0.008001825878158746
leaf_weight=123.711774289608 65.111437112092972 649.51547658443451 65.788558751344681 46.295406252145767 74.637509912252426 93.858912706375122 166.29271620512009 172.53599515557289 74.170397371053696 48.67945122718811 97.424869060516357
leaf_count=339 184 1764 179 126 205 264 455 471 202 133 275
internal_value=-0.000374557 -0.003516 -0.00150888 0.00634974 0.0116544 -0.0104256 0.00174848 -0.000251905 0.00458164 0.00655042 -0.0143832
internal_weight=1678.02 1144.24 887.84 533.787 247.029 256.395 286.759 822.051 240.463 172.391 191.284
internal_count=4597 3137 2414 1460 677 723 783 2235 657 472 539
is_linear=0
shrinkage=0.04


Tree=87
num_leaves=12
num_cat=0
split_feature=169 147 179 99 41 45 38 89 87 55 140
split_gain=20.5452 13.1815 9.58021 8.19809 7.53639 8.31618 7.31566 7.15346 6.08529 4.8649 1.80894
threshold=0.30602006688963218 2.8639572951234835 0.43650793650793657 1.0000000180025095e-35 -0.80692420851099189 -9.2010555397652052 -0.71032100215313987 2028.5000000000002 0.84731934731934744 0.11935286935286933 1.0090976759573238
decision_type=8 2 10 2 2 8 2 10 8 8 10
left_child=3 8 6 4 -1 -6 -3 -4 -2 -10 -5
right_child=1 2 7 10 5 -7 -8 -9 9 -11 -12
leaf_value=0.0084758478712896098 0.024421801732480933 0.0070411199563618163 0.012034959740386725 -0.011243429174091744 0.0025739112453703572 -0.010528388774579352 -0.0035292843023060809 -0.0044603674617802016 0.015616658696587684 -0.002061291252018455 -0.024733984989880744
leaf_weight=64.413596108555794 59.421747267246246 136.47845439612865 190.8485044836998 33.451665535569191 113.67375755310059 238.95661602914333 438.68783766031265 53.102007448673248 57.91989129781723 42.472131609916687 37.546539708971977
leaf_count=206 171 405 547 131 376 816 1363 154 164 122 142
internal_value=0.000524805 0.00386754 0.00180681 -0.00617028 -0.0040014 -0.00630375 -0.00100975 0.00843262 0.0143404 0.00817148 -0.01865
internal_weight=1466.97 978.931 819.117 488.042 417.044 352.63 575.166 243.951 159.814 100.392 70.9982
internal_count=4597 2926 2469 1671 1398 1192 1768 701 457 286 273
is_linear=0
shrinkage=0.04


Tree=88
num_leaves=14
num_cat=0
split_feature=171 160 20 178 28 159 18 168 74 66 22 168 168
split_gain=40.3705 14.8736 9.34417 7.60148 7.85739 7.41772 7.3665 6.34904 6.29599 5.96073 4.68375 4.38129 3.62897
threshold=0.30901856763925734 0.26404594229722084 0.71987945917267682 0.12916666666666668 57.500000000000007 -0.82715122787039486 -0.062366087575285799 -0.10148610546887406 139.50000000000003 -0.80857004699920698 6.0481038745723579 -0.068068545046386666 0.027779684579885895
decision_type=8 2 8 10 8 2 8 2 2 10 10 2 2
left_child=3 2 7 4 12 -5 -3 -2 -4 -8 -6 -7 -1
right_child=1 6 8 5 10 11 9 -9 -10 -11 -12 -13 -14
leaf_value=-0.021304493352023651 -0.012896305748687883 0.03366008589448858 0.023509448341535327 0.011934054892792079 -0.010272005178565354 0.0049134534301522106 0.022622403461375271 0.0022873569834920334 0.0059602535078165661 0.0015717358371889368 0.0044008623235846775 -0.012406978382200593 -0.006404850077863216
leaf_weight=129.07363962382078 56.126330152153969 39.230956435203552 46.263793766498566 46.415119111537933 110.37397940456867 33.09310719370842 44.297077849507332 191.41340364515781 111.27781623601913 41.725470408797264 49.727619051933289 73.990992203354836 34.628619357943535
leaf_count=811 252 130 152 219 632 160 150 777 370 146 261 333 204
internal_value=-0.000175852 0.00741116 0.00365875 -0.00860789 -0.0120754 -0.00124947 0.0194059 -0.00118533 0.0112422 0.0125701 -0.00570316 -0.00703986 -0.0182229
internal_weight=1007.64 530.335 405.081 477.303 323.804 153.499 125.254 247.54 157.542 86.0225 160.102 107.084 163.702
internal_count=4597 1977 1551 2620 1908 712 426 1029 522 296 893 493 1015
is_linear=0
shrinkage=0.04


Tree=89
num_leaves=12
num_cat=0
split_feature=131 94 54 30 69 153 167 20 20 2 133
split_gain=14.6561 13.0558 13.1011 11.2051 9.54828 9.50964 9.13118 5.86392 6.43761 5.83663 5.32014
threshold=663.58333333333337 4.0000000000000009 0.47977941176470595 -0.099773755656108576 77.500000000000014 1.1225815345760519 -0.14053337054328874 0.47787686195873497 -0.12858516861075384 -2.3011635865845306 3.787997870782005
decision_type=2 2 8 2 8 2 2 10 10 10 2
left_child=1 2 6 7 5 -5 -1 8 -2 -6 -3
right_child=3 10 -4 4 9 -7 -8 -9 -10 -11 -12
leaf_value=0.014117583483275162 -0.0049242082218793537 -0.02575488776231814 -0.020808229554884674 0.015999424644589273 0.0082935323096533838 0.0015237200393499685 -0.0019665394477708965 -0.011797846862012887 0.0078296177622427885 -0.0094376701332034227 -0.0077698228596496223
leaf_weight=60.593315631151199 136.56163027882576 53.196616053581238 54.348549634218216 221.46624881029129 50.634449511766434 108.60671401023865 677.35665026307106 73.828533947467804 116.27551347017288 68.863216280937195 54.378507375717163
leaf_count=165 370 148 156 609 138 296 1859 201 315 188 152
internal_value=-0.000352409 -0.00382549 -0.00203728 0.00367102 0.00776178 0.0112614 -0.000625843 -0.00195924 0.00094092 -0.0019014 -0.0168373
internal_weight=1676.11 899.874 792.299 776.236 449.571 330.073 737.95 326.666 252.837 119.498 107.575
internal_count=4597 2480 2180 2117 1231 905 2024 886 685 326 300
is_linear=0
shrinkage=0.04


Tree=90
num_leaves=11
num_cat=0
split_feature=169 147 160 179 161 41 173 87 156 45
split_gain=19.2499 12.3323 10.5404 8.96953 7.06807 6.79545 6.55372 5.68929 6.04812 4.13274
threshold=0.30602006688963218 2.8639572951234835 -1.172935493555004 0.43650793650793657 1.049147036524396 -0.80692420851099189 0.77598566308243744 0.84731934731934744 -0.11031775827524289 -9.2010555397652052
decision_type=8 2 2 10 2 2 8 8 2 8
left_child=2 7 -1 4 -3 -4 -5 -2 -9 -7
right_child=1 3 5 6 -6 9 -8 8 -10 -11
leaf_value=0.0090166006484322068 0.023559709925740725 -0.0033192467572038839 0.0045192765677258802 -0.0015545276785795151 0.0074339407437938329 -0.0036626455522692446 0.012532592227538806 -0.0025343334708516473 0.016961775137732865 -0.013043689226461224
leaf_weight=63.988379552960396 59.752920061349869 450.95061886310577 56.575796633958817 76.213960438966751 123.7684762775898 108.31911753118038 168.10130965709686 47.085657238960266 53.466018587350845 257.20789003372192
leaf_count=201 171 1418 185 223 350 373 478 134 152 912
internal_value=0.000503074 0.00373333 -0.00599519 0.00173728 -0.000991133 -0.00829155 0.00814155 0.0138452 0.00787752 -0.0102868
internal_weight=1465.43 979.339 486.091 819.034 574.719 422.103 244.315 160.305 100.552 365.527
internal_count=4597 2926 1671 2469 1768 1470 701 457 286 1285
is_linear=0
shrinkage=0.04


Tree=91
num_leaves=12
num_cat=0
split_feature=171 160 134 165 20 180 138 7 71 169 178
split_gain=37.9534 13.8924 9.39465 8.80386 8.6711 8.17561 6.57386 6.00641 5.8708 5.30669 2.82634
threshold=0.30901856763925734 0.26404594229722084 6.696322454943985 -0.047415350037080563 0.71987945917267682 0.18465909090909094 0.5091186252771619 0.44529914529914533 32.500000000000007 0.162280701754386 0.12916666666666668
decision_type=8 2 10 2 8 10 8 8 8 10 8
left_child=2 4 3 10 8 -5 9 -6 -2 -3 -1
right_child=1 6 -4 5 7 -7 -8 -9 -10 -11 -12
leaf_value=-0.022945889567068601 -0.0059080614049565371 0.02334587366536638 0.016556563553069632 -0.010786699422762003 0.01692523036561587 0.0023642480046009921 0.03317575445215918 0.00091544515569100553 0.0067781252756966724 0.0038663805328650641 -0.0083983032358452038
leaf_weight=84.589976564049721 155.19834978878498 40.34426286816597 22.03400880843401 222.30221843719482 97.124448508024216 113.5720359236002 35.451331675052643 61.317012116312981 92.132705628871918 50.478976771235466 31.285969257354736
leaf_count=546 652 128 117 1256 325 538 117 197 377 181 163
internal_value=-0.000180488 0.00714349 -0.00840706 -0.00966295 0.00351121 -0.0063401 0.0186805 0.0107866 -0.00116604 0.0127011 -0.0191407
internal_weight=1005.83 532.047 473.784 451.75 405.773 335.874 126.275 158.441 247.331 90.8232 115.876
internal_count=4597 1977 2620 2503 1551 1794 426 522 1029 309 709
is_linear=0
shrinkage=0.04


Tree=92
num_leaves=15
num_cat=0
split_feature=173 138 35 130 69 24 99 134 21 182 21 35 107 144
split_gain=20.0273 9.93639 8.02706 7.98717 8.07596 7.28004 8.05651 6.77725 6.42143 5.9875 5.11823 5.01132 4.8857 3.81543
threshold=0.71869565217391307 0.51477167310051786 2.0497407147050812 0.063508064516129045 18.500000000000004 -321.49999999999994 1.0000000180025095e-35 3.4385449321843535 0.036792240018046492 0.19523809523809527 -0.13363095238095238 -15.998026590039215 0.018590054400071668 0.68217893217893233
decision_type=8 8 2 2 8 2 2 10 2 10 2 2 8 8
left_child=2 5 9 4 -3 -2 -7 8 -4 13 -9 -11 -5 -1
right_child=1 3 7 12 -6 6 -8 10 -10 11 -12 -13 -14 -15
leaf_value=0.024589425595271483 -0.015915562388873226 0.010114676358826237 0.0028637271468018228 -0.0095545657542997122 -0.010228385394631031 -0.0014203405347550579 0.013352418199930135 -0.0027359957855939794 -0.014294765094704341 -0.00095382133216998649 0.013340616693617389 0.014148473335713186 -0.024228538528101064 0.0096702244509717667
leaf_weight=62.254402160644531 49.451561003923416 49.323719888925552 76.525908380746841 86.308128148317337 81.202465981245041 746.74584835767746 63.127783745527267 48.539558082818985 62.513685494661331 81.067094266414642 87.732094287872314 60.61331844329834 65.61007222533226 53.130522459745407
leaf_count=172 136 134 209 240 221 2046 174 133 171 221 242 166 186 146
internal_value=-0.000330719 -0.00331878 0.00606814 -0.00981443 -0.00250741 -0.00117253 -0.000251325 0.00130397 -0.00488362 0.0111379 0.00762139 0.00554706 -0.016022 0.017879
internal_weight=1674.15 1141.77 532.377 282.444 130.526 859.325 809.874 275.311 139.04 257.065 136.272 141.68 151.918 115.385
internal_count=4597 3137 1460 781 355 2356 2220 755 380 705 375 387 426 318
is_linear=0
shrinkage=0.04


Tree=93
num_leaves=12
num_cat=0
split_feature=161 157 73 69 34 2 181 130 22 43 153
split_gain=14.7839 13.2916 11.5403 7.1187 6.79003 6.10244 5.47556 5.64244 5.4227 4.95519 4.77886
threshold=0.36444984684316944 0.23362113069870932 146.50000000000003 13.500000000000002 0.22967032967032971 -0.58726899383983688 0.73214285714285732 0.22902097902097904 -15.868557317249797 -0.060763393680240994 2.7207800467382381
decision_type=2 2 2 8 2 8 10 2 10 2 2
left_child=1 2 3 -1 5 -3 7 10 -4 -9 -2
right_child=6 4 8 -5 -6 -7 -8 9 -10 -11 -12
leaf_value=-0.00092237664550246044 0.0032334483006855597 -0.0052142983761553977 0.0095570936562889754 0.014618581112831422 0.0039135563508796876 -0.016208896135436621 0.016055150358025936 0.0011842925576742507 -0.0047419981014075714 0.016905808027934646 -0.011095193878840469
leaf_weight=72.974581703543663 256.67985871434212 173.0821350812912 48.015852749347687 130.54185445606709 62.143832743167877 154.07266485691071 73.081058859825134 52.124278679490089 314.13574776053429 84.297212272882462 42.512040585279465
leaf_count=230 754 590 146 403 214 531 209 149 1013 237 121
internal_value=0.000478867 -0.00245339 0.00145905 0.00905904 -0.00813263 -0.0104319 0.0059815 0.004254 -0.00281955 0.0109658 0.00116066
internal_weight=1463.66 954.967 565.668 203.516 389.299 327.155 508.694 435.613 362.152 136.421 299.192
internal_count=4597 3127 1792 633 1335 1121 1470 1261 1159 386 875
is_linear=0
shrinkage=0.04


Tree=94
num_leaves=15
num_cat=0
split_feature=171 79 119 75 44 42 108 52 168 182 20 90 31 133
split_gain=35.6948 9.11664 9.61463 7.59468 7.56648 7.25762 12.0202 7.24405 7.84005 6.1818 5.51435 5.16865 4.46587 2.36111
threshold=0.30901856763925734 0.30151515151515157 0.62828947368421062 5.5000000000000009 -12.804169568080168 0.061886661899290811 -0.18803095072507856 -0.0053053757388122338 0.02668203593279363 0.80909090909090919 0.011492113214899418 903.50000000000011 -313.44949494949492 3.8361473052022865
decision_type=8 2 8 2 8 2 10 8 2 8 10 10 2 2
left_child=5 2 10 11 -4 7 -7 8 -1 -8 -2 -3 -9 -5
right_child=1 3 4 13 -6 6 9 12 -10 -11 -12 -13 -14 -15
leaf_value=-0.0098685742571328582 -0.004310581040171603 0.017693476752351566 0.0031529453030182263 -0.0050097733568738164 0.020500992841928103 0.023952403868691619 -0.01106071773458883 0.00041416569416417528 0.011711459443991015 0.010889740079978828 0.0091112680426443347 -0.0042056625635047695 -0.018875327208445095 -0.020987775156466482
leaf_weight=110.17699341475964 83.002529129385948 33.605966910719872 55.712484419345856 33.187542513012886 150.54192155599594 25.119470730423927 89.094245418906212 21.45136371999979 34.560179263353348 25.629350930452347 116.40686146914959 33.528929263353348 164.28238727897406 27.678249642252922
leaf_count=614 356 125 191 130 491 124 466 123 183 126 429 131 984 124
internal_value=-0.000180042 0.00689239 0.00982432 -0.00238822 0.0158625 -0.00820696 -0.000545971 -0.0114313 -0.00465699 -0.00608796 0.00352092 0.00682591 -0.0166465 -0.0125298
internal_weight=1003.98 533.664 405.664 128.001 206.254 470.314 139.843 330.471 144.737 114.724 199.409 67.1349 185.734 60.8658
internal_count=4597 1977 1467 510 682 2620 716 1904 797 592 785 256 1107 254
is_linear=0
shrinkage=0.04


Tree=95
num_leaves=11
num_cat=0
split_feature=170 176 85 108 36 131 27 74 136 55
split_gain=13.3638 14.2392 10.8327 10.5858 10.171 10.9881 7.98402 7.3222 8.91044 7.32208
threshold=0.34412955465587053 1.0000000180025095e-35 22.500000000000004 -0.052573706954717629 -1.9600474506009535 426.65000000000003 -32.499999999999993 342.50000000000006 2.7719100765581506 -0.13333333333333333
decision_type=8 10 2 10 2 2 10 2 10 8
left_child=1 3 4 6 -2 -6 -1 8 -3 -5
right_child=2 7 -4 9 5 -7 -8 -9 -10 -11
leaf_value=0.0081988979064543752 -0.018446065107179038 -0.0061534446257441849 -0.018840316776412135 0.017842119754152501 -0.011539914248091494 0.0011529761264468246 0.029559360970166901 -0.013887420848467889 0.0059417852689390462 0.0009031989448435617
leaf_weight=55.391878515481949 57.830503314733505 170.23983862996101 69.303693920373917 51.163960725069046 132.31965258717537 599.67829206585884 58.618504017591476 62.656975537538528 225.0696741938591 189.83467903733253
leaf_count=151 160 466 191 141 379 1638 162 172 617 520
internal_value=-0.000309866 0.00336279 -0.0037874 0.00936413 -0.0024419 -0.00115134 0.0193603 -0.00129528 0.000725551 0.00456646
internal_weight=1672.11 812.976 859.132 355.009 789.828 731.998 114.01 457.966 395.31 240.999
internal_count=4597 2229 2368 974 2177 2017 313 1255 1083 661
is_linear=0
shrinkage=0.04


Tree=96
num_leaves=10
num_cat=0
split_feature=117 116 153 65 53 159 68 133 36
split_gain=17.1659 14.9078 13.2805 9.64259 7.0335 6.87556 9.70726 5.59126 2.86217
threshold=1.0000000180025095e-35 1.0000000180025095e-35 0.19442264928885147 -2.1069268299367656 1.0000000180025095e-35 -0.86843243877040377 32.165639972621499 2.9339575376781242 0.51882962813738509
decision_type=2 2 2 10 10 2 8 2 2
left_child=1 2 4 -4 -1 -3 -7 -2 -9
right_child=7 5 3 -5 -6 6 -8 8 -10
leaf_value=-0.01284039569223914 0.024228119356745445 -0.00087272081862301096 0.0084143894072333265 -0.0020827392752139524 -0.0025875767648346703 0.0042388371088040834 0.03052244389541681 -0.0002138715749653769 0.014371472520695905
leaf_weight=238.37397028505802 50.052526593208313 49.364162504673004 186.28495532274246 553.45701052248478 195.82159818708897 45.000135734677315 45.109537750482559 41.471712484955788 43.109393030405045
leaf_count=840 145 144 570 1730 627 131 128 120 120
internal_value=0.000176876 -0.00121989 -0.00269278 0.000565783 -0.00823756 0.0110939 0.0176091 0.0137262 0.0072777
internal_weight=1448.05 1313.41 1173.94 739.742 434.196 139.474 90.1097 134.634 84.5811
internal_count=4555 4170 3767 2300 1467 403 259 385 240
is_linear=0
shrinkage=0.04


Tree=97
num_leaves=12
num_cat=0
split_feature=145 169 169 143 180 42 74 42 1 53 161
split_gain=30.767 13.8542 12.3471 9.15403 8.33727 7.86753 7.14943 6.84323 5.62561 4.2434 4.15687
threshold=0.31757269178652636 0.36038961038961043 0.70185185185185195 0.6195238095238097 0.10555555555555557 0.12926963578477216 183.50000000000003 0.22824723841413491 14.000000000000002 -0.21641838553603257 -0.21000437335181971
decision_type=2 8 10 10 8 2 2 2 8 8 2
left_child=1 4 3 5 9 -2 -6 -5 10 -1 -3
right_child=2 8 -4 7 6 -7 -8 -9 -10 -11 -12
leaf_value=0.0043741087603867924 0.014811857182834145 -0.0069754546497059183 -0.018955855696199501 -0.00066847393623999714 -0.0019495633196371708 7.0577144245065042e-05 0.022996834926857831 0.019568537201840111 0.0020305827481069002 -0.015770364955880793 -0.020906668736008466
leaf_weight=24.859185054898262 252.23634059727192 47.042634144425392 30.015344612300396 245.58755216002464 37.060326412320137 75.475771635770798 34.93453212082386 28.975137978792191 26.197353430092335 47.238333307206631 146.07769996672869
leaf_count=109 948 278 160 1049 170 269 157 110 147 245 913
internal_value=0.000338983 -0.00891919 0.00566898 0.0069289 0.00070682 0.0114334 0.0102772 0.00152318 -0.0152271 -0.00883238 -0.0175768
internal_weight=995.7 363.41 632.29 602.275 144.092 327.712 71.9949 274.563 219.318 72.0975 193.12
internal_count=4555 2019 2536 2376 681 1217 327 1159 1338 354 1191
is_linear=0
shrinkage=0.04


Tree=98
num_leaves=13
num_cat=0
split_feature=131 132 20 87 47 20 107 107 53 53 52 29
split_gain=16.8193 11.2578 9.35605 9.45006 8.99245 7.6897 7.27952 6.94869 6.69165 8.33973 5.09955 3.37267
threshold=453.04166666666669 711.36666666666679 0.25339423618825013 0.81980519480519487 15.971196078732875 0.82834808154635142 0.010937996123113082 0.015666866939117789 0.36451048951048959 -0.0080332946186605064 0.055555555555555532 1.0000000180025095e-35
decision_type=2 2 10 10 8 10 8 8 8 10 10 2
left_child=8 2 3 -2 5 -3 -6 -4 9 10 -1 -11
right_child=1 4 7 -5 6 -7 -8 -9 -10 11 -12 -13
leaf_value=-0.017569586893043849 -0.0056579322872023627 0.012064402504706962 -0.0020171528229394886 0.0051046098374717469 0.006367955295957373 -0.0042421525323285475 -0.011577836023483654 -0.015572655544950343 -0.020929989518109007 0.0078457006278433959 -0.00085825817784414022 -0.0055545221903965571
leaf_weight=95.928665429353714 195.09846511483192 309.08419379591942 144.29351153969765 389.13138043880463 74.948895543813705 53.668007522821426 67.998090952634811 104.13805443048477 57.312566220760345 66.320269078016281 42.343852579593658 53.211978524923325
leaf_count=276 534 851 395 1059 204 145 185 288 165 183 120 150
internal_value=-0.000360334 0.00159737 -0.00125999 0.00150361 0.00629932 0.00964137 -0.00217587 -0.00774705 -0.00866016 -0.00585439 -0.0125093 0.00186716
internal_weight=1653.48 1338.36 832.661 584.23 505.699 362.752 142.947 248.432 315.117 257.805 138.273 119.532
internal_count=4555 3661 2276 1593 1385 996 389 683 894 729 396 333
is_linear=0
shrinkage=0.04


Tree=99
num_leaves=15
num_cat=0
split_feature=79 132 171 67 160 14 38 73 83 134 180 174 132 174
split_gain=17.8124 10.5185 9.32586 8.68541 8.12979 7.25883 7.25619 6.54865 8.00079 6.33309 5.83124 5.33141 4.98784 4.56267
threshold=0.31414473684210531 643.53846153846166 0.23303167420814483 28.225872689938402 -0.36584482997793172 -0.18449065119456673 -0.4646463638112785 162.50000000000003 1538.2352678921593 3.1934060488488507 0.58571428571428574 0.7633053221288516 486.29166666666669 0.72570532915360519
decision_type=2 2 10 10 2 10 2 2 2 10 8 10 2 10
left_child=2 3 7 12 5 -4 9 8 -1 -3 -5 -8 -2 -9
right_child=1 6 4 10 -6 -7 11 13 -10 -11 -12 -13 -14 -15
leaf_value=0.012623828379131157 -0.0085934917430575582 0.018832405924757368 -0.0088194435368635238 0.018998482809066842 -0.011809296062806453 0.0045967796246841625 -0.014158097798755055 -0.011701621625969758 -0.0058772915673794713 -0.00086443747155980771 0.0033772656821267422 0.00069766993214875157 0.010220733777263187 0.0010115935712858265
leaf_weight=123.01189588010311 46.614946022629738 46.512873411178589 121.59319570660591 159.6676824837923 259.38233947753906 135.12571987509727 65.536182105541229 69.481806606054306 52.675955668091774 57.41082090139389 51.255181074142456 91.448595017194748 41.809673130512238 124.68504454195499
leaf_count=372 133 137 413 448 923 444 204 230 161 168 146 273 121 382
internal_value=0.000170039 0.00574791 -0.00335752 0.0108517 -0.00682728 -0.00175953 -0.00011927 0.00148421 0.00706351 0.00802764 0.0152457 -0.00554185 0.000294859 -0.00356418
internal_weight=1446.21 560.256 885.956 299.347 516.101 256.719 260.908 369.855 175.688 103.924 210.923 156.985 88.4246 194.167
internal_count=4555 1630 2925 848 1780 857 782 1145 533 305 594 477 254 612
is_linear=0
shrinkage=0.04


Tree=100
num_leaves=13
num_cat=0
split_feature=171 180 1 44 145 143 47 145 37 160 87 55
split_gain=31.9063 10.9569 10.3744 9.87302 9.71237 6.83913 6.33055 5.85066 5.55829 5.45638 5.23911 3.19338
threshold=0.23669467787114848 0.29285714285714287 14.000000000000002 -6.1854562180930079 0.47046536640390352 0.67533783783783796 -12.985311485189525 0.35841106371157533 0.2674774409810779 -0.26911157098430166 0.81142241379310354 0.027372627372627415
decision_type=10 10 8 8 2 10 10 2 2 2 10 8
left_child=2 3 7 6 -5 10 -2 9 -9 -1 -3 -4
right_child=1 5 11 4 -6 -7 -8 8 -10 -11 -12 -13
leaf_value=-0.021972811313906125 0.0014965954021924307 0.032072767149631531 0.018288085307551858 -0.0039784280178193319 0.011804844170069769 0.0024756471053940703 -0.014651423649787075 -0.010065658858540088 0.0078651078180768073 -0.0084886421264272378 0.013706373208786963 -0.00200859688872891
leaf_weight=104.92928113788366 89.130602061748505 37.652756541967392 24.207447305321693 89.441925168037415 200.90487959980965 53.462943032383919 67.359780892729759 92.019024170935154 38.389351956546307 92.677925638854504 80.651917561888695 23.753941476345062
leaf_count=698 364 121 124 411 731 195 276 477 189 572 276 121
internal_value=0.000314047 0.00589835 -0.00885991 0.00257897 0.00693894 0.0144569 -0.00549036 -0.0114015 -0.00475233 -0.0157334 0.0197884 0.00835914
internal_weight=994.582 618.605 375.977 446.837 290.347 171.768 156.49 328.016 130.408 197.607 118.305 47.9614
internal_count=4555 2374 2181 1782 1142 592 640 1936 666 1270 397 245
is_linear=0
shrinkage=0.04


Tree=101
num_leaves=13
num_cat=0
split_feature=174 130 137 90 7 20 87 49 178 120 85 81
split_gain=12.799 9.4278 7.70937 7.36839 7.68544 7.23068 9.46038 6.78872 7.56901 6.82416 6.17709 6.04875
threshold=0.77346041055718484 0.19292803970223329 0.59356563739865453 1825.5000000000002 -0.33578431372549017 0.25339423618825013 0.82480818414322254 -1.4999999999999998 0.34313725490196084 0.76696832579185525 10.500000000000002 0.21980676328502416
decision_type=8 2 10 10 10 8 8 10 10 10 2 2
left_child=2 5 7 4 -3 6 -2 9 -9 -1 -5 -7
right_child=1 3 -4 10 -6 11 -8 8 -10 -11 -12 -13
leaf_value=0.01232807478227318 -0.0056429761900953423 -0.003979941472731229 -0.01117575920840511 0.010251641432434044 -0.01667772184780782 -0.011060349381105649 0.0080917927236213525 0.0041351080535269842 -0.010586208953581181 -0.003012821176361819 -0.0075716185575943704 0.0059155078311930375
leaf_weight=241.20837181806564 119.73240756988525 140.17600858211517 49.927067279815674 56.284010112285614 169.75686040520668 124.13072881102562 238.15124806761742 274.23806631565094 69.093131244182587 56.71627202630043 67.067567199468613 45.008839339017868
leaf_count=660 327 386 137 157 485 341 652 754 190 156 187 123
internal_value=-0.000339331 -0.0033265 0.00380686 -0.00769043 -0.0109725 0.000265231 0.00348824 0.00499208 0.00114459 0.00940061 0.000561903 -0.00652302
internal_weight=1651.49 960.308 691.183 433.284 309.933 527.023 357.884 641.256 343.331 297.925 123.352 169.14
internal_count=4555 2658 1897 1215 871 1443 979 1760 944 816 344 464
is_linear=0
shrinkage=0.04


Tree=102
num_leaves=14
num_cat=0
split_feature=171 2 133 174 155 86 33 18 165 161 38 170 65
split_gain=14.8594 9.80666 9.10318 8.78439 7.84226 11.3501 7.68584 9.07505 7.55694 6.79489 8.40182 5.87182 4.47512
threshold=0.26975051975051983 -5.0225872689938376 4.5196881985441637 0.7633053221288516 -0.82042508437351669 10.500000000000002 -7.4024990116501312 -0.023130870779385634 -0.054065733691867075 -0.30869702596246318 0.02686315505929918 0.56385869565217395 1.3039034930395805
decision_type=10 10 2 8 2 10 10 8 2 2 2 8 8
left_child=3 6 8 9 11 -6 -2 -8 -3 -1 -11 -5 -4
right_child=1 2 12 4 5 -7 7 -9 -10 10 -12 -13 -14
leaf_value=-0.015413211242380327 -0.011146007832952829 0.0037558765380487527 -0.0033465101707118661 -0.0096920602832285714 0.0022998842527891519 0.016212141493269935 -0.0038035158434212065 0.019558830413910308 -0.011685334183987633 0.007332668285155327 -0.0072998840833214751 0.0081988656015563321 0.014352352300570009
leaf_weight=46.758317917585373 35.250153094530106 58.459348440170288 51.127818241715431 66.560845866799355 173.27609245479107 205.5965359210968 44.114685520529747 64.504760429263115 353.99089942872524 144.68309545516968 109.29154926538467 50.858917891979218 39.727286070585251
leaf_count=161 122 188 162 196 511 596 146 210 1228 424 341 144 126
internal_value=0.000163553 -0.00433405 -0.00696558 0.00381891 0.00708349 0.00987749 0.00484268 0.0101041 -0.00948812 -0.00156754 0.00102414 -0.00192214 0.00444272
internal_weight=1444.2 647.175 503.305 797.025 496.292 378.873 143.87 108.619 412.45 300.733 253.975 117.42 90.8551
internal_count=4555 2182 1704 2373 1447 1107 478 356 1416 926 765 340 288
is_linear=0
shrinkage=0.04


Tree=103
num_leaves=15
num_cat=0
split_feature=145 54 23 140 153 52 143 172 71 168 37 80 119 87
split_gain=27.2804 10.0644 10.1976 9.94015 8.69798 7.74315 7.29216 5.74159 6.68887 5.33667 4.64792 2.78535 2.4949 2.4455
threshold=0.31757269178652636 -0.068278943278943252 -1.0000000180025095e-35 2.7577162250250917 0.23484091460751538 -0.091127622377622383 0.14835164835164838 0.38013136288998362 28.500000000000004 -0.013968007574052222 -0.35099607537675659 0.36939571150097467 0.63961038961038974 0.90238095238095251
decision_type=2 8 2 8 2 8 10 10 8 2 2 2 10 10
left_child=4 7 13 -4 5 -1 -7 12 -9 11 -11 -6 -2 -3
right_child=1 2 3 -5 9 6 -8 8 -10 10 -12 -13 -14 -15
leaf_value=0.016579310790949306 -0.023562237901061947 -0.013854887577511384 0.0073159091910940657 0.022538109007987531 -0.023175317154309413 0.011797879716245661 -0.011730465526677622 -0.0043242919569780255 0.01559849959896622 0.0080846657316887578 -0.011685558914834328 -0.010400886728243611 -0.0052806573683857215 0.0014875870702745673
leaf_weight=31.003761857748032 23.401688396930695 32.394468232989311 306.77179474383593 88.475950494408607 82.267209820449352 27.304845705628395 81.808070942759514 88.996063783764839 37.477353870868683 25.994104534387589 63.788244381546974 45.658699497580528 25.555947817862034 32.330777853727341
leaf_count=149 126 129 1130 313 513 118 445 418 162 145 366 283 130 128
internal_value=0.000287921 0.00526235 0.00836742 0.0107767 -0.00852985 -0.000728757 -0.0057708 -0.00286895 0.00163971 -0.0135152 -0.00591358 -0.0187475 -0.014356 -0.00625474
internal_weight=993.229 635.404 459.973 395.248 357.825 140.117 109.113 175.431 126.473 217.708 89.7823 127.926 48.9576 64.7252
internal_count=4555 2536 1700 1443 2019 712 563 836 580 1307 511 796 256 257
is_linear=0
shrinkage=0.04


Tree=104
num_leaves=15
num_cat=0
split_feature=173 132 53 42 172 136 119 64 57 174 58 65 160 16
split_gain=16.0194 14.4756 9.47185 8.63505 7.43627 7.33191 9.08395 6.97591 6.63342 6.09851 4.99416 4.91913 4.87712 4.36007
threshold=0.73508771929824568 535.71428571428589 0.12838827838827843 -0.040857444682297121 0.46966911764705888 3.867419768436307 0.88194444444444453 -0.77407158827086386 -915.49999999999989 0.69397993311036799 -373.99999999999994 0.057774095781085839 -0.53290343811799568 0.019450450693492414
decision_type=8 2 10 2 10 10 10 8 10 8 8 8 2 10
left_child=3 2 10 4 11 6 -3 13 -4 -9 -2 -1 -7 -5
right_child=1 5 8 7 -6 12 -8 9 -10 -11 -12 -13 -14 -15
leaf_value=-0.017347308319446787 -0.0043993029580695498 0.00055045379405363579 -0.014441666169139835 0.0073542218026134889 0.011119500687807721 0.014758180733100945 -0.011994342291818082 0.019000396537390003 0.0034263320748365747 0.0070800782224571005 -0.018629549183306757 -0.00096287047460178658 0.0017700736699733472 -0.010023612434098337
leaf_weight=49.098048716783524 53.905162781476974 397.25950738787651 46.883309870958328 44.356795430183411 45.18077552318573 73.751287877559662 119.19857579469681 103.75028359889984 107.59691920876503 208.6021942794323 158.92702585458755 71.664233684539795 123.30713766813278 46.025963246822357
leaf_count=135 155 1078 133 122 125 201 331 288 299 572 456 197 336 127
internal_value=-0.000317858 -0.00317757 -0.00961775 0.00510984 -0.00254893 0.000143799 -0.00235861 0.00826901 -0.00204158 0.0110939 -0.0150722 -0.00772844 0.00669109 -0.00148612
internal_weight=1649.51 1080.83 367.312 568.678 165.943 713.517 516.458 402.735 154.48 312.352 212.832 120.762 197.058 90.3828
internal_count=4555 2989 1043 1566 457 1946 1409 1109 432 860 611 332 537 249
is_linear=0
shrinkage=0.04


Tree=105
num_leaves=13
num_cat=0
split_feature=79 179 173 171 147 160 2 19 80 3 162 161
split_gain=16.0679 10.9788 9.33765 10.6783 9.43395 8.2794 6.69802 6.6724 6.25745 6.13935 6.79091 5.94381
threshold=0.31414473684210531 0.68333333333333346 0.84807692307692317 0.27681992337164757 8.499699879951983 -0.16399476593873846 -5.0746064339493477 -0.083333333333333329 0.21132376395534294 3.5000000000000004 0.090807980436386507 0.71076724048096807
decision_type=2 10 10 10 2 2 10 10 2 2 2 2
left_child=2 9 4 8 7 -5 -6 -1 -4 10 -2 -11
right_child=1 -3 3 5 6 -7 -8 -9 -10 11 -12 -13
leaf_value=0.01072310624223146 -0.0047985607036235677 0.018611475193664826 0.019471826609081727 0.0025594566215592562 0.0011747231786985752 -0.013711587437928781 -0.012440345506808644 -0.0054241884635853948 0.001433280715810737 -0.00080980712855880364 0.0060377721155087253 0.018571267473153893
leaf_weight=70.895015463232994 184.99856579303741 84.965470731258392 67.21946781873703 135.70741520822048 70.543631017208099 77.904402524232864 308.99041841924191 94.035553172230721 56.823079109191895 39.72213014960289 183.06383733451366 67.519330650568008
leaf_count=225 556 237 193 443 248 274 1082 297 163 121 524 192
internal_value=0.000155604 0.00544884 -0.00320644 0.00201157 -0.00644386 -0.00340153 -0.00990803 0.00152743 0.011302 0.00305755 0.000587462 0.0114329
internal_weight=1442.39 560.269 882.119 337.654 544.465 213.612 379.534 164.931 124.043 475.304 368.062 107.241
internal_count=4555 1630 2925 1073 1852 717 1330 522 356 1393 1080 313
is_linear=0
shrinkage=0.04


Tree=106
num_leaves=11
num_cat=0
split_feature=145 169 169 143 165 53 128 72 1 67
split_gain=25.6505 13.0611 10.5507 8.61984 9.2062 7.41732 6.32744 5.40692 5.83924 5.2171
threshold=0.31757269178652636 0.36038961038961043 0.70185185185185195 0.6195238095238097 0.059989262973221581 -0.14967532467532466 1.0000000180025095e-35 19.500000000000004 14.000000000000002 28.225872689938402
decision_type=2 8 8 10 2 10 2 10 8 10
left_child=1 6 3 5 -5 -2 9 8 -3 -1
right_child=2 7 -4 4 -6 -7 -8 -9 -10 -11
leaf_value=0.0080896246651381669 0.017615070609858782 -0.014048500432626926 -0.015527303610249931 -0.0060180411264344367 0.0086435113085384582 0.0054227926353780168 0.01221579463090292 -0.026781514385435332 0.0076724297378118712 -0.011892924707894565
leaf_weight=30.474339462816715 140.89367897808552 144.81014559417963 36.497652143239975 140.66038785874844 131.67044670879841 187.15493909269571 50.831374600529671 45.483996748924255 22.138479471206665 61.391802072525024
leaf_count=143 463 899 186 623 524 740 225 318 121 313
internal_value=0.000263577 -0.00833415 0.00506645 0.00634543 0.00106911 0.010703 0.00101433 -0.0145985 -0.0111277 -0.00522694
internal_weight=992.007 355.13 636.877 600.379 272.331 328.049 142.698 212.433 166.949 91.8661
internal_count=4555 2019 2536 2350 1147 1203 681 1338 1020 456
is_linear=0
shrinkage=0.04


Tree=107
num_leaves=15
num_cat=0
split_feature=173 138 42 130 131 172 176 64 69 52 52 64 134 64
split_gain=15.0581 11.658 8.13444 7.51588 7.28338 6.9921 6.9824 6.63105 6.33533 6.12873 6.05191 5.75828 4.71804 3.93471
threshold=0.73508771929824568 0.51477167310051786 -0.040857444682297121 0.054093567251461992 430.18750000000006 0.46966911764705888 3.5000000000000004 -0.77407158827086386 8.5000000000000018 0.007019704433497532 -0.13260073260073255 0.4133634938585225 3.7442393507055791 -0.17135215605050733
decision_type=8 8 2 2 2 10 10 8 10 10 10 8 10 8
left_child=2 4 5 11 9 8 -6 12 -1 -2 -9 -3 -4 -5
right_child=1 3 7 13 6 -7 -8 10 -10 -11 -12 -13 -14 -15
leaf_value=0.0014704870138588788 -0.015494388295018644 0.0076318387608271766 -0.010829578110282529 -0.0066628494086542964 0.0025889249447025998 0.0107989299162477 -0.011477929456274818 -0.0017612419085090178 -0.016732989806184383 0.00011487388423660171 0.013247967985725096 -0.0097101903292424307 0.0072589521160081796 -0.021052101584690685
leaf_weight=61.632292956113815 85.699994176626205 48.457109391689301 43.610175371170044 46.557793945074081 586.15619687736034 45.113551467657089 61.443976640701294 50.883800774812698 59.092742681503296 74.616091191768646 260.99717348814011 79.430844396352768 46.735967040061951 97.047672599554062
leaf_count=169 247 132 120 133 1603 125 169 140 163 212 720 217 129 276
internal_value=-0.000296232 -0.0030709 0.00496867 -0.010226 -0.000654334 -0.00246618 0.00123555 0.00803754 -0.00748762 -0.00826128 0.010795 -0.0031155 -0.00147348 -0.0164792
internal_weight=1647.48 1079.41 568.066 271.493 807.916 165.839 647.6 402.227 120.725 160.316 311.881 127.888 90.3461 143.605
internal_count=4555 2989 1566 758 2231 457 1772 1109 332 459 860 349 249 409
is_linear=0
shrinkage=0.04


Tree=108
num_leaves=12
num_cat=0
split_feature=169 22 72 21 84 35 21 41 169 151 53
split_gain=17.0734 11.0164 7.77984 8.39955 6.71084 8.4354 7.59726 8.28889 5.73567 5.81919 3.03395
threshold=0.31698564593301443 4.3378520822313504 45.500000000000007 0.17168174962292615 1562.3916406546107 -21.935450160584193 -0.13363095238095238 -0.96102297797111691 0.71825396825396837 0.072751322751322761 -0.2011904761904762
decision_type=8 10 10 2 2 2 2 2 10 2 10
left_child=4 2 3 -2 6 -6 10 -8 9 -3 -1
right_child=1 8 -4 -5 5 -7 7 -9 -10 -11 -12
leaf_value=-0.022435033397583376 0.0017971013924922364 -0.010069553999568864 0.022879694105584891 0.01158517239945887 0.015442292009824735 -0.0080276327752507991 0.01345684201970147 -0.0066203652660314161 0.010403626670560717 0.0020882750884397808 -0.0095134703071786328
leaf_weight=58.355646431446075 354.99683274328709 142.32883003354073 44.633042424917221 232.05683259665966 49.856688395142555 46.28581291437149 37.227996483445168 235.0234259814024 46.485540747642517 111.45124986767769 63.63337031006813
leaf_count=213 1067 446 127 662 160 153 118 843 130 354 227
internal_value=0.000760547 0.00393957 0.00693524 0.00568276 -0.0052727 0.00415627 -0.00758188 -0.00382846 -0.00235807 -0.00473517 -0.0158432
internal_weight=1422.34 931.952 631.687 587.054 490.383 96.1425 394.24 272.251 300.266 253.78 121.989
internal_count=4500 2786 1856 1729 1714 313 1401 961 930 800 440
is_linear=0
shrinkage=0.04


Tree=109
num_leaves=13
num_cat=0
split_feature=171 165 160 20 138 39 160 137 164 80 182 64
split_gain=27.4771 11.2291 8.53082 9.31962 7.91179 7.73119 7.32051 6.73555 6.61093 5.31219 5.135 1.26131
threshold=0.37228260869565222 -0.021047256909928383 -0.25911595501806911 1.4133742197651975 0.51028605055158549 -1.7020562082989703 -0.60980211961983055 0.42178087349397597 -0.11919035067925095 0.48074074074074075 0.88194444444444453 0.11361329141822486
decision_type=10 2 2 10 10 2 2 10 2 2 10 10
left_child=1 6 3 9 8 -3 11 -7 -4 -2 -8 -1
right_child=2 5 4 -5 -6 7 10 -9 -10 -11 -12 -13
leaf_value=-0.029013569957478155 -0.0054685352635478971 0.020432141580182393 0.0035455568681885129 0.016396305266620635 0.02669629015723542 -0.014236285805773772 -0.010974732051002479 0.00018780905786404582 0.02284606277116779 0.011759532921689167 0.010088523738698585 -0.016077856218098058
leaf_weight=38.742333479225636 145.70465156435966 23.392780028283596 108.89353789389133 56.300968259572983 53.147909283638 65.319101817905903 132.82846334576607 235.26752219349146 37.821345895528793 34.561345905065536 20.592450775206089 25.978254750370979
leaf_count=250 569 109 366 171 170 334 779 1217 121 133 111 170
internal_value=4.33501e-05 -0.00596383 0.00750645 0.00233808 0.0135719 -0.00122275 -0.0129584 -0.0029768 0.00865552 -0.00210781 -0.00808761 -0.0241754
internal_weight=978.551 542.121 436.43 236.567 199.863 323.979 218.142 300.587 146.715 180.266 153.421 64.7206
internal_count=4500 2970 1530 873 657 1660 1310 1551 487 702 890 420
is_linear=0
shrinkage=0.04


Tree=110
num_leaves=12
num_cat=0
split_feature=176 119 166 48 132 159 13 49 182 71 33
split_gain=14.7828 13.4337 9.53587 11.083 10.9895 7.5389 7.13809 7.31515 6.83689 5.12719 6.07751
threshold=2.5000000000000004 0.54195804195804198 -0.0012890201995524543 0.33605161525228411 643.53846153846166 -0.24355167920022189 -2.4999999999999996 9.5000000000000018 0.07417582417582419 14.500000000000002 -5.6797507626327848
decision_type=10 10 2 8 2 2 2 10 10 8 10
left_child=1 6 4 -4 -3 9 -1 -8 -7 -2 -11
right_child=5 2 3 -5 -6 8 7 -9 -10 10 -12
leaf_value=0.017234127636362413 0.00710824555867958 -0.0056350213794306462 -0.0045016429918380129 -0.023515908551492673 0.009139163162263866 -0.0054557905216714121 0.0050023699060794957 -0.0077761027962389697 -0.026492904450973371 0.0012038629670587751 -0.017559113573992004
leaf_weight=65.147993981838226 46.850781172513962 162.60535559058189 262.06676027178764 59.696513235569 157.62039682269096 43.28548675775528 580.14494010806084 80.746795177459717 59.59382238984108 52.535771548748016 56.534141570329666
leaf_count=180 128 465 727 169 428 120 1593 220 167 146 157
internal_value=-0.000692319 0.000966821 -0.00324396 -0.00809747 0.00163666 -0.00944027 0.00469222 0.0034287 -0.0177987 -0.00383419 -0.00857454
internal_weight=1626.83 1368.03 641.989 321.763 320.226 258.8 726.04 660.892 102.879 155.921 109.07
internal_count=4500 3782 1789 896 893 718 1993 1813 287 431 303
is_linear=0
shrinkage=0.04


Tree=111
num_leaves=11
num_cat=0
split_feature=169 17 160 161 90 82 178 92 41 170
split_gain=16.0018 12.8642 11.1373 8.2992 7.78092 8.01098 7.42654 6.80281 6.18038 5.69021
threshold=0.31698564593301443 0.7413187296040985 -1.172935493555004 -0.067650097697166525 386.50000000000006 0.14907407407407411 0.12916666666666668 1271.4487167818054 -0.80692420851099189 0.18634259259259262
decision_type=8 10 2 2 8 2 10 2 2 8
left_child=2 3 -1 7 -3 -6 -5 -2 -4 -10
right_child=1 4 8 6 5 -7 -8 -9 9 -11
leaf_value=0.010163880720288732 -0.0047816005908067269 0.011183654785657327 0.00478409722225831 0.013591777631205846 -0.012497463573404682 0.002447472232633315 0.0013606760331659035 0.0087788041383959885 -0.0013158283653513343 -0.012460463249968247
leaf_weight=65.025569543242455 138.15657651424408 48.094285368919373 56.034032359719276 300.42695334553719 137.56209155917168 97.148730278015137 108.68332889676094 101.95874696969986 102.03701892495155 265.53900663554668
leaf_count=204 425 147 184 846 441 295 318 314 367 959
internal_value=0.000726882 0.00380076 -0.00512799 0.00690012 -0.00330651 -0.00631901 0.0103586 0.000980707 -0.00749846 -0.00938417
internal_weight=1420.67 932.031 488.636 649.226 282.805 234.711 409.11 240.115 423.61 367.576
internal_count=4500 2786 1714 1903 883 736 1164 739 1510 1326
is_linear=0
shrinkage=0.04


Tree=112
num_leaves=11
num_cat=0
split_feature=145 169 0 160 50 160 132 170 141 147
split_gain=24.8125 12.1649 8.94298 8.37527 7.30109 7.5642 7.08303 6.85155 5.63958 4.07008
threshold=0.4934380305629032 0.162280701754386 -1.0000000180025095e-35 -0.26911157098430166 -7.4999999999999991 -1.1851290565943853 475.58333333333343 0.22401433691756276 0.41728855721393038 17.296879606384717
decision_type=2 8 10 2 10 2 2 8 8 2
left_child=1 -1 6 -4 8 9 -3 -7 -2 -6
right_child=4 2 3 -5 5 7 -8 -9 -10 -11
leaf_value=0.011206928570657774 0.0068105530274219731 -0.0026413067615538473 -0.011815458816468059 0.0037960070414799346 -0.016951437675671394 0.0014915813417545215 -0.022487589953787676 0.012682624065047313 -0.01382169258405978 0.0042830237884863018
leaf_weight=49.034411579370499 35.580797612667084 39.501013308763504 118.20863644778728 101.09515403211117 27.474957846105099 125.86195451021194 110.42910172790289 291.91193356364965 49.484176144003868 28.431290179491043
leaf_count=199 130 213 733 558 128 495 671 1063 195 115
internal_value=2.64544e-05 -0.00732935 -0.00982 -0.00462521 0.00553973 0.00747763 -0.0173242 0.00932751 -0.00518958 -0.00623194
internal_weight=977.013 418.268 369.234 219.304 558.745 473.68 149.93 417.774 85.065 55.9062
internal_count=4500 2374 2175 1291 2126 1801 884 1558 325 243
is_linear=0
shrinkage=0.04


Tree=113
num_leaves=12
num_cat=0
split_feature=132 173 7 166 85 17 174 168 153 140 53
split_gain=14.1793 10.1247 10.0014 6.53457 5.83722 6.37734 5.67242 5.51013 6.07692 5.08639 3.34155
threshold=527.38095238095252 0.70479302832244028 -0.090097402597402551 0.10315753070172119 22.500000000000004 1.2098653172402873 0.68019480519480535 0.052424612206104108 -0.16637520645264062 0.54352540773783997 0.068670792808723846
decision_type=2 10 10 2 2 10 10 2 2 8 10
left_child=2 3 7 6 5 -3 -2 8 -1 -4 -11
right_child=1 4 9 -5 -6 -7 -8 -9 -10 10 -12
leaf_value=0.010714814622210802 0.017581476610950251 -0.0018604965391425712 -0.0027367493380760634 -0.0037838791620837969 -0.011322634628258317 0.0068524548754364542 0.0058075560882155722 -0.012692550041884826 -0.0033517235202319318 -0.025559098162946464 -0.01106863835905336
leaf_weight=64.440300494432449 100.11623477935791 531.96154987812042 40.923325270414352 68.327673524618149 75.057276040315628 178.70892322063446 192.88439407944679 66.196528941392899 196.22237429022789 61.683083415031433 48.310099005699158
leaf_count=178 281 1455 120 189 205 489 532 183 544 184 140
internal_value=-0.000652747 0.00175788 -0.006436 0.00729018 -0.00078972 0.000334248 0.00988354 -0.00247896 0.000145782 -0.0149204 -0.0193698
internal_weight=1624.83 1147.06 477.776 361.328 785.728 710.67 293.001 326.859 260.663 150.917 109.993
internal_count=4500 3151 1349 1002 2149 1944 813 905 722 444 324
is_linear=0
shrinkage=0.04


Tree=114
num_leaves=12
num_cat=0
split_feature=169 160 139 174 55 39 137 138 138 1 2
split_gain=14.8785 10.458 10.0524 9.14771 6.91807 6.74555 6.21495 6.19892 5.96267 5.49346 4.4058
threshold=0.31698564593301443 -1.172935493555004 2.269626529038574 0.77346041055718484 0.38548951048951052 -0.069463217822089626 0.56691458379414594 0.38386735528013122 0.44596466272366558 1.0000000180025095e-35 -0.58726899383983688
decision_type=8 2 2 10 10 2 10 8 10 10 8
left_child=1 -1 3 4 -2 10 9 -5 -7 -3 -4
right_child=2 6 5 7 -6 8 -8 -9 -10 -11 -12
leaf_value=0.0098126254240008728 -0.0027259492914205479 -0.012995141701907669 -0.0025394008164460256 -0.0018120128716772555 0.014424816664081108 -0.0060955304329928864 0.0055080309500431567 0.011717748620797042 0.012547619724603701 -0.00294863031975999 -0.017099505489903404
leaf_weight=65.273999243974686 217.55395749211311 225.49982781708241 72.747073575854301 63.036928698420525 44.452857285737991 49.541197523474693 52.372231662273407 364.2648459225893 59.07766193151474 143.61938643455505 61.504812985658646
leaf_count=204 656 820 230 185 134 155 178 1046 181 512 199
internal_value=0.000691633 -0.00496864 0.00365161 0.006116 0.000220078 -0.00333094 -0.00728027 0.00971755 0.00404817 -0.00911011 -0.00930172
internal_weight=1418.94 486.765 932.179 689.309 262.007 242.871 421.491 427.302 108.619 369.119 134.252
internal_count=4500 1714 2786 2021 790 765 1510 1231 336 1332 429
is_linear=0
shrinkage=0.04


Tree=115
num_leaves=14
num_cat=0
split_feature=171 145 167 16 148 21 57 66 143 46 160 0 139
split_gain=24.789 9.98032 8.97967 8.36872 8.1497 8.06949 7.567 6.791 6.56356 5.70137 5.40272 5.09902 3.00395
threshold=0.37228260869565222 0.31143989457504012 -0.085101945496600648 -0.093456452428849326 16.840541980190419 -0.13275862068965513 -496.49999999999994 0.27142640208295415 0.60996279454319979 -16.000585230515863 -0.56012358985275146 4.0000000000000009 2.2929207959832816
decision_type=10 2 2 8 8 2 10 8 10 10 2 10 2
left_child=1 10 6 -3 -5 8 -2 -8 -4 -7 12 -12 -1
right_child=2 3 5 4 -6 9 7 -9 -10 -11 11 -13 -14
leaf_value=-0.02361634912207403 -0.015606463935086579 -0.015469363746332031 0.026852197358592293 -0.0022544266966356423 0.013977471088470106 -0.0050155962579904083 0.015105260203497941 -0.0083812711883575267 0.0056400537994889437 0.0098886518446304559 -0.011351269152657519 0.0043517472464148039 -0.0052385329890493968
leaf_weight=66.527621254324913 42.413475304841995 48.75440888106823 68.569676443934441 165.07175838947296 69.472027704119682 54.51184718310833 45.310940265655518 33.30874165892601 36.486459478735924 157.62124618887901 124.26452031731606 44.134480506181717 19.264695391058922
leaf_count=474 163 227 218 794 320 197 168 124 126 534 769 265 121
internal_value=1.29528e-05 -0.00573726 0.00706728 -0.00055943 0.00258391 0.0105964 -0.00217599 0.00514933 0.0196266 0.00604376 -0.0114754 -0.00722258 -0.0196206
internal_weight=975.712 537.49 438.222 283.298 234.544 317.189 121.033 78.6197 105.056 212.133 254.191 168.399 85.7923
internal_count=4500 2970 1530 1341 1114 1075 455 292 344 731 1629 1034 595
is_linear=0
shrinkage=0.04


Tree=116
num_leaves=11
num_cat=0
split_feature=176 119 166 48 132 2 120 13 139 86
split_gain=13.9832 12.0429 8.92901 10.6392 10.0324 8.24425 8.12206 6.80554 6.74654 6.46754
threshold=2.5000000000000004 0.54195804195804198 -0.0012890201995524543 0.33605161525228411 643.53846153846166 -5.8097193702943182 0.46410256410256417 -2.4999999999999996 3.6933178477945181 24.500000000000004
decision_type=10 10 2 8 2 8 8 2 2 10
left_child=1 7 4 -4 -3 -2 -7 -1 -9 -8
right_child=5 2 3 -5 -6 6 9 8 -10 -11
leaf_value=0.016796722641876496 -0.021918235082319406 -0.0052363268277847872 -0.0041793930312270539 -0.022867569087883118 0.0088965455743792339 0.007641608701415197 -0.017037556932843981 0.0016815402623779501 0.013460555867484243 0.00041887825591401667
leaf_weight=64.934018671512604 60.713319718837738 161.89603385329247 261.35894086956978 59.250766009092331 157.54354709386826 56.215712010860443 85.647134393453598 570.67242541909218 89.288559913635254 55.406010419130325
leaf_count=180 171 465 727 169 428 154 239 1566 247 154
internal_value=-0.000613779 0.00100101 -0.00299318 -0.00769967 0.0017336 -0.00913598 -0.0051012 0.00452972 0.00329615 -0.0102119
internal_weight=1622.93 1364.94 640.049 320.61 319.44 257.982 197.269 724.895 659.961 141.053
internal_count=4500 3782 1789 896 893 718 547 1993 1813 393
is_linear=0
shrinkage=0.04


Tree=117
num_leaves=12
num_cat=0
split_feature=169 160 38 2 67 179 137 62 20 1 28
split_gain=13.8376 9.88202 9.41317 11.8813 10.041 7.58169 5.90881 5.64791 5.47938 5.27242 3.50472
threshold=0.31698564593301443 -1.172935493555004 0.35511458015911629 -0.31348391512662482 29.293634496919921 0.57738095238095244 0.56691458379414594 -13.403174603174618 -0.79793687357840093 1.0000000180025095e-35 3.5000000000000004
decision_type=8 2 2 10 10 8 10 10 10 10 8
left_child=1 -1 4 5 8 -4 9 -6 -2 -3 -5
right_child=2 6 3 10 7 -7 -8 -9 -10 -11 -12
leaf_value=0.0095265313844944185 0.010434515551647107 -0.012695199216037623 -0.00065208564788473268 -0.0012098537362792388 0.0051221595175061207 0.016648555774648553 0.0053794004543953411 0.015174140524240067 -0.0034863877596229922 -0.002831329354525854 -0.014779819261547329
leaf_weight=65.460513755679131 59.704333245754242 223.78811353445053 130.91770932078362 44.75845892727375 165.78443065285683 57.523783683776855 52.455919086933136 199.13303147256374 176.55933111906052 143.27051341533661 97.887913703918457
leaf_count=204 173 820 410 138 483 170 178 576 524 512 312
internal_value=0.000658154 -0.00481405 0.0035091 -0.00189887 0.00648895 0.00467857 -0.00707383 0.0106394 5.21767e-05 -0.00886872 -0.0105739
internal_weight=1417.24 484.975 932.269 331.088 601.181 188.441 419.515 364.917 236.264 367.059 142.646
internal_count=4500 1714 2786 1030 1756 580 1510 1059 697 1332 450
is_linear=0
shrinkage=0.04


Tree=118
num_leaves=14
num_cat=0
split_feature=171 157 84 137 10 178 132 158 160 15 132 99 181
split_gain=23.2998 13.1139 10.6069 7.09002 7.87563 7.08293 9.18274 5.99917 8.85084 7.86238 5.30079 4.77765 2.44518
threshold=0.37228260869565222 0.48093981633405802 1556.1622559238051 0.44272892785096413 -1.0000000180025095e-35 0.18898809523809526 626.53333333333342 -0.56264442713185825 -0.23458911486649747 1.770969835862215 653.12987012987026 1.0000000180025095e-35 0.26136363636363641
decision_type=10 2 2 10 2 8 2 2 2 10 2 2 8
left_child=1 5 7 12 -5 11 -7 8 -2 -9 -4 -1 -3
right_child=2 3 10 4 -6 6 -8 9 -10 -11 -12 -13 -14
leaf_value=-0.015958938566997059 0.0034390826777800261 -0.016634009725141251 0.0058352353040395681 0.024434471903160285 0.0018668718507731188 0.0069571753087869191 -0.013186048120684983 0.004019720010083834 0.029237865259915646 0.023975627898769839 -0.013887445323958521 0.002230401495255459 0.00081968821825919962
leaf_weight=207.30049302428961 36.151993557810783 25.878684237599373 36.827434912323952 37.060371175408363 71.864973001182079 75.193521022796631 67.971986778080463 227.41587196290493 52.460047483444214 35.907584697008133 50.596836045384407 25.517327003180981 24.023697912693024
leaf_count=1351 128 127 138 176 345 344 340 774 163 121 206 163 124
internal_value=3.07617e-06 -0.00559724 0.00682183 0.00401323 0.00971582 -0.0096622 -0.00261766 0.00991648 0.0188906 0.00682895 -0.00558462 -0.0139558 -0.00834123
internal_weight=974.171 534.811 439.36 158.828 108.925 375.983 143.166 351.935 88.612 263.323 87.4243 232.818 49.9024
internal_count=4500 2970 1530 772 521 2198 684 1186 291 895 344 1514 251
is_linear=0
shrinkage=0.04


Tree=119
num_leaves=13
num_cat=0
split_feature=132 173 107 136 5 62 166 94 70 64 183 70
split_gain=12.822 9.17726 7.355 7.20664 7.0041 6.84219 6.07737 5.99119 8.21021 7.02312 5.04624 4.92123
threshold=527.38095238095252 0.70479302832244028 0.015086246444627973 3.4634684733647805 -1.4999999999999998 -38.53815789473682 0.10315753070172119 4.0000000000000009 28.500000000000004 0.50197153443322973 0.25543478260869573 20.500000000000004
decision_type=2 10 8 10 2 8 2 2 10 8 8 8
left_child=2 6 4 11 -1 -6 10 8 -3 -9 -2 -4
right_child=1 7 3 -5 5 -7 -8 9 -10 -11 -12 -13
leaf_value=-0.013281445936484971 0.012934778632541062 -0.0004705447272602255 -0.029023145886580507 -0.0022643616327729229 0.011767968641976712 -0.003395712071896232 -0.0036918341547580707 -0.00074631014080113911 0.017157026606890089 -0.021083494891047359 0.0014354926958929585 -0.011866549349578948
leaf_weight=64.464999824762344 204.14191284775734 629.21977216005325 41.74738934636116 77.0803262591362 70.536233395338058 141.20339688658714 68.260769337415695 65.284133970737457 44.306697607040405 45.892466902732849 87.904651463031769 80.783274292945862
leaf_count=185 569 1721 122 219 198 394 189 179 122 127 244 231
internal_value=-0.000578621 0.00171381 -0.00609138 -0.0119233 -0.00184166 0.00167789 0.00698958 -0.000711903 0.000709804 -0.00927222 0.00949708 -0.0179158
internal_weight=1620.83 1145.01 475.816 199.611 276.205 211.74 360.307 784.703 673.526 111.177 292.047 122.531
internal_count=4500 3151 1349 572 777 592 1002 2149 1843 306 813 353
is_linear=0
shrinkage=0.04


Tree=120
num_leaves=14
num_cat=0
split_feature=161 169 20 39 120 155 52 169 160 157 66 24 57
split_gain=16.3109 13.2495 12.0214 8.50295 8.45623 7.37777 6.04142 5.62765 5.30292 5.24367 4.92442 4.84365 3.34565
threshold=0.31774945702605611 0.54006410256410264 -1.871348086391563 -0.63651051323977981 0.63068181818181823 -0.34997104410161467 0.011420658194851831 0.46862745098039221 -0.16960330208685911 -0.021260021309581652 -0.1766452712537083 -20.499999999999996 815.50000000000011
decision_type=2 10 10 2 10 2 8 8 2 2 10 2 8
left_child=1 2 -1 -4 5 6 -2 -7 12 10 -3 -11 -6
right_child=4 9 3 -5 8 7 -8 -9 -10 11 -12 -13 -14
leaf_value=0.011767300328672542 0.0015369982990971025 0.01705833947476534 -0.015558874246227206 -0.0047980448669959538 0.018491468651404819 -0.0002999125054949727 -0.014676626482897777 0.015595008599818272 0.0019236812658472515 0.0078659630336046435 0.001053743815093983 -0.010292945599508668 0.0053077652813564562
leaf_weight=55.556866377592087 90.149342745542526 75.278299003839493 156.32647135853767 474.77761420607567 123.21596637368202 70.789174944162369 60.688741892576218 70.210151582956314 69.314672648906708 42.759923547506332 52.245651513338089 49.713242098689079 42.937816798686981
leaf_count=178 265 215 578 1631 348 215 184 195 201 125 152 149 121
internal_value=7.63271e-05 -0.00317475 -0.00591149 -0.0074871 0.0056655 0.00109858 -0.00502697 0.00765491 0.0112887 0.00534629 0.0105761 -0.00188048 0.0151486
internal_weight=1433.96 906.658 686.661 631.104 527.306 291.837 150.838 140.999 235.468 219.997 127.524 92.4732 166.154
internal_count=4557 3028 2387 2209 1529 859 449 410 670 641 367 274 469
is_linear=0
shrinkage=0.04


Tree=121
num_leaves=12
num_cat=0
split_feature=171 168 160 172 42 140 30 56 167 134 64
split_gain=21.2461 14.6821 8.70243 8.99781 7.78376 6.81424 3.85849 2.82726 5.90226 2.73025 1.32787
threshold=0.087121212121212141 -0.017328052131042566 -0.54138338829882349 0.61651583710407254 0.25330534077840366 2.8763894150035463 -0.1445906432748538 -1.0000000180025095e-35 -0.052310621773365991 3.2083512961673191 -0.32310245215489014
decision_type=10 2 2 8 2 10 2 10 2 10 8
left_child=6 4 -3 -4 5 -2 9 8 -8 -1 -9
right_child=1 2 3 -5 -6 -7 7 10 -10 -11 -12
leaf_value=0.0062732772499515818 -0.0065001371611387564 -0.0076576584208062565 0.012771433184705187 -0.0093278499281232215 0.018030194121613264 0.0048928731264860697 -0.024218997503632426 -0.01326998984433188 0.0075228230363921598 -0.013871627796737063 -0.027172791422199933
leaf_weight=20.968146122992039 323.35218975692987 46.694554895162582 301.24919177591801 31.840630903840065 27.466791465878487 112.3279941380024 18.200252927839756 19.507109403610229 17.470347344875336 20.093651287257671 45.51450327038765
leaf_count=120 1508 206 1191 136 103 488 129 133 114 129 300
internal_value=0.000126928 0.00254289 0.00836325 0.0106313 -0.00223328 -0.00355371 -0.0141426 -0.018331 -0.0088371 -0.00363254 -0.0232963
internal_weight=984.685 842.931 379.784 333.09 463.147 435.68 141.754 100.692 35.6706 41.0618 65.0216
internal_count=4557 3632 1533 1327 2099 1996 925 676 243 249 433
is_linear=0
shrinkage=0.04


Tree=122
num_leaves=11
num_cat=0
split_feature=173 56 167 17 170 152 174 137 90 1
split_gain=16.4205 12.5686 12.5252 8.58009 8.23065 6.45664 7.64579 5.77756 5.20631 5.04644
threshold=0.87750000000000006 -3.4999999999999996 -0.12099465722523366 -1.7695855427663705 0.25543478260869573 0.26201372997711675 0.86811594202898557 0.42178087349397597 704.50000000000011 1.0000000180025095e-35
decision_type=10 10 2 10 10 2 10 8 10 8
left_child=1 -1 9 7 -5 6 -4 -3 -7 -2
right_child=2 3 5 4 -6 8 -8 -9 -10 -11
leaf_value=-0.014776124662280173 0.015784651504145604 0.0057469105771629303 -0.0062784714622486724 0.010661447325645281 0.0024764897475095635 -0.009286099368727898 -0.018276684144657634 -0.010406417759295327 0.0094714816684770952 -0.0022997056274708444
leaf_weight=61.097649186849594 50.801395446062088 52.957745730876923 220.24592374265194 299.39766371250153 573.9214032292366 42.983576625585556 140.00357672572136 102.29849696159363 50.241835951805115 46.424394547939301
leaf_count=169 142 145 613 832 1586 120 399 284 139 128
internal_value=-0.000144171 0.00269927 -0.00576881 0.0037526 0.00529379 -0.00856211 -0.0109846 -0.00488222 0.000794905 0.00719368
internal_weight=1640.37 1089.67 550.701 1028.58 873.319 453.475 360.25 155.256 93.2254 97.2258
internal_count=4557 3016 1541 2847 2418 1271 1012 429 259 270
is_linear=0
shrinkage=0.04


Tree=123
num_leaves=13
num_cat=0
split_feature=177 20 179 171 99 160 166 155 173 31 158 66
split_gain=16.1026 10.0372 8.44977 7.53138 10.2939 7.13083 6.24941 7.1222 5.075 8.39621 4.49448 4.19783
threshold=0.2817460317460318 -1.871348086391563 0.44949494949494956 0.25543478260869573 1.0000000180025095e-35 -0.82993235096456919 0.088271368536640679 -0.47309671668186976 0.88303693570451447 -87.138095238095204 -0.38341846577213828 0.14604793388072362
decision_type=8 10 10 8 2 2 2 2 8 2 2 8
left_child=1 -1 6 4 -3 -5 7 -2 9 -4 -10 -8
right_child=2 3 8 5 -6 -7 11 -9 10 -11 -12 -13
leaf_value=0.014098696555613129 -0.0076824662010646109 0.0038950209767362027 0.018630403172174442 -0.00012168650692623723 -0.018179716085333242 -0.013961876191140962 0.0025302011177856282 0.002442956495047912 0.025082300437742767 -0.0010394060353692118 0.0088349178669147183 0.018440787437740087
leaf_weight=39.073521435260773 173.7087612003088 162.49770395457745 47.719946220517159 79.687142461538315 41.600290432572365 238.54723329842091 63.117425590753555 304.27142836153507 46.632168799638748 119.93781061470509 69.235466241836548 45.698571681976318
leaf_count=127 525 515 137 275 160 900 185 931 129 344 195 134
internal_value=7.06203e-05 -0.00520442 0.00347768 -0.00667641 -0.000661314 -0.0105137 0.000729775 -0.00124103 0.00913527 0.00462456 0.0155496 0.00933733
internal_weight=1431.73 561.406 870.322 522.332 204.098 318.234 586.796 477.98 283.525 167.658 115.868 108.816
internal_count=4557 1977 2580 1850 675 1175 1775 1456 805 481 324 319
is_linear=0
shrinkage=0.04


Tree=124
num_leaves=14
num_cat=0
split_feature=54 168 1 67 178 133 55 57 168 64 7 178 36
split_gain=19.4825 15.4936 12.5983 13.2239 10.936 8.21312 7.56972 7.50202 7.32909 7.04219 6.7619 6.10297 3.88069
threshold=0.12095088819226753 -0.0060949212293330444 10.500000000000002 28.18480492813142 0.15587044534412958 2.9046688202302549 0.18576036866359449 326.50000000000006 0.0062766623394312571 0.45242508013775523 0.13995726495726502 0.40833333333333338 0.19242929655644758
decision_type=8 2 8 10 10 2 10 8 2 10 10 8 2
left_child=2 5 4 -4 8 7 -7 -2 -1 -6 11 -3 -5
right_child=1 10 3 12 9 6 -8 -9 -10 -11 -12 -13 -14
leaf_value=-0.017084406502317708 -0.0010670143808148959 0.012793808720496149 0.027873091839712441 0.0070236249604416247 0.0046922203785068903 0.0010393339115244548 -0.01779448403055078 0.020601090345284838 -0.003505238170563234 -0.012062694653007236 0.0042280288946628213 0.031680615773221406 -0.013955764876606949
leaf_weight=182.13324289023876 54.760261923074722 63.771802969276905 34.846645690500736 27.621664427220821 141.12702713161707 93.669812493026257 52.477619141340256 46.533457025885582 99.008454971015453 54.931214280426502 54.838002264499664 51.141870856285095 26.799089170992374
leaf_count=1189 190 241 161 137 592 383 217 156 576 240 182 155 138
internal_value=0.00011206 0.00666482 -0.00471364 0.00899801 -0.00729625 0.000259743 -0.00578476 0.00897166 -0.0123388 -2.93813e-05 0.0159334 0.0214174 -0.00333683
internal_weight=983.66 417.193 566.467 89.2674 477.2 247.441 146.147 101.294 281.142 196.058 169.752 114.914 54.4208
internal_count=4557 1524 3033 436 2597 946 600 346 1765 832 578 396 275
is_linear=0
shrinkage=0.04


Tree=125
num_leaves=12
num_cat=0
split_feature=173 167 107 32 94 135 55 2 107 32 125
split_gain=15.299 11.9353 9.1491 9.39194 8.01159 10.1023 7.97681 7.65103 6.10798 4.94978 4.43018
threshold=0.87750000000000006 -0.12663433463723506 0.012815214819321909 0.2528195488721805 4.0000000000000009 3.3336204916149788 0.13896316102198455 -5.0746064339493477 1.0000000180025095e-35 -0.17595459236326108 1.5000000000000002
decision_type=10 2 8 2 2 2 10 8 8 2 2
left_child=2 8 4 7 5 -1 10 -4 -2 -8 -3
right_child=1 6 3 -5 -6 -7 9 -9 -10 -11 -12
leaf_value=0.011542797332624494 0.018143674216430962 -0.010621933955919404 -0.015635117143341096 0.013334921209220483 -0.0064168444560008323 0.00084115515624337361 -0.013590214409460495 -0.0013448588220246725 -0.0026432203626294247 0.00026623074373918857 -0.024908094166984411
leaf_weight=344.49159026145935 44.281929403543472 185.43204483389854 74.279164165258408 54.937450617551804 77.913617849349976 239.6102197766304 52.410209879279137 297.46490466594696 44.457460880279541 179.81766319274902 43.421097576618195
leaf_count=952 123 526 207 151 216 662 148 828 123 495 126
internal_value=-0.000130234 -0.00556443 0.00261493 -0.00194647 0.00555636 0.00716513 -0.00815102 -0.00423988 0.00779397 -0.00289724 -0.0134378
internal_weight=1638.52 549.82 1088.7 426.682 662.015 584.102 461.081 371.744 88.7394 232.228 228.853
internal_count=4557 1541 3016 1186 1830 1614 1295 1035 246 643 652
is_linear=0
shrinkage=0.04


Tree=126
num_leaves=10
num_cat=0
split_feature=169 20 160 36 79 137 68 30 38
split_gain=13.7187 12.1869 12.6029 8.16971 7.745 5.65837 5.60607 9.64457 5.74258
threshold=0.51000000000000012 -1.871348086391563 -0.92879863298810283 -0.74231449033762753 0.2752525252525253 0.60387112887112904 32.034223134839159 0.05021008403361344 0.22211889429358891
decision_type=10 10 2 2 2 10 10 2 2
left_child=1 -1 3 -3 -4 6 8 -8 -2
right_child=5 2 4 -5 -6 -7 7 -9 -10
leaf_value=0.012772204069732377 0.0044121949026590616 -0.0077571262498722995 -0.0094777595942381297 0.010465731827991872 -0.00069680819245182774 0.018275812932977902 0.0028930707765711713 0.021690378763564118 -0.0094481609758300319
leaf_weight=74.766357660293579 135.44298908114433 54.444416686892509 457.00564415752888 134.94161303341389 248.64646419882774 50.452889829874039 137.83921121060848 63.40561255812645 72.621743202209473
leaf_count=231 385 176 1657 419 763 141 391 180 214
internal_value=6.4967e-05 -0.0026313 -0.00393307 0.00520332 -0.00639186 0.00575008 0.00416046 0.00890334 -0.000438032
internal_weight=1429.57 969.804 895.038 189.386 705.652 459.762 409.31 201.245 208.065
internal_count=4557 3246 3015 595 2420 1311 1170 571 599
is_linear=0
shrinkage=0.04


Tree=127
num_leaves=14
num_cat=0
split_feature=54 160 1 164 140 24 74 180 145 79 170 38 18
split_gain=18.2811 14.8905 12.3644 9.39449 8.11633 7.4158 8.02933 7.00376 6.76524 6.38986 6.30101 6.00914 5.52599
threshold=0.11111111111111113 -0.21318287897793659 10.500000000000002 -0.10364128185126513 1.6181593641798058 13.500000000000002 120.50000000000001 0.11437908496732027 1.0626260664277358 0.26491228070175443 0.28285714285714292 -0.48875304470605285 -0.17245398279881036
decision_type=8 2 8 2 10 2 2 8 2 2 10 2 10
left_child=2 5 7 4 -3 11 -7 12 -9 10 -4 -2 -1
right_child=1 3 9 -5 -6 6 -8 8 -10 -11 -12 -13 -14
leaf_value=-0.020935501270526499 0.0071996440052991143 0.0035425167567932924 0.0036676205112197565 0.030477609310265729 0.023694344322130089 0.021522387437971021 -0.0018049782772685482 -0.0062914083375572218 0.0094685539698777868 -0.0049039411671092112 0.030787276053213814 -0.011645676188132833 -0.0078334229405480592
leaf_weight=75.344847433269024 36.134045526385307 109.12718668580055 28.053977750241756 43.949852481484413 44.691501304507256 39.280339322984219 56.364662908017635 163.82018722593784 58.216334283351898 32.423521861433983 26.765693597495556 99.567945800721645 168.25365344434977
leaf_count=467 141 381 122 145 151 150 214 923 216 178 126 388 955
internal_value=0.000103103 0.00629198 -0.00469946 0.0143218 0.00952571 -0.000595845 0.00787818 -0.00729138 -0.00212637 0.00903732 0.017259 -0.00659705 -0.0119631
internal_weight=981.994 429.116 552.878 197.769 153.819 231.347 95.645 465.635 222.037 87.2432 54.8197 135.702 243.599
internal_count=4557 1570 2987 677 532 893 364 2561 1139 426 248 529 1422
is_linear=0
shrinkage=0.04


Tree=128
num_leaves=11
num_cat=0
split_feature=173 56 131 17 40 89 182 125 170 137
split_gain=14.2632 11.8775 9.63062 7.94389 7.8415 7.77294 6.4485 5.51636 6.11245 5.49275
threshold=0.87750000000000006 -3.4999999999999996 536.43750000000011 -1.7695855427663705 0.87211528610402822 2173.0000000000005 0.42481203007518803 1.5000000000000002 0.54772727272727284 0.42178087349397597
decision_type=10 10 2 10 2 10 10 2 8 8
left_child=1 -1 7 9 -5 6 -4 8 -2 -3
right_child=2 3 5 4 -6 -7 -8 -9 -10 -11
leaf_value=-0.014470773869725163 -0.0035784089456067252 0.0056076327936581839 -9.9141594121634341e-05 0.0066269729641029555 -0.0039948086435426799 0.0094375118136941633 -0.013577228562271188 -0.023792994038133886 -0.020907852622476832 -0.010150693214863818
leaf_weight=60.998789131641388 118.77826474606991 52.914957374334335 169.92954957485199 741.98863443732262 129.84320119023323 82.464713603258133 84.551294282078743 48.573877424001694 44.379853427410126 102.12674017250538
leaf_count=169 340 145 464 2056 362 225 235 143 134 284
internal_value=-0.000119868 0.00253053 -0.00537355 0.0035555 0.00504 -0.00115639 -0.00462068 -0.0120383 -0.00840294 -0.00475817
internal_weight=1636.55 1087.87 548.678 1026.87 871.832 336.946 254.481 211.732 163.158 155.042
internal_count=4557 3016 1541 2847 2418 924 699 617 474 429
is_linear=0
shrinkage=0.04


Tree=129
num_leaves=12
num_cat=0
split_feature=177 20 68 169 85 173 177 15 108 17 91
split_gain=14.3897 9.10211 8.02804 7.63397 6.52587 5.95442 5.80545 6.95069 5.17275 4.71501 4.21774
threshold=0.2817460317460318 -1.871348086391563 32.672142368240934 0.58578431372549034 14.500000000000002 0.9298029556650248 0.69615384615384623 -1.1350031494335031 -0.039278656244277947 1.5358672665538637 1301.6076386657735
decision_type=8 10 10 10 2 10 10 10 8 10 2
left_child=1 -1 5 4 -3 9 7 -4 -7 -2 -8
right_child=2 3 6 -5 -6 8 10 -9 -10 -11 -12
leaf_value=0.013338305962400805 -0.00034210599002623855 -0.011377956836221496 -0.0077077847841049516 0.0057375584837516206 -0.00070403159125148292 0.015068972389349539 0.0061519137857616469 0.0081307283831321461 -0.00062328220713067444 -0.011796478858413442 0.022733449915405206
leaf_weight=39.434030279517174 311.78091485798359 317.85555386543274 56.214284807443619 70.998875573277473 129.37898962199688 67.078604981303215 43.661859333515167 196.10153876245022 65.769343942403793 69.631642356514931 59.412018984556198
leaf_count=127 932 1173 172 213 464 194 123 572 195 229 163
internal_value=5.91369e-05 -0.00494981 0.00327544 -0.00636827 -0.00830305 7.38453e-05 0.00788943 0.00457762 0.00733861 -0.00246385 0.0158554
internal_weight=1427.32 557.667 869.65 518.233 447.235 514.261 355.39 252.316 132.848 381.413 103.074
internal_count=4557 1977 2580 1850 1637 1550 1030 744 389 1161 286
is_linear=0
shrinkage=0.04


Tree=130
num_leaves=11
num_cat=0
split_feature=169 160 31 136 79 62 44 158 156 49
split_gain=13.5152 11.3369 9.00637 8.62939 7.67595 7.326 6.89241 6.4764 5.78727 3.03624
threshold=0.34412955465587053 -0.19328806046821942 -403.32886904761898 1.8946253207689834 0.50925925925925941 251.88030303030311 -4.5830191524983084 0.36419456222835855 -0.65371847671122907 3.5000000000000004
decision_type=8 2 2 10 2 10 8 2 2 10
left_child=1 5 -2 -3 8 7 -5 -1 -4 -6
right_child=2 3 4 6 9 -7 -8 -9 -10 -11
leaf_value=-0.0035300915834294822 0.01428954445746153 0.028222445364450965 -0.013092022311974484 -0.0019163131068808206 -0.023777707271139988 -0.01677159971760938 0.013243066166118896 0.0092582008249237954 -0.001033451940566711 -0.0058109497556114728
leaf_weight=156.89099904894829 34.341076038777828 37.52819812297821 84.967846482992172 77.079063013195992 50.726653859019279 39.018102243542671 124.26540322601795 104.76740156859159 248.10236781090498 22.814588069915771
leaf_count=629 178 124 461 290 339 191 449 414 1334 148
internal_value=9.48196e-05 0.00433876 -0.0050916 0.0108251 -0.00676442 -0.000826453 0.00744905 0.00159845 -0.00414562 -0.0183835
internal_weight=980.502 539.549 440.953 238.873 406.611 300.677 201.344 261.658 333.07 73.5412
internal_count=4557 2097 2460 863 2282 1234 739 1043 1795 487
is_linear=0
shrinkage=0.04


Tree=131
num_leaves=13
num_cat=0
split_feature=173 170 131 21 58 64 154 148 0 27 125 170
split_gain=13.3309 10.5739 9.15566 7.00902 8.8977 6.78461 8.5867 6.04958 6.05034 5.46693 5.29681 5.81986
threshold=0.87750000000000006 0.21240601503759401 536.43750000000011 -0.36633986928104573 683.50000000000011 -2.0112164009469198 -0.14569516775575278 15.991779223129379 -3.9999999999999996 6.5000000000000009 1.5000000000000002 0.54772727272727284
decision_type=10 10 2 2 10 8 2 10 8 8 2 8
left_child=1 7 10 -4 -5 -3 -7 8 -1 -9 11 -2
right_child=2 5 3 4 -6 6 -8 9 -10 -11 -12 -13
leaf_value=0.0014558465318089656 -0.0034488133583099869 -0.011578548221567246 -0.015618048070175933 -0.0029256453833775287 0.012955561456625748 -0.0069253507013575044 0.0035670141841456561 0.012523404667035221 0.018091126473567583 -0.0042453981596835121 -0.023272492026794551 -0.020409042078595882
leaf_weight=48.666532605886459 118.64607475697994 72.621459066867828 44.906545117497444 216.61563116312027 75.190213173627853 160.5029484629631 547.486412063241 49.223144099116325 127.68375453352928 80.629104197025299 48.232318416237831 44.024586826562881
leaf_count=136 340 202 124 595 205 444 1516 138 357 223 143 134
internal_value=-0.000109777 0.00245292 -0.00519463 -0.00108539 0.00118994 -1.84687e-05 0.00117914 0.00873937 0.0135457 0.002143 -0.0117096 -0.00814774
internal_weight=1634.43 1086.81 547.615 336.712 291.806 780.611 707.989 306.203 176.35 129.852 210.903 162.671
internal_count=4557 3016 1541 924 800 2162 1960 854 493 361 617 474
is_linear=0
shrinkage=0.04


Tree=132
num_leaves=12
num_cat=0
split_feature=32 54 93 140 37 156 175 41 39 129 140
split_gain=12.0473 11.322 10.5076 8.527 6.53683 6.7335 6.47326 5.38241 5.15505 4.56862 4.00824
threshold=-0.19386087768440705 0.040123839009287919 1.0000000180025095e-35 0.60298140995284599 -0.61954351840733868 -0.34738964453783544 1.0000000180025095e-35 0.011771038313513201 -0.49506434189232917 0.085144927536231887 0.7701708268608034
decision_type=2 10 2 10 2 2 2 2 2 2 10
left_child=1 3 4 -1 7 -6 -5 -2 -3 -4 -10
right_child=2 8 9 6 5 -7 -8 -9 10 -11 -12
leaf_value=0.00016592114275047924 -0.0034059281439732386 -0.014679438266974251 0.00064844233382449425 0.0091703957168118109 -0.0052708425125710537 0.0026743866867073442 0.026554874428102289 -0.01488359918242806 0.012017269117733237 0.015072609389900396 -0.0042327497418226433
leaf_weight=60.519820660352707 142.7231550514698 37.082580029964447 67.07819752395153 69.050607591867447 342.73202270269394 337.74513858556747 71.348540544509888 121.77390357851982 41.066886350512505 73.698853150010109 56.384097501635551
leaf_count=179 473 126 206 207 1103 1112 209 409 130 217 181
internal_value=0.00015948 0.00677484 -0.00188691 0.0127665 -0.00340881 -0.00132627 0.0181444 -0.00873391 -0.00218687 0.00826686 0.00264737
internal_weight=1421.2 335.453 1085.75 200.919 944.974 680.477 140.399 264.497 134.534 140.777 97.451
internal_count=4552 1032 3520 595 3097 2215 416 882 437 423 311
is_linear=0
shrinkage=0.04


Tree=133
num_leaves=14
num_cat=0
split_feature=180 53 53 133 147 173 143 7 17 145 1 82 43
split_gain=24.9383 12.655 11.3343 8.56481 12.6661 10.8372 6.8346 5.97462 5.17655 4.95559 5.91923 4.44331 2.04667
threshold=0.18465909090909094 -0.22361655773420477 0.25575396825396829 3.0909353409179836 11.32873606650293 0.71008403361344552 0.52440476190476204 0.14339826839826847 0.3916867808005649 0.74116035904067645 -1.0000000180025095e-35 0.27888888888888896 -0.02632567335004991
decision_type=8 8 10 2 2 8 10 10 10 2 10 2 2
left_child=1 6 3 5 -5 -2 -1 12 -8 11 -11 -3 -4
right_child=2 9 7 4 -6 -7 8 -9 -10 10 -12 -13 -14
leaf_value=0.01567790771357391 0.00086988761282327104 -0.0098111158315980305 -0.022851229145444567 -0.0063274981331912176 0.013229190844634316 0.021889136607289101 -0.015869455455209555 0.0096825170565489182 0.0062391705437675254 -0.013026304305142986 0.002170099141107446 -0.022696465973998717 -0.0064746210872277969
leaf_weight=54.44608448445797 56.1316187530756 161.25815203040838 25.617668345570564 100.59648797661066 109.74182884395123 131.72545070946217 28.605552911758423 21.515163876116276 38.595463596284389 69.55736967176199 96.957652941346169 59.776645347476006 25.401698969304562
leaf_count=190 226 1027 149 488 447 444 133 113 156 285 384 370 140
internal_value=0.000186107 -0.00594158 0.00681732 0.00946683 0.00388085 0.015657 0.0052712 -0.00763157 -0.00323721 -0.00947079 -0.00420574 -0.0133914 -0.0150172
internal_weight=979.927 509.197 470.73 398.195 210.338 187.857 121.647 72.5345 67.201 387.55 166.515 221.035 51.0194
internal_count=4552 2545 2007 1605 935 670 479 402 289 2066 669 1397 289
is_linear=0
shrinkage=0.04


Tree=134
num_leaves=12
num_cat=0
split_feature=59 41 94 155 171 131 107 136 173 1 20
split_gain=11.2551 10.776 8.45397 11.8286 10.6018 10.2128 8.6463 7.83497 4.27904 4.12375 2.87581
threshold=1.5000000000000002 0.21968794113426152 4.0000000000000009 -0.53187921137836802 0.39642857142857152 723.45000000000016 0.015086246444627973 3.5858977277518269 0.80384615384615399 -1.0000000180025095e-35 0.41599561774926536
decision_type=10 2 2 2 10 2 8 10 10 8 10
left_child=2 7 3 6 -5 10 -1 9 -3 -2 -4
right_child=1 8 5 4 -6 -7 -8 -9 -10 -11 -12
leaf_value=0.012857636669478173 -0.010322939468137489 0.011492910011085869 -0.018621352478990893 0.0027880659641803846 -0.0072229380184793196 0.0046018344904102107 0.00087465447321740926 -0.0015091743843267036 -0.0057133176330843184 -0.026425288678234439 -0.0054366103250105225
leaf_weight=239.05282244086266 45.151728853583336 46.482414215803146 74.586765944957733 528.0135583281517 247.85475954413414 79.087376773357391 161.81625953316689 54.804693877696991 44.047375053167343 65.76320718228817 43.188770771026611
leaf_count=663 127 129 211 1470 693 218 455 153 124 186 123
internal_value=-0.000252243 -0.00793213 0.00118374 0.00246947 -0.000412602 -0.00646516 0.00803973 -0.0139688 0.00312839 -0.020039 -0.0138898
internal_weight=1629.85 256.249 1373.6 1176.74 775.868 196.863 400.869 165.72 90.5298 110.915 117.776
internal_count=4552 719 3833 3281 2163 552 1118 466 253 313 334
is_linear=0
shrinkage=0.04


Tree=135
num_leaves=14
num_cat=0
split_feature=32 94 155 92 54 140 90 179 48 84 87 79 4
split_gain=11.2713 11.3508 11.5422 11.3254 10.6488 8.03173 5.99915 5.6323 4.461 5.48961 4.34698 4.01596 3.71583
threshold=-0.19386087768440705 4.0000000000000009 -0.46039636381286297 1378.9116165217035 0.040123839009287919 0.60298140995284599 638.50000000000011 0.68333333333333346 0.030641103263502393 1568.7943138902033 0.89379699248120315 0.28869047619047622 -1.0000000180025095e-35
decision_type=2 2 2 2 10 10 8 8 8 2 10 2 2
left_child=4 2 6 -4 5 -1 -2 12 11 -10 -7 -3 -6
right_child=1 8 3 -5 7 10 -8 -9 9 -11 -12 -13 -14
leaf_value=0.00011352417975581111 -9.3933248384022195e-05 0.004723556358776285 -0.0039068726206381152 0.0079727756228966645 0.00020434014129439362 0.023274178760567258 -0.01286809512218437 0.0080400660895775262 0.011707640739475708 -0.0087746207479530176 0.0086554921342658128 0.022805326524620136 -0.016653795386809188
leaf_weight=60.520580157637596 78.443789288401604 37.459108978509903 422.3956064581871 183.27221293747425 39.53854176402092 84.614004522562027 238.2048457711935 52.021055907011032 40.084571897983551 41.658294394612312 56.236655920743942 42.754237532615662 42.823871985077858
leaf_count=179 264 121 1401 572 128 249 791 165 123 128 167 120 144
internal_value=0.000155771 -0.00182662 -0.00354436 -0.000301634 0.00654997 0.0123485 -0.00972009 -0.00215135 0.00790511 0.00126528 0.0175537 0.014548 -0.00863159
internal_weight=1420.03 1084.27 922.316 605.668 335.755 201.371 316.649 134.383 161.956 81.7429 140.851 80.2133 82.3624
internal_count=4552 3520 3028 1973 1032 595 1055 437 492 251 416 241 272
is_linear=0
shrinkage=0.04


Tree=136
num_leaves=15
num_cat=0
split_feature=180 54 84 157 143 72 128 21 57 174 82 160 180 18
split_gain=23.5909 13.5777 10.1658 11.2848 9.0721 7.23169 6.80841 6.79451 6.73829 6.78424 6.50124 6.06288 5.28966 4.44763
threshold=0.18465909090909094 0.1663292847503374 1519.0298920621046 0.047503146430563081 0.46225071225071229 10.500000000000002 1.5000000000000002 -0.12522401433691752 938.50000000000011 0.75500000000000012 0.13714733542319751 -0.27553067434515616 0.45804195804195807 0.45193274670018863
decision_type=8 10 2 2 10 8 2 2 10 10 2 2 10 10
left_child=1 7 4 12 11 -6 -5 10 9 -3 -1 -2 -4 -9
right_child=2 8 3 6 5 -7 -8 13 -10 -11 -12 -13 -14 -15
leaf_value=0.010665910075005822 0.0089436796811485329 -0.010039863874182384 -0.016687367540013917 0.002211142340452756 -0.0078817092796986971 0.011440264914265258 0.02231807180339786 -0.015703585810054536 0.015869549447557363 0.0078213423642353383 -0.011705706236134294 0.030515286822252637 0.0038680656293210349 0.0029318788962679884
leaf_weight=40.121644623577595 35.566018737852573 71.117379762232304 63.087079077959061 97.506996065378189 41.44602407515049 114.3778171390295 36.522207632660866 222.37117467820644 46.671153455972672 63.374009683728218 41.005307145416737 54.77658873796463 28.460313230752945 22.049259029328823
leaf_count=225 130 273 337 409 180 480 133 1313 170 229 221 195 143 114
internal_value=0.000168394 -0.00581689 0.00660026 0.000449058 0.0122042 0.00627077 0.00782969 -0.0106914 0.00294222 -0.00161307 -0.000622232 0.0222358 -0.0103027 -0.0140092
internal_weight=978.453 506.71 471.743 225.577 246.166 155.824 134.029 325.547 181.163 134.491 81.127 90.3426 91.5474 244.42
internal_count=4552 2545 2007 1022 985 660 542 1873 672 502 446 325 480 1427
is_linear=0
shrinkage=0.04


Tree=137
num_leaves=11
num_cat=0
split_feature=59 63 174 173 47 48 173 41 138 167
split_gain=10.6749 11.7856 9.67231 8.08031 8.14066 7.91431 6.72392 6.20309 6.11774 5.73193
threshold=1.5000000000000002 77.920368624909671 0.77598566308243744 0.71869565217391307 18.600003210855565 -0.3799812854152495 0.63068181818181823 0.24809111749699128 0.3818202368913633 0.053147703288970866
decision_type=10 2 8 10 10 10 10 2 10 2
left_child=2 6 5 4 -4 -1 -2 -8 -5 -7
right_child=1 -3 3 8 -6 9 7 -9 -10 -11
leaf_value=-0.0081360970181652177 0.0096735857392238039 -0.02493607185579819 0.0087265997307174586 0.0046192467703791117 -0.0085151016728156424 0.0081123486636815526 -0.013384061666579303 0.0029154899861075882 -0.0064378690118510563 -0.0045959153664487792
leaf_weight=64.64149597287178 47.18993753194809 50.067560911178589 174.81413528323174 96.565815389156342 57.369604349136353 469.55665776133537 100.01049338281155 58.516683757305145 445.78823883831501 63.71654012799263
leaf_count=178 131 143 490 269 159 1303 282 163 1256 178
internal_value=-0.000238326 -0.00772501 0.00116012 -0.00178772 0.00443957 0.00497871 -0.00342614 -0.00737436 -0.0044606 0.00658444
internal_weight=1628.24 255.785 1372.45 774.538 232.184 597.915 205.717 158.527 542.354 533.273
internal_count=4552 719 3833 2174 649 1659 576 445 1525 1481
is_linear=0
shrinkage=0.04


Tree=138
num_leaves=12
num_cat=0
split_feature=179 40 174 169 86 68 137 65 108 90 46
split_gain=10.5273 10.8411 7.08501 7.52746 6.7667 6.70947 6.58718 6.46757 10.9499 7.3201 5.45021
threshold=0.68333333333333346 0.663594585891783 0.77346041055718484 0.16954022988505749 23.500000000000004 29.348391512662563 0.44685908891661336 -0.90805193704334564 0.2047710791230202 546.50000000000011 -1.0000000180025095e-35
decision_type=10 2 10 8 10 10 10 10 10 8 10
left_child=2 5 7 6 -5 -2 -4 8 -1 -9 -7
right_child=1 -3 3 4 -6 10 -8 9 -10 -11 -12
leaf_value=-0.0041524244439563917 -0.0090758848919887079 0.023423619597709729 -0.018539502627334076 0.0016083385657269501 0.015715509430168192 0.019230814532910773 0.0017082769997857157 0.0067901702859699967 0.018519924824760611 -0.010850775955154558 0.0010182786690293478
leaf_weight=155.15070717036724 49.909661799669266 55.153056114912033 51.703239873051643 532.20234417915344 59.717915043234825 43.764777615666389 49.565531492233276 42.828903242945671 42.591197818517685 271.4138508439064 64.597712621092796
leaf_count=526 156 158 197 1632 178 130 182 140 139 921 193
internal_value=0.000146939 0.00831487 -0.00130356 0.00132971 0.00305907 0.00292336 -0.00868996 -0.00486836 0.000789475 -0.00842619 0.00850072
internal_weight=1418.6 213.425 1205.17 693.189 591.92 158.272 101.269 511.985 197.742 314.243 108.362
internal_count=4552 637 3915 2189 1810 479 379 1726 665 1061 323
is_linear=0
shrinkage=0.04


Tree=139
num_leaves=13
num_cat=0
split_feature=54 178 128 52 173 151 128 52 6 161 139 88
split_gain=16.2541 10.8031 9.45359 8.34485 8.59432 7.6021 7.37011 11.796 7.03654 6.10583 4.75781 3.8752
threshold=-0.12618310482087569 0.63961038961038974 1.0000000180025095e-35 0.14285714285714288 0.82843137254901966 0.14039408866995076 1.0000000180025095e-35 -0.052506265664160438 -0.13548951048951044 -0.30869702596246318 1.1801731732266005 0.84105263157894739
decision_type=8 8 2 8 8 2 2 10 2 2 2 10
left_child=6 2 8 4 -3 -4 9 -8 -2 -1 -9 -11
right_child=1 3 5 -5 -6 -7 7 10 -10 11 -12 -13
leaf_value=0.0011881548378359873 0.005843048801883112 0.0033119647713621293 0.00061508331778473006 -0.0029902949001144514 0.024588690933566217 0.016375581236581532 0.020006470550538551 -0.022511381985673821 -0.0070046461312289641 -0.026186456146931457 0.00030349986007271838 -0.011710085062746619
leaf_weight=35.426879197359085 92.184406168758869 48.450608775019646 115.31696596741676 44.974302858114243 83.141537263989449 84.57163405418396 31.701677948236465 25.528676904737949 253.33105542510748 50.042302995920181 32.155781008303165 80.307047933340073
leaf_count=205 419 182 510 149 263 316 157 157 1208 326 157 503
internal_value=0.000160209 0.00322979 0.000435231 0.0117997 0.016854 0.00734153 -0.00849593 0.000742489 -0.00356411 -0.0134638 -0.00997086 -0.01744
internal_weight=977.133 721.971 545.404 176.566 131.592 199.889 255.162 89.3861 345.515 165.776 57.6845 130.349
internal_count=4552 3047 2453 594 445 826 1505 471 1627 1034 314 829
is_linear=0
shrinkage=0.04


Tree=140
num_leaves=15
num_cat=0
split_feature=173 55 176 88 30 2 158 145 130 149 142 159 27 175
split_gain=10.0952 8.52686 7.86276 11.1351 8.53087 7.73541 8.7072 7.4113 5.96734 5.76659 5.01602 4.96687 4.78999 4.46689
threshold=0.88675213675213682 0.14999999999999999 1.0000000180025095e-35 0.86515151515151534 -0.15986111111111109 -5.4976043805612571 0.65038279528338638 0.83584866358660015 0.23205128205128209 0.11324786324786326 0.35658189977561711 -0.41385877187405462 25.500000000000004 1.0000000180025095e-35
decision_type=10 10 10 8 2 8 2 2 2 2 10 2 8 2
left_child=2 8 3 10 -5 7 -7 -4 11 12 -1 -2 -3 -11
right_child=1 9 5 4 -6 6 -8 -9 -10 13 -12 -13 -14 -15
leaf_value=0.0072297986457424482 0.0021085101473392945 0.0031310608339565754 -0.0023046337218993406 -0.0079688687899088194 0.0057328551705220368 0.0036635751546591918 -0.010102645908693801 -0.023168848108854351 -0.01764676416120874 0.015426702345524172 0.024686282068879441 -0.01182846157769347 -0.010867120717861918 -0.00061687142835966844
leaf_weight=49.581810563802719 78.144711911678314 69.509475290775299 70.348528638482094 94.28397661447525 305.45692864060402 387.9480701982975 89.621696084737778 43.974078059196472 98.35152480006218 53.458694458007812 59.185619741678238 83.822494775056839 86.911602795124054 56.032349914312363
leaf_count=140 218 193 197 264 849 1078 247 122 297 147 166 235 243 156
internal_value=-0.000225665 -0.00477839 0.00195207 0.00559564 0.00248432 -0.00117898 0.00106029 -0.0104787 -0.00991002 0.000256114 0.0168853 -0.00512031 -0.00465361 0.00726698
internal_weight=1626.63 526.231 1100.4 508.508 399.741 591.892 477.57 114.323 260.319 265.912 108.767 161.967 156.421 109.491
internal_count=4552 1489 3063 1419 1113 1644 1325 319 750 739 306 453 436 303
is_linear=0
shrinkage=0.04


Tree=141
num_leaves=12
num_cat=0
split_feature=82 94 35 37 47 54 40 65 53 30 107
split_gain=9.65293 10.661 7.71599 7.51991 6.66402 6.49249 6.2966 5.68794 5.279 4.85845 5.08976
threshold=0.16904761904761909 4.0000000000000009 52.352257741390879 -0.45937649055206781 70.550389255717519 0.125437062937063 0.91221092401669546 -1.7436073534530145 -0.09500466853408028 0.062678571428571431 0.0049875399052973233
decision_type=2 2 2 2 10 10 2 8 10 2 8
left_child=1 3 5 6 -5 7 -1 -2 -7 10 -3
right_child=2 9 -4 4 -6 8 -8 -9 -10 -11 -12
leaf_value=-0.012977131616411937 0.021418569360963837 -0.0068045167046689552 -0.010121483392022648 -0.0027983693015132096 0.014428903678267836 0.0039516038644109132 0.0041270186206910373 0.0067848135846883461 -0.012875477323135464 0.018651434033596488 0.012052397485580513
leaf_weight=200.05427086353302 49.519293427467346 45.381195470690727 51.57875257730484 476.82617901265621 37.833342522382736 94.050459936261177 40.857006385922432 289.73778380453587 42.44695071876049 44.28317204117775 44.200480282306671
leaf_count=705 144 139 162 1565 124 318 120 865 139 133 138
internal_value=0.000141965 -0.00239816 0.00442652 -0.00424438 -0.00150256 0.00602586 -0.010063 0.00898336 -0.0013222 0.00796181 0.00250793
internal_weight=1416.77 889.436 527.333 755.571 514.66 475.754 240.911 339.257 136.497 133.865 89.5817
internal_count=4552 2924 1628 2514 1689 1466 825 1009 457 410 277
is_linear=0
shrinkage=0.04


Tree=142
num_leaves=14
num_cat=0
split_feature=171 12 46 160 82 53 69 161 168 14 137 27 68
split_gain=16.6285 8.56323 8.32099 7.40177 7.81781 8.11021 7.35068 6.97858 6.85446 6.69579 5.68138 4.5961 4.44359
threshold=0.36515151515151517 -1.0000000180025095e-35 12.605261825344202 -0.25911595501806911 0.14039408866995076 -0.24096582181259599 18.500000000000004 -0.26263696260899722 0.084663164018485809 -0.95141406237685022 0.47147718060265592 1.5000000000000002 25.864476386036966
decision_type=10 2 10 2 2 10 10 2 2 8 10 8 8
left_child=1 2 9 4 5 -2 8 10 -5 -1 -3 -6 -9
right_child=3 7 -4 6 11 -7 -8 12 -10 -11 -12 -13 -14
leaf_value=0.015074279605120739 0.01958913856299907 -0.0077992253309265786 0.016384923503275035 0.019940903197211025 -0.018078389032051733 -0.00016420501411770324 -0.0034363588658570016 0.0037903016852341939 0.0011678282955427143 -0.0091119094936973639 0.011050739207687644 -0.00078922763203621794 -0.012960622247808702
leaf_weight=23.013208895921707 52.088938802480698 53.491178564727306 50.641487114131451 121.62190707027912 37.856136009097099 88.446802258491516 42.262163326144218 27.605844639241695 42.185153871774673 76.103426463901997 47.192772544920444 68.03651325404644 245.17214576900005
leaf_count=101 172 298 237 393 145 340 143 149 129 411 243 249 1542
internal_value=0.000147759 -0.00470218 0.00335348 0.00575813 0.00106025 0.00722983 0.0113342 -0.00793817 0.0151548 -0.00338183 0.00103828 -0.00710004 -0.0112504
internal_weight=975.718 523.22 149.758 452.498 246.428 140.536 206.069 373.462 163.807 99.1166 100.684 105.893 272.778
internal_count=4552 2981 749 1571 906 512 665 2232 522 512 541 394 1691
is_linear=0
shrinkage=0.04


Tree=143
num_leaves=14
num_cat=0
split_feature=132 37 167 174 106 72 21 30 71 161 21 136 162
split_gain=11.8048 7.21326 7.93924 6.83374 6.74305 6.72975 7.12771 6.34106 6.33435 4.99112 6.36048 4.93562 3.43986
threshold=521.56944444444457 -0.61954351840733868 0.043416819086923568 0.74342105263157909 1.0000000180025095e-35 19.500000000000004 -0.30230880230880225 0.087068004459308831 16.500000000000004 -0.17929818244262161 -0.066300366300366273 2.968766590571247 -0.13723790344452411
decision_type=2 2 2 8 2 8 2 2 8 2 2 10 2
left_child=5 4 3 -3 7 9 -7 -2 -8 -1 -11 -4 -6
right_child=1 2 11 -5 12 6 8 -9 -10 10 -12 -13 -14
leaf_value=-0.019771726980037704 0.0064198726978139022 0.0060407644436193753 -0.0019279324978840407 -0.001995688839300225 0.0058669764984034091 -0.012498808856606258 0.011489737748835601 0.020981918782558319 -0.003006604023584475 0.0049274790418812799 -0.013878934269722022 -0.019148592229427611 -0.0085476573375510984
leaf_weight=70.498348459601402 189.97586908936501 292.58059856295586 55.76542991399765 398.59666803479195 48.316861480474472 70.849265426397324 73.346870690584183 64.048635214567184 136.13185513019562 47.680771976709366 69.598289862275124 50.925232648849487 56.133505821228027
leaf_count=200 528 812 155 1105 134 200 206 178 397 135 207 141 154
internal_value=-0.000213844 0.00195458 -0.000162423 0.00140713 0.00665935 -0.00556742 -0.00162126 0.0101672 0.00209012 -0.0114082 -0.00623911 -0.0102677 -0.00186834
internal_weight=1624.45 1156.34 797.868 691.177 358.475 468.105 280.328 254.025 209.479 187.777 117.279 106.691 104.45
internal_count=4552 3207 2213 1917 994 1345 803 706 603 542 342 296 288
is_linear=0
shrinkage=0.04


Tree=144
num_leaves=10
num_cat=0
split_feature=169 35 41 52 79 159 181 72 45
split_gain=11.7547 9.33707 7.20979 8.08428 6.26363 5.52973 5.89808 5.70805 4.45577
threshold=0.62828947368421062 -52.743198507722006 -0.80692420851099189 0.057793522267206528 0.24500000000000002 -0.53767223703133038 1.0000000180025095e-35 16.500000000000004 2.9488529289274088
decision_type=8 2 2 8 2 2 8 10 10
left_child=1 -1 4 -4 -3 7 -7 -2 -8
right_child=5 2 3 -5 -6 6 8 -9 -10
leaf_value=0.01270133926356911 -0.0090683429489712506 -0.0032771311456827553 -0.001290252284427956 -0.0091949682610851634 0.012351870174621978 0.0013112664693858351 0.0099517341713182637 0.0085816375188446769 0.026408006701542277
leaf_weight=65.414670959115028 52.905180230736732 77.024345710873604 570.94017308950424 324.77276533842087 85.614362806081772 56.689094811677933 63.180296570062637 63.244235143065453 47.616128653287888
leaf_count=205 152 254 1897 1120 246 160 179 180 133
internal_value=-6.39916e-06 -0.00184546 -0.0027576 -0.00416568 0.00496309 0.00725384 0.0118835 0.00051635 0.0172149
internal_weight=1407.4 1123.77 1058.35 895.713 162.639 283.635 167.486 116.149 110.796
internal_count=4526 3722 3517 3017 500 804 472 332 312
is_linear=0
shrinkage=0.04


Tree=145
num_leaves=10
num_cat=0
split_feature=171 12 57 9 171 161 119 88 7
split_gain=14.9904 8.44759 10.4453 8.96945 8.42102 5.86096 5.76448 3.06969 3.08374
threshold=0.087121212121212141 -1.4999999999999998 -1144.4999999999998 -1.0000000180025095e-35 0.53452380952380962 -0.10768352840720465 0.19090909090909094 0.75204918032786894 -1.0000000180025095e-35
decision_type=8 2 8 2 8 2 8 8 10
left_child=6 2 -2 5 -5 -3 -1 -8 -9
right_child=1 3 -4 4 -6 -7 7 8 -10
leaf_value=0.0035836453586450844 -0.0042445901544526281 0.00033915288305304319 0.024802297268453365 2.6188539687945776e-05 0.01101606991160914 -0.014665841947355644 -0.001801446314391119 -0.027744561435632149 -0.011988191083522219
leaf_weight=27.066704846918583 31.223560705780983 77.437527813017368 51.508788511157036 439.89880051463842 148.63002735376358 88.376289844512939 18.196835964918137 42.558469265699387 42.659820228815079
leaf_count=185 128 356 189 1970 470 507 122 291 308
internal_value=-0.000126628 0.00184144 0.0138962 0.000500045 0.002819 -0.00768627 -0.0126855 -0.0169563 -0.0201107
internal_weight=967.557 837.075 82.7323 754.343 588.529 165.814 130.482 103.415 85.2183
internal_count=4526 3620 317 3303 2440 863 906 721 599
is_linear=0
shrinkage=0.04


Tree=146
num_leaves=13
num_cat=0
split_feature=170 132 93 131 85 67 173 170 167 140 90 140
split_gain=12.0662 11.3777 9.0237 8.63284 7.91446 8.46345 6.61695 5.03747 4.74153 5.79113 3.29538 2.56577
threshold=0.3373983739837399 507.24269005847958 1.0000000180025095e-35 462.90000000000003 23.500000000000004 25.639972621492131 0.70479302832244028 0.56385869565217395 -0.084087302007386192 2.7042817983235294 856.00000000000011 0.84250936603494164
decision_type=8 2 2 2 2 10 10 8 2 10 10 8
left_child=1 8 6 7 5 -5 -3 10 -1 -10 -2 -9
right_child=3 2 -4 4 -6 -7 -8 11 9 -11 -12 -13
leaf_value=0.006933235996988669 0.0034429218594926752 0.014516006923940002 -0.0086464571302842502 -0.015011141105148821 -0.016418502429578083 0.0015432629428080219 0.0049379104564058456 -0.010616094503140524 -0.0029948851691263094 -0.020211506320760405 -0.011790688035682926 -0.02517897174940353
leaf_weight=42.910036504268646 42.736336424946785 171.27384319901466 56.385007381439209 53.20403316617012 49.356645792722702 557.88616685569286 358.47306829690933 40.785293385386467 109.6659834831953 43.189769580960274 46.325374141335487 42.244501128792763
leaf_count=120 125 488 156 148 138 1543 987 123 308 122 136 132
internal_value=8.27384e-05 0.00364985 0.00643739 -0.00326536 -0.00117611 7.65311e-05 0.00805991 -0.0112187 -0.0046763 -0.00797223 -0.00450156 -0.0182608
internal_weight=1614.44 781.898 586.132 832.538 660.447 611.09 529.747 172.092 195.766 152.856 89.0617 83.0298
internal_count=4526 2181 1631 2345 1829 1691 1475 516 550 430 261 255
is_linear=0
shrinkage=0.04


Tree=147
num_leaves=12
num_cat=0
split_feature=94 170 43 174 15 21 129 89 107 85 125
split_gain=9.31404 10.3978 10.2296 8.32058 8.26734 7.24834 6.82575 7.11106 5.87453 5.37636 5.27994
threshold=4.0000000000000009 0.29705882352941182 -0.0065395907824541957 0.82480818414322254 -2.265800849649787 -0.05857843137254902 0.15894736842105264 2028.5000000000002 0.018590054400071668 10.500000000000002 1.0000000180025095e-35
decision_type=2 10 2 10 10 2 2 8 8 2 2
left_child=1 3 5 8 -4 -3 7 9 -1 -2 -5
right_child=6 2 4 10 -6 -7 -8 -9 -10 -11 -12
leaf_value=-0.013641981168935708 0.020208567807601288 -0.010643635505745435 -0.0073717120666726282 0.0070737471234441221 0.0090122344067842149 0.0011769285962868849 0.020671619006374421 -0.0079687697348682918 -0.0021589470999612611 0.00076950471748216077 -0.0071361234453843269
leaf_weight=205.89093106985092 44.064735278487206 128.58034804463387 57.683659970760345 101.34795071184635 308.68691463768482 229.7439346164465 50.163653329014778 52.747817412018776 110.09269301593304 46.619483709335327 69.716095879673958
leaf_count=712 132 445 186 321 962 727 145 164 368 141 223
internal_value=-9.59712e-06 -0.00131451 0.00172074 -0.00582915 0.00641416 -0.00307699 0.00811256 0.00359362 -0.00966689 0.0103544 0.00126316
internal_weight=1405.34 1211.74 724.695 487.048 366.371 358.324 193.596 143.432 315.984 90.6842 171.064
internal_count=4526 3944 2320 1624 1148 1172 582 437 1080 273 544
is_linear=0
shrinkage=0.04


Tree=148
num_leaves=13
num_cat=0
split_feature=53 123 84 158 64 121 35 82 36 36 130 3
split_gain=13.9836 7.85289 7.16748 7.392 11.8093 6.83447 7.21614 6.31399 6.42151 6.05742 5.17389 1.82684
threshold=-0.070344129554655868 2.5000000000000004 1552.6061046993657 0.36419456222835855 0.055052463043631102 3.5000000000000004 2.8268107354240333 0.14495798319327732 -0.13356594448235476 -1.3183522998873227 0.12060606060606062 2.5000000000000004
decision_type=10 2 2 2 10 2 2 2 2 2 2 2
left_child=2 5 3 9 -5 6 -2 8 -4 -1 -3 -7
right_child=1 10 7 4 -6 11 -8 -9 -10 -11 -12 -13
leaf_value=0.016804971786284446 -0.0096070938985850802 -0.0028825586447834661 0.016318584209767045 0.0049400438409834138 0.035632023631513021 -0.011172072579706892 0.001166031942437334 -0.017951256355125757 -0.010189178692604087 0.0015717100984387925 0.019360489488019109 -0.027733079468089873
leaf_weight=50.31679393351078 220.62745822221041 32.912869840860367 28.838994927704334 47.936334624886513 34.20283716917038 21.96586462110281 179.60784125328064 35.332664534449577 27.660840637981892 228.03588699549437 32.297589048743248 26.286902651190758
leaf_count=183 1214 136 121 174 125 165 938 163 129 879 117 182
internal_value=-0.00012398 -0.00463772 0.00499672 0.00753669 0.0180191 -0.00652726 -0.00477675 -0.00492626 0.00335479 0.00438283 0.00822984 -0.0206146
internal_weight=966.023 513.699 452.324 360.492 82.1392 448.488 400.235 91.8325 56.4998 278.353 65.2105 48.2528
internal_count=4526 2752 1774 1361 299 2499 2152 413 250 1062 253 347
is_linear=0
shrinkage=0.04


Tree=149
num_leaves=14
num_cat=0
split_feature=107 53 11 71 173 132 53 38 174 80 119 148 71
split_gain=11.7584 8.15188 10.4565 8.05406 7.97839 7.77794 7.43631 7.14303 6.77048 4.567 4.45785 4.3053 3.74554
threshold=0.015086246444627973 -0.21641838553603257 -1.4999999999999998 18.500000000000004 0.68019480519480535 384.20000000000005 0.19429181929181932 -0.55015770228666028 0.74342105263157909 0.26491228070175443 0.82575757575757591 9.9402700662662618 12.500000000000002
decision_type=8 8 2 8 8 2 8 2 10 2 8 8 10
left_child=1 3 11 9 -4 12 8 -8 -7 -1 -5 -3 -2
right_child=5 2 4 10 -6 6 7 -9 -10 -11 -12 -13 -14
leaf_value=-0.0040008571125739346 -0.0074356471924177893 0.0019170219261033731 0.013999392995784126 -0.004666160868910859 0.0039723910703944269 0.0022292710908611364 -0.0079638484503841353 0.010545747144243263 -0.0091992652343261989 0.014069777524991174 -0.020321286451962926 -0.014870894692038672 -0.022379697666709612
leaf_weight=43.047540962696075 68.614298164844513 43.399974524974823 170.98098704218864 80.295455455780029 494.32331347465515 126.54570189118385 46.247666448354721 112.67393198609352 236.54509702324867 44.563448399305344 45.839672788977623 53.814445182681084 45.53610235452652
leaf_count=121 195 121 484 225 1367 352 130 314 664 124 133 155 141
internal_value=8.39135e-05 0.00284148 0.00477686 -0.00404357 0.00656944 -0.00414257 -0.00205808 0.00513066 -0.00521547 0.00522328 -0.0104863 -0.0074126 -0.013557
internal_weight=1612.43 976.265 762.519 213.746 665.304 636.163 522.012 158.922 363.091 87.611 126.135 97.2144 114.15
internal_count=4526 2730 2127 603 1851 1796 1460 444 1016 245 358 276 336
is_linear=0
shrinkage=0.04


Tree=150
num_leaves=9
num_cat=0
split_feature=169 35 175 30 14 174 64 159
split_gain=10.7043 8.66617 7.24272 8.12791 6.21514 6.04271 6.29176 5.99311
threshold=0.62828947368421062 -52.743198507722006 1.0000000180025095e-35 0.1908263305322129 2.1050630056017376 0.80384615384615399 -0.84060900106351089 -0.53767223703133038
decision_type=8 2 2 2 10 10 10 2
left_child=1 -1 4 -4 -3 7 -7 -2
right_child=5 2 3 -5 -6 6 -8 -9
leaf_value=0.012227123925919577 -0.0093489264537482547 -0.0079972374155751567 0.0027537006658515137 -0.0094118038667153712 0.0051288378020225628 0.0034522650069314588 0.019944109953034764 0.0077426088654631974
leaf_weight=65.613270118832588 54.727369263768196 422.1423092186451 459.03066201508045 107.60041110217571 65.939366161823273 69.248964756727219 80.631251364946365 78.826642036437988
leaf_count=205 159 1473 1472 361 211 194 226 225
internal_value=-4.15914e-06 -0.00176354 -0.00264654 0.000427498 -0.00621297 0.00692482 0.012411 0.000706596
internal_weight=1403.76 1120.33 1054.71 566.631 488.082 283.434 149.88 133.554
internal_count=4526 3722 3517 1833 1684 804 420 384
is_linear=0
shrinkage=0.04


Tree=151
num_leaves=12
num_cat=0
split_feature=171 107 178 145 36 160 5 177 91 88 7
split_gain=13.9029 10.1057 9.49402 8.43165 8.54132 7.69089 6.65022 5.64491 5.55173 2.87031 2.04818
threshold=0.087121212121212141 0.015086246444627973 0.22649572649572652 1.6344275388650438 -0.77124402106821843 -0.34436496938392208 -1.0000000180025095e-35 1.0000000180025095e-35 1636.909536204068 0.75204918032786894 -1.0000000180025095e-35
decision_type=8 8 8 2 2 2 2 8 2 8 10
left_child=7 2 6 4 -3 -5 -2 -1 -4 -9 -11
right_child=1 3 8 5 -6 -7 -8 9 -10 10 -12
leaf_value=0.0022964879817204535 -0.00057759793868841737 0.016649296966620653 0.00055127765543209616 0.0040371581839738534 -0.00064981800459276305 0.028053280519169155 -0.014754985345900615 -0.0019070597954669521 0.01631562436712276 -0.02651862376681963 -0.012957818459993491
leaf_weight=31.414083689451218 98.274657607078552 58.231717102229595 238.46748024225235 38.325240924954414 198.25470972061157 48.897677525877953 114.74080943316221 17.052252098917961 41.126975730061531 41.20001458376646 38.678863875567913
leaf_count=201 531 248 875 124 917 149 623 119 153 294 292
internal_value=-0.000126065 0.00175738 -0.00191194 0.00701241 0.00331935 0.0176888 -0.00825686 -0.0123331 0.00292715 -0.0170698 -0.0202184
internal_weight=964.664 836.319 492.61 343.709 256.486 87.2229 213.015 128.345 279.594 96.9311 79.8789
internal_count=4526 3620 2182 1438 1165 273 1154 906 1028 705 586
is_linear=0
shrinkage=0.04


Tree=152
num_leaves=14
num_cat=0
split_feature=131 107 160 134 132 53 81 34 53 53 169 164 156
split_gain=11.1223 9.31565 7.8681 7.31352 7.27206 7.09422 6.29485 5.67749 5.29243 5.2163 4.92418 3.33626 2.60666
threshold=462.90000000000003 0.015086246444627973 -0.59633979191656594 4.2430569813438463 717.05000000000007 -0.22825630252100837 0.18465909090909094 0.20119047619047623 -0.083333333333333329 0.12838827838827843 0.36515151515151517 -0.297218862610032 -0.21983460729928853
decision_type=2 8 2 8 2 8 2 2 10 8 10 2 2
left_child=3 2 7 8 9 -4 -6 -2 12 -3 -10 -5 -1
right_child=1 4 5 11 6 -7 -8 -9 10 -11 -12 -13 -14
leaf_value=-0.018458795175481574 0.0017979137669618258 -0.01041287458749425 -0.0018467494191486784 -0.008539524318023399 -0.00076963152130165192 0.0097448608145153867 0.015992715569583399 -0.01229463997503677 0.012757776606388596 0.00022106931753596406 -0.003276800490835315 -0.025047033895455661 -0.0039445908166915403
leaf_weight=38.917353048920631 247.62634420394897 192.24051736295223 105.96896782517433 40.985836401581764 134.12664392590523 404.90386125445366 47.779967904090881 55.032866269350052 43.184854164719582 118.76215094327927 98.82899384200573 40.537124142050743 41.514854520559311
leaf_count=120 685 536 295 120 372 1127 133 152 122 330 289 120 125
internal_value=8.04137e-05 0.00168608 0.00431418 -0.00679699 -0.00264742 0.00733763 0.00368563 -0.000790015 -0.00299826 -0.006358 0.00164027 -0.0169761 -0.0111323
internal_weight=1610.41 1306.44 813.532 303.969 492.909 510.873 181.907 302.659 222.446 311.003 142.014 81.523 80.4322
internal_count=4526 3630 2259 896 1371 1422 505 837 656 866 411 240 245
is_linear=0
shrinkage=0.04


Tree=153
num_leaves=8
num_cat=0
split_feature=93 164 69 32 63 87 58
split_gain=9.47042 9.83024 6.03401 5.80563 7.79021 7.02265 4.90913
threshold=1.0000000180025095e-35 2.0171262360230897 26.500000000000004 -0.13295454545454541 -237.40196884115161 0.82247899159663873 50.500000000000007
decision_type=2 2 8 2 2 10 8
left_child=1 3 -2 4 -1 -5 -4
right_child=2 -3 6 5 -6 -7 -8
leaf_value=0.015962191054521867 0.021600532290270237 0.018301315727258877 0.011189953254767697 0.0012544101559691617 -0.00019046825242630426 -0.0063114517802709972 -0.0044574505728441323
leaf_weight=56.567500337958336 42.938350796699524 38.8818139731884 72.144194543361664 302.93792289495468 279.29503571987152 553.0485061109066 56.161510080099106
leaf_count=169 129 117 212 997 880 1854 168
internal_value=-1.00111e-06 -0.00123094 0.00878275 -0.00188462 0.00256341 -0.00363318 0.00434386
internal_weight=1401.97 1230.73 171.244 1191.85 335.863 855.986 128.306
internal_count=4526 4017 509 3900 1049 2851 380
is_linear=0
shrinkage=0.04


Tree=154
num_leaves=12
num_cat=0
split_feature=54 180 177 20 48 140 174 180 85 72 47
split_gain=13.279 8.57535 8.05787 9.17357 5.21258 6.42235 5.78724 5.03521 4.33808 3.69918 1.97058
threshold=-0.12485294117647057 0.5634920634920636 0.18465909090909094 1.4749781772487027 -0.09282579792306804 2.5693364231564613 0.94365079365079374 0.18465909090909094 7.5000000000000009 12.500000000000002 -6.0716769150662904
decision_type=8 10 10 8 10 10 10 8 2 10 10
left_child=4 2 7 -4 8 6 -6 -2 -1 -3 -10
right_child=1 9 3 -5 5 -7 -8 -9 10 -11 -12
leaf_value=-0.00027897662873088708 0.0011628607827720964 0.0069983506057272838 -0.0063404637125015683 0.012778300877939582 -0.014028885587005198 0.0092500526739335287 0.00430191167042622 0.011380442807572055 -0.027057562866516869 0.024181769717155653 -0.010648741642979818
leaf_weight=20.155326619744301 180.83248061686754 47.416781842708588 267.5364036783576 46.208290904760361 89.908573873341084 42.578575022518635 38.77629067748785 134.60069151967764 39.260571151971817 35.951833240687847 19.929179318249226
leaf_count=115 733 161 1343 148 576 234 218 494 252 129 123
internal_value=-0.000130286 0.00265384 0.00104294 -0.00348665 -0.00803332 -0.00404687 -0.00849931 0.00555138 -0.0164556 0.014631 -0.0218347
internal_weight=963.155 712.546 629.178 313.745 250.609 171.263 128.685 315.433 79.3451 83.3686 59.1898
internal_count=4526 3008 2718 1491 1518 1028 794 1227 490 290 375
is_linear=0
shrinkage=0.04


Tree=155
num_leaves=12
num_cat=0
split_feature=107 170 43 22 132 32 68 69 41 62 135
split_gain=10.2338 7.89118 8.28276 8.32895 7.23334 6.61441 6.2769 5.96383 5.38656 4.94533 4.3107
threshold=0.015086246444627973 0.29705882352941182 -0.074082507139607581 4.3378520822313504 384.20000000000005 0.2528195488721805 30.707734428473653 35.500000000000007 0.034115714648676375 -261.20526315789465 2.2003861003861007
decision_type=8 10 2 10 2 2 10 10 2 8 2
left_child=1 7 8 -4 10 6 -6 9 -3 -1 -2
right_child=4 2 3 -5 5 -7 -8 -9 -10 -11 -12
leaf_value=-0.0031840649918113231 -0.021944974696133577 0.00049964494872106638 -0.0074021058192449444 0.0040253590072104059 0.0016350696313705739 0.010321653797575327 -0.0077425830621510455 -0.0065327408898064555 0.015056034721264405 0.010912796564881177 -0.0060672850391503951
leaf_weight=45.456878364086151 48.299433544278145 85.760958820581436 270.42720885574818 162.47925499081612 206.77077251672745 61.724890321493149 252.49616356194019 44.042253494262695 77.002719342708588 288.98702032864094 65.030153602361679
leaf_count=126 145 240 758 456 580 172 708 124 215 811 191
internal_value=8.01626e-05 0.00265505 -0.000213366 -0.00310913 -0.00386902 -0.00186128 -0.00352186 0.00716337 0.0074483 0.00898704 -0.0129844
internal_weight=1608.48 974.156 595.67 432.906 634.321 520.992 459.267 378.486 162.764 334.444 113.33
internal_count=4526 2730 1669 1214 1796 1460 1288 1061 455 937 336
is_linear=0
shrinkage=0.04


Tree=156
num_leaves=9
num_cat=0
split_feature=20 68 79 169 84 32 38 168
split_gain=7.90189 9.45385 11.0144 9.71965 7.70938 7.36546 6.3819 4.88392
threshold=-1.9997222993612882 29.214236824093089 0.15587044534412958 0.58578431372549034 1486.9103219635215 -0.23431372549019605 -0.56417938563081715 0.0076153152917073563
decision_type=10 8 2 10 2 2 2 2
left_child=7 5 3 -3 -4 -2 -7 -1
right_child=1 2 4 -5 -6 6 -8 -9
leaf_value=0.002188846021592051 0.0058974032289509414 -0.0069509510774475678 -0.0085964801912201735 0.01028353056970553 0.0063461862094583849 0.00036091538116363712 -0.012438441421757623 0.020275297199661958
leaf_weight=50.162330761551857 64.633295014500618 313.41950789093971 60.984285786747932 61.818878814578056 508.31452672183514 86.032056361436844 221.89146980643272 45.582578256726265
leaf_count=150 204 1133 187 179 1521 271 767 139
internal_value=-9.16935e-05 -0.000902896 0.00122453 -0.00408654 0.00472973 -0.00629073 -0.00886631 0.0109408
internal_weight=1412.84 1317.09 944.537 375.238 569.299 372.557 307.924 95.7449
internal_count=4551 4262 3020 1312 1708 1242 1038 289
is_linear=0
shrinkage=0.04


Tree=157
num_leaves=10
num_cat=0
split_feature=171 31 145 92 164 47 66 144 108
split_gain=14.5671 7.99209 7.81063 7.28354 6.5884 6.00347 3.77852 3.34508 1.49002
threshold=0.081666666666666679 -394.47321428571422 0.3073420762594738 1408.5446008543365 -0.33400119460935257 5.31110369141311 -0.96131548583615056 0.79587542087542096 -0.14157016575336454
decision_type=10 2 2 2 2 8 8 8 10
left_child=6 4 3 -3 -2 -4 -1 8 -8
right_child=1 2 5 -5 -6 -7 7 -9 -10
leaf_value=0.0029566541371358391 0 -0.0018090054347867036 -0.001601529470905419 -0.017461785259398416 0.024623555258970708 0.0067596752227366145 -0.010380899009970029 -0.005960379603636449 -0.024722096152022661
leaf_weight=17.957222640514374 31.336739212274551 151.82583369314671 306.37509474158287 68.679802194237709 38.102479413151741 247.27968733757734 18.003619857132435 34.141739130020142 55.193565860390663
leaf_count=129 134 787 1199 468 148 932 120 236 398
internal_value=-0.00112179 0.000771825 -0.000398855 -0.00675015 0.0136722 0.0021347 -0.0137922 -0.0166141 -0.0214091
internal_weight=968.896 843.6 774.16 220.506 69.4392 553.655 125.296 107.339 73.1972
internal_count=4551 3668 3386 1255 282 2131 883 754 518
is_linear=0
shrinkage=0.04


Tree=158
num_leaves=11
num_cat=0
split_feature=176 53 24 134 20 93 43 16 137 148
split_gain=9.63177 12.456 11.2482 9.10689 7.80081 7.73825 5.91307 7.17298 5.54984 5.50016
threshold=1.0000000180025095e-35 -0.08908730158730159 -305.49999999999994 2.7378795257988311 0.82834808154635142 1.0000000180025095e-35 0.0019929769235926893 0.055863602176916667 0.47357508723078778 22.876415645067137
decision_type=10 10 2 10 10 2 2 8 10 10
left_child=1 3 -2 -1 -5 9 8 -8 -4 -3
right_child=2 5 6 4 -6 -7 7 -9 -10 -11
leaf_value=-0.014256375984504034 -0.018518429464803154 0.012930867909016446 0.0061424969489224717 0.0055819158120465426 -0.012033452524944001 -0.0058098454480510269 -0.0089490984915809001 0.0024138274761134012 -0.0027835541048890004 0.00032816198035602747
leaf_weight=72.357667610049248 60.77925369143486 302.61344847083092 254.9177168905735 188.71091777086258 50.025525480508804 51.47918775677681 227.95141342282295 144.34726729989052 196.27507753670216 68.241617947816849
leaf_count=212 171 846 710 530 146 144 642 407 553 190
internal_value=0.000753483 0.00414055 -0.00205505 -0.00192531 0.0018476 0.00860741 -0.000816525 -0.00454345 0.00225755 0.0106243
internal_weight=1617.7 733.428 884.271 311.094 238.736 422.334 823.491 372.299 451.193 370.855
internal_count=4551 2068 2483 888 676 1180 2312 1049 1263 1036
is_linear=0
shrinkage=0.04


Tree=159
num_leaves=11
num_cat=0
split_feature=99 68 106 143 72 173 55 139 163 153
split_gain=15.8802 10.2844 8.83792 7.86928 6.58653 6.38708 5.69545 4.63396 3.22879 2.31579
threshold=1.0000000180025095e-35 29.011635865845317 1.0000000180025095e-35 1.0000000180025095e-35 23.500000000000004 0.83666666666666678 -0.23067283593599378 0.97554874998474872 -0.20975907882378242 0.35564809916181978
decision_type=2 8 2 10 8 8 8 2 2 2
left_child=1 2 6 7 9 -5 -1 -3 -4 -2
right_child=4 3 8 5 -6 -7 -8 -9 -10 -11
leaf_value=0.011884436481970746 -0.029846752538974185 0.0031073120451790615 -0.019473580764683127 0.0014309267664955425 -0.0034003998194388832 0.0085004664075925534 -0.003247975358532254 -0.014294859200225914 -0.0051234231933795825 -0.01436156311578376
leaf_weight=48.219671666622162 31.36160309612751 41.131681248545647 65.654941961169243 431.09025226533413 58.211018487811089 390.21337880194187 206.68354527652264 57.855242550373077 42.420582801103592 38.276351571083069
leaf_count=155 138 123 218 1381 211 1174 670 194 139 148
internal_value=-7.93138e-05 0.00126243 -0.00442904 0.00351179 -0.0134677 0.00479845 -0.000342329 -0.00708504 -0.013958 -0.0216875
internal_weight=1411.12 1283.27 362.979 920.291 127.849 821.304 254.903 98.9869 108.076 69.638
internal_count=4551 4054 1182 2872 497 2555 825 317 357 286
is_linear=0
shrinkage=0.04


Tree=160
num_leaves=12
num_cat=0
split_feature=171 53 92 31 157 38 82 57 121 180 81
split_gain=13.9049 8.7662 8.19598 5.01952 5.60312 4.88139 4.39827 4.27154 3.89383 3.32679 1.21058
threshold=0.081666666666666679 -0.13310023310023306 1349.3508927051209 -282.33928571428567 -0.34383063859306523 -0.8366404643076315 0.067424242424242428 -111.49999999999999 1.0000000180025095e-35 0.84523809523809534 0.085144927536231887
decision_type=10 10 2 2 2 2 2 10 2 8 2
left_child=5 2 7 8 -5 -1 -4 -2 -3 10 -7
right_child=1 3 6 4 -6 9 -8 -9 -10 -11 -12
leaf_value=0.0015914627041176191 0.017805818502404848 0.018050128502757518 0.0070869826011321791 -0.011977625864328894 -0.0015693279338280222 -0.016937538667088591 -0.0067782729504044219 0.0058324175133107675 -0.00018549996849532617 -0.004782989069682774 -0.028787519081138024
leaf_weight=26.397935770452023 82.878696449100971 28.38756413012743 58.731734871864319 113.93635229766369 299.04344102740288 43.707861095666885 93.420386575162411 115.69107037782669 51.043098486959934 25.159897938370705 28.588676810264587
leaf_count=197 277 106 230 642 1389 316 377 402 245 147 223
internal_value=-0.00109697 0.000744782 0.00557097 -0.00269296 -0.00446768 -0.0135562 -0.0014018 0.0109041 0.00645022 -0.017654 -0.0219796
internal_weight=966.987 843.132 350.722 492.41 412.98 123.854 152.152 198.57 79.4307 97.4564 72.2965
internal_count=4551 3668 1286 2382 2031 883 607 679 351 686 539
is_linear=0
shrinkage=0.04


Tree=161
num_leaves=11
num_cat=0
split_feature=94 155 7 159 153 27 181 53 153 40
split_gain=9.3483 7.91222 8.16757 7.29943 6.891 6.67699 7.08741 6.3281 5.19255 3.25208
threshold=4.0000000000000009 -0.54048449112885377 0.10000000000000005 -0.096920855330373076 2.6062279181167045 -28.499999999999996 0.30384615384615393 -0.29935064935064931 0.53041301320747547 0.14519434308148893
decision_type=2 2 8 2 2 10 10 8 2 2
left_child=1 2 3 -1 7 -2 9 -3 -4 -7
right_child=5 4 8 -5 -6 6 -8 -9 -10 -11
leaf_value=0.0059413239600684762 -0.020956374787243433 -0.0090921059164614914 0.007079545223061783 -0.0091528122150668877 0.015098377073000111 0.010045639543120819 -0.012757549017594835 0.00048358419022844222 0.021109790807639885 -0.0044855210376870637
leaf_weight=187.1649121940136 42.977905511856079 127.09259450435638 102.87658327817917 69.422880351543427 44.545189157128334 54.39208596944809 73.232716575264931 797.89111979305744 73.321936547756195 43.367546439170837
leaf_count=528 123 364 290 195 125 153 210 2234 206 123
internal_value=0.000727052 0.00191764 0.006408 0.00182998 -8.92729e-05 -0.00703915 -0.003428 -0.000838352 0.0130155 0.00359901
internal_weight=1616.29 1402.32 432.786 256.588 969.529 213.97 170.992 924.984 176.199 97.7596
internal_count=4551 3942 1219 723 2723 609 486 2598 496 276
is_linear=0
shrinkage=0.04


Tree=162
num_leaves=9
num_cat=0
split_feature=99 68 32 31 173 38 173 141
split_gain=15.1757 9.70631 9.48716 7.62757 6.28698 5.22955 4.33849 3.36109
threshold=1.0000000180025095e-35 29.011635865845317 -0.225705329153605 -377.87499999999994 0.83666666666666678 -0.56417938563081715 0.88675213675213682 0.36537550343520497
decision_type=2 8 2 2 8 2 10 10
left_child=1 2 -1 -3 -5 -4 7 -2
right_child=6 3 5 4 -6 -7 -8 -9
leaf_value=0.009320818284558878 -0.0096729779091387757 -0.0092108360339901805 0.00062612319715792889 0.0011643737378756085 0.0080526456486451278 -0.01086988341822427 -8.8814962106427263e-05 -0.02498939812030565
leaf_weight=65.841672480106354 48.998238727450371 69.68022845685482 90.643693268299103 444.45059390366077 406.43402397632599 205.76144059002399 30.87550787627697 47.003363519906998
leaf_count=204 194 215 278 1430 1227 700 104 199
internal_value=-7.41075e-05 0.00123343 -0.00430306 0.00341655 0.00446257 -0.00735728 -0.0132161 -0.017373
internal_weight=1409.69 1282.81 362.247 920.565 850.885 296.405 126.877 96.0016
internal_count=4551 4054 1182 2872 2657 978 497 393
is_linear=0
shrinkage=0.04


Tree=163
num_leaves=11
num_cat=0
split_feature=171 143 50 53 47 160 21 38 180 173
split_gain=13.3198 9.97414 10.798 9.7885 9.70171 11.8712 4.83789 4.73176 3.26325 1.7884
threshold=0.081666666666666679 0.52086956521739147 -7.4999999999999991 -0.27300331247699666 5.6268898595470782 -0.10354156396352039 -0.068349524871263972 -0.8366404643076315 0.84523809523809534 0.57417582417582425
decision_type=10 10 10 10 8 2 2 2 8 8
left_child=7 2 -2 -4 6 -6 -3 -1 9 -9
right_child=1 4 3 -5 5 -7 -8 8 -10 -11
leaf_value=0.001546508805894409 -0.01174143886005018 -0.0013543023251978148 0.020629560989360782 0.0042838454918944467 -0.0039135995876339591 0.014917204686358361 -0.011983678846543602 -0.010150938519711728 -0.0046763082280603567 -0.025582982621676922
leaf_weight=26.431474424898624 45.880560383200645 116.09141633659601 81.438621915876865 207.14261639863253 136.36885705590248 86.786192141473293 168.79993911832571 18.59948419034481 25.074642047286034 52.406686127185822
leaf_count=197 176 523 258 840 654 366 851 132 147 407
internal_value=-0.00106455 0.000730747 0.00608677 0.00895888 -0.00279638 0.00343476 -0.00767916 -0.0133328 -0.0174204 -0.0217656
internal_weight=965.02 842.508 334.462 288.581 508.046 223.155 284.891 122.512 96.0808 71.0062
internal_count=4551 3668 1274 1098 2394 1020 1374 883 686 539
is_linear=0
shrinkage=0.04


Tree=164
num_leaves=13
num_cat=0
split_feature=176 53 74 93 136 68 137 119 42 34 15 54
split_gain=9.08527 11.5582 8.86863 7.01564 6.96788 7.73626 6.39692 5.75093 5.55233 4.46508 4.09995 4.05462
threshold=1.0000000180025095e-35 -0.08908730158730159 404.50000000000006 1.0000000180025095e-35 2.1093014359698685 29.567419575633132 0.44123100414455035 0.62019230769230782 0.063081754068002954 0.076556776556776576 0.34745274182106761 0.0075689223057644099
decision_type=10 10 2 2 10 8 8 8 2 2 8 8
left_child=1 7 4 8 6 -6 -2 9 -3 -1 -9 -4
right_child=2 3 11 -5 5 -7 -8 10 -10 -11 -12 -13
leaf_value=0.0088877712702718908 0.0014115450278683677 0.0071496924785510261 -0.022475254372185168 -0.0054402519355536616 0.0080204436262222012 -0.001647650165419631 -0.01526945821980877 -0.002070035309374242 0.01816744591282211 -0.0052776823590837711 -0.01529777124072209 -0.0052073279098089932
leaf_weight=96.147173523902893 61.965109527111053 268.52518394589424 43.958157539367676 51.373993098735809 184.75184862315655 459.8498177677393 88.228212222456932 99.000776767730713 101.72497844696045 55.18584905564785 60.142682164907455 44.402405798435211
leaf_count=267 172 750 123 144 516 1295 252 291 286 153 177 125
internal_value=0.000702189 0.0039952 -0.00202675 0.00830134 -0.000679943 0.00112839 -0.00841035 -0.00185395 0.010223 0.00370826 -0.00714579 -0.0139756
internal_weight=1615.26 732.101 883.156 421.624 794.795 644.602 150.193 310.476 370.25 151.333 159.143 88.3606
internal_count=4551 2068 2483 1180 2235 1811 424 888 1036 420 468 248
is_linear=0
shrinkage=0.04


Tree=165
num_leaves=10
num_cat=0
split_feature=161 65 48 68 45 40 153 163 48
split_gain=7.43407 10.6676 6.80393 7.09883 6.45654 7.39861 7.90931 5.01894 4.56953
threshold=0.32783171705919911 2.0447187242392917 0.1634640903193392 29.011635865845317 37.369758078086541 0.19764176243868067 -0.42946997600115799 -0.23336292753360696 -0.18309114983565486
decision_type=2 10 10 8 10 2 2 2 8
left_child=4 2 3 -2 5 6 -1 -4 -7
right_child=1 -3 7 -5 -6 8 -8 -9 -10
leaf_value=-0.012313669696629939 -0.0059011703693947013 0.022628078352250919 -0.0080089433650617405 0.0091751594375693007 0.009812413841626965 0.0012586907345026105 0.00040665862858820694 0.0071729233958645082 -0.014316958870880398
leaf_weight=89.400580242276192 63.393409416079521 42.970325529575348 133.42174857854843 223.03489492833614 64.720976188778877 38.786852031946182 577.77447168529034 46.032344862818718 128.41224287450314
leaf_count=331 190 125 394 646 218 127 1952 135 433
internal_value=-6.97837e-05 0.00378797 0.00200124 0.00582253 -0.00225713 -0.00320636 -0.00131073 -0.00408534 -0.0107058
internal_weight=1407.95 508.853 465.882 286.428 899.095 834.374 667.175 179.454 167.199
internal_count=4551 1490 1365 836 3061 2843 2283 529 560
is_linear=0
shrinkage=0.04


Tree=166
num_leaves=13
num_cat=0
split_feature=54 160 145 172 31 158 182 119 7 173 92 165
split_gain=9.42058 7.62663 10.3948 6.41558 6.37678 6.94252 8.48372 5.71234 5.49075 5.41457 4.31807 3.34024
threshold=-0.025446775446775424 -0.34436496938392208 0.78340346926621718 0.057189542483660136 -369.83333333333326 0.37888346177571236 0.26969696969696971 0.64852941176470602 -0.21428571428571425 0.84412955465587058 1139.0618069426259 -0.0088191902653965131
decision_type=8 2 2 8 2 2 10 10 10 8 2 2
left_child=4 3 8 11 -1 10 -7 -5 -3 -4 -6 -2
right_child=1 2 9 7 5 6 -8 -9 -10 -11 -12 -13
leaf_value=0.010752629728440474 -0.024113535428429686 0.0059634475765686229 0.021347038500694228 -0.0052426947250643688 -0.0043918586289714125 -0.0084950974709356534 0.013682043692708675 0.0074722726625085735 -0.0088259476309970521 0.0065085084952719342 -0.016817663260364622 -0.0060911076719450518
leaf_weight=30.986381739377975 26.435396559536457 83.846646398305893 73.087783247232437 121.11477177590132 70.227349326014519 72.796586871147156 43.083447486162186 104.22036089748144 75.220465540885925 87.809688970446587 129.4856261909008 44.610891833901405
leaf_count=170 145 364 233 535 388 417 249 390 360 265 835 200
internal_value=-0.00102459 0.00193971 0.00621512 -0.00267455 -0.00629239 -0.00800094 -0.000186153 0.000636334 -0.00102919 0.0133515 -0.0125019 -0.0130664
internal_weight=962.925 616.346 319.965 296.381 346.579 315.593 115.88 225.335 159.067 160.897 199.713 71.0463
internal_count=4551 2492 1222 1270 2059 1889 666 925 724 498 1223 345
is_linear=0
shrinkage=0.04


Tree=167
num_leaves=8
num_cat=0
split_feature=99 54 131 68 68 153 157
split_gain=7.5629 6.8612 7.08302 6.42599 4.33617 3.39552 3.31601
threshold=1.0000000180025095e-35 0.46818181818181831 227.56250000000003 29.214236824093089 28.803559206023277 0.033590596327020446 -0.13202886912760856
decision_type=2 10 2 8 10 2 2
left_child=1 2 -1 -4 -2 -6 -7
right_child=4 -3 3 -5 5 6 -8
leaf_value=-0.011203917751363732 -0.0022287377561767984 -0.012889853185123793 0.0052817605796448069 -0.00082118693019953947 0.021469172878741172 0.015322464380683184 -0.00030739672230170367
leaf_weight=79.20555217564106 43.552659958600998 64.804575949907303 396.46475234627724 901.74776516854763 42.420908033847809 42.296143800020218 43.008265018463135
leaf_count=235 125 190 1105 2524 123 126 123
internal_value=0.000673863 -0.00027081 0.000330359 0.0010437 0.00859536 0.0122904 0.00750687
internal_weight=1613.5 1442.22 1377.42 1298.21 171.278 127.725 85.3044
internal_count=4551 4054 3864 3629 497 372 249
is_linear=0
shrinkage=0.04


Tree=168
num_leaves=14
num_cat=0
split_feature=54 32 143 132 127 89 31 157 134 18 54 122 34
split_gain=9.92611 9.56348 7.9244 7.33126 6.78172 6.59187 8.83547 6.18423 8.05483 5.51705 4.67061 5.98079 4.36105
threshold=0.125437062937063 -0.21503759398496236 0.52086956521739147 694.34848484848499 1.0000000180025095e-35 1321.5000000000002 -159.33333333333329 0.20774974860296733 1.926010642370416 0.024062816616008124 0.47977941176470595 1.5000000000000002 0.22185672514619884
decision_type=8 2 10 2 2 10 2 2 10 10 8 2 2
left_child=1 5 10 9 -5 6 -1 8 -3 -4 11 -2 -9
right_child=2 7 3 4 -6 -7 -8 12 -10 -11 -12 -13 -14
leaf_value=0.020280431702716574 -0.020921225106293746 0.016357421300879596 -0.00067930881859747582 -0.01534661875574749 0.0063977754190505214 0.020544682184952506 -0.0014574939261503667 -0.0063888858692572881 0.0011644270596385144 0.014852433606805167 0.0010382338179641549 -0.0018953900112800479 0.0081842254918224472
leaf_weight=41.972918078303337 88.814839169383049 63.013021931052208 99.411526426672935 72.618646889925003 32.518524706363678 65.585593357682228 97.603036999702454 235.37753407657146 441.78985115885735 56.623621448874474 35.483057990670204 38.105408564209938 37.169494152069092
leaf_count=125 334 192 326 270 122 196 288 788 1352 188 128 128 126
internal_value=0.000298253 0.00250598 -0.00481184 -0.000479504 -0.0086054 0.0101657 0.00516302 0.00047136 0.00309347 0.00500296 -0.0117212 -0.0152842 -0.00437147
internal_weight=1406.09 982.511 423.576 261.172 105.137 205.162 139.576 777.35 504.803 156.035 162.403 126.92 272.547
internal_count=4563 3067 1496 906 392 609 413 2458 1544 514 590 462 914
is_linear=0
shrinkage=0.04


Tree=169
num_leaves=10
num_cat=0
split_feature=171 31 165 44 119 158 134 144 13
split_gain=12.2047 8.12031 9.31033 7.86727 7.45531 8.68705 5.71958 5.57815 5.51218
threshold=0.30901856763925734 416.10000000000008 0.14112415044895074 -28.094362939427466 0.64852941176470602 0.76395593205086909 5.1627712050560728 0.66348895224518889 -1.4999999999999998
decision_type=8 2 2 8 10 2 10 10 2
left_child=1 2 8 -2 6 -6 -5 -4 -1
right_child=3 -3 7 4 5 -7 -8 -9 -10
leaf_value=-0.019986238068911259 -0.011235505899693391 0.0126791394676112 0.02220697456141613 -0.0018308117758390505 0.0061855508608336185 0.024858505906680955 0.01493405535232851 -0.0043619157689802589 -0.0069651014962710256
leaf_weight=64.53584298491478 50.668476104736328 35.172011323273182 24.314902298152447 226.79767026007175 179.44004364311695 50.873892106115818 36.980665467679501 24.509680554270744 270.05775541067123
leaf_count=465 196 192 124 878 585 169 138 131 1685
internal_value=-0.000322471 -0.0054535 -0.00715071 0.00361927 0.00516627 0.0104085 0.000559527 0.00900953 -0.00953463
internal_weight=963.351 418.59 383.418 544.761 494.092 230.314 263.778 48.8246 334.594
internal_count=4563 2597 2405 1966 1770 754 1016 255 2150
is_linear=0
shrinkage=0.04


Tree=170
num_leaves=12
num_cat=0
split_feature=132 52 40 176 46 63 72 164 107 169 33
split_gain=11.6219 7.63924 13.3107 7.13343 5.19812 4.98172 4.78542 5.4091 6.82898 5.13211 4.8174
threshold=527.38095238095252 -0.013245614035087725 1.7961251285613882 3.5000000000000004 44.135811918263819 -73.304519031166009 15.500000000000002 -0.13021600053082252 0.014449697037238198 0.35038363171355508 -2.3556727359011087
decision_type=2 8 2 10 8 2 8 2 8 10 10
left_child=6 4 3 -3 5 -2 10 9 -9 -8 -1
right_child=1 2 -4 -5 -6 -7 7 8 -10 -11 -12
leaf_value=-0.0040822742766866557 -0.0053042566227033683 0.0077199350421707068 -0.014336091689891821 -0.006119926386010892 -0.011573363046970207 0.0040584862543420292 -0.013544788095629692 0.011774454568047793 -0.0064133117434858125 -0.0016884506367146987 -0.021423274622176202
leaf_weight=51.644689083099365 160.48920759558678 580.88217028975487 53.164760664105415 65.479811608791351 74.228397399187088 207.0893417596817 101.20568276941776 70.103500783443451 60.663423657417297 138.16038526594639 51.75722149014473
leaf_count=150 447 1625 151 180 207 580 294 201 181 395 152
internal_value=-6.60277e-05 0.0021185 0.00471749 0.00630751 -0.00199342 -2.72736e-05 -0.00532885 -0.00317833 0.00333724 -0.00674521 -0.0129034
internal_weight=1614.87 1141.33 699.527 646.362 441.807 367.579 473.535 370.133 130.767 239.366 103.402
internal_count=4563 3190 1956 1805 1234 1027 1373 1071 382 689 302
is_linear=0
shrinkage=0.04


Tree=171
num_leaves=11
num_cat=0
split_feature=99 42 82 144 44 174 107 132 14 73
split_gain=8.95479 9.39878 10.2523 8.83404 8.76902 7.38053 5.99242 5.27179 3.69831 4.40612
threshold=1.0000000180025095e-35 0.056471625893051138 0.067424242424242428 0.8402898550724639 -5.409314750838802 0.77598566308243744 0.0059704189140912254 602.52777777777794 -0.36484033228607532 209.50000000000003
decision_type=2 2 2 10 10 10 8 2 10 2
left_child=1 2 3 -1 -4 7 -7 -3 -2 -10
right_child=8 5 4 -5 -6 6 -8 -9 9 -11
leaf_value=-0.0037099064341701059 -0.017915564870389544 -0.0014867185915528789 0.013788735783559207 0.012644311453009146 0.0027323962226247578 -0.0056656593035722767 0.0064717859918757168 -0.01612236070015494 0.0042914995163462555 -0.014621048249843701
leaf_weight=326.24656684696674 51.54062308371067 66.934515491127968 209.0153356641531 62.008133918046951 255.71834324300289 124.15153501927853 134.53543573617935 96.565459564328194 43.72585953772068 34.239980205893517
leaf_count=1040 220 219 618 194 774 410 436 353 168 131
internal_value=0.000288435 0.0013102 0.00372598 -0.00106706 0.00772824 -0.00356319 0.000639579 -0.0101884 -0.00968994 -0.0040689
internal_weight=1404.68 1275.18 852.988 388.255 464.734 422.187 258.687 163.5 129.506 77.9658
internal_count=4563 4044 2626 1234 1392 1418 846 572 519 299
is_linear=0
shrinkage=0.04


Tree=172
num_leaves=13
num_cat=0
split_feature=92 145 8 53 158 137 132 44 166 85 90 11
split_gain=10.9508 9.22887 8.7789 7.65575 8.51979 6.31984 6.06317 5.46879 4.65507 4.48499 2.36451 0.677258
threshold=1366.8014767760608 0.21149108462327096 -3.4999999999999996 -0.29935064935064931 0.36419456222835855 0.39349445747958606 726.22500000000014 -25.453570512097368 -0.0088723786121741189 12.500000000000002 2268.5000000000005 -1.0000000180025095e-35
decision_type=2 2 2 10 2 10 2 10 2 2 10 2
left_child=3 9 -3 8 5 -5 -6 -4 -1 11 -11 -2
right_child=1 2 7 4 6 -7 -8 -9 -10 10 -12 -13
leaf_value=0.018723512185014196 -0.01742790433300323 0.014829189641041128 -0.018435985332552255 -0.011460221040990646 0.015985717048292863 0.00086384754791505626 -0.0042139607234331009 -0.0024272703814263723 0.0022073804798505166 -0.014975049695958833 0.0061186540081090771 -0.028843022591023275
leaf_weight=69.989431090652943 23.268653705716133 40.608077317476273 39.699740663170815 88.247337646782398 82.185913994908333 260.68053583055735 32.595782153308392 217.76941973716021 45.333049073815346 16.96180834621191 15.187207005918024 29.299228504300117
leaf_count=238 178 171 189 409 356 1247 151 998 153 129 117 227
internal_value=-0.000320128 -0.00556326 -0.00222129 0.00314624 0.0008381 -0.00227116 0.0102453 -0.0049652 0.012323 -0.0171356 -0.00506606 -0.0242472
internal_weight=961.826 382.794 298.077 579.032 463.71 348.928 114.782 257.469 115.322 84.7169 32.149 52.5679
internal_count=4563 2009 1358 2554 2163 1656 507 1187 391 651 246 405
is_linear=0
shrinkage=0.04


Tree=173
num_leaves=10
num_cat=0
split_feature=132 62 130 52 140 70 158 62 62
split_gain=10.8669 7.96149 6.01602 5.55455 4.79266 6.99599 7.99828 5.43782 4.46014
threshold=527.38095238095252 335.59166666666675 0.37980769230769235 -0.013245614035087725 2.6142927904371862 20.500000000000004 -0.4091430418400413 -22.504545454545461 110.1388888888889
decision_type=2 8 2 10 8 8 2 8 10
left_child=4 2 3 -2 5 7 -7 -1 -6
right_child=1 -3 -4 -5 8 6 -8 -9 -10
leaf_value=0.001177378954795397 -0.0016911663167616358 0.014961284720820705 -0.009150425370533552 0.0044509488531860363 -0.018676135221875837 -0.0077996701131020129 0.0088198025751403605 -0.014113156681056725 -0.0027265695617571632
leaf_weight=56.067662090063095 385.08692818880081 70.689582675695419 82.074512273073196 602.6042393296957 68.288930103182793 74.994360104203224 117.60981017351151 107.50114189088345 48.339703500270844
leaf_count=166 1075 201 230 1684 204 217 335 314 137
internal_value=-5.89877e-05 0.00205359 0.00118561 0.00205491 -0.00515257 -0.00282418 0.00233148 -0.00888445 -0.0121618
internal_weight=1613.26 1140.46 1069.77 987.691 472.802 356.173 192.604 163.569 116.629
internal_count=4563 3190 2989 2759 1373 1032 552 480 341
is_linear=0
shrinkage=0.04


Tree=174
num_leaves=14
num_cat=0
split_feature=54 32 144 143 79 62 132 107 22 126 46 54 72
split_gain=9.18104 8.75425 9.42689 7.58013 7.08407 6.67779 6.52774 6.80888 5.48577 6.12211 4.3295 4.27191 3.61051
threshold=0.125437062937063 -0.21503759398496236 0.85037313432835837 0.49683544303797472 0.43167701863354041 4.3720588235294153 694.34848484848499 0.017718699933590879 8.1830916076732994 1.5000000000000002 28.079322587576147 0.46176338281601448 10.500000000000002
decision_type=8 2 10 10 2 8 2 10 10 2 10 8 10
left_child=1 8 4 11 -3 -4 7 -5 9 -1 -8 12 -2
right_child=3 2 5 6 -6 -7 10 -9 -10 -11 -12 -13 -14
leaf_value=0.0072118030416672731 -0.023842144239591183 -0.0038492432261260476 0.00029853892457351399 -0.0014943515901610976 0.0050935079158262618 0.021426887412422789 -0.013168741082315425 0.015444744528653407 -0.0011233862306413778 0.023916080999823133 0.0036139496471641352 -0.00042019508720435203 -0.0080126795634480295
leaf_weight=94.160587802529335 53.006490677595139 479.98881137371063 43.214480668306351 118.66196598112583 199.85387991368771 53.274021431803703 83.089048400521278 54.610138177871704 54.4015122205019 56.802422195672989 34.011498108506203 34.489371925592422 43.659048452973366
leaf_count=280 202 1585 131 397 575 167 314 177 168 161 127 127 152
internal_value=0.000278481 0.00239971 0.000449912 -0.0046509 -0.00121378 0.0120847 -0.00102532 0.00389085 0.00972284 0.0136263 -0.008288 -0.0125942 -0.0168685
internal_weight=1403.22 981.696 776.331 421.528 679.843 96.4885 290.373 173.272 205.365 150.963 117.101 131.155 96.6655
internal_count=4563 3067 2458 1496 2160 298 1015 574 609 441 441 481 354
is_linear=0
shrinkage=0.04


Tree=175
num_leaves=14
num_cat=0
split_feature=92 165 170 169 160 44 178 178 158 14 120 146 41
split_gain=10.3173 11.4719 8.89156 9.87666 7.94877 6.98257 6.01449 5.49648 5.26867 5.25842 4.69233 4.44792 2.41774
threshold=1366.8014767760608 0.07749590907562065 0.3133928571428572 0.35388994307400384 0.072783934793327981 -11.382533999944142 0.43167701863354041 0.38675213675213682 -0.15939712339735981 0.74502247632242802 0.63068181818181823 1.0005561735261403 -0.062554374777193236
decision_type=2 2 8 10 2 8 10 10 2 10 10 10 2
left_child=2 7 6 5 11 -4 9 10 -5 -1 -2 -3 -8
right_child=1 4 3 8 -6 -7 12 -9 -10 -11 -12 -13 -14
leaf_value=-0.012650766101776968 -0.0089147300187119183 0.0027618963803994899 -0.0021573248870486125 -0.006064014248759424 0.021742740463954788 0.017184211387053307 -0.00035383067468881715 5.5174901267057706e-05 0.0097902634601881484 0.0012399865440685905 -0.022582055799383549 -0.014035643110158522 0.014180515442720967
leaf_weight=99.813746303319931 97.296384528279305 100.27329434454441 36.747554868459702 94.681221663951874 27.812429554760456 149.98325097560883 35.672314509749413 51.658378593623638 50.61976757645607 76.120303057134151 71.346666149795055 32.564358629286289 35.970503926277161
leaf_count=499 639 453 135 502 111 509 119 183 266 403 475 148 121
internal_value=-0.000312254 -0.00541966 0.00304473 0.00731538 0.00269143 0.013376 -0.00268109 -0.011329 -0.000497886 -0.0066564 -0.0148077 -0.00141508 0.00701081
internal_weight=960.56 380.952 579.609 332.032 160.65 186.731 247.577 220.301 145.301 175.934 168.643 132.838 71.6428
internal_count=4563 2009 2554 1412 712 644 1142 1297 768 902 1114 601 240
is_linear=0
shrinkage=0.04


Tree=176
num_leaves=14
num_cat=0
split_feature=132 52 37 176 7 18 48 27 37 176 52 149 63
split_gain=10.1187 6.9189 9.8622 9.22633 8.04286 6.36089 5.7243 4.68616 5.99975 6.81635 5.42408 4.71461 3.97387
threshold=527.38095238095252 -0.094469870327993907 -0.65696754716848327 1.0000000180025095e-35 -0.3284313725490195 -0.11830143540669859 0.54353849598302595 -2.4999999999999996 -0.72347062541487739 2.5000000000000004 0.14326765188834159 0.10912698412698414 92.627455356099418
decision_type=2 8 2 10 8 8 8 10 2 10 8 2 2
left_child=7 2 -2 4 -3 -4 -5 8 12 -10 11 -9 -1
right_child=1 3 5 6 -6 -7 -8 10 9 -11 -12 -13 -14
leaf_value=0.014985879319146706 0.0082820426278326018 0.024193563417805115 0.0031752782189675239 0.001856876082802873 0.0063887190526465487 -0.013100150658456671 -0.012074938524269774 -0.023722068039107959 -0.0022620031098696085 -0.019736026559547596 0.0018057497571164528 -0.0071221741089951655 -0.0015750586251958667
leaf_weight=43.67458014190197 77.571522384881973 47.029283553361893 52.619889467954636 497.30669188499451 277.47340954840183 136.39414900541306 51.111644357442856 53.596465319395065 185.31306259334087 43.46265809237957 40.137797757983208 58.312482193112373 47.431141138076782
leaf_count=124 219 135 147 1386 779 381 143 160 534 127 120 171 137
internal_value=-5.50706e-05 0.00198354 -0.0036433 0.00370644 0.00904167 -0.00856582 0.0005352 -0.00497547 -0.00220565 -0.00566186 -0.0107372 -0.0152297 0.00641878
internal_weight=1611.43 1139.51 266.586 872.921 324.503 189.014 548.418 471.928 319.881 228.776 152.047 111.909 91.1057
internal_count=4563 3190 747 2443 914 528 1529 1373 922 661 451 331 261
is_linear=0
shrinkage=0.04


Tree=177
num_leaves=13
num_cat=0
split_feature=54 157 21 161 54 18 62 32 134 90 89 179
split_gain=8.59815 8.4819 8.61275 9.63034 7.36695 8.10722 7.5904 7.28447 8.97607 5.63181 4.55963 4.26465
threshold=0.125437062937063 0.3942677612703403 0.030536130536130555 0.44536509834252169 0.47977941176470595 -0.151619644723093 126.74603174603173 -0.21503759398496236 1.926010642370416 770.50000000000011 1365.5000000000002 0.43650793650793657
decision_type=8 2 2 2 10 10 10 2 10 10 10 8
left_child=1 7 9 -4 5 11 -7 10 -9 -3 -1 -2
right_child=4 2 3 -5 -6 6 -8 8 -10 -11 -12 -13
leaf_value=0.0076352251996025747 -0.020919397639453427 0.00074582082927808491 -0.0060612757794570931 0.017726185214367696 0.0085587937859631855 -0.0049699449213180501 0.01517225576373046 0.015600854949266187 0.00046050542657609091 -0.014248825077224803 0.02262041786312774 -0.0072587174064899767
leaf_weight=108.95221593976021 69.867289543151855 61.214034453034401 55.951412945985794 51.227664336562157 58.327862605452538 176.6340107768774 34.987620696425438 71.299753680825233 472.44935494661331 113.21882326900959 46.914562314748764 80.283001646399498
leaf_count=318 253 209 189 150 220 631 123 218 1453 394 136 269
internal_value=0.000264762 0.002316 -0.00353306 0.00534853 -0.00451569 -0.00664696 -0.00157471 0.00467492 0.00247447 -0.00900107 0.0122738 -0.0137248
internal_weight=1401.33 981.228 281.612 107.179 420.1 361.772 211.622 699.616 543.749 174.433 155.867 150.15
internal_count=4563 3067 942 339 1496 1276 754 2125 1671 603 454 522
is_linear=0
shrinkage=0.04


Tree=178
num_leaves=15
num_cat=0
split_feature=54 160 180 44 145 147 178 52 71 21 57 155 66 14
split_gain=11.3284 12.0758 9.51817 8.636 8.45004 9.22881 5.33229 5.09089 6.84382 4.74108 6.97838 4.501 4.16668 4.02946
threshold=0.12095088819226753 -0.34436496938392208 0.11437908496732027 -14.121181978615253 1.1028688356448144 25.210331866978269 1.0000000180025095e-35 -0.01509455456823877 26.500000000000004 -0.10660173160173159 34.500000000000007 -0.47309671668186976 -1.2311023631338607 -1.4495387032265921
decision_type=8 2 8 8 2 2 8 10 8 2 10 2 8 10
left_child=2 7 9 -3 5 -4 -5 8 -2 10 -1 -6 -11 -9
right_child=1 3 4 6 11 -7 -8 13 -10 12 -12 -13 -14 -15
leaf_value=-0.011303835685227919 0.017533831896712419 -0.0040952645376506345 -0.006663431387989042 0.0037673150259617079 0.0013963050098707644 0.018922482123193779 0.019111857116429792 0.0047070562195163793 -0.0077944651340172621 0.0022108704718506568 0.013147474979637259 0.021141537103096603 -0.015238521628113335 -0.011401734829409673
leaf_weight=43.358096808195114 36.843009166419506 48.623177021741867 170.1103853136301 51.536880381405354 33.558868587017059 24.976239867508411 128.90199951827526 32.458204045891762 30.160983219742775 24.743573740124702 31.24042820930481 41.146697163581848 164.23504054546356 96.941675931215286
leaf_count=266 143 176 979 206 121 127 398 114 120 155 176 147 1052 383
internal_value=-0.000313699 0.00454621 -0.00419542 0.0107683 0.00108073 -0.00329776 0.0147851 -0.00271811 0.00615625 -0.00958722 -0.000999178 0.0124337 -0.0129437 -0.00734062
internal_weight=958.835 425.466 533.369 229.062 269.792 195.087 180.439 196.404 67.004 263.577 74.5985 74.7056 188.979 129.4
internal_count=4563 1540 3023 780 1374 1106 604 760 263 1649 442 268 1207 497
is_linear=0
shrinkage=0.04


Tree=179
num_leaves=10
num_cat=0
split_feature=132 62 176 52 167 33 140 83 44
split_gain=9.49313 7.61194 5.68983 7.96981 4.79034 6.35302 4.87392 5.67954 4.95633
threshold=527.38095238095252 335.59166666666675 3.5000000000000004 0.012903762903762885 -0.096815931575668798 -6.4302846057893053 0.17172335374628611 1516.770147748475 -10.165696314337536
decision_type=2 8 10 10 2 10 8 2 10
left_child=4 2 3 -2 5 -1 7 -6 -8
right_child=1 -3 -4 -5 6 -7 8 -9 -10
leaf_value=0.012896144047236853 -0.0012227751198327851 0.014575851552125998 -0.0091852400742983859 0.0060138059076918458 0.0059627637184581569 -0.0063414865635800311 -0.019057993659317669 -0.011526838789462679 -0.0064613568118848021
leaf_weight=49.924100190401077 560.8185269087553 70.441935390233994 78.848501145839691 428.53315845131874 78.189609497785568 58.57771697640419 72.33138319849968 46.527351349592209 165.52029059827328
leaf_count=143 1571 201 218 1200 223 167 213 138 489
internal_value=-4.23311e-05 0.00193223 0.00108373 0.0019126 -0.00481334 0.00252885 -0.00701696 -0.000585849 -0.0103642
internal_weight=1609.71 1138.64 1068.2 989.352 471.07 108.502 362.569 124.717 237.852
internal_count=4563 3190 2989 2771 1373 310 1063 361 702
is_linear=0
shrinkage=0.04


Tree=180
num_leaves=9
num_cat=0
split_feature=117 21 154 144 14 82 21 62
split_gain=10.6818 9.08321 13.3826 8.20218 8.44077 7.67793 7.32487 5.56005
threshold=1.0000000180025095e-35 0.047619047619047651 1.8936803464909222 0.8402898550724639 2.5444557184970358 0.081666666666666679 -0.085714285714285715 4.3720588235294153
decision_type=2 2 2 8 10 2 2 8
left_child=1 3 5 4 -1 -3 -5 -2
right_child=7 2 -4 6 -6 -7 -8 -9
leaf_value=-0.0086173793992439327 0.00026094766462526561 -0.0058800117745723369 0.019199513009901303 0.010654465293488225 0.0089678463085870515 0.0043782792838047667 -0.0055454751907821819 0.01699503120773169
leaf_weight=521.66435992717743 54.883320331573486 214.32161439955235 62.86565588414669 89.788318201899529 46.74090676009655 253.92278775572777 86.836290866136551 75.345403060317039
leaf_count=1842 162 687 185 290 148 762 287 219
internal_value=-0.000852202 -0.00196959 0.00202255 -0.00481704 -0.00715459 -0.000315338 0.00269223 0.0100136
internal_weight=1406.37 1276.14 531.11 745.03 568.405 468.244 176.625 130.229
internal_count=4582 4201 1634 2567 1990 1449 577 381
is_linear=0
shrinkage=0.04


Tree=181
num_leaves=11
num_cat=0
split_feature=20 87 19 161 70 7 7 14 53 88
split_gain=9.77827 9.72211 6.0435 8.19947 8.16556 4.59512 7.23145 7.80944 6.87738 5.48417
threshold=0.2126258545001857 0.70710784313725505 -0.44935897435897432 -0.11176649287521255 7.5000000000000009 -0.034999999999999969 0.16666666666666674 -0.24295197148926748 -0.051376319758672719 0.86754385964912295
decision_type=8 8 10 2 8 8 8 10 10 8
left_child=1 -1 3 -3 -4 9 8 -8 -7 -2
right_child=5 2 4 -5 -6 6 7 -9 -10 -11
leaf_value=0.015025905331932737 0.0049713926925327766 0.013118162707084267 0.00047312488283518186 -0.0095347385844619242 -0.012202343778195726 0.023067946569224024 -0.0055387078397715426 0.0087463728070809477 0.0020533816918657508 -0.01322138852602643
leaf_weight=38.18838956207037 56.889648333191872 55.673603348433971 120.00539224594831 45.556114993989468 248.83398417383432 63.399242289364338 109.83424653112888 135.72295474261045 41.348524160683155 47.888887830078602
leaf_count=195 226 262 686 247 1472 213 399 511 175 196
internal_value=-0.000310092 -0.00412152 -0.0057099 0.00291063 -0.00808272 0.003942 0.00613845 0.0023522 0.0148894 -0.00337107
internal_weight=963.341 508.257 470.069 101.23 368.839 455.084 350.305 245.557 104.748 104.779
internal_count=4582 2862 2667 509 2158 1720 1298 910 388 422
is_linear=0
shrinkage=0.04


Tree=182
num_leaves=9
num_cat=0
split_feature=176 2 54 51 93 170 69 52
split_gain=11.3375 10.2001 7.70781 6.72693 6.67017 8.2269 5.52569 5.44988
threshold=2.5000000000000004 -5.8822724161533211 0.47977941176470595 -5.4999999999999991 1.0000000180025095e-35 0.29099462365591405 45.500000000000007 0.14847883597883596
decision_type=10 8 10 10 2 8 8 10
left_child=2 -2 4 -3 5 -1 -6 -5
right_child=1 3 -4 7 6 -7 -8 -9
leaf_value=0.0084503871897493119 -0.020447025614808462 0.011073804094030257 -0.010865272321057719 -0.0011719987090916771 -0.012706640337999144 0.0014475375098670668 0.002733078764589615 -0.017077163562446242
leaf_weight=438.39933258295059 63.235054045915604 46.397302538156509 65.238673433661461 113.56396897137165 71.978884518146515 693.37575215101242 74.484214127063751 48.79177787899971
leaf_count=1242 183 131 190 321 205 1959 212 139
internal_value=0.000928197 -0.00650255 0.00243776 -0.00219164 0.00312625 0.00416696 -0.00487588 -0.0060394
internal_weight=1615.46 271.988 1343.48 208.753 1278.24 1131.78 146.463 162.356
internal_count=4582 774 3808 591 3618 3201 417 460
is_linear=0
shrinkage=0.04


Tree=183
num_leaves=12
num_cat=0
split_feature=169 79 175 159 167 28 119 143 73 5 170
split_gain=8.38398 6.38178 6.88613 5.85311 6.90358 5.50508 5.41373 5.04108 4.51193 4.39776 4.33046
threshold=0.54006410256410264 0.17752100840336138 1.0000000180025095e-35 0.40854338787308581 -0.05311242810283117 -13.499999999999998 0.78174603174603186 0.65261756876663723 167.50000000000003 -1.0000000180025095e-35 0.39087301587301593
decision_type=10 2 2 2 2 8 8 10 2 2 8
left_child=1 2 10 4 6 -3 -2 -4 -6 -7 -1
right_child=3 5 7 -5 8 9 -8 -9 -10 -11 -12
leaf_value=-0.015445059219772119 0.0048475633185536869 0.014043756810950738 -0.006096014047975975 -0.0065652224503152954 0.018108030040674877 -0.0059063754093806875 -0.010171327592401571 0.0051277309807384527 0.0049864664783133682 0.0022608982992189173 -0.0038962429447706405
leaf_weight=141.63225077092648 135.59232132136822 42.125059470534325 162.03734567761421 71.087414473295212 86.498706385493279 172.05394873023033 52.400731176137924 104.34928452968597 83.534809872508049 268.89227974414825 83.894398778676987
leaf_count=562 393 123 583 204 248 541 148 362 240 851 327
internal_value=-0.000811345 -0.00286244 -0.00606477 0.00384008 0.00592419 0.000400179 0.000618984 -0.00168922 0.0117402 -0.00092754 -0.011194
internal_weight=1404.1 974.985 491.913 429.114 358.027 483.071 187.993 266.387 170.034 440.946 225.527
internal_count=4582 3349 1834 1233 1029 1515 541 945 488 1392 889
is_linear=0
shrinkage=0.04


Tree=184
num_leaves=13
num_cat=0
split_feature=145 143 140 89 79 37 170 38 182 174 53 89
split_gain=13.6347 8.95282 8.51782 6.42025 8.02509 6.05338 5.06221 4.95511 5.4498 4.94748 4.91339 4.55201
threshold=0.30103355154768702 0.33602150537634412 1.6702759253120252 508.50000000000006 0.13794926004228333 -0.76407446965616954 0.12701612903225809 0.34464024953526529 0.38795986622073586 0.52786377708978338 -0.065882393468600337 609.50000000000011
decision_type=2 10 10 10 2 2 8 2 8 10 8 10
left_child=1 2 10 7 6 -6 -5 8 -2 -3 -1 -11
right_child=3 9 -4 4 5 -7 -8 -9 -10 11 -12 -13
leaf_value=0.026821606179303365 -0.009478015779235521 0.0051185491723907952 -0.014053176897552436 -0.003427688067328408 -0.0084535608502452949 0.0040500086145688757 0.012888235127541668 -0.01469635289118823 0.013363273959934528 -0.0039368070122539787 0.0018342154144785736 -0.01696102192196727
leaf_weight=24.097395300865173 32.786333248019218 26.192700728774071 24.680587716400623 35.2938212454319 85.158253028988838 219.3482620716095 197.10609582811594 51.213396400213242 32.044260196387768 62.344772353768349 25.954825915396214 145.80898925662041
leaf_count=92 122 169 123 140 386 955 720 180 120 384 154 1037
internal_value=-0.000302807 -0.00721274 0.004776 0.00297103 0.00481664 0.000530491 0.0103978 -0.00551924 0.00181302 -0.0110485 0.0141932 -0.0131071
internal_weight=962.03 309.079 74.7328 652.95 536.906 304.507 232.4 116.044 64.8306 234.346 50.0522 208.154
internal_count=4582 1959 369 2623 2201 1341 860 422 242 1590 246 1421
is_linear=0
shrinkage=0.04


Tree=185
num_leaves=9
num_cat=0
split_feature=176 54 94 170 67 164 86 30
split_gain=10.7174 7.28931 7.23856 7.04702 6.65322 5.56394 5.51416 4.19232
threshold=2.5000000000000004 0.47977941176470595 4.0000000000000009 0.29099462365591405 26.939082819986314 -1.2593965668331786 16.500000000000004 0.066666666666666707
decision_type=10 10 2 8 10 2 10 2
left_child=1 2 3 -1 -2 -4 -6 -8
right_child=4 -3 5 -5 6 -7 7 -9
leaf_value=0.008219296853135407 -0.0182916492733112 -0.0105956485427423 0.0074344082716695974 0.0016644054432785843 -0.014884193792818287 -0.0089607616174476323 -0.0037213618587560262 0.010046179724494562
leaf_weight=427.84584577381611 57.636694341897964 65.093238666653633 43.95589542388916 680.53881748020649 47.690042942762375 124.94073997437954 116.67504508793354 49.59176467359066
leaf_count=1213 166 190 124 1922 136 359 333 139
internal_value=0.000887715 0.00235568 0.00302505 0.00420158 -0.00634252 -0.00466345 -0.00304419 0.000408584
internal_weight=1613.97 1342.37 1277.28 1108.38 271.594 168.897 213.957 166.267
internal_count=4582 3808 3618 3135 774 483 608 472
is_linear=0
shrinkage=0.04


Tree=186
num_leaves=9
num_cat=0
split_feature=117 21 154 126 144 89 133 62
split_gain=9.87479 8.4184 12.5232 8.19301 7.83264 6.92159 6.60195 5.24822
threshold=1.0000000180025095e-35 0.047619047619047651 1.8936803464909222 1.5000000000000002 0.8402898550724639 1789.0000000000002 5.167253569417297 4.3720588235294153
decision_type=2 2 2 2 8 10 2 8
left_child=1 4 3 -3 6 -6 -1 -2
right_child=7 2 -4 -5 5 -7 -8 -9
leaf_value=-0.0085634237327199287 0.00018615188927110046 -0.0028962676444321974 0.018582072212456616 0.010396731393946299 -0.0014416420519831647 0.017608326765804705 0.0042647378923710375 0.016448391858240919
leaf_weight=492.09498246014118 54.807029724121094 376.15054005384445 63.014898687601089 91.341454148292542 138.22640438377857 38.067626431584358 72.956291198730469 75.390324935317039
leaf_count=1756 162 1185 185 264 454 123 234 219
internal_value=-0.00077534 -0.0018531 0.00198916 -0.000278083 -0.00460429 0.0027367 -0.00689898 0.00967159
internal_weight=1402.05 1271.85 530.507 467.492 741.345 176.294 565.051 130.197
internal_count=4582 4201 1634 1449 2567 577 1990 381
is_linear=0
shrinkage=0.04


Tree=187
num_leaves=9
num_cat=0
split_feature=145 143 1 38 85 67 165 174
split_gain=12.8588 8.56546 6.26911 5.88669 5.78765 5.5974 5.03819 4.18754
threshold=0.30103355154768702 0.17156862745098042 12.500000000000002 -1.5336986774979959 27.500000000000004 28.269678302532515 0.086885259899653053 0.52786377708978338
decision_type=2 10 10 2 2 10 2 10
left_child=1 5 7 -2 6 -1 -5 -3
right_child=3 2 -4 4 -6 -7 -8 -9
leaf_value=0.019120694450189823 0.015524649947550798 0.0026518485424434778 0.011836560894827139 -0.002187809690520705 0.018460533096855549 -0.0052624054861221993 0.0055134878951932633 -0.014022422126374863
leaf_weight=28.277854450047016 52.975794598460197 26.763739906251431 18.115717582404613 349.43743547797203 30.337916061282158 30.149238936603069 220.91093900054693 203.66317960247397
leaf_count=136 226 168 113 1443 113 147 841 1395
internal_value=-0.000304491 -0.00704644 -0.0102827 0.0028645 0.00172071 0.00662817 0.000796034 -0.012074
internal_weight=960.632 306.97 248.543 653.662 600.686 58.4271 570.348 230.427
internal_count=4582 1959 1676 2623 2397 283 2284 1563
is_linear=0
shrinkage=0.04


Tree=188
num_leaves=11
num_cat=0
split_feature=56 170 171 167 136 18 62 69 73 52
split_gain=8.01364 7.37766 9.29173 7.12895 6.87746 6.87628 6.74515 4.23239 6.22757 3.60131
threshold=-1.4999999999999998 0.36754385964912284 0.58578431372549034 -0.14511319169653439 2.1372888184637828 0.47407614781634949 -278.70288461538456 14.500000000000002 139.50000000000003 0.16030303030303036
decision_type=8 8 10 2 10 10 10 10 2 8
left_child=3 5 4 -1 -3 6 -2 8 -5 -9
right_child=1 2 -4 7 -6 -7 -8 9 -10 -11
leaf_value=0.010393469254383973 -0.0037212295022494798 -0.0084523169953255196 -0.018092839323031389 0.0067944512741068361 0.0025811031264679376 -0.009364725978611951 0.0083101284262079491 -0.022602925465355951 -0.0085589837098374554 -0.006275637132168688
leaf_weight=42.160748213529587 86.752671793103218 109.14210404455662 44.72122697532177 60.921979308128357 502.56058430671692 46.105262994766235 499.82709842920303 42.305913493037224 132.13686130940914 46.187591031193733
leaf_count=118 244 316 135 175 1420 131 1416 121 372 134
internal_value=0.000856754 0.00227099 -0.000697329 -0.00475858 0.000598636 0.00535007 0.00652403 -0.00706334 -0.00369368 -0.0142689
internal_weight=1612.82 1289.11 656.424 323.713 611.703 632.685 586.58 281.552 193.059 88.4935
internal_count=4582 3662 1871 920 1736 1791 1660 802 547 255
is_linear=0
shrinkage=0.04


Tree=189
num_leaves=10
num_cat=0
split_feature=117 143 57 144 129 82 172 140 143
split_gain=9.32724 6.78487 8.09703 8.00092 9.48547 7.14128 6.42465 4.98204 1.20064
threshold=1.0000000180025095e-35 0.47690120824449184 671.50000000000011 0.85239651416122009 0.15894736842105264 0.10620300751879701 0.46770833333333339 1.0718752202976376 0.35067567567567576
decision_type=2 10 10 8 2 2 8 8 8
left_child=1 2 5 4 -3 -1 -5 -2 -4
right_child=7 3 8 6 -6 -7 -8 -9 -10
leaf_value=-0.010422874044635386 0.0030049666576146983 -0.0056365134365182956 -0.024580862650642073 0.010592626071781207 0.0034284057934958773 0.0034706209845640759 -0.00720011884449249 0.019009798638949253 -0.013151322289528191
leaf_weight=115.46628552675247 78.978131160140038 458.46320314705372 32.9005958288908 158.81386511027813 307.70328210294247 119.32569807767868 39.853015929460526 51.263380408287048 37.134632393717766
leaf_count=412 232 1525 126 499 995 388 125 149 131
internal_value=-0.00073381 -0.0017832 -0.00697497 -0.000135332 -0.00199358 -0.00336868 0.00699516 0.00941659 -0.0188192
internal_weight=1399.9 1269.66 304.827 964.833 766.166 234.792 198.667 130.242 70.0352
internal_count=4582 4201 1057 3144 2520 800 624 381 257
is_linear=0
shrinkage=0.04


Tree=190
num_leaves=10
num_cat=0
split_feature=171 66 20 52 17 66 141 72 65
split_gain=9.20721 6.34623 6.63232 8.30557 5.77148 4.38011 3.71052 4.5576 1.53189
threshold=0.081666666666666679 -2.370612072876733 0.2126258545001857 -0.15367746288798914 0.79512239889715264 -0.96131548583615056 0.46026315789473687 20.500000000000004 -0.16693704224563463
decision_type=10 8 10 10 10 8 10 8 8
left_child=5 -2 3 -3 -4 -1 8 -8 -7
right_child=1 2 4 -5 -6 6 7 -9 -10
leaf_value=0.0064412526670764025 0.016423224289671683 0.010061217621649023 0.0086524731651787586 -0.0058288739352621612 -0.00086392538309628102 -0.0090782647435720502 0.0100482963425671 -0.015700256857232479 -0.024595798783944831
leaf_weight=19.438435524702072 40.549857936799526 61.528107292950153 205.8953971862793 331.13049980252981 200.05201356112957 16.164317317306995 18.114720165729523 24.937747322022915 41.567277118563652
leaf_count=145 178 300 766 1724 707 140 124 175 323
internal_value=-0.00030436 0.00118074 0.000384721 -0.00331464 0.00396725 -0.0106111 -0.0139507 -0.00483875 -0.0205136
internal_weight=959.378 839.156 798.606 392.659 405.947 120.222 100.784 43.0525 57.7316
internal_count=4582 3675 3497 2024 1473 907 762 299 463
is_linear=0
shrinkage=0.04


Tree=191
num_leaves=12
num_cat=0
split_feature=176 2 131 52 39 182 86 143 13 73 47
split_gain=9.87149 9.4756 7.05721 7.62802 7.30238 5.34543 6.84509 5.28586 5.26261 3.64975 2.26866
threshold=2.5000000000000004 -5.8822724161533211 665.41666666666686 0.14326765188834159 1.1636277483073789 0.30384615384615393 24.500000000000004 0.46770833333333339 -2.4999999999999996 160.50000000000003 0.37127220021852742
decision_type=10 8 2 8 2 8 10 10 2 2 8
left_child=2 -2 4 8 7 -3 -7 -1 -4 -6 -5
right_child=1 5 3 10 9 6 -8 -9 -10 -11 -12
leaf_value=0.0039388595556235605 -0.019627895064844605 0.0060199206638431868 0.016691084655025473 0.0082642996613927055 0.01846673757804226 -0.014557411258272042 0.004225628821694429 -0.0042599946255028861 0.0020686027487786607 0.0021074088614432434 0.020239613671120683
leaf_weight=172.64209021627903 62.738394215703011 80.726306587457657 42.063089966773987 48.953909426927567 42.915482178330421 76.541251882910728 50.937703713774681 454.99307818710804 475.27200393378735 44.560872226953506 59.053280174732208
leaf_count=495 183 225 121 141 123 220 146 1297 1335 128 168
internal_value=0.000820081 -0.00612772 0.00222944 0.0053298 -0.000482586 -0.00197578 -0.00706209 -0.0019989 0.00329128 0.0102738 0.0149558
internal_weight=1611.4 270.944 1340.45 625.342 715.112 208.205 127.479 627.635 517.335 87.4764 108.007
internal_count=4582 774 3808 1765 2043 591 366 1792 1456 251 309
is_linear=0
shrinkage=0.04


Tree=192
num_leaves=10
num_cat=0
split_feature=99 32 179 75 131 45 40 22 67
split_gain=10.1347 6.60346 6.519 7.26226 5.70302 4.35482 3.90321 3.24178 1.94312
threshold=1.0000000180025095e-35 0.46410256410256417 0.63068181818181823 15.500000000000002 508.90000000000003 15.217995399478811 -0.10275057039963142 -6.4102276363671153 30.553045859000687
decision_type=2 2 10 2 2 10 2 8 10
left_child=1 2 3 -1 -4 7 -3 -2 -9
right_child=5 6 4 -5 -6 -7 -8 8 -10
leaf_value=0.0016728238943725965 -0.0034429373289320722 -0.0201671103587442 0.016114649818375557 -0.0098452826269373427 0.0031266325821998875 0.0026683413323744581 -0.0015811857173727059 -0.012483088893939587 -0.026958667817563429
leaf_weight=874.96425572037697 29.405113220214844 33.593269899487495 85.649521663784981 96.298373535275459 147.02109971642494 29.579062923789024 38.793908834457397 35.262080535292625 31.038359209895134
leaf_count=2830 107 117 254 312 439 123 129 150 134
internal_value=0.000185732 0.00125573 0.0019657 0.000519822 0.00796478 -0.0106225 -0.010391 -0.014736 -0.0195894
internal_weight=1401.61 1276.32 1203.93 971.263 232.671 125.285 72.3872 95.7056 66.3004
internal_count=4595 4081 3835 3142 693 514 246 391 284
is_linear=0
shrinkage=0.04


Tree=193
num_leaves=11
num_cat=0
split_feature=180 54 54 172 174 39 140 153 142 69
split_gain=10.798 8.04321 7.42832 8.49553 7.65415 6.61809 6.65106 6.25502 4.73097 3.95574
threshold=0.17156862745098042 0.46818181818181831 -0.31972222222222219 0.29520697167755999 0.95119047619047625 -0.92135111738256403 1.2844122397557298 -0.22251053199307005 0.19204425711275028 25.500000000000004
decision_type=8 8 8 8 8 2 10 2 8 8
left_child=1 5 9 7 -5 6 -1 -4 -7 -2
right_child=2 -3 3 4 -6 8 -8 -9 -10 -11
leaf_value=0.012677013797034018 -0.022950521975447256 0.011792081590797768 0.0127373831970089 0.0070866821644143176 0.025716443131671266 0.0019997971309997707 -0.010200879919236856 -0.0021125823074911189 -0.010388216010267402 0.0015462139360634545
leaf_weight=52.813852481544018 22.18898818641901 44.061896689236164 57.263800017535686 121.50979838520288 49.755593560636044 58.461853757500648 31.679447397589684 203.98433408141136 296.62681767717004 18.864511743187904
leaf_count=263 138 146 200 485 183 300 149 928 1691 112
internal_value=-0.000108168 -0.00430973 0.00417863 0.00573113 0.0126284 -0.00595136 0.00405692 0.00117096 -0.00834315 -0.0118774
internal_weight=957.211 483.644 473.567 432.514 171.265 439.582 84.4933 261.248 355.089 41.0535
internal_count=4595 2549 2046 1796 668 2403 412 1128 1991 250
is_linear=0
shrinkage=0.04


Tree=194
num_leaves=13
num_cat=0
split_feature=176 43 170 20 132 24 107 145 173 120 33 170
split_gain=9.09746 8.78358 7.13225 7.12874 6.33971 5.97317 5.89852 5.83745 5.53875 5.05712 4.58629 4.15478
threshold=1.0000000180025095e-35 -0.091739522187668301 0.36939571150097467 0.98895878288978245 447.04166666666669 -313.49999999999994 -0.015956966901793598 0.93541630405534548 0.87750000000000006 0.56038647342995185 -12.307173092112306 0.27149877149877155
decision_type=10 2 8 10 2 2 8 2 8 8 10 10
left_child=2 4 8 6 -2 -3 -4 -7 10 -10 -1 -6
right_child=1 5 3 -5 11 7 -8 -9 9 -11 -12 -13
leaf_value=-0.001186121788218522 -0.0094430315158273402 -0.019567999484237888 0.0093531045750438364 -0.014108802130485057 -0.00038439774611694262 -0.0014744947580311891 -0.0021120743032861334 -0.0097877064666696025 -0.0090950420013651816 0.0075223352008900648 0.013266089618068662 0.012742991179343584
leaf_weight=42.214219808578491 41.333871066570282 41.619873970746994 104.97623711824417 52.909722864627838 60.604538381099701 436.56711600720882 221.32625451683998 195.53268031775951 52.037965893745422 64.470247775316238 197.10782095789909 103.47776103019714
leaf_count=120 120 120 294 160 170 1234 631 565 144 181 567 289
internal_value=-9.58784e-05 -0.00284145 0.0031846 -0.000628503 0.00437911 -0.00504918 0.00158764 -0.00406065 0.00724424 6.89877e-05 0.0107142 0.00790926
internal_weight=1614.18 879.136 735.042 379.212 205.416 673.72 326.302 632.1 355.83 116.508 239.322 164.082
internal_count=4595 2498 2097 1085 579 1919 925 1799 1012 325 687 459
is_linear=0
shrinkage=0.04


Tree=195
num_leaves=11
num_cat=0
split_feature=99 144 1 171 83 82 67 0 34 154
split_gain=9.59928 6.94986 10.0398 8.69019 7.48045 5.50637 5.29583 4.74012 4.27052 3.14196
threshold=1.0000000180025095e-35 0.84698996655518399 11.500000000000002 0.31698564593301443 1532.4030325733095 0.088932806324110686 31.103353867214242 -2.4999999999999996 0.05170932009167304 -0.050749299823362515
decision_type=2 8 10 8 2 2 10 10 2 2
left_child=1 2 3 -1 7 -4 -6 -3 9 -2
right_child=8 4 5 -5 6 -7 -8 -9 -10 -11
leaf_value=0.0040933812775936244 -0.0052430609558108392 -0.0076417763822137367 -0.024656125700198865 -0.0039749424161292582 0.023729839250256651 -0.0046287188434470158 0.0059277856633829307 0.0060376069058558045 3.3115321683697079e-05 -0.021585751157256951
leaf_weight=539.54648831486702 31.168737173080444 58.422887921333313 37.018394082784653 352.00577917695045 53.749773502349854 54.166185587644577 54.730181306600571 126.27046553790569 41.697296470403671 51.535223543643951
leaf_count=1619 123 185 122 1266 169 164 167 389 177 214
internal_value=0.000182231 0.00122062 -0.000391619 0.000904692 0.00661471 -0.0129602 0.0149028 0.00168187 -0.0103768 -0.0155868
internal_weight=1400.31 1275.91 982.737 891.552 293.173 91.1846 108.48 184.693 124.401 82.704
internal_count=4595 4081 3171 2885 910 286 336 574 514 337
is_linear=0
shrinkage=0.04


Tree=196
num_leaves=11
num_cat=0
split_feature=180 168 54 54 45 158 39 69 69 146
split_gain=10.1456 8.58752 7.73285 7.02916 6.88964 5.73419 5.29236 3.84694 3.26639 0.995359
threshold=0.17156862745098042 -0.12252331523296457 0.46818181818181831 -0.31972222222222219 36.477108782684475 -0.37272290291671639 -0.49506434189232917 25.500000000000004 50.500000000000007 0.35516094288380762
decision_type=8 2 8 8 10 2 2 8 8 10
left_child=1 8 6 7 5 -5 -3 -2 9 -1
right_child=3 2 -4 4 -6 -7 -8 -9 -10 -11
leaf_value=-0.014595425172236234 -0.022716394749364856 0.0027252215824324372 0.014967726795477216 0.00071089067982091543 -0.0085384114445275789 0.010934349856722115 -0.007214370798481703 0.0015276785535352565 -0.0032672664666632363 -0.027882169535349128
leaf_weight=20.597620528191328 21.810773968696594 130.67210171371698 37.965627245604992 136.23544597625732 48.396512247622013 248.79119314998388 244.46363593265414 18.871424362063408 20.054367434233427 28.046653591096401
leaf_count=125 138 647 122 568 212 1016 1350 112 129 176
internal_value=-0.000108087 -0.00419367 -0.00199179 0.00403968 0.0055409 0.00733334 -0.00374873 -0.0116554 -0.0171869 -0.0227037
internal_weight=955.905 481.8 413.101 474.105 433.423 385.027 375.136 40.6822 68.6986 48.6443
internal_count=4595 2549 2119 2046 1796 1584 1997 250 430 301
is_linear=0
shrinkage=0.04


Tree=197
num_leaves=7
num_cat=0
split_feature=28 132 62 8 107 14
split_gain=7.68149 7.56221 7.11625 6.52114 5.71712 4.53718
threshold=38.500000000000007 535.71428571428589 379.62905982905988 -3.4999999999999996 0.033701527570578767 -1.1713210802860043
decision_type=10 2 8 2 10 10
left_child=1 4 3 -3 5 -1
right_child=-2 2 -4 -5 -6 -7
leaf_value=-0.0094025223916056697 0.016133181574443198 -0.011896817819887042 0.016736520356067954 0.0013953535382400003 -0.014660120936960033 -6.0123040691582862e-05
leaf_weight=116.96458920836449 44.360752031207085 61.809078216552734 44.644182592630386 983.64361934363842 77.177791282534599 283.55065260827541
leaf_count=340 126 174 128 2768 230 829
internal_value=-9.29441e-05 -0.00056333 0.00127452 0.000596967 -0.00475538 -0.00281004
internal_weight=1612.15 1567.79 1090.1 1045.45 477.693 400.515
internal_count=4595 4469 3070 2942 1399 1169
is_linear=0
shrinkage=0.04


Tree=198
num_leaves=9
num_cat=0
split_feature=99 43 79 135 32 170 170 72
split_gain=9.05629 6.66576 7.91886 7.63853 6.93545 6.73402 6.63811 4.34893
threshold=1.0000000180025095e-35 -0.042924840036996335 0.71825396825396837 1.086677109691931 -0.17595459236326108 0.13423423423423428 0.21845174973488868 23.500000000000004
decision_type=2 2 2 2 2 8 10 8
left_child=1 2 5 -3 -5 -1 -2 -8
right_child=6 3 -4 4 -6 -7 7 -9
leaf_value=0.0077639257769481574 -0.02087020959542106 -0.011754151869905834 0.012645865977795217 0.010496771781019789 0.0019795190343899782 -0.006446827323523913 -0.011146563967465693 0.0083389049416448657
leaf_weight=61.594268307089806 51.912122309207916 48.993694469332695 47.877938151359558 212.67275650799274 543.73304681479931 360.73691990971565 38.53641477227211 33.125216484069824
leaf_count=209 224 160 139 641 1734 1198 168 122
internal_value=0.000175092 0.00118092 -0.00259752 0.00338982 0.00438759 -0.00435611 -0.0101178 -0.00212118
internal_weight=1399.18 1275.61 470.209 805.399 756.406 422.331 123.574 71.6616
internal_count=4595 4081 1546 2535 2375 1407 514 290
is_linear=0
shrinkage=0.04


Tree=199
num_leaves=11
num_cat=0
split_feature=169 180 120 163 144 68 54 164 66 76
split_gain=9.73399 8.63111 6.93805 6.39108 5.96574 7.35164 5.6542 6.17888 5.49149 3.0499
threshold=0.15587044534412958 0.29285714285714287 0.56038647342995185 -0.33196292636429797 0.83503401360544227 32.357289527720745 -0.31972222222222219 -0.029780436329219295 0.25143907050855685 4.5000000000000009
decision_type=8 8 8 2 8 10 8 2 8 2
left_child=2 4 3 -1 5 -2 -3 -8 -4 -6
right_child=1 6 8 -5 9 -7 7 -9 -10 -11
leaf_value=-0.010376469743824992 0.0018158540427210157 -0.012818833630516852 0.024263714432611865 0.010773167923633841 -0.0093437317491183187 -0.0098305286972072276 0.002187970427704208 0.019298078979903068 0.0065660721816345694 -0.025576054906131875
leaf_weight=49.593448542058468 184.91901192069054 32.501538969576359 47.519809737801552 40.685783945024014 51.953259855508804 161.49701739102602 247.63265924155712 38.253926932811737 70.094218224287033 30.279523726552725
leaf_count=179 1005 198 154 141 283 962 1083 162 230 198
internal_value=-0.000115442 -0.00224928 0.0075167 -0.000809532 -0.00595048 -0.00362053 0.00273046 0.0045437 0.0138776 -0.0155803
internal_weight=954.93 747.037 207.893 90.2792 428.649 346.416 318.388 285.887 117.614 82.2328
internal_count=4595 3891 704 320 2448 1967 1443 1245 384 481
is_linear=0
shrinkage=0.04


Tree=200
num_leaves=11
num_cat=0
split_feature=99 24 41 170 131 180 154 134 32 166
split_gain=6.99822 8.28392 5.97318 9.46623 6.89391 8.30303 6.1611 5.70882 4.33224 3.30181
threshold=1.0000000180025095e-35 -10.499999999999998 0.49198722014444768 0.45307917888563054 660.35064935064941 0.5277777777777779 0.11181254922492236 3.3637828323694605 0.23836580086580089 0.0025801906588650571
decision_type=2 2 2 8 2 10 2 10 2 2
left_child=2 -2 4 6 7 -6 -4 -1 -5 -3
right_child=1 9 3 8 5 -7 -8 -9 -10 -11
leaf_value=-0.0017462903884635417 -0.0021138433925029136 0.0085289889200305183 0.00076478376006473944 -0.010502558405346661 0.002452608963980616 -0.013677495844593195 0.014970998292459257 -0.0098285712229277573 0.0051254234046319326 0.023826519240889674
leaf_weight=303.16037058830261 78.390880361199379 53.73014423251152 83.878864660859108 78.99250040948391 494.78489118814468 55.91039052605629 117.36716541647911 260.55549062788486 43.034609630703926 41.220059663057327
leaf_count=879 231 159 235 227 1376 156 330 755 123 124
internal_value=-8.23843e-05 0.00748493 -0.00100073 0.00377632 -0.00239041 0.000789521 0.00909283 -0.00549634 -0.00497801 0.01537
internal_weight=1611.03 173.341 1437.68 323.273 1114.41 550.695 201.246 563.716 122.027 94.9502
internal_count=4595 514 4081 915 3166 1532 565 1634 350 283
is_linear=0
shrinkage=0.04


Tree=201
num_leaves=9
num_cat=0
split_feature=99 170 32 179 68 18 72 40
split_gain=8.39163 6.43708 6.10479 5.74037 7.17925 5.10008 4.15895 3.09361
threshold=1.0000000180025095e-35 0.21845174973488868 0.46410256410256417 0.63068181818181823 33.268993839835737 0.24036467751657628 23.500000000000004 -0.097168735013416566
decision_type=2 10 2 10 8 10 8 2
left_child=2 -2 3 5 -5 -1 -3 -4
right_child=1 6 7 4 -6 -7 -8 -9
leaf_value=0.0018584922861575718 -0.020486499320951854 -0.010820011941675383 -0.01880026412446412 0.0020215165081895674 0.016569456279895377 -0.005516633186062359 0.0082717223570926406 -0.0021682849527402811
leaf_weight=786.38062614202499 51.108650296926498 38.171154007315636 33.557043448090553 146.92546518146992 85.731763958930969 184.29075533151627 33.15352888405323 38.362893670797348
leaf_count=2543 224 168 118 442 251 599 122 128
internal_value=0.00016402 -0.00979353 0.00112851 0.00180955 0.00743881 0.000451963 -0.00192637 -0.0101074
internal_weight=1397.68 122.433 1275.25 1203.33 232.657 970.671 71.3247 71.9199
internal_count=4595 514 4081 3835 693 3142 290 246
is_linear=0
shrinkage=0.04


Tree=202
num_leaves=13
num_cat=0
split_feature=169 180 160 79 54 70 73 92 160 35 150 31
split_gain=9.23406 8.09041 8.26602 5.86421 7.05923 5.64554 5.87194 9.45132 4.96898 4.80108 4.32899 3.52041
threshold=0.162280701754386 0.29285714285714287 0.6514716975176621 0.4188596491228071 -0.17752525252525253 9.5000000000000018 160.50000000000003 1118.6533938347527 -0.87794265685776418 2.2331060259117526 0.075498575498575513 -48.431944444444461
decision_type=8 8 2 2 10 10 2 2 2 2 2 2
left_child=5 2 8 4 -3 6 -1 -8 -2 -5 -7 -4
right_child=1 3 11 9 -6 10 7 -9 -10 -11 -12 -13
leaf_value=0.0016996799452962997 -0.015785782530096697 -0.0069388635985776839 0.019814451637325012 -0.018348892777444472 0.0091672293303820714 0.008299720678406855 0.031669289011203382 0.0051338523675027361 -0.0051558634530211155 0.0024836071589106972 -0.010930866165177256 -0.0014302458940264127
leaf_weight=57.393433302640915 94.374868579208851 55.465583130717278 24.659486971795559 33.181382432579994 189.82755974680185 34.338180691003799 41.849138252437115 44.409886822104454 279.68303687497973 35.977312482893467 38.800986178219318 23.735190756618977
leaf_count=187 641 287 114 192 757 122 132 150 1550 193 141 129
internal_value=-0.000110886 -0.00224891 -0.00586058 0.00260008 0.00550382 0.00712432 0.0117065 0.018246 -0.00787806 -0.0076021 -0.00188513 0.00953648
internal_weight=953.696 736.904 422.453 314.452 245.293 216.792 143.652 86.259 374.058 69.1587 73.1392 48.3947
internal_count=4595 3863 2434 1429 1044 732 469 282 2191 385 263 243
is_linear=0
shrinkage=0.04


Tree=203
num_leaves=14
num_cat=0
split_feature=176 49 88 132 167 5 90 2 13 64 43 34 131
split_gain=8.44262 9.85872 9.84743 9.464 7.75955 6.7321 6.06157 5.84503 5.35863 4.90795 5.21357 4.40433 3.94809
threshold=1.0000000180025095e-35 -2.4999999999999996 0.84731934731934744 702.6962962962964 -0.063382719080600045 1.0000000180025095e-35 2592.0000000000005 -7.4140999315537295 1.0000000180025095e-35 0.5582742364749862 -0.091739522187668301 -0.14365079365079361 615.3939393939396
decision_type=10 10 8 2 2 2 10 8 2 8 2 2 2
left_child=2 3 5 7 -5 -1 8 -2 -4 11 -11 -3 -8
right_child=1 9 6 4 -6 -7 12 -9 -10 10 -12 -13 -14
leaf_value=0.020087658407943763 -0.016358143502761532 -0.00068618066900680687 -0.0042285614804819975 0.018563307732136394 0.0016603704004410295 0.001529036250779774 0.00037413537068154855 -0.00090590880989177103 0.0044282762488014604 0.0090626211134397835 -0.0064702360078759593 -0.015280692765789822 0.0155810654334464
leaf_weight=80.578619852662086 45.221747010946274 43.01487472653389 307.92382720112801 70.275023594498634 112.65554776787758 51.398382797837257 47.228714823722839 259.90833695232868 180.59567016363144 43.490225076675415 153.87574046850204 148.12847700715065 64.864208936691284
leaf_count=233 132 121 881 198 316 150 137 745 512 124 438 424 184
internal_value=-7.54896e-05 -0.00272403 0.00309025 0.00105784 0.00823034 0.0129409 0.000904454 -0.00324849 -0.00102171 -0.00747061 -0.00300901 -0.0120274 0.00925149
internal_weight=1609.16 876.57 732.589 488.061 182.931 131.977 600.612 305.13 488.519 388.509 197.366 191.143 112.093
internal_count=4595 2498 2097 1391 514 383 1714 877 1393 1107 562 545 321
is_linear=0
shrinkage=0.04


Tree=204
num_leaves=7
num_cat=0
split_feature=42 19 179 2 167 58
split_gain=8.20925 6.70396 8.74988 10.1242 4.43855 3.37266
threshold=-0.18952908689570055 0.53100961538461544 0.10555555555555557 -6.4216290212183447 0.058363135236949935 -130.49999999999997
decision_type=2 10 8 10 2 10
left_child=5 2 4 -4 -2 -1
right_child=1 -3 3 -5 -6 -7
leaf_value=0.0040651512851459992 -0.0074200523507424766 0.011113995007829626 0.011080232552532552 -0.00086212563431427259 0.0037844440041509609 0.020555881031759031
leaf_weight=40.248330533504486 382.92917533218861 72.47711805999279 136.51882834732533 650.65914887189865 65.456018522381783 40.109446853399277
leaf_count=120 1361 228 420 2076 231 120
internal_value=0.000142507 -0.000622382 -0.00132088 0.00121791 -0.00577517 0.0124723
internal_weight=1388.4 1308.04 1235.56 787.178 448.385 80.3578
internal_count=4556 4316 4088 2496 1592 240
is_linear=0
shrinkage=0.04


Tree=205
num_leaves=13
num_cat=0
split_feature=171 180 57 113 48 57 72 173 2 107 120 38
split_gain=11.268 6.83745 9.40228 8.01092 9.51489 7.75679 6.72866 4.78381 3.89399 2.85876 3.08594 1.78436
threshold=0.081666666666666679 0.17156862745098042 -1182.4999999999998 1.0000000180025095e-35 0.14438425014381057 777.50000000000011 9.5000000000000018 0.45804195804195807 -5.4113620807665965 -0.018736247695785187 0.58712121212121227 -0.40187452650828881
decision_type=10 10 8 2 10 10 8 8 10 10 10 2
left_child=7 3 8 5 -5 -2 -4 -1 -3 10 -9 -11
right_child=1 2 6 4 -6 -7 -8 9 -10 11 -12 -13
leaf_value=0.0084583757893509741 -0.0060902859449348335 0.0034737932445514466 -0.0030944401133542734 0.00032597252302915894 0.025896428820237124 0.005527360729389503 0.014900272498255991 -0.016492816945834713 -0.014749867549671126 -0.0093782010886869008 0.0075919654895742188 -0.024028538523673208
leaf_weight=16.076777391135693 324.08306670188904 38.861121729016304 40.722927428781986 64.135667331516743 35.722664877772331 127.1733681038022 169.15298924595118 16.016983240842819 34.502786234021187 22.425692226737738 16.044992662966251 43.661661565303802
leaf_count=107 1558 163 149 288 149 582 637 127 150 191 114 341
internal_value=0.000444615 0.00206362 0.00710324 -0.000530995 0.00965927 -0.00280679 0.0114011 -0.0112792 -0.00515293 -0.0145851 -0.00451434 -0.0193009
internal_weight=948.581 834.355 283.24 551.115 99.8583 451.256 209.876 114.226 73.3639 98.1493 32.062 66.0874
internal_count=4556 3676 1099 2577 437 2140 786 880 313 773 241 532
is_linear=0
shrinkage=0.04


Tree=206
num_leaves=9
num_cat=0
split_feature=54 176 88 156 31 49 120 88
split_gain=7.71034 8.32034 8.36211 7.37252 5.78569 5.29822 4.78992 3.74574
threshold=0.47977941176470595 1.0000000180025095e-35 0.84731934731934744 -1.0148143328926991 -262.48717948717939 -2.4999999999999996 0.67424242424242431 0.8128434065934067
decision_type=10 10 8 2 2 10 8 10
left_child=1 2 6 7 -4 -5 -1 -3
right_child=-2 3 4 5 -6 -7 -8 -9
leaf_value=0.020978348994948846 -0.012943682653815947 -0.0043123839615897362 -0.0077540999367672527 0.0019215504978113251 0.0032119791345262263 -0.0048685421020248703 0.0049215690728903871 -0.020448152395543304
leaf_weight=59.75643165409565 73.623990043997765 44.297481194138527 90.798334747552872 410.93908302485943 474.67648032307625 330.86305330693722 60.560882031917572 49.391615778207779
leaf_count=176 221 126 258 1171 1350 940 174 140
internal_value=-0.00038987 0.000224473 0.00348809 -0.00245296 0.00143704 -0.00110679 0.01302 -0.0129662
internal_weight=1594.91 1521.28 685.792 835.491 565.475 741.802 120.317 93.6891
internal_count=4556 4335 1958 2377 1608 2111 350 266
is_linear=0
shrinkage=0.04


Tree=207
num_leaves=11
num_cat=0
split_feature=2 178 144 65 156 130 21 14 54 163
split_gain=6.18002 6.80297 7.49928 6.0481 6.91803 7.50768 5.94287 5.57187 4.35345 4.59661
threshold=-6.4216290212183447 0.84523809523809534 0.83255451713395645 0.13425587186610885 -0.44940681334124838 0.15894736842105264 0.71611721611721613 1.6667999466347652 0.125437062937063 -0.17287773455676622
decision_type=10 8 8 10 2 2 2 8 10 2
left_child=3 2 6 4 -1 -6 -2 -4 9 -3
right_child=1 8 7 -5 5 -7 -8 -9 -10 -11
leaf_value=0.02107558087682293 -0.0027366011038834413 0.0062892839741450803 0.0031186182221395447 -0.0046307412262933112 -0.0096133326822297679 0.012301550315248612 0.012494172585139303 0.017861565851141997 -0.017717842260534734 -0.010431387607340799
leaf_weight=58.750032663345337 699.58685558289289 42.443191483616829 210.76449303328991 59.111631095409393 39.590012937784195 64.165333822369576 42.517384752631187 50.294651389122009 54.493643522262573 65.67071770131588
leaf_count=181 2332 139 670 189 137 201 125 150 220 212
internal_value=0.000136826 -0.00102708 0.000204252 0.00624541 0.010218 0.00390843 -0.00184565 0.00602389 -0.00859049 -0.0038514
internal_weight=1387.39 1165.77 1003.16 221.617 162.505 103.755 742.104 261.059 162.608 108.114
internal_count=4556 3848 3277 708 519 338 2457 820 571 351
is_linear=0
shrinkage=0.04


Tree=208
num_leaves=15
num_cat=0
split_feature=53 43 18 160 44 64 107 24 66 165 139 57 138 141
split_gain=7.57558 8.52076 8.84329 6.97757 7.5771 18.1736 7.1643 6.8451 5.66536 5.36695 4.52899 4.37048 2.96459 2.56141
threshold=0.18918128654970764 -0.002432972581325746 -0.10392840092988496 -0.26911157098430166 -6.6487712606945015 2.7598532131560258 0.016222964537571331 4.5000000000000009 -1.319659028060854 0.043899108653543989 1.6837285076643176 483.50000000000006 0.40003549875754357 0.44499449944994501
decision_type=8 2 10 2 8 8 8 2 8 2 2 10 8 8
left_child=3 11 13 7 5 -5 -6 8 -1 -9 -4 12 -2 -3
right_child=1 2 10 4 6 -7 -8 9 -10 -11 -12 -13 -14 -15
leaf_value=0.0095926953000230446 -0.0048424394351594307 -0.0012595426008362451 0.0010603085435097691 -0.015305385374381282 0.0045943251693569857 0.016901531816078126 0.018666244718458409 -0.0023469342214579815 -0.0088034586323378124 0.012026358499106857 0.023209091100524763 -2.4716221541488651e-06 -0.02208830409244707 -0.021389674708953442
leaf_weight=30.414078690111637 22.293716296553612 19.889990404248238 29.487712729722261 67.269010148942471 142.25706461817026 46.551424898207188 98.282496631145477 84.022024024277925 182.56089575216174 80.3830486536026 29.211017414927483 29.567616954445839 65.368260182440281 20.355137258768082
leaf_count=132 137 139 201 293 583 190 378 431 863 332 163 174 410 130
internal_value=0.000424015 -0.00613533 0.00248545 0.00237026 0.00639411 -0.00208318 0.0104058 -0.00140976 -0.00613448 0.00469877 0.0123201 -0.0133878 -0.0178291 -0.0117612
internal_weight=947.913 216.173 98.9439 731.74 354.36 113.82 240.54 377.38 212.975 164.405 58.6987 117.23 87.662 40.2451
internal_count=4556 1354 633 3202 1444 483 961 1758 995 763 364 721 547 269
is_linear=0
shrinkage=0.04


Tree=209
num_leaves=9
num_cat=0
split_feature=54 131 173 179 158 139 68 11
split_gain=7.31433 7.3201 6.91349 7.00754 5.97239 6.91422 6.06948 3.61634
threshold=0.47977941176470595 462.90000000000003 0.88675213675213682 0.34523809523809529 0.91522086818525028 1.3344722718884827 36.143737166324442 1.0000000180025095e-35
decision_type=10 2 10 10 2 2 10 2
left_child=1 2 3 -1 6 -6 -3 -4
right_child=-2 4 7 -5 5 -7 -8 -9
leaf_value=0.0050059758575807748 -0.012620378371132477 0.0040796533499169781 -0.007762747806417945 -0.012335565314483685 -0.013663548688032498 0.0010978811705038938 -0.0050106624621765166 -0.022721843053399013
leaf_weight=120.26753993332386 73.383546382188797 878.72678658366203 80.417177617549896 52.825658604502678 80.394329100847244 134.00387527048588 134.58780205249786 38.975769490003586
leaf_count=341 221 2480 252 161 226 377 380 118
internal_value=-0.000372713 0.000225103 -0.00544916 -0.000315392 0.00158188 -0.00446576 0.00286656 -0.0128109
internal_weight=1593.58 1520.2 292.486 173.093 1227.71 214.398 1013.31 119.393
internal_count=4556 4335 872 502 3463 603 2860 370
is_linear=0
shrinkage=0.04


Tree=210
num_leaves=9
num_cat=0
split_feature=19 79 68 144 41 34 143 22
split_gain=6.7503 7.12863 7.14049 8.40102 6.77678 7.36597 6.59226 6.5581
threshold=0.53100961538461544 0.23669467787114848 34.301163586584543 0.83255451713395645 0.03815672279349288 0.23615355233002294 0.88047619047619052 4.9554427850890566
decision_type=10 2 8 8 2 2 10 10
left_child=1 4 3 -3 6 -6 -1 -4
right_child=-2 2 7 -5 5 -7 -8 -9
leaf_value=-0.0014899409525873852 0.011624765505403365 -0.0037080982413278292 0.013422300194607153 0.0082775848915673661 -0.010816844881143626 0.0049936807593145161 0.016831176542889761 -0.0034610574413576666
leaf_weight=328.72588780522346 76.171055510640144 324.25969924032688 138.67774696648121 130.34143969416618 247.46517483890057 57.370989888906479 33.729847460985184 49.273257598280907
leaf_count=1162 239 997 401 386 898 212 113 148
internal_value=0.00012699 -0.00054847 0.00245496 -0.000256595 -0.00344288 -0.00782812 0.000251123 0.00899068
internal_weight=1386.02 1309.84 642.552 454.601 667.292 304.836 362.456 187.951
internal_count=4556 4317 1932 1383 2385 1110 1275 549
is_linear=0
shrinkage=0.04


Tree=211
num_leaves=12
num_cat=0
split_feature=145 27 40 66 12 72 17 137 165 142 85
split_gain=6.34282 10.7937 9.31828 7.334 7.678 6.06847 5.86311 5.69964 4.57718 2.45663 0.955204
threshold=0.31757269178652636 1.0000000180025095e-35 -1.4594366427947094 -1.1740838935518199 -1.4999999999999998 15.500000000000002 -0.24206249224374876 0.49314789016137078 -0.068530302282164599 0.27622890682318418 11.500000000000002
decision_type=2 8 2 8 2 10 10 10 2 8 2
left_child=1 9 -3 6 -5 -6 -2 -8 -4 -1 -11
right_child=3 2 8 4 5 -7 7 -9 -10 10 -12
leaf_value=-0.0042515003495154349 0.026947678103447652 0.024844153812841323 -0.016729765650351915 0.015071051311891006 0.0022263279150839528 -0.0073383360400183619 -0.0044446112615459891 0.018501063036020449 -0.00028787181608867427 -0.027868723591197662 -0.015442185717845437
leaf_weight=16.638571828603745 30.48655091971159 20.549115806818008 30.898302383720875 53.474929168820381 339.56433924287558 153.13064752519131 37.696448557078838 30.423794969916344 181.78373085707426 27.187462415546179 25.381389148533344
leaf_count=112 122 123 249 182 1284 705 154 121 1101 211 192
internal_value=0.000402005 -0.00436604 -0.000217306 0.0026449 0.000819014 -0.000751182 0.0126284 0.00589383 -0.00275301 -0.0181167 -0.0223065
internal_weight=947.215 302.439 233.231 644.777 546.17 492.695 98.6068 68.1202 212.682 69.2074 52.5689
internal_count=4556 1988 1473 2568 2171 1989 397 275 1350 515 403
is_linear=0
shrinkage=0.04


Tree=212
num_leaves=11
num_cat=0
split_feature=137 13 54 1 80 140 74 174 16 170
split_gain=7.59402 7.98235 8.32208 6.55448 5.96697 6.60954 5.86772 5.32759 4.59769 4.46521
threshold=0.41485759424947888 -1.4999999999999998 0.47977941176470595 -1.0000000180025095e-35 0.10172413793103451 0.69400962228002017 355.50000000000006 0.81365740740740755 -0.1261951177359312 0.25543478260869573
decision_type=8 2 10 8 2 10 2 10 8 10
left_child=6 4 3 -3 -2 -6 7 8 -1 -9
right_child=1 2 -4 -5 5 -7 -8 9 -10 -11
leaf_value=0.019164381296585899 0.016292609679880651 0.0013274682908194174 -0.020889079967578418 -0.005718653860064659 0.011827976130028457 -0.0045488075852466473 -0.0066734221843192873 0.010347075181716863 0.0062632650122202843 -0.0037346434236277658
leaf_weight=63.313296943902969 52.664357230067253 352.16239945590496 42.202122136950493 524.19817979633808 58.712676033377647 114.99083380401134 68.014283955097198 51.191361218690872 149.53558261692524 115.23196572065353
leaf_count=181 152 1003 130 1511 166 324 194 143 423 329
internal_value=-0.000351066 -0.00207873 -0.00373772 -0.00288663 0.00463123 0.0010112 0.00406158 0.00600441 0.0101818 0.000620839
internal_weight=1592.22 1144.93 918.563 876.361 226.368 173.704 447.286 379.272 212.849 166.423
internal_count=4556 3286 2644 2514 642 490 1270 1076 604 472
is_linear=0
shrinkage=0.04


Tree=213
num_leaves=7
num_cat=0
split_feature=42 19 179 79 139 19
split_gain=7.49064 6.03958 7.80554 8.5799 6.83009 3.27833
threshold=-0.18952908689570055 0.53100961538461544 0.10555555555555557 0.33908045977011497 3.6933178477945181 0.0393996960486322
decision_type=2 10 8 2 2 10
left_child=5 2 4 -4 -2 -1
right_child=1 -3 3 -5 -6 -7
leaf_value=0.0035661820120090051 -0.003615045423799972 0.010506934264632449 -0.0018601600070010747 0.0069641223644136786 -0.018605562268999624 0.019799144664645135
leaf_weight=40.025659620761871 390.65173124521971 72.732203990221024 521.03611746430397 265.09730514883995 54.828319132328033 40.43194779753685
leaf_count=120 1375 228 1732 764 217 120
internal_value=0.000121827 -0.000611174 -0.00127736 0.00111806 -0.00550205 0.0118911
internal_weight=1384.8 1304.35 1231.61 786.133 445.48 80.4576
internal_count=4556 4316 4088 2496 1592 240
is_linear=0
shrinkage=0.04


Tree=214
num_leaves=15
num_cat=0
split_feature=53 43 157 119 160 44 66 107 66 137 68 137 67 33
split_gain=7.06237 8.13047 10.2155 6.56471 6.53894 7.12788 12.2788 6.6537 6.21623 6.14898 5.64911 5.80459 5.06189 2.45256
threshold=0.18918128654970764 -0.002432972581325746 -0.31076638081755126 0.58578431372549034 -0.26911157098430166 -6.6487712606945015 3.9829401725250979 0.016222964537571331 -0.33886663837419645 0.50892133595739764 31.57152635181383 0.47778764554963499 28.395619438740592 5.5151777074218344
decision_type=8 2 2 10 2 8 8 8 8 10 10 10 8 10
left_child=4 10 13 -4 8 6 -6 -7 9 -1 11 -2 -10 -3
right_child=1 2 3 -5 5 7 -8 -9 12 -11 -12 -13 -14 -15
leaf_value=0 0.005430389884655773 -0.0018492583439615865 -0.00051721666926803685 0.025600041988459919 -0.012442382510909051 0.0044141475039162614 0.014318486512865167 0.01794513587728512 0.0030325212857050593 0.019551339802189399 -0.023030648168035271 -0.01822404704091389 -0.0088391179208891571 -0.022139504871785478
leaf_weight=82.993952304124832 36.240148425102234 17.347076121717691 30.226216807961464 30.001798130571842 69.89900079369545 142.41604638844728 43.732281863689423 98.979179874062538 85.064239978790283 36.431639902293682 50.661204520612955 28.979720123112202 172.22548441961408 21.380772065371275
leaf_count=395 213 130 199 153 308 583 175 378 364 161 343 165 838 151
internal_value=0.000381211 -0.00597602 0.00242176 0.0126657 0.00225601 0.00614433 -0.00209065 0.0100216 -0.00140972 0.00609253 -0.0131237 -0.00516648 -0.00490987 -0.0133767
internal_weight=946.579 214.837 98.9559 60.228 731.742 355.027 113.631 241.395 376.715 119.426 115.881 65.2199 257.29 38.7278
internal_count=4556 1354 633 352 3202 1444 483 961 1758 556 721 378 1202 281
is_linear=0
shrinkage=0.04


Tree=215
num_leaves=11
num_cat=0
split_feature=173 131 85 156 136 52 162 40 134 144
split_gain=6.86271 8.20114 7.85154 6.97549 6.44514 7.56485 6.96874 8.12312 4.45406 3.82184
threshold=0.86515151515151534 227.56250000000003 11.500000000000002 -0.32561303431131911 1.7460524858819622 0.056980519480519416 -0.49504347019057043 0.022664469507584373 4.4042509311479252 0.60791925465838526
decision_type=10 2 2 2 10 10 2 2 10 8
left_child=4 -2 3 -3 5 -1 9 -8 -4 -6
right_child=1 2 8 -5 6 -7 7 -9 -10 -11
leaf_value=0.0011270133536905101 -0.021993752644817854 0.0079292244095349948 -0.0119615163114377 -0.0038201438844986928 0.021802492670174624 -0.018404518176110298 0.0051562022129046283 -0.0030160222454850144 0.00093537428820844885 0.0050445388297405544
leaf_weight=79.768897175788879 36.1938456594944 143.50176367163658 156.77460891008377 182.39739935100079 43.539107203483582 51.37641729414463 456.63265480101109 337.42132075130939 58.246088817715645 44.893316954374313
leaf_count=229 116 410 457 523 127 146 1294 956 170 128
internal_value=-0.00033426 -0.00381353 -0.00255503 0.00135572 0.00164651 -0.00659074 0.00287897 0.0016816 -0.00847051 0.0134691
internal_weight=1590.75 577.114 540.92 325.899 1013.63 131.145 882.486 794.054 215.021 88.4324
internal_count=4556 1676 1560 933 2880 375 2505 2250 627 255
is_linear=0
shrinkage=0.04


Tree=216
num_leaves=13
num_cat=0
split_feature=157 79 66 157 39 132 177 142 50 90 168 45
split_gain=6.4546 10.5419 9.14006 6.77223 8.79525 9.46465 8.71022 5.93531 5.70466 5.31113 5.21815 5.08145
threshold=0.33591241755749163 0.50925925925925941 0.13614211083153629 -0.11101928020190446 -0.43557853773173782 730.12771739130449 0.15587044534412958 0.37066905615292717 -7.4999999999999991 828.50000000000011 -0.11532720677111523 5.8012589823673588
decision_type=2 2 10 2 2 2 8 8 10 10 2 10
left_child=3 2 10 6 11 -6 7 -1 -8 -4 -2 -5
right_child=1 -3 9 4 5 -7 8 -9 -10 -11 -12 -13
leaf_value=-0.019065122519033618 0.0027036147214720553 0.015851701096203964 0.012169919069772961 -0.014252207440311785 0.0061521965957982566 0.027042090457897312 0.012523757209032363 -0.0024063767555190315 0.00056095698114378475 -0.0032733687907220911 -0.013613700087904858 0.0068854805054538847
leaf_weight=54.974899128079414 36.651781618595123 38.079647779464722 48.195000767707825 36.091901764273643 108.67045478522778 50.841503724455833 72.634726911783218 89.783087328076363 480.77105696499348 128.06470309942961 197.50153492391109 34.717256680130959
leaf_count=203 122 111 172 123 337 174 213 315 1443 464 738 119
internal_value=-6.97597e-05 -0.00400639 -0.00588781 0.00183189 0.00776369 0.0129499 -0.000130428 -0.008834 0.00215444 0.000982868 -0.0110504 -0.00390913
internal_weight=1376.98 448.493 410.413 928.485 230.321 159.512 698.164 144.758 553.406 176.26 234.153 70.8092
internal_count=4534 1607 1496 2927 753 511 2174 518 1656 636 860 242
is_linear=0
shrinkage=0.04


Tree=217
num_leaves=12
num_cat=0
split_feature=169 66 178 27 161 144 31 101 166 169 183
split_gain=8.09789 10.1135 9.45739 9.46741 8.7814 7.53727 7.23894 6.58381 6.02557 3.27712 3.02356
threshold=0.3373983739837399 -1.9404502595351192 0.093073593073593086 12.500000000000002 -0.31343685025889573 0.83503401360544227 329.13709677419359 1.0000000180025095e-35 -0.0088723786121741189 0.21525096525096529 1.0000000180025095e-35
decision_type=8 8 8 8 2 10 2 2 2 10 8
left_child=1 -1 3 10 -5 6 -3 8 -4 -7 -2
right_child=2 5 7 4 -6 9 -8 -9 -10 -11 -12
leaf_value=0.023495713533660308 -0.012059360292348028 0.0018540020339404839 -0.0026429085251939034 0.021924902458101095 -0.0074919479603435795 -0.0023788292001885891 0.017794091284860928 -0.011616765316168114 0.012730621991656393 -0.019710635899897754 -0.027668455772641161
leaf_weight=36.05841601639986 41.781238473951817 362.8758752644062 74.938447248190641 18.227661520242691 103.21819423139095 39.777801506221294 51.268700495362282 44.1009172052145 87.31665126234293 30.993848502635956 43.678987044841051
leaf_count=134 314 1411 362 109 727 151 185 228 407 150 356
internal_value=3.22348e-05 0.00334842 -0.00414145 -0.0101649 -0.00291747 0.00180088 0.00387022 0.00190832 0.00564532 -0.0101659 -0.0202881
internal_weight=934.237 520.975 413.262 206.906 121.446 484.916 414.145 206.356 162.255 70.7717 85.4602
internal_count=4534 2031 2503 1506 836 1897 1596 997 769 301 670
is_linear=0
shrinkage=0.04


Tree=218
num_leaves=13
num_cat=0
split_feature=176 52 51 17 45 107 32 19 145 8 54 154
split_gain=6.04823 9.73357 8.0994 6.36408 6.5639 5.94687 9.51239 5.76658 6.71446 5.30112 5.08645 1.69413
threshold=2.5000000000000004 -0.06235047846889951 -5.4999999999999991 1.2900935379342395 -3.0627029758571775 0.018590054400071668 -0.13060200668896318 -0.063042943275501404 0.57013578863022552 -2.4999999999999996 -0.41637529137529133 0.32131735075484702
decision_type=10 8 10 10 10 10 2 10 2 2 10 2
left_child=1 3 -2 10 -5 9 -7 11 -9 -3 -1 -4
right_child=2 5 7 4 -6 6 -8 8 -10 -11 -12 -13
leaf_value=0.0064983004899735134 0.0067421704654813831 -0.0046203704528758388 -0.011090969911523283 0.017166494426849473 -0.0034839334508902447 -0.012939742193803274 0.0035916987859848939 0.0054433330553917214 -0.015291497055885639 0.0069785424298082401 -0.0080096375817438389 -0.022830427528899643
leaf_weight=43.296962842345238 62.406633123755455 70.213129878044128 42.962993010878563 41.525915145874023 57.599151790142059 79.767601773142815 178.23195491731167 59.077876836061478 41.764350041747093 554.04073375463486 307.17513866722584 44.26186192035675
leaf_count=124 180 200 124 120 165 230 508 165 121 1588 879 130
internal_value=4.04087e-05 0.00111515 -0.0056481 -0.00366769 0.00523211 0.00355615 -0.00154195 -0.00978408 -0.0031903 0.00566545 -0.00619826 -0.017262
internal_weight=1582.32 1331.85 250.474 449.597 99.1251 882.253 258 188.067 100.842 624.254 350.472 87.2249
internal_count=4534 3814 720 1288 285 2526 738 540 286 1788 1003 254
is_linear=0
shrinkage=0.04


Tree=219
num_leaves=15
num_cat=0
split_feature=157 57 157 160 65 143 163 45 58 28 21 134 133 33
split_gain=6.02943 6.51307 6.70034 9.51137 5.91302 5.88471 5.58904 5.32004 5.25809 5.14869 6.09921 4.78722 4.18816 3.96763
threshold=0.33591241755749163 -966.49999999999989 -0.11770851832901645 -0.59633979191656594 -1.7073685657151103 0.68469785575048747 0.62752837739312428 -9.8120652528903047 -223.49999999999997 49.500000000000007 -0.027356902356902354 3.2741499118855146 3.1334222471804956 -2.5674065446995757
decision_type=2 8 2 2 10 10 2 8 10 8 2 10 2 10
left_child=1 4 6 -4 13 7 -3 12 -6 10 -7 -9 -2 -1
right_child=5 2 3 -5 8 9 -8 11 -10 -11 -12 -13 -14 -15
leaf_value=0.0052778857609755894 0.010021710447059903 -0.0040863642990115849 0.019392005539797769 -0.00070209252022391351 -0.0026363149287939097 -0.0031727215789311898 0.010275611145483341 -0.0054566588961233557 0.012530688768739123 -0.0081188221540609215 0.013726093314705739 -0.018994153287819913 -0.0081215620314513473 0.021002702783409148
leaf_weight=46.54352656006813 38.091057792305946 447.82631097733974 58.492341130971909 102.17281991243362 113.76900154352188 64.647373721003532 46.968578517436981 89.629608184099197 52.639238312840462 62.679519012570381 70.416874267160892 80.195616446435452 41.451417088508606 59.9901302754879
leaf_count=144 143 1409 177 351 350 233 148 326 169 219 234 309 143 179
internal_value=-6.77541e-05 0.00176838 -0.000392899 0.00667577 0.00694839 -0.00388028 -0.00270104 -0.00795546 0.00219565 0.00126289 0.00565905 -0.0119349 0.000558556 0.0142642
internal_weight=1375.51 928.402 655.46 160.665 272.942 447.111 494.795 249.368 166.408 197.744 135.064 169.825 79.5425 106.534
internal_count=4534 2927 2085 528 842 1607 1557 921 519 686 467 635 286 323
is_linear=0
shrinkage=0.04


Tree=220
num_leaves=12
num_cat=0
split_feature=21 37 178 146 57 1 158 66 74 17 70
split_gain=7.92914 10.2748 6.97838 7.16722 6.41445 6.62867 6.0282 6.02748 4.75204 4.52462 4.48193
threshold=-0.12428160919540228 -0.78054759506892679 0.093073593073593086 0.26269883564453617 -1162.4999999999998 1.0000000180025095e-35 -0.34948069532224874 -1.011577372319034 335.50000000000006 2.3362838346855401 7.5000000000000009
decision_type=2 2 8 8 8 8 2 8 2 10 8
left_child=4 8 3 -3 5 -1 -4 -6 9 -2 -9
right_child=1 2 6 -5 7 -7 -8 10 -10 -11 -12
leaf_value=-0.017978262125785373 -0.017999647519085928 0.0034497606861846565 -0.004846334938684904 -0.012455743367617629 0.022873023422789188 0.0060604919551613314 0.0081845447253510346 0.015025661269334103 0.0026599809460660134 0.001020029057685216 0.0017777099471389733
leaf_weight=33.371152311563492 107.22523649036884 79.213390119373798 78.430088572204113 103.41036154329777 37.725478991866112 38.431657269597054 198.5392252355814 56.34964308142662 31.48045215010643 24.184224955737591 144.8015352897346
leaf_count=167 590 491 321 695 157 171 816 234 150 102 640
internal_value=2.37547e-05 -0.0025783 0.000482858 -0.00556459 0.00523525 -0.0051778 0.0044832 0.00838213 -0.0111778 -0.0145029 0.0055548
internal_weight=933.162 622.483 459.593 182.624 310.679 71.8028 276.969 238.877 162.89 131.409 201.151
internal_count=4534 3165 2323 1186 1369 338 1137 1031 842 692 874
is_linear=0
shrinkage=0.04


Tree=221
num_leaves=11
num_cat=0
split_feature=56 51 52 107 32 119 166 162 135 19
split_gain=6.66472 10.1427 8.74936 6.4101 8.54276 4.93712 7.13316 4.91423 4.21262 3.95839
threshold=-2.4999999999999996 -5.4999999999999991 -0.06235047846889951 0.018590054400071668 -0.13060200668896318 0.56385869565217395 0.0020470509774125991 1.254210300789792 3.6667421155877471 -0.13457904529333095
decision_type=8 10 8 10 2 8 2 2 2 10
left_child=1 -1 5 7 -5 8 -7 -4 -2 -3
right_child=2 9 3 4 -6 6 -8 -9 -10 -11
leaf_value=0.0056568110925023143 0.0045977603725420937 -0.02363738134971799 0.0066011690593452766 -0.012582155595777324 0.002689997203371367 -0.00055771447553330236 -0.013648645690993501 -0.0031666795918884488 -0.0088128775894658323 -0.0079562625422040199
leaf_weight=59.908746764063835 148.29212120175362 45.533058807253838 582.11938923597336 83.792438998818398 188.55350036919117 133.86543700098991 132.36723060905933 95.063668727874756 49.005635723471642 62.580963835120201
leaf_count=173 418 133 1668 242 539 385 387 272 139 178
internal_value=4.366e-05 -0.00746194 0.000942189 0.00314151 -0.0020303 -0.00355581 -0.00710055 0.00522435 0.00122904 -0.0147349
internal_weight=1581.08 168.023 1413.06 949.529 272.346 463.53 266.233 677.183 197.298 108.114
internal_count=4534 484 4050 2721 781 1329 772 1940 557 311
is_linear=0
shrinkage=0.04


Tree=222
num_leaves=9
num_cat=0
split_feature=18 157 157 67 157 36 50 47
split_gain=5.84964 6.99101 6.12258 6.86622 5.45734 8.42014 7.82505 4.44228
threshold=-0.63245614035087705 0.33591241755749163 0.56598218850133175 35.240246406570854 -0.11101928020190446 -0.85846497601173388 -11.499999999999998 0.13515773540507328
decision_type=8 2 2 10 2 2 10 8
left_child=-1 4 7 -4 6 -6 -2 -3
right_child=1 2 3 -5 5 -7 -8 -9
leaf_value=-0.015313033792953902 0.017885660639988036 -0.0033053586129054157 0.00045228816091118023 -0.016863993318028597 -0.0077512050846546554 0.011556241272443321 -0.00048985962880968318 -0.02242571812104667
leaf_weight=38.124765411019325 38.381023824214935 36.423077240586281 320.79377561807632 40.329013541340828 44.147068470716476 182.12796722352505 631.57830408215523 42.434688448905945
leaf_count=126 114 129 1160 144 149 588 1972 152
internal_value=-6.65221e-05 0.000378121 -0.00374434 -0.00151724 0.00240607 0.00776296 0.000584955 -0.0137714
internal_weight=1374.34 1336.21 439.981 361.123 896.234 226.275 669.959 78.8578
internal_count=4534 4408 1585 1304 2823 737 2086 281
is_linear=0
shrinkage=0.04


Tree=223
num_leaves=13
num_cat=0
split_feature=169 123 27 144 161 38 21 166 85 183 42 142
split_gain=7.51085 8.27438 10.2354 7.28102 6.32607 5.80963 7.47656 5.56877 7.23373 6.69805 3.33653 3.13792
threshold=0.3373983739837399 1.0000000180025095e-35 12.500000000000002 0.83503401360544227 -0.31343685025889573 -1.4884850966329222 -0.12522401433691752 -0.0088723786121741189 9.5000000000000018 0.12916666666666668 0.066898489147168547 0.25095419847328249
decision_type=8 2 8 10 2 2 2 2 2 8 2 10
left_child=3 2 11 5 -4 -1 -7 9 -9 -3 -5 -2
right_child=1 7 4 10 -6 6 -8 8 -10 -11 -12 -13
leaf_value=0.020261298772569294 -0.0068221714140917272 0.0030830433189805795 0.01667301358415809 -0.014779012005403913 -0.0060769232538508411 0.011325683483145055 -8.2920841261442465e-05 -0.0039483299464666242 0.017788917327629519 -0.021771593190682378 0.0023630341565774077 -0.024982223420654873
leaf_weight=36.432142645120621 22.045878738164902 49.01622024923563 21.863528154790401 46.276397779583931 133.89890614524484 137.48281230777502 272.21820270270109 41.179520592093468 57.925390318036079 25.593946225941181 28.814826563000679 59.570859927684069
leaf_count=147 160 220 128 202 900 497 1068 207 263 132 117 493
internal_value=2.12592e-05 -0.00401387 -0.00885557 0.00320923 -0.00278489 0.00515323 0.00375883 0.00260361 0.00878758 -0.00559171 -0.00823019 -0.0202431
internal_weight=932.319 411.094 237.379 521.224 155.762 446.133 409.701 173.715 99.1049 74.6102 75.0912 81.6167
internal_count=4534 2503 1681 2031 1028 1712 1565 822 470 352 319 653
is_linear=0
shrinkage=0.04


Tree=224
num_leaves=8
num_cat=0
split_feature=143 61 56 56 32 85 19
split_gain=7.86645 6.86628 7.57582 8.44613 5.78545 5.48289 3.95454
threshold=0.932768361581921 1.0000000180025095e-35 3.5000000000000004 -2.4999999999999996 -0.088562091503267951 7.5000000000000009 0.36932808045612925
decision_type=10 10 10 8 2 2 10
left_child=1 2 3 -1 -3 -2 -7
right_child=5 4 -4 -5 -6 6 -8
leaf_value=-0.0068426948523700451 0.0020608228392675287 -0.018506830560364635 -0.014681373338066673 0.0035906726167741249 -0.00094578455196626346 -0.019981292823314047 -0.0042409158553590523
leaf_weight=138.65694990754128 53.630337953567505 48.868988901376724 41.799818769097328 1113.8506395220757 76.339871495962143 62.187151551246643 44.599468603730202
leaf_count=401 153 141 123 3190 219 179 128
internal_value=4.40555e-05 0.000996124 0.00186448 0.00242953 -0.00790803 -0.0083223 -0.0135262
internal_weight=1579.93 1419.52 1294.31 1252.51 125.209 160.417 106.787
internal_count=4534 4074 3714 3591 360 460 307
is_linear=0
shrinkage=0.04


Tree=225
num_leaves=10
num_cat=0
split_feature=177 21 175 62 166 163 38 138 164
split_gain=5.38356 7.6143 6.6036 5.30416 5.09034 4.30615 4.18319 3.98828 1.88741
threshold=0.31009615384615391 -0.4534632034632034 2.5000000000000004 379.62905982905988 0.088271368536640679 0.92810676426929928 -0.55015770228666028 0.52950180072028818 -0.31415401015341038
decision_type=8 2 2 8 2 2 2 10 2
left_child=1 8 7 4 5 -2 -6 -3 -1
right_child=3 2 -4 -5 6 -7 -8 -9 -10
leaf_value=-0.021772724151032978 0.0003215067639132019 -0.0010350315326779285 0.012184959720131673 -0.011261849587346278 0.014861168169421282 0.013627738391777897 0.00086138270073193564 -0.010990344995708118 -0.0085676025467050394
leaf_weight=34.700849831104279 598.35827426612377 341.74360990524292 50.986277908086777 44.836701288819313 88.422832459211349 40.655125677585602 55.966483384370804 78.58883062005043 39.295644208788872
leaf_count=130 1816 1292 178 136 254 124 169 294 141
internal_value=-6.86737e-05 -0.00315303 -0.00126188 0.00196102 0.00273375 0.00119117 0.00949174 -0.00292277 -0.0149946
internal_weight=1373.55 545.315 471.319 828.239 783.403 639.013 144.389 420.332 73.9965
internal_count=4534 2035 1764 2499 2363 1940 423 1586 271
is_linear=0
shrinkage=0.04


Tree=226
num_leaves=13
num_cat=0
split_feature=21 154 19 180 145 77 68 154 139 131 120 22
split_gain=7.144 8.51819 8.93413 8.66072 7.76603 7.71954 5.51609 5.27997 4.79004 5.82171 4.51123 3.79387
threshold=-0.12428160919540228 0.11936187033607316 -0.032931121166415271 0.31666666666666671 0.39105498074592476 -1.0000000180025095e-35 27.430527036276526 1.8936803464909222 4.2028037383177574 534.79047619047628 1.0000000180025095e-35 8.0861316208884695
decision_type=2 2 10 10 2 2 8 2 2 2 8 10
left_child=7 3 4 6 -3 -5 -2 8 9 -1 -4 -9
right_child=1 2 10 5 -6 -7 -8 11 -10 -11 -12 -13
leaf_value=0.014550841365952496 0.0093386144270776114 -0.011732208631168256 0.00259019943336133 0.0014979135299811378 0.0064676403007314443 0.025318101994215057 -0.0057544864521710624 0.0055768006306882011 -0.012367727105373994 0.00039999965821056478 -0.015955857214660207 0.026643276777243461
leaf_weight=64.496949426829815 50.630484953522682 57.740890584886074 24.029265493154526 45.469574682414532 102.79619301855564 41.340006500482559 153.93486104905605 28.923263356089592 29.589339137077332 161.79302448034286 143.86556523665786 26.712532944977283
leaf_count=246 226 400 122 184 418 159 789 140 121 757 867 105
internal_value=2.2263e-05 -0.00245858 -0.00686778 0.00251103 -9.80824e-05 0.0130234 -0.00198192 0.00495676 0.00249079 0.00448833 -0.0132901 0.0160186
internal_weight=931.322 619.807 328.432 291.375 160.537 86.8096 204.565 311.515 255.879 226.29 167.895 55.6358
internal_count=4534 3165 1807 1358 818 343 1015 1369 1124 1003 989 245
is_linear=0
shrinkage=0.04


Tree=227
num_leaves=11
num_cat=0
split_feature=143 17 157 160 160 58 160 65 160 13
split_gain=7.46539 6.14898 6.52513 6.06312 6.06212 5.13336 8.11801 4.96471 4.80392 2.62694
threshold=0.932768361581921 0.69261871899740191 -0.22344757800224391 -0.43883930167533231 -1.3456655477619226 371.50000000000006 -0.61851890659332009 -0.92359645486572173 0.05420283842699402 -1.0000000180025095e-35
decision_type=10 10 2 2 2 10 2 8 2 2
left_child=1 2 8 -2 -4 7 -7 -3 -1 -5
right_child=3 5 4 9 -6 6 -8 -9 -10 -11
leaf_value=0.0043271744977079188 -0.01655126968846234 -0.0033092591728121996 0.0085672258251848939 0.005982179880716627 -0.0069894278011761657 -0.015806536866634979 0.0037825968952660233 0.0096789941917417473 -0.0038803795648042752 -0.0077195565796977549
leaf_weight=371.29371803998947 72.828374251723289 56.088745415210724 44.7170450091362 43.1517413854599 325.46012249588966 43.35298091173172 141.792869374156 272.84180788695812 163.4017238765955 44.355080559849739
leaf_count=1073 209 162 126 122 928 125 408 781 471 129
internal_value=4.53333e-05 0.000972986 -0.00101014 -0.00810704 -0.00508679 0.00446274 -0.000853842 0.00745488 0.00181267 -0.000949051
internal_weight=1579.28 1418.95 904.873 160.335 370.177 514.076 185.146 328.931 534.695 87.5068
internal_count=4534 4074 2598 460 1054 1476 533 943 1544 251
is_linear=0
shrinkage=0.04


Tree=228
num_leaves=8
num_cat=0
split_feature=55 117 68 154 143 15 137
split_gain=5.18555 5.1658 6.15016 5.98823 5.76929 4.7719 4.76301
threshold=0.38548951048951052 1.0000000180025095e-35 25.780971937029438 0.61152151356580597 0.85053191489361712 0.31387343724022448 0.4874074919787349
decision_type=10 2 8 2 10 10 10
left_child=1 2 5 -3 -4 -1 -2
right_child=6 3 4 -5 -6 -7 -8
leaf_value=-0.0029311690236857079 0.00080450597552550755 0.015763422577607232 -0.0012780469641549927 -0.0012731631729578372 0.0063396469883388587 -0.021478815641053615 0.019857067730335378
leaf_weight=54.327742621302605 42.616254508495331 67.657400414347649 891.33900806307793 62.926267802715302 192.5732244849205 37.329383298754692 40.992282509803772
leaf_count=193 148 199 2982 186 615 130 135
internal_value=0.00069682 7.35775e-05 -0.000765539 0.00759127 7.81029e-05 -0.010657 0.0102937
internal_weight=1389.76 1306.15 1175.57 130.584 1083.91 91.6571 83.6085
internal_count=4588 4305 3920 385 3597 323 283
is_linear=0
shrinkage=0.04


Tree=229
num_leaves=10
num_cat=0
split_feature=171 89 178 78 89 67 64 27 132
split_gain=8.00604 7.59093 6.23986 8.51648 8.00277 3.34179 3.48474 6.41515 2.5672
threshold=0.087121212121212141 192.50000000000003 0.18898809523809526 -1.0000000180025095e-35 1134.5000000000002 26.120465434633818 0.31598249740470169 5.5000000000000009 407.77500000000003
decision_type=10 10 8 2 10 10 8 8 2
left_child=5 -2 4 -4 -3 -1 7 -7 -8
right_child=1 2 3 -5 -6 6 8 -9 -10
leaf_value=0.006879090501322147 0.020595460007569188 0.0010313038798719335 -0.0028725038111824365 0.0077046666136387229 -0.011857926566384177 -0.019899103852116962 -0.0046839898051809926 0.0094016317835834643 -0.024439288441982256
leaf_weight=14.67166920006275 28.17334246635437 176.05762030929327 232.17666336894035 253.85120769590139 135.53755152225494 21.859365191310644 14.931727416813372 24.078380599617958 42.800774827599525
leaf_count=105 106 910 871 909 850 185 97 195 360
internal_value=-0.00084247 0.000554101 -0.00017619 0.0026523 -0.00458885 -0.0105276 -0.0130523 -0.00462534 -0.0195306
internal_weight=944.138 825.796 797.623 486.028 311.595 118.342 103.67 45.9377 57.7325
internal_count=4588 3646 3540 1780 1760 942 837 380 457
is_linear=0
shrinkage=0.04


Tree=230
num_leaves=12
num_cat=0
split_feature=173 48 143 131 183 7 158 150 171 163 2
split_gain=8.20487 7.58968 7.14697 6.42404 5.37105 4.63961 5.61957 5.08815 4.20715 4.18775 3.39308
threshold=0.70479302832244028 -0.40156429992946346 0.98809523809523825 453.04166666666669 0.12916666666666668 -0.79285714285714282 0.56101711643718832 0.10620300751879701 0.43826219512195125 -0.17212220661082553 -1.0390143737166324
decision_type=10 10 10 2 8 10 2 2 8 2 8
left_child=5 10 3 -3 -4 9 8 -8 -7 -1 -2
right_child=1 2 4 -5 -6 6 7 -9 -10 -11 -12
leaf_value=-0.011587533178042089 -0.018581865036690483 -0.0066229454820738703 -0.0016523640291246683 0.0019094116628500372 -0.019938371520438002 0.01164378587114261 0.0062914322980598273 -0.010898299514822969 -0.0021758040643133423 0.0046047023147254874 -0.0045565167360482493
leaf_weight=48.901905804872513 56.967853516340256 173.80271752178669 51.93452912569046 732.76750406622887 50.778629198670387 223.49589790403843 61.752885714173317 48.07793103158474 41.1934634745121 51.344025298953056 55.209744274616241
leaf_count=139 160 536 151 2068 146 654 178 136 119 146 155
internal_value=-0.000106972 -0.00197402 -0.000869551 0.000265936 -0.0108168 0.00429393 0.00633819 -0.00124569 0.00948543 -0.00331086 -0.011798
internal_weight=1596.23 1121.46 1009.28 906.57 102.713 474.766 374.52 109.831 264.689 100.246 112.178
internal_count=4588 3216 2901 2604 297 1372 1087 314 773 285 315
is_linear=0
shrinkage=0.04


Tree=231
num_leaves=8
num_cat=0
split_feature=48 2 47 161 57 179 23
split_gain=4.62708 5.12045 4.72738 5.59835 4.63977 4.46493 4.43525
threshold=-0.51300070539741782 -0.93360711841204658 15.725061030668941 2.9819232850401045 -1582.4999999999998 0.68333333333333346 1.0000000180025095e-35
decision_type=8 8 8 2 8 8 2
left_child=1 -1 3 5 -4 -2 -6
right_child=2 -3 4 -5 6 -7 -8
leaf_value=0.020527074694108579 -0.0037878412773051963 2.7653289186637047e-05 0.014990185931145816 0.013613929721492033 0.0050185288312218088 0.002670660233352213 -0.0049816005291023584
leaf_weight=37.467878818511963 653.77053040266037 39.933277815580368 50.488955363631248 36.81059567630291 240.5305185765028 230.75640188157558 99.404731214046478
leaf_count=121 2206 134 157 106 806 731 327
internal_value=0.000671916 0.0101116 0.000106118 -0.00145551 0.00379072 -0.00209957 0.00208236
internal_weight=1389.16 77.4012 1311.76 921.338 390.424 884.527 339.935
internal_count=4588 255 4333 3043 1290 2937 1133
is_linear=0
shrinkage=0.04


Tree=232
num_leaves=11
num_cat=0
split_feature=171 15 159 64 39 22 66 67 41 34
split_gain=7.60102 8.00058 7.23711 7.06439 5.77018 3.99626 3.88383 4.97415 3.53557 2.98335
threshold=0.087121212121212141 1.6913144749404834 -0.51997690194300905 1.8532222824389593 -0.46591121801497759 2.1543610484786808 -0.96131548583615056 26.683093771389462 0.074568438619262392 0.089984576826682094
decision_type=10 10 2 10 2 10 8 10 2 2
left_child=6 3 -3 4 -2 -5 -1 -8 -4 -9
right_child=1 2 8 5 -6 -7 7 9 -10 -11
leaf_value=0.0077579525192657227 0.0027180094155959222 -0.004139695170154228 0.02770931121350554 0.021490411970990615 -0.0049891391724474514 0.0016764704779879949 0.0060281672303540978 -0.020599050774952846 0.0085113438998294551 -0.00074245319231254058
leaf_weight=15.677049357444046 245.7260271422565 31.839427899569273 33.984519809484482 31.811861366033554 418.52418510988355 33.173928327858448 17.266870774328709 69.291372310370207 30.27243933826685 14.972420718520878
leaf_count=125 1015 148 148 146 1924 135 125 572 130 120
internal_value=-0.000818943 0.000536822 0.0113251 -0.00089564 -0.00213523 0.0115848 -0.0103064 -0.0131637 0.0189645 -0.0171444
internal_weight=942.54 825.332 96.0964 729.236 664.25 64.9858 117.208 101.531 64.257 84.2638
internal_count=4588 3646 426 3220 2939 281 942 817 278 692
is_linear=0
shrinkage=0.04


Tree=233
num_leaves=15
num_cat=0
split_feature=37 63 137 107 173 131 40 142 173 2 2 158 177 141
split_gain=8.06117 9.13008 10.4621 8.13165 7.21826 9.61105 8.73726 6.45182 7.79494 5.48572 5.94251 5.71151 4.60886 4.33565
threshold=-0.61954351840733868 77.920368624909671 0.44880454723166224 0.013792425091282425 0.70479302832244028 462.90000000000003 0.27749483536149128 0.28035087719298252 0.88675213675213682 1.7371663244353199 5.0349075975359314 -0.55007926287836095 0.25657894736842107 0.38511814982403225
decision_type=2 2 10 8 8 2 2 10 10 8 10 2 8 8
left_child=1 7 12 -4 9 13 -7 -1 -9 11 -11 -2 -3 -6
right_child=4 2 3 -5 5 6 -8 8 -10 10 -12 -13 -14 -15
leaf_value=0.018171394887478255 0.012072327287260222 -0.00022360225651207996 -0.00015850573024492253 -0.018662233630417118 -0.022631560107822565 -0.0051867140143915637 0.0050612875681881435 0.010395161872021663 -0.0075581552272043695 0.018936928586053857 -0.00076824923487658003 -0.0039247955196523576 0.017209040661170082 -0.0083789699450194134
leaf_weight=85.603562265634537 44.152500286698341 45.926518633961678 92.430004611611366 63.812285199761391 47.670640230178833 392.86696463823318 199.97828857600689 122.75262573361397 55.321005433797836 57.820415735244751 41.49719649553299 169.57898193597794 49.863750800490379 125.50372046232224
leaf_count=247 128 132 264 188 148 1105 563 350 162 169 120 488 141 383
internal_value=-9.98676e-05 0.00400791 -0.00142878 -0.00779912 -0.00206681 -0.00415782 -0.00172379 0.00919782 0.00479549 0.00304041 0.0107581 -0.000569976 0.00891436 -0.0124213
internal_weight=1594.78 515.71 252.033 156.242 1079.07 766.02 592.845 263.677 178.074 313.049 99.3176 213.731 95.7903 173.174
internal_count=4588 1484 725 452 3104 2199 1668 759 512 905 289 616 273 531
is_linear=0
shrinkage=0.04


Tree=234
num_leaves=7
num_cat=0
split_feature=153 63 48 6 173 75
split_gain=4.73394 6.53652 5.02008 5.15603 6.42258 4.9371
threshold=-0.42946997600115799 -109.05008446001533 -0.51300070539741782 0.53149350649350657 0.83666666666666678 6.5000000000000009
decision_type=2 2 10 2 8 2
left_child=1 -1 -2 4 -4 -3
right_child=2 5 3 -5 -6 -7
leaf_value=0.0068561389493491647 0.011762658393882052 -0.021130391066940601 -0.0026085786393325473 0.012140542837486459 0.0034007596338976025 -0.00067195184146386089
leaf_weight=36.354645639657974 69.170185148715973 49.157462820410728 618.92284078896046 59.414410799741745 524.96344850957394 30.697961091995239
leaf_count=127 225 187 2109 194 1616 130
internal_value=0.000651496 -0.00703897 0.00136038 0.000751491 0.0001481 -0.0133961
internal_weight=1388.68 116.21 1272.47 1203.3 1143.89 79.8554
internal_count=4588 444 4144 3919 3725 317
is_linear=0
shrinkage=0.04


Tree=235
num_leaves=10
num_cat=0
split_feature=171 89 123 167 68 107 80 66 158
split_gain=7.21519 7.07222 5.85748 6.57202 5.85648 3.91686 5.02497 3.6086 1.60315
threshold=0.087121212121212141 192.50000000000003 2.5000000000000004 -0.087427254262882823 34.131416837782346 0.0049875399052973233 0.267948717948718 -0.96131548583615056 -0.37272290291671639
decision_type=10 10 2 2 10 10 2 10 2
left_child=5 -2 3 -3 -4 6 7 -1 -7
right_child=1 2 4 -5 -6 8 -8 -9 -10
leaf_value=-0.00040971734633527755 0.019787346944033307 -0.0090560087218748402 0.012486240469902252 0.00041208732575973988 -0.0051598380177587675 -0.028219241839588984 0.0093425218890139869 -0.023484338464249705 -0.012153882211714064
leaf_weight=21.22743247076869 28.389690257608891 151.69514505192637 98.586161449551582 504.19313345849514 42.272958442568779 18.273729592561722 26.885997217148542 21.639789931476116 28.099799536168575
leaf_count=153 106 793 331 2265 151 154 219 181 235
internal_value=-0.000798856 0.000516978 -0.0001911 -0.00178512 0.00717737 -0.0100902 -0.00396112 -0.0123734 -0.0189888
internal_weight=941.264 825.137 796.747 655.888 140.859 116.127 69.7532 42.8672 46.3735
internal_count=4588 3646 3540 3058 482 942 553 334 389
is_linear=0
shrinkage=0.04


Tree=236
num_leaves=11
num_cat=0
split_feature=37 173 131 137 36 18 45 25 131 167
split_gain=7.60269 6.8199 9.11994 6.5393 6.19622 5.31928 5.17757 6.90451 5.0758 4.7389
threshold=-0.61954351840733868 0.70479302832244028 462.90000000000003 0.38840546811945126 0.99904540397699682 0.21442788898999093 -34.095621196826748 -1.0000000180025095e-35 514.92857142857156 -0.053906267275467525
decision_type=2 8 2 10 2 10 8 2 2 2
left_child=3 5 9 -1 -4 8 -5 -8 -2 -3
right_child=1 2 4 6 -6 -7 7 -9 -10 -11
leaf_value=0.014500628360521768 0.011934458850881402 -0.0026160825463392174 -0.0040312716807157575 0.013802621050896444 0.0053916023487297748 0.013614599766085542 0.010421079145819372 -0.0024580720435231698 -0.0023494171894658327 -0.016764133316723308
leaf_weight=77.911028429865837 48.329871669411659 57.393754512071609 444.85439492762089 51.170926794409752 147.88148078322411 59.525960832834244 84.364209562540054 301.82936635613441 204.94739708304405 115.06307519972324
leaf_count=222 137 179 1256 149 412 172 243 870 596 352
internal_value=-9.44875e-05 -0.00200576 -0.0040396 0.0038963 -0.00167187 0.00296015 0.00197394 0.000369869 0.000404554 -0.0121094
internal_weight=1593.27 1078 765.193 515.276 592.736 312.803 437.365 386.194 253.277 172.457
internal_count=4588 3104 2199 1484 1668 905 1262 1113 733 531
is_linear=0
shrinkage=0.04


Tree=237
num_leaves=9
num_cat=0
split_feature=55 170 143 59 158 147 141 46
split_gain=4.72257 5.44494 9.03753 6.77782 5.63992 5.11606 4.72251 3.84544
threshold=0.38548951048951052 0.34412955465587053 0.86240703177822864 1.5000000000000002 1.1860543192664255 16.181535922454959 0.46225071225071229 -10.233316057383943
decision_type=10 10 10 10 2 2 8 10
left_child=1 2 3 -1 5 -3 -2 -4
right_child=6 4 7 -5 -6 -7 -8 -9
leaf_value=-0.0070040116517384619 -0.00059300068580709373 0.0035403030101020089 -0.0012610364205580548 0.0056949093079223037 0.012400687072928169 -0.0041430876976548603 0.018293638462967311 0.015340912638324156
leaf_weight=415.71633883565664 38.251268953084946 437.72223214805126 36.806020483374596 79.22960889339447 78.757687821984291 201.61834512650967 45.758536756038666 54.38192255795002
leaf_count=1438 133 1358 119 264 235 713 150 178
internal_value=0.000629876 3.29006e-05 -0.00282363 -0.00495979 0.00236796 0.00111151 0.00976485 0.00867721
internal_weight=1388.24 1304.23 586.134 494.946 718.098 639.341 84.0098 91.1879
internal_count=4588 4305 1999 1702 2306 2071 283 297
is_linear=0
shrinkage=0.04


Tree=238
num_leaves=14
num_cat=0
split_feature=178 89 45 15 73 1 57 79 3 20 79 52 107
split_gain=7.03196 9.82189 7.87611 7.48942 6.71722 6.38426 6.23121 6.06205 5.70871 6.62912 4.48792 3.77922 3.48716
threshold=0.18898809523809526 1134.5000000000002 8.28351511719268 1.8157140210826266 181.50000000000003 9.0000000000000018 -1162.4999999999998 0.31009615384615391 -3.4999999999999996 -0.12858516861075384 0.23669467787114848 -0.027625152625152635 -1.0000000180025095e-35
decision_type=8 8 8 10 2 10 10 2 2 8 2 10 8
left_child=1 2 5 6 -4 -1 10 -8 9 -3 -2 -10 -5
right_child=3 8 4 12 -6 -7 7 -9 11 -11 -12 -13 -14
leaf_value=-0.008069493040934541 -0.012903078522682505 -0.015701561383668503 0.00068991610542747876 0.023477154731436505 0.024843254195829258 0.014101473488043966 0.0055739385058242163 -0.0076389118234937376 -0.0070356140898151847 0.019056972402351789 0.0035614504743422112 -0.020816181111640956 0.004651430433131684
leaf_weight=128.88440101966262 79.209339797496796 15.533955845981835 42.519189566373825 34.171716831624508 31.829131990671158 23.745749402791262 291.35133417695761 67.568333365023136 53.891860350966454 17.705116748809814 38.76403483748436 84.50892373546958 30.167031362652779
leaf_count=793 305 139 237 133 165 128 1059 274 340 116 168 610 121
internal_value=-0.00077985 -0.00480673 0.00065119 0.00218566 0.0112492 -0.00453784 0.000440331 0.00306669 -0.0119979 0.00277034 -0.00749184 -0.0155535 0.0148871
internal_weight=939.85 398.618 226.978 541.232 74.3483 152.63 476.893 358.92 171.64 33.2391 117.973 138.401 64.3387
internal_count=4588 2528 1323 2060 402 921 1806 1333 1205 255 473 950 254
is_linear=0
shrinkage=0.04


Tree=239
num_leaves=13
num_cat=0
split_feature=37 63 137 136 173 54 131 173 35 139 62 48
split_gain=7.1561 8.4115 9.72319 7.03222 7.70872 6.52729 6.98517 7.54568 6.46578 5.13203 3.8758 3.3988
threshold=-0.61954351840733868 77.920368624909671 0.44880454723166224 4.1822379957941909 0.88675213675213682 0.46176338281601448 453.04166666666669 0.70185185185185195 -36.281067525844144 1.0163752534720896 -48.254166666666656 -0.041287712060397878
decision_type=2 2 10 10 10 10 2 8 2 2 10 8
left_child=1 3 10 4 -1 6 7 -2 -8 -4 -3 -5
right_child=5 2 9 11 -6 -7 8 -9 -10 -11 -12 -13
leaf_value=0.0091593350450355354 0.0072878371358625193 -0.00036531228137362532 0.0046099267777663724 0.0079388365339705426 -0.010291923742531661 -0.015218273899226099 -0.0082934124161049526 -0.012168949545198513 0.0018069344090312579 -0.011835647045807578 0.01569392679134593 0.022064142600513301
leaf_weight=100.70497350394726 39.514035269618034 42.982281342148781 40.2040945738554 49.810676589608192 46.959196224808693 55.205230906605721 117.14005383849144 150.79400093853474 714.30292332172394 115.82077820599079 52.773662462830544 65.838037252426147
leaf_count=287 112 122 120 143 139 167 333 463 2029 332 151 190
internal_value=-8.74605e-05 0.0037846 -0.00143543 0.00877013 0.0029325 -0.00194307 -0.00120967 -0.00810167 0.000373264 -0.00758289 0.00853542 0.0161176
internal_weight=1592.05 515.094 251.781 263.313 147.664 1076.96 1021.75 190.308 831.443 156.025 95.7559 115.649
internal_count=4588 1484 725 759 426 3104 2937 575 2362 452 273 333
is_linear=0
shrinkage=0.04


Tree=240
num_leaves=9
num_cat=0
split_feature=117 136 167 45 2 45 171 107
split_gain=6.44672 7.26699 9.5545 5.74677 6.2424 4.67916 7.02704 6.21141
threshold=1.0000000180025095e-35 3.8219866184415183 -0.064395475530821492 45.06401666792943 -0.15879534565366346 4.9614973929079733 0.34891304347826091 -0.070567024192770486
decision_type=2 10 2 8 10 8 8 10
left_child=3 2 -2 5 -5 7 -7 -1
right_child=1 -3 -4 4 -6 6 -8 -9
leaf_value=0.01332774170599928 0.00061581326076091817 -0.0059308538680024683 0.026322751465040969 0.020540249932230973 -0.0012545545023275725 -0.0014962119194317481 -0.011917908009052174 -0.0011070809565429107
leaf_weight=50.425476208329201 44.486157834529877 41.371225073933601 47.676226615905762 37.721201434731483 45.425553306937218 286.56251998990774 161.84429295361042 656.57645371556282
leaf_count=162 128 122 142 121 147 908 632 2179
internal_value=-0.000450457 0.00786425 0.0140755 -0.00135413 0.00873593 -0.0020889 -0.00528033 -5.73514e-05
internal_weight=1372.09 133.534 92.1624 1238.56 83.1468 1155.41 448.407 707.002
internal_count=4541 392 270 4149 268 3881 1540 2341
is_linear=0
shrinkage=0.04


Tree=241
num_leaves=9
num_cat=0
split_feature=14 119 53 158 30 160 160 6
split_gain=8.27851 6.59282 6.89813 6.78143 9.19747 5.3172 5.133 2.6845
threshold=-4.0378417213710991 0.58578431372549034 0.26017316017316022 0.37888346177571236 0.154408457040036 0.1227338303457431 0.61346267825624912 0.28660714285714289
decision_type=8 8 8 2 2 2 2 2
left_child=-1 2 5 6 -5 -2 -3 -4
right_child=1 3 7 4 -6 -7 -8 -9
leaf_value=0.020294418776638817 -0.0063864466510308695 -0.0037189388198181034 -0.022677555313811232 0.013149151209851479 -0.011333127704392662 0.0049822901814939894 0.008463181804827153 -0.0032559606823651917
leaf_weight=27.969505302608013 223.14903525263071 301.18644415214658 44.605298172682524 126.0320670902729 29.529578261077404 92.143957085907459 66.710031609982252 16.012786995619535
leaf_count=119 1193 1408 352 550 135 409 264 111
internal_value=-0.000749229 -0.0014277 -0.00546297 0.00147123 0.00844631 -0.00305238 -0.0014876 -0.0177157
internal_weight=927.339 899.369 375.911 523.458 155.562 315.293 367.896 60.6181
internal_count=4541 4422 2065 2357 685 1602 1672 463
is_linear=0
shrinkage=0.04


Tree=242
num_leaves=15
num_cat=0
split_feature=107 132 66 169 2 92 176 53 134 71 87 87 38 65
split_gain=9.70715 7.63389 7.11642 7.81603 6.4509 5.95848 5.66739 7.94838 6.7072 5.86633 4.4996 5.70451 3.77194 2.66594
threshold=0.015086246444627973 717.05000000000007 0.10988675469534194 0.39642857142857152 -5.0225872689938376 1478.5770234714357 1.0000000180025095e-35 -0.22361655773420477 3.5985255966260903 30.500000000000004 0.80322580645161301 0.83891891891891901 0.03610833656489805 -0.90805193704334564
decision_type=8 2 8 10 8 2 10 8 10 8 10 10 2 10
left_child=6 4 -3 -4 13 -6 7 9 -9 -1 12 -12 -8 -2
right_child=1 2 3 -5 5 -7 10 8 -10 -11 11 -13 -14 -15
leaf_value=0.0049969756142307148 -0.0083757164738821263 0.012227535180536165 0.0061665661549917929 -0.013390321530486596 -0.0070856244535447933 0.0051915846410670007 -0.011011641738700395 0.015318752702250802 0.0032868700258906918 -0.013779275978563288 0.013819600069473694 0.00080251131666234977 0.0014356307837334044 -0.023074286402873009
leaf_weight=67.205764785408974 39.917545512318611 81.367902502417564 70.48635496199131 59.228127807378769 229.12905526161194 86.208218336105347 80.864760860800743 173.61325499415398 130.85035234689713 42.640356928110123 63.454443976283073 331.35296183824539 73.442065671086311 43.181605041027069
leaf_count=196 120 234 201 166 676 247 231 496 381 123 183 949 210 128
internal_value=0.000836152 -0.00310969 0.0030248 -0.00278201 -0.00636405 -0.00371711 0.00333523 0.00686168 0.010182 -0.00233215 0.00066324 0.00292933 -0.00510341 -0.016221
internal_weight=1572.94 609.519 211.082 129.714 398.436 315.337 963.424 414.31 304.464 109.846 549.114 394.807 154.307 83.0992
internal_count=4541 1772 601 367 1171 923 2769 1196 877 319 1573 1132 441 248
is_linear=0
shrinkage=0.04


Tree=243
num_leaves=7
num_cat=0
split_feature=45 14 45 143 41 14
split_gain=3.95498 8.05119 5.59433 4.81704 6.53532 4.63536
threshold=36.477108782684475 -0.35087608378303131 31.464430219798263 0.8099343185550083 0.17415944809843245 2.9639388513608851
decision_type=10 10 10 10 2 10
left_child=2 -2 3 5 -5 -1
right_child=1 -3 -4 4 -6 -7
leaf_value=-0.0028602170560492368 0.0157632977837148 -0.0030210752981034332 -0.016288286556744712 0.0090566475533711537 -0.0035256165245845794 0.0081096262590019848
leaf_weight=851.321811825037 67.748409435153008 76.981827199459076 36.929936438798904 162.50536513328552 109.81209310889244 65.396929398179054
leaf_count=2883 225 239 124 515 355 200
internal_value=-0.000422063 0.00580602 -0.00116308 -0.000678334 0.00398119 -0.00206749
internal_weight=1370.7 144.73 1225.97 1189.04 272.317 916.719
internal_count=4541 464 4077 3953 870 3083
is_linear=0
shrinkage=0.04


Tree=244
num_leaves=14
num_cat=0
split_feature=145 1 67 169 39 161 143 17 22 107 88 137 154
split_gain=6.70911 9.29786 7.75133 6.76376 8.69051 5.51459 5.13836 7.51006 10.0174 5.19773 4.17099 8.54922 5.25593
threshold=0.31757269178652636 12.500000000000002 29.039014373716636 0.36038961038961043 -0.66346146244911453 -0.28986515178875721 0.61167800453514753 0.79512239889715264 1.0000000180025095e-35 0.024588022673128988 0.89087301587301593 0.49984066284257495 0.071357546731473653
decision_type=2 8 10 8 2 2 10 8 10 10 10 10 2
left_child=1 3 -3 4 -1 -5 7 8 -2 -9 11 -8 -12
right_child=6 2 -4 5 -6 -7 10 9 -10 -11 12 -13 -14
leaf_value=0.016681814018911771 0.002356533042370506 0.025747171537117548 -0.0057599810841374166 0.001834335324324957 -0.0083918975930552912 -0.018468013222999135 -0.0051171640754678303 -0.0066514820094005066 0.020712917706078079 0.0097549636394293118 0.00473574232467749 0.013104969809073792 -0.013926736203569726
leaf_weight=29.894376579672098 114.95042020082474 24.140927940607071 24.080263897776604 25.945233516395092 76.779879584908485 112.7048826739192 112.26206515729427 105.49284765869379 80.8503043577075 42.493925780057907 33.829529419541359 63.715747989714146 78.803512141108513
leaf_count=146 442 126 139 193 430 957 496 383 303 144 140 270 372
internal_value=-0.000725365 -0.00571381 0.0101754 -0.00887376 -0.001257 -0.0146686 0.00159237 0.00489155 0.0100132 -0.00189315 -0.00233396 0.00150594 -0.00831148
internal_weight=925.944 293.546 48.2212 245.324 106.674 138.65 632.398 343.787 195.801 147.987 288.611 175.978 112.633
internal_count=4541 1991 265 1726 576 1150 2550 1272 745 527 1278 766 512
is_linear=0
shrinkage=0.04


Tree=245
num_leaves=12
num_cat=0
split_feature=107 136 35 67 6 176 136 71 143 116 183
split_gain=9.13878 7.42669 6.34538 7.45342 6.14361 6.59396 10.394 5.75458 5.14073 6.60612 4.28943
threshold=0.015086246444627973 1.6428984239546403 11.148270568971499 33.79329226557153 -0.13548951048951044 1.5000000000000002 3.6561781068662929 70.500000000000014 0.9298029556650248 1.0000000180025095e-35 0.088932806324110686
decision_type=8 10 2 10 2 10 10 8 8 2 10
left_child=4 -2 3 -3 5 6 -1 -4 9 -6 -10
right_child=1 2 7 -5 8 -7 -8 -9 10 -11 -12
leaf_value=0.0074091407242132422 -0.015155393218123378 -0.00043389470691449259 -0.0098541340756515359 0.016156885677325594 0.0077598986739004453 -0.014029002520465144 -0.015052278223070073 0.0043306529672327114 0.0032614885196957351 -0.0071242987894457564 -0.011958079535040186
leaf_weight=124.16913391649723 70.451203718781471 247.28367756307125 178.97571551799774 51.463484346866608 560.54932108521461 58.095068395137787 43.733675360679626 60.48775677382946 79.039891079068184 51.228161066770554 46.000988632440567
leaf_count=353 211 712 525 148 1613 165 127 176 230 148 133
internal_value=0.000797032 -0.00303476 -0.00141931 0.0024618 0.00322208 -0.00253303 0.00149229 -0.00625967 0.00499104 0.00650069 -0.00237219
internal_weight=1571.48 608.662 538.211 298.747 962.816 225.998 167.903 239.463 736.818 611.777 125.041
internal_count=4541 1772 1561 860 2769 645 480 701 2124 1761 363
is_linear=0
shrinkage=0.04


Tree=246
num_leaves=8
num_cat=0
split_feature=18 68 76 66 89 89 62
split_gain=4.88647 4.85463 5.91303 5.70148 5.45788 6.3691 5.27459
threshold=-0.59901960784313713 36.143737166324442 5.5000000000000009 -2.8480322356939429 1988.5000000000002 1321.5000000000002 240.42820512820518
decision_type=8 8 2 10 10 10 8
left_child=-1 2 6 -4 5 -3 -2
right_child=1 4 3 -5 -6 -7 -8
leaf_value=-0.0135881532231109 9.1425091659392302e-05 0.0043275787050882286 0.0075032563787740883 -0.0056791573257415915 -0.0036726842782556467 0.023169609452638091 0.01040768897804023
leaf_weight=42.531002029776573 527.80060148984194 89.686538338661194 58.366381615400314 452.81612002104521 64.171440318226814 41.909983053803444 92.408131182193756
leaf_count=143 1801 278 182 1495 206 127 309
internal_value=-0.000400924 3.0089e-05 -0.000976115 -0.00415838 0.00583076 0.0104728 0.001646
internal_weight=1369.69 1327.16 1131.39 511.183 195.768 131.597 620.209
internal_count=4541 4398 3787 1677 611 405 2110
is_linear=0
shrinkage=0.04


Tree=247
num_leaves=14
num_cat=0
split_feature=54 1 141 47 37 157 172 24 30 19 168 57 71
split_gain=7.09149 9.45068 5.97502 6.55471 10.4976 5.80379 6.09605 5.57738 5.42224 6.80602 4.30476 5.77897 5.13243
threshold=0.055555555555555573 10.500000000000002 0.30825791855203627 -10.398956809801687 -0.55221689556201581 0.77043932233997403 0.71008403361344552 54.000000000000007 -0.1445906432748538 -0.12097313147845061 0.010693253196470336 -623.49999999999989 16.500000000000004
decision_type=10 8 10 10 2 2 10 2 2 10 2 10 10
left_child=1 5 3 -2 -5 6 -1 -7 -3 -10 12 -12 -4
right_child=2 8 10 4 -6 7 -8 -9 9 -11 11 -13 -14
leaf_value=-0.011914117241096561 0.019882083558369512 0.02079993272915508 -0.010322375504954764 -0.015982357132870006 0.011435539000362373 -0.0045837689840743821 0.010974395092848593 0.017228474079905947 0.015518774475302493 -0.014011010432922164 0.019410571369060943 -0.00043878857270609908 0.0017180706178257928
leaf_weight=244.77064795047045 55.78518234193325 30.899381443858147 99.067148149013519 31.522796548902988 70.337532415986061 66.805805411189795 19.284803725779057 24.913989521563053 22.108281828463078 26.163962587714195 34.438447870314121 68.794275298714638 129.47385944053531
leaf_count=1686 220 138 417 125 261 339 103 133 110 155 117 234 503
internal_value=-0.000701197 -0.00441419 0.00259673 0.00898229 0.00285817 -0.00719746 -0.0101999 0.00144147 0.00800187 -0.00040555 -0.00044929 0.00628647 -0.0035147
internal_weight=924.366 434.947 489.419 157.646 101.86 355.775 264.055 91.7198 79.1716 48.2722 331.774 103.233 228.541
internal_count=4541 2664 1877 606 386 2261 1789 472 403 265 1271 351 920
is_linear=0
shrinkage=0.04


Tree=248
num_leaves=14
num_cat=0
split_feature=107 132 107 174 174 6 21 172 8 181 2 88 167
split_gain=8.55158 7.18805 6.72451 10.3951 6.17255 5.83895 7.91689 6.87148 5.19183 6.83414 5.06086 4.35663 3.71326
threshold=0.015086246444627973 717.05000000000007 0.030114501941127417 0.70185185185185195 0.59411764705882364 -0.13548951048951044 -0.049891774891774876 0.39009661835748799 -3.4999999999999996 0.73214285714285732 -5.0225872689938376 0.85504201680672276 -0.0098905413263543906
decision_type=8 2 10 8 8 2 2 8 2 10 8 10 2
left_child=5 4 3 -3 -2 6 12 -8 -7 -10 -6 -4 -1
right_child=1 2 11 -5 10 8 7 -9 9 -11 -12 -13 -14
leaf_value=-0.004063056599715959 -0.019448349182795106 0.010785031743679849 0.019391928675116441 -0.013965652236369188 -0.013746147579097374 -0.0065703674036001929 -0.0026012068046897862 0.016928626354347047 0.0072027103889273844 -0.0057543867098352108 -0.0017823645298859331 0.0026808621193746465 -0.019657456303804739
leaf_weight=58.113324478268623 47.861880481243134 45.128905206918716 45.921267464756966 64.982822731137276 70.261791333556175 57.839786261320114 82.106031209230423 43.137296363711357 606.63791677355766 72.029385447502136 279.24694783985615 54.83055154979229 42.568111196160316
leaf_count=165 138 129 133 182 212 167 235 123 1745 212 821 157 122
internal_value=0.00076378 -0.00294433 0.00300937 -0.0037979 -0.00610828 0.00310991 -0.00250132 0.00419038 0.00483494 0.00581814 -0.00422551 0.0104329 -0.0108045
internal_weight=1570.67 608.234 210.864 110.112 397.371 962.432 225.925 125.243 736.507 678.667 349.509 100.752 100.681
internal_count=4541 1772 601 311 1171 2769 645 358 2124 1957 1033 290 287
is_linear=0
shrinkage=0.04


Tree=249
num_leaves=9
num_cat=0
split_feature=117 136 167 45 148 44 171 107
split_gain=5.91712 6.82151 9.03844 5.28732 5.62786 5.45322 6.48786 5.01821
threshold=1.0000000180025095e-35 3.8219866184415183 -0.064395475530821492 45.06401666792943 10.512033837721912 3.8122486433495628 0.34891304347826091 -0.070567024192770486
decision_type=2 10 2 8 10 10 8 10
left_child=3 2 -2 5 -5 7 -7 -1
right_child=1 -3 -4 4 -6 6 -8 -9
leaf_value=0.012479509962608128 0.00051133632802313311 -0.005784261049142151 0.025525180501568597 0.019346324874499068 -0.0012762706639365023 -0.0018321906930678544 -0.011873726791948543 -0.00067740360147256179
leaf_weight=48.929856941103935 44.434251517057419 41.308707758784294 47.642096146941185 38.828213736414909 44.596971347928047 293.68302217125893 158.40578112751245 650.88379076123238
leaf_count=156 128 122 142 127 141 934 628 2163
internal_value=-0.000378695 0.00759092 0.0136107 -0.00124628 0.00841379 -0.00195432 -0.00537346 0.000256148
internal_weight=1368.71 133.385 92.0763 1235.33 83.4252 1151.9 452.089 699.814
internal_count=4541 392 270 4149 268 3881 1562 2319
is_linear=0
shrinkage=0.04


Tree=250
num_leaves=9
num_cat=0
split_feature=14 145 27 144 83 24 154 156
split_gain=8.68601 6 8.04323 7.60675 6.61568 5.68744 5.3169 4.64519
threshold=-4.3053120870303285 0.3073420762594738 16.500000000000004 0.85857142857142865 1505.999204830611 48.500000000000007 1.6664911880815358 -0.19154044314934085
decision_type=8 2 8 8 2 2 2 2
left_child=-1 2 4 6 -2 -4 -3 -5
right_child=1 3 5 7 -6 -7 -8 -9
leaf_value=0.022480380694873948 0.00081427297881009959 0.0011926471473655807 0.0030433105688814511 1.1119236650275054e-05 -0.022024764523025202 -0.012914673098436058 0.012550465706071474 -0.016290187919674511
leaf_weight=24.206132255494595 28.265263173729181 432.36340072751045 133.76808445900679 52.66859744489193 68.877922125160694 47.603393420577049 77.001399550586939 58.052226558327675
leaf_count=103 195 1739 824 219 596 299 330 236
internal_value=-0.00067514 -0.00132541 -0.00619206 0.000863695 -0.0154184 -0.00118196 0.00293477 -0.00858725
internal_weight=922.806 898.6 278.515 620.086 97.1432 181.371 509.365 110.721
internal_count=4541 4438 1914 2524 791 1123 2069 455
is_linear=0
shrinkage=0.04


Tree=251
num_leaves=6
num_cat=0
split_feature=175 36 1 145 43
split_gain=5.68916 4.80274 4.94652 5.59833 5.22532
threshold=4.5000000000000009 -2.0158425277916927 -22.499999999999996 0.85857386233332256 -0.01849184238019955
decision_type=2 2 10 2 2
left_child=1 -1 4 -4 -3
right_child=-2 2 3 -5 -6
leaf_value=-0.0082668860943740825 -0.013131523518811814 -0.01765793676005472 0.0039918798776582987 -0.0015406574855205215 0.0021745766051955752
leaf_weight=81.002755597233772 44.979804992675781 41.263345673680305 935.89563071727753 424.28821155428886 42.054981455206871
leaf_count=236 132 123 2692 1232 126
internal_value=0.000728693 0.00114728 0.00168231 0.00226476 -0.00771668
internal_weight=1569.48 1524.5 1443.5 1360.18 83.3183
internal_count=4541 4409 4173 3924 249
is_linear=0
shrinkage=0.04


Tree=252
num_leaves=9
num_cat=0
split_feature=117 157 40 2 65 83 136 62
split_gain=6.48675 5.24706 7.18564 5.79587 5.03321 5.6417 4.13451 5.45361
threshold=1.0000000180025095e-35 0.23362113069870932 0.77175312368026661 -0.62422997946612024 -2.1069268299367656 1514.9538719578911 3.7677094249593082 12.707070707070715
decision_type=2 2 2 8 8 2 10 10
left_child=1 4 3 -3 -1 -6 7 -2
right_child=6 2 -4 -5 5 -7 -8 -9
leaf_value=0.012161029873572664 0.002893133581396431 -0.0018611757658366546 0.0074101406666624006 -0.011603508073959467 -0.0044667280957848372 0.0027424998271459227 -0.001965892553301114 0.023018152271212337
leaf_weight=57.019829362630844 42.851893097162247 200.9537101984024 67.479723021388054 191.07392237335443 284.51799617707729 442.3658991008997 42.143622785806656 43.549161642789841
leaf_count=174 126 745 209 740 948 1380 123 129
internal_value=-0.0002764 -0.00116439 -0.00455402 -0.00663211 0.000823261 -7.88592e-05 0.00824035 0.013207
internal_weight=1371.96 1243.41 459.507 392.028 783.904 726.884 128.545 86.4011
internal_count=4574 4196 1694 1485 2502 2328 378 255
is_linear=0
shrinkage=0.04


Tree=253
num_leaves=12
num_cat=0
split_feature=39 30 85 92 162 158 173 50 157 36 163
split_gain=7.71928 5.82204 7.59624 5.946 5.65547 5.89577 8.01695 6.20849 5.53792 4.45625 3.92785
threshold=-0.47384714072054923 1.0000000180025095e-35 19.500000000000004 1252.3068968704345 -0.50351580432299048 0.37888346177571236 0.82843137254901966 -4.4999999999999991 -0.21657271583416596 0.04845611733951851 -0.45635843456584646
decision_type=2 2 2 2 2 2 8 10 2 2 2
left_child=1 2 8 -3 9 7 -7 -6 -1 -2 -5
right_child=4 3 -4 10 5 6 -8 -9 -10 -11 -12
leaf_value=-0.0045793933388550449 -0.0015303431788067487 0.0088571089646127671 0.027228857190649058 0.0008204381382312763 -0.013449953587680235 -0.0038471907045111694 0.012999215587638776 -0.00091545375872259852 0.010480496656207252 -0.023995253330848565 -0.017748099559018141
leaf_weight=53.968696840107441 25.922409243881702 50.119735412299633 31.383484870195389 34.21948117017746 81.328308247029781 84.702196303755045 94.715124130249023 275.02851429209113 134.76004507020116 30.988151118159294 37.326900348067284
leaf_count=291 125 221 132 177 437 470 432 1393 537 175 184
internal_value=0.000635038 0.00541549 0.00928431 -0.0015861 -0.00212277 -0.000833674 0.00505777 -0.00381133 0.006162 -0.0140003 -0.00895061
internal_weight=934.463 341.778 220.112 121.666 592.685 535.774 179.417 356.357 188.729 56.9106 71.5464
internal_count=4574 1542 960 582 3032 2732 902 1830 828 300 361
is_linear=0
shrinkage=0.04


Tree=254
num_leaves=13
num_cat=0
split_feature=43 108 41 51 59 142 38 28 162 14 142 62
split_gain=4.94781 8.60512 5.79485 5.55284 5.45658 5.44464 4.54305 5.75705 4.50768 3.82658 3.81057 7.73438
threshold=0.071036509431037967 0.03292032144963742 0.25970340432075045 -5.4999999999999991 1.0000000180025095e-35 0.36863675582398625 -0.1296584400383553 9.5000000000000018 0.20087038151034531 -0.24295197148926748 0.59317129629629639 164.8188311688312
decision_type=2 10 2 10 10 8 2 8 2 10 8 10
left_child=2 6 3 -1 -5 -3 9 -8 -7 -2 11 -4
right_child=1 5 10 4 -6 8 7 -9 -10 -11 -12 -13
leaf_value=0.010027164867248995 -0.0047178204200829998 0.0060156398581294413 0.0083758653941451676 -0.0020606873437213091 -0.0097592426585584053 -0.00017112947353941242 0.026851372324374102 0.006554126570272596 -0.017975313409464528 0.011515848104903205 -0.0049609221415814501 -0.0068497470037880651
leaf_weight=47.629197776317596 44.275243923068047 65.083304911851883 231.07368411123753 626.11043091118336 192.41367723047733 46.001772627234459 42.818431109189987 48.102473512291908 44.505642801523209 46.697288602590561 78.550505220890045 68.360578268766403
leaf_count=136 131 189 664 1806 563 132 126 139 131 135 226 196
internal_value=-0.000134315 0.00415262 -0.00130119 -0.00310468 -0.00388256 -0.00273636 0.0100391 0.0163228 -0.00904868 0.00362798 0.00282352 0.00488198
internal_weight=1581.62 337.484 1244.14 866.153 818.524 155.591 181.893 90.9209 90.5074 90.9725 377.985 299.434
internal_count=4574 983 3591 2505 2369 452 531 265 263 266 1086 860
is_linear=0
shrinkage=0.04


end of trees

feature_importances:
mlvl_preufc_sub_rate_w=73
mlvl_preufc_finish_rate_w=72
mlvl_avg_bout_seconds_l=70
diff_preufc_ko_rate=65
mlvl_grap_def_l=65
mlvl_preufc_ko_rate_w=63
mrate_l_sub_loss_rate=53
diff_sub_per15=51
diff_preufc_sub_rate=50
mlvl_avg_bout_seconds_w=48
mlvl_sub_per15_w=45
reach_height_ratio_diff=43
mlvl_preufc_ko_rate_l=42
mlvl_td_def_w=40
mlvl_kd_off_w=40
mrate_w_sub_win_rate=39
mlvl_grap_off_w=38
mlvl_finish_against_per_bout_l=37
mlvl_preufc_finish_rate_l=36
diff_preufc_win_rate=33
mlvl_str_acc_w=33
mlvl_prior_finish_rate_w=32
abs_age_b=31
abs_kd_per_fight_a=31
is_womens=31
mrate_l_ko_loss_rate=31
diff_age=29
mrate_w_ko_win_rate=29
diff_kd_per_fight=28
mlvl_preufc_finish_losses_l=28
diff_traj_td=27
abs_preufc_days_since_last_a=27
mlvl_ctrl_def_w=27
diff_preufc_career_days=25
diff_reach=24
diff_grap_off=24
diff_preufc_avg_win_seconds=24
mlvl_grap_off_l=24
mlvl_td_def_l=23
abs_age_a=22
mlvl_td_per15_l=22
diff_prior_finish_rate=21
diff_slpm=21
diff_td_per15=21
diff_kd_absorbed_per_fight=21
diff_avg_opp_elo_last5=21
diff_traj_slpm=21
abs_vertex_score_all_time_b=20
diff_td_acc=19
diff_avg_bout_seconds=19
diff_grap_def=19
diff_ctrl_def=19
mlvl_sapm_l=19
mlvl_ctrl_def_l=19
diff_finish_against_per_bout=18
diff_avg_opp_elo_career=18
abs_preufc_bouts_a=18
abs_glicko_cons_b=18
mlvl_td_per15_w=18
mlvl_ctrl_off_w=18
diff_str_def=17
diff_kd_def=17
diff_sos_weighted_winrate=17
abs_vertex_score_all_time_a=17
diff_ctrl_off=16
diff_preufc_finish_rate=16
abs_preufc_win_rate_a=16
mlvl_slpm_w=16
diff_control_per_min=15
diff_kd_off=15
diff_glicko_cons=15
abs_kd_absorbed_per_fight_b=15
mlvl_str_acc_l=15
mlvl_str_off_w=15
mlvl_str_def_l=15
diff_sapm=14
diff_elo=14
diff_str_off=14
diff_avg_opp_elo_beaten=14
diff_traj_sapm=14
abs_vertex_score_a=14
abs_elo_b=14
mlvl_slpm_l=14
mlvl_preufc_sub_rate_l=14
abs_preufc_days_since_last_b=13
mlvl_control_per_min_w=13
mlvl_ctrl_off_l=13
diff_prior_losses_dec=12
diff_layoff_days=12
diff_vertex_score=12
is_main_event=12
age_curve_diff=12
mlvl_td_acc_w=12
mlvl_td_acc_l=12
diff_td_def=11
abs_preufc_win_rate_b=11
scheduled_rounds=11
mlvl_prior_finish_rate_l=11
mlvl_str_off_l=11
mlvl_str_def_w=11
mlvl_grap_def_w=11
mlvl_kd_def_w=11
mrate_l_ko_win_rate=11
diff_reversals_per_fight=10
abs_layoff_days_a=10
abs_layoff_days_b=10
mlvl_kd_def_l=10
diff_control_absorbed_per_min=9
abs_elo_a=9
wc_heavyweight=9
mlvl_prior_losses_sub_l=9
diff_vertex_score_all_time=8
diff_max_opp_elo_beaten=8
diff_preufc_days_since_last=8
abs_glicko_cons_a=8
mlvl_sub_per15_l=8
mlvl_kd_off_l=8
mlvl_preufc_finish_losses_w=8
mrate_w_ko_loss_rate=8
diff_prior_losses=7
diff_str_acc=7
diff_preufc_bouts=7
diff_preufc_finish_losses=7
abs_vertex_score_b=7
mlvl_control_per_min_l=7
diff_prior_bouts=6
diff_prior_losses_ko=6
abs_kd_per_fight_b=6
abs_preufc_bouts_b=6
mlvl_prior_wins_ko_w=6
mrate_l_sub_win_rate=6
diff_prior_win_rate=5
diff_prior_wins_ko=5
diff_preufc_wins=5
diff_preufc_losses=5
mlvl_prior_losses_ko_l=5
mlvl_finish_against_per_bout_w=5
diff_height=4
diff_prior_losses_sub=4
diff_preufc_fights_last_24mo=4
abs_prior_bouts_a=4
abs_current_streak_a=4
abs_kd_absorbed_per_fight_a=4
mlvl_prior_wins_sub_w=4
mlvl_prior_losses_ko_w=4
mlvl_sapm_w=4
abs_current_streak_b=3
stance_asymmetry=3
mlvl_kd_absorbed_per_fight_w=3
mlvl_kd_absorbed_per_fight_l=3
mlvl_reversals_per_fight_w=3
diff_prior_wins_sub=2
diff_title_bouts=2
abs_prior_bouts_b=2
stance_a_southpaw=2
wc_light_heavyweight=2
mlvl_prior_wins_ko_l=2
mlvl_reversals_per_fight_l=2
diff_prior_wins=1
diff_prior_wins_dec=1
diff_recent3_wins=1
diff_current_streak=1
diff_preufc_dwcs_fights=1
wc_flyweight=1
wc_lightweight=1
mlvl_prior_losses_sub_w=1

parameters:
[boosting: gbdt]
[objective: multiclass]
[metric: multi_logloss]
[tree_learner: serial]
[device_type: cpu]
[data_sample_strategy: bagging]
[data: ]
[valid: ]
[num_iterations: 85]
[learning_rate: 0.04]
[num_leaves: 15]
[num_threads: 0]
[seed: 42]
[deterministic: 1]
[force_col_wise: 0]
[force_row_wise: 1]
[histogram_pool_size: -1]
[max_depth: 4]
[min_data_in_leaf: 120]
[min_sum_hessian_in_leaf: 0.001]
[bagging_fraction: 0.7]
[pos_bagging_fraction: 1]
[neg_bagging_fraction: 1]
[bagging_freq: 4]
[bagging_seed: 400]
[bagging_by_query: 0]
[feature_fraction: 0.6]
[feature_fraction_bynode: 1]
[feature_fraction_seed: 30056]
[extra_trees: 0]
[extra_seed: 12879]
[early_stopping_round: 0]
[early_stopping_min_delta: 0]
[first_metric_only: 0]
[max_delta_step: 0]
[lambda_l1: 0.05]
[lambda_l2: 1]
[linear_lambda: 0]
[min_gain_to_split: 0]
[drop_rate: 0.1]
[max_drop: 50]
[skip_drop: 0.5]
[xgboost_dart_mode: 0]
[uniform_drop: 0]
[drop_seed: 17869]
[top_rate: 0.2]
[other_rate: 0.1]
[min_data_per_group: 100]
[max_cat_threshold: 32]
[cat_l2: 10]
[cat_smooth: 10]
[max_cat_to_onehot: 4]
[top_k: 20]
[monotone_constraints: ]
[monotone_constraints_method: basic]
[monotone_penalty: 0]
[feature_contri: ]
[forcedsplits_filename: ]
[refit_decay_rate: 0.9]
[cegb_tradeoff: 1]
[cegb_penalty_split: 0]
[cegb_penalty_feature_lazy: ]
[cegb_penalty_feature_coupled: ]
[path_smooth: 0]
[interaction_constraints: ]
[verbosity: -1]
[saved_feature_importance_type: 0]
[use_quantized_grad: 0]
[num_grad_quant_bins: 4]
[quant_train_renew_leaf: 0]
[stochastic_rounding: 1]
[linear_tree: 0]
[max_bin: 255]
[max_bin_by_feature: ]
[min_data_in_bin: 3]
[bin_construct_sample_cnt: 200000]
[data_random_seed: 175]
[is_enable_sparse: 1]
[enable_bundle: 1]
[use_missing: 1]
[zero_as_missing: 0]
[feature_pre_filter: 1]
[pre_partition: 0]
[two_round: 0]
[header: 0]
[label_column: ]
[weight_column: ]
[group_column: ]
[ignore_column: ]
[categorical_feature: ]
[forcedbins_filename: ]
[precise_float_parser: 0]
[parser_config_file: ]
[objective_seed: 16083]
[num_class: 3]
[is_unbalance: 0]
[scale_pos_weight: 1]
[sigmoid: 1]
[boost_from_average: 1]
[reg_sqrt: 0]
[alpha: 0.9]
[fair_c: 1]
[poisson_max_delta_step: 0.7]
[tweedie_variance_power: 1.5]
[lambdarank_truncation_level: 30]
[lambdarank_norm: 1]
[label_gain: ]
[lambdarank_position_bias_regularization: 0]
[eval_at: ]
[multi_error_top_k: 1]
[auc_mu_weights: ]
[num_machines: 1]
[local_listen_port: 12400]
[time_out: 120]
[machine_list_filename: ]
[machines: ]
[gpu_platform_id: -1]
[gpu_device_id: -1]
[gpu_use_dp: 0]
[num_gpu: 1]

end of parameters

pandas_categorical:[]
