tree
version=v4
num_class=3
num_tree_per_iteration=3
label_index=0
max_feature_idx=183
objective=multiclass num_class:3
feature_names=diff_height diff_reach diff_age diff_prior_bouts diff_prior_wins diff_prior_losses diff_prior_win_rate diff_prior_finish_rate diff_prior_wins_ko diff_prior_wins_sub diff_prior_wins_dec diff_prior_losses_ko diff_prior_losses_sub diff_prior_losses_dec diff_slpm diff_sapm diff_str_acc diff_td_per15 diff_td_acc diff_td_def diff_sub_per15 diff_kd_per_fight diff_control_per_min diff_title_bouts diff_layoff_days diff_recent3_wins diff_recent5_wins diff_vertex_score diff_vertex_score_all_time diff_current_streak diff_finish_against_per_bout diff_avg_bout_seconds diff_kd_absorbed_per_fight diff_control_absorbed_per_min diff_reversals_per_fight diff_elo diff_str_off diff_str_def diff_grap_off diff_grap_def diff_kd_off diff_kd_def diff_ctrl_off diff_ctrl_def diff_avg_opp_elo_career diff_avg_opp_elo_last5 diff_max_opp_elo_beaten diff_avg_opp_elo_beaten diff_sos_weighted_winrate diff_preufc_bouts diff_preufc_wins diff_preufc_losses diff_preufc_win_rate diff_preufc_ko_rate diff_preufc_sub_rate diff_preufc_finish_rate diff_preufc_finish_losses diff_preufc_career_days diff_preufc_days_since_last diff_preufc_fights_last_24mo diff_preufc_last3_wins diff_preufc_dwcs_fights diff_preufc_avg_win_seconds diff_glicko_cons diff_traj_slpm diff_traj_sapm diff_traj_td abs_age_a abs_age_b abs_vertex_score_a abs_vertex_score_b abs_vertex_score_all_time_a abs_vertex_score_all_time_b abs_layoff_days_a abs_layoff_days_b abs_prior_bouts_a abs_prior_bouts_b abs_current_streak_a abs_current_streak_b abs_kd_per_fight_a abs_kd_per_fight_b abs_kd_absorbed_per_fight_a abs_kd_absorbed_per_fight_b abs_elo_a abs_elo_b abs_preufc_bouts_a abs_preufc_bouts_b abs_preufc_win_rate_a abs_preufc_win_rate_b abs_preufc_days_since_last_a abs_preufc_days_since_last_b abs_glicko_cons_a abs_glicko_cons_b is_main_event scheduled_rounds is_debut_a is_debut_b sherdog_matched_a sherdog_matched_b is_womens stance_a_orthodox stance_a_southpaw stance_a_switch stance_b_orthodox stance_b_southpaw stance_b_switch stance_asymmetry reach_height_ratio_diff age_curve_diff wc_strawweight wc_flyweight wc_bantamweight wc_featherweight wc_lightweight wc_welterweight wc_middleweight wc_light_heavyweight wc_heavyweight wc_other mlvl_prior_finish_rate_w mlvl_prior_finish_rate_l mlvl_prior_wins_ko_w mlvl_prior_wins_ko_l mlvl_prior_wins_sub_w mlvl_prior_wins_sub_l mlvl_prior_losses_ko_w mlvl_prior_losses_ko_l mlvl_prior_losses_sub_w mlvl_prior_losses_sub_l mlvl_finish_against_per_bout_w mlvl_finish_against_per_bout_l mlvl_avg_bout_seconds_w mlvl_avg_bout_seconds_l mlvl_slpm_w mlvl_slpm_l mlvl_sapm_w mlvl_sapm_l mlvl_str_acc_w mlvl_str_acc_l mlvl_td_per15_w mlvl_td_per15_l mlvl_td_acc_w mlvl_td_acc_l mlvl_td_def_w mlvl_td_def_l mlvl_sub_per15_w mlvl_sub_per15_l mlvl_control_per_min_w mlvl_control_per_min_l mlvl_kd_absorbed_per_fight_w mlvl_kd_absorbed_per_fight_l mlvl_reversals_per_fight_w mlvl_reversals_per_fight_l mlvl_str_off_w mlvl_str_off_l mlvl_str_def_w mlvl_str_def_l mlvl_grap_off_w mlvl_grap_off_l mlvl_grap_def_w mlvl_grap_def_l mlvl_kd_off_w mlvl_kd_off_l mlvl_kd_def_w mlvl_kd_def_l mlvl_ctrl_off_w mlvl_ctrl_off_l mlvl_ctrl_def_w mlvl_ctrl_def_l mlvl_preufc_ko_rate_w mlvl_preufc_ko_rate_l mlvl_preufc_sub_rate_w mlvl_preufc_sub_rate_l mlvl_preufc_finish_rate_w mlvl_preufc_finish_rate_l mlvl_preufc_finish_losses_w mlvl_preufc_finish_losses_l mrate_w_ko_win_rate mrate_w_sub_win_rate mrate_l_ko_loss_rate mrate_l_sub_loss_rate mrate_w_ko_loss_rate mrate_l_ko_win_rate mrate_l_sub_win_rate
feature_infos=[-33:33] [-30:33] [-23.879534565366189:16.763860369609855] [-36:40] [-24:24] [-16:16] [-1:1] [-1:1] [-14:14] [-16:16] [-14:14] [-8:7] [-7:7] [-12:14] [-32.885714285714286:42.266666666666666] [-39.474747474747474:18.163490748412045] [-1:0.80555555555555558] [-39.130434782608695:41.409033444431671] [-1:1] [-1:1] [-58.064516129032256:43.244303741026435] [-5:4] [-54.923076923076927:56.723168239758678] [-15:16] [-3879:4047] [-3:3] [-5:5] [-87:87] [-71:80] [-11:19] [-1:1] [-1276:1241] [-4:3] [-56.551724137931039:52.846153846153847] [-3:5.666666666666667] [-165.23960794737081:187.72957987466452] [-5.9930223824692481:5.4054563586629403] [-5.2871586058442812:4.643341275245576] [-6.0539996484444103:6.2941280484515767] [-5.2127796393448671:4.2636362945367008] [-6.4568873716097199:7.5521710218853615] [-6.0634795884430694:5.3488257095188514] [-0.60383963873453028:0.61015830758354328] [-0.42292094691732474:0.39537769960240393] [-121.37047185625011:117.83196902945451] [-121.37047185625011:125.36442297282019] [-243.98111022265539:221.06972531170686] [-200.54644567980426:163.61990619704716] [-1.6515868157299565:1.5550923617495884] [-82:76] [-67:63] [-23:14] [-1:1] [-1:1] [-1:1] [-1:1] [-13:12] [-6980:6790] [-5443:5432] [-66:63] [-3:3] [-3:3] [-1514.5454545454545:779.44444444444446] [-999.38409801096304:1109.7061018786244] [-15.414952973059144:15.371947197783479] [-14.325658597860921:13.788218755999598] [-15.154178602458002:13.096774193548388] [18.171115674195757:47.184120465434631] [18.266940451745381:51.890485968514717] [0:100] [0:98] [0:93] [0:94] [0:4180] [7:4068] [0:45] [0:44] [-5:18] [-7:16] [0:4] [0:5] [0:3] [0:4] [1421.7383820903501:1764.1763556763694] [1426.8363942554711:1722.8962165223752] [0:87] [0:91] [0:1] [0:1] [4:6609] [8:6687] [551.496385522536:2118.3077125748664] [534.02490901288229:2122.1640092066796] [0:1] [3:5] [0:1] [0:1] none none [0:1] [0:1] [0:1] [0:1] [0:1] [0:1] [0:1] [0:1] [-0.15053725309408139:0.16250000000000009] [-2.6451363563537598:4.7523708343505859] [0:1] [0:1] [0:1] [0:1] [0:1] [0:1] [0:1] [0:1] [0:1] [0:1] [0:1] [0:1] [0:15] [0:16] [0:17] [0:16] [0:7] [0:8] [0:7] [0:7] [0:1] [0:1] [7:1500] [7:1500] [0:56] [0:34.285714285714285] [0:26] [0:42] [0:1] [0:1] [0:42.857142857142854] [0:40.909090909090907] [0:1] [0:1] [0:1] [0:1] [0:56.25] [0:58.064516129032256] [0:58.008849557522126] [0:58.991596638655459] [0:3] [0:4] [0:6] [0:3] [-2.2742224984458335:5.9646218469872494] [-2.5980379611167392:6.7409597293375629] [-3.9774554966325644:4.5521006270920985] [-3.6658611711342224:3.9222623076108443] [-1.9176227636004057:5.8529260703707395] [-1.9902514634851349:5.6441412475818957] [-3.2352673150820812:4.6454877485848094] [-3.0281969485194073:4.870050356366157] [-1.6094908317897643:7.7157241647749508] [-1.5151269415166926:7.2707920320045485] [-3.1555901330186202:4.6587263698611094] [-3.0027287707402617:5.1323829803751781] [-0.22649601105732459:0.60882128166558602] [-0.22916117953619172:0.55707098663523169] [-0.42943741195546481:0.34538358671952968] [-0.39226447677512355:0.42292094691732474] [0:1] [0:1] [0:1] [0:1] [0:1] [0:1] [0:13] [0:14] [0:1] [0:1] [0:1] [0:1] [0:1] [0:1] [0:1]
tree_sizes=1705 1596 1521 1652 1768 1549 1638 1773 1543 1551 1547 1670 1542 1656 1548 1656 1667 1766 1777 1767 1447 1657 1656 1453 1549 1666 1660 1543 1444 1338 1649 1561 1667 1755 1778 1558 1647 1759 1551 1762 1652 1760 1781 1557 1666 1783 1455 1658 1662 1667 1655 1653 1333 1766 1759 1668 1009 1652 1769 1440 1779 1773 1663 1555 1775 1764 1770 1651 1544 1766 1767 1346 1778 1772 1760 1774 1773 1446 1773 1659 1337 1454 1774 1770 1332 1528 1774 1637 1330 1659 1563 1339 1658 1446 1551 1550 1770 1557 1782 1329 1548 1656 1563 1671 1561 1436 1785 1555 1332 1778 1336 1759 1663 1334 1669 1543 1785 1449 1537 1337 1343 1666 1566 1787 1562 1232 1451 1441 1670 1441 1555 1240 1231 1673 1447 1227 1779 1230 1126 1668 1782 914 1675 1673 1425 1666 1662 1560 1775 1343 1451 1767 1673 1126 1557 1548 1453 1664 1563 1562 1670 1338 1340 1639 1439 1653 1664 1218 1553 1673 1445 1656 1787 1461 1646 1439 1123 1561 1231 1124 1778 1333 1555 1452 1535 1661 1436 1766 1456 1448 1787 1558 1443 1018 1665 1341 1342 1457 1338 1542 1672 1560 1336 1022 1342 1121 1560 1138 1443 1547 1231 1440 1564 1443 1448 1453 1446 1337 1231 1344 1553 1775 1454 1440 1774 1336 1557 1232 1555 914 1445 1668 1451 1572 1553 1116 1346 1655 1334 1232 1454 1231 1339 1444 1124 1342 1561 1120 1555 1333 1663 1452 1539 1122 1351 1662 1662 1345 1021 1123 1245 1118 1563 1352 1764 1537 1231 1236 1650 1315 1342 1776 1232 1227 1780 1231 1104 1536 1342 1127 1319 1768 1132 1240 1554 1015 1122 1559 1430 1548 1227 1020 1543 1544 1015 1329 1332 1015 1442 1558 1014 1571 1125 793 902 1117 1011 1233 1343 1007 1672 902 1439 1572 1231 1350 1642 1226 1236 1784 1344 1561 1772 1010 1562 1221 1349 1780 1445 1462 1671 1331 1459 1664 1015 1668 1443 904 1124 1235 1440 1116 1681 1553 1119 1228 1124 1133 1117 1341 1022 1012 1561 1657 1115 878 1242 1431 907 1425 912 1334 1560 906 1450 1338 1225 1458 1668 1342 1109 1013 1553 1559 1450 1458 801 1557 1340 1571 1560 1757 795 1225 1239 1339 1549 1120 1544 1009 1129 1445 695 1018 1336 1117 1460 1335 1329 1131 1120 1448 1233 1336 1120 1339 1013 1230 903 1122 1123 1018 1118 1455 1345 1226 1123 1350 1101 1120 1116 1562 1444 1128 1228 1329 1567 1783 1335 1556 1119 1561

Tree=0
num_leaves=15
num_cat=0
split_feature=169 169 177 41 68 87 62 179 2 51 79 62 32 136
split_gain=84.8465 18.7046 14.5509 11.056 10.691 10.0475 9.16373 8.0672 7.85609 3.86891 3.56039 3.47714 3.56284 2.56141
threshold=0.50925925925925941 0.31909090909090915 0.45804195804195807 -0.83286697206184324 29.345653661875431 0.92495309568480322 298.91136363636366 0.22649572649572652 -0.59000684462696984 1.0000000180025095e-35 0.21807065217391305 -175.50555555555553 -0.090485601355166576 2.9329335332333835
decision_type=8 10 8 2 8 10 8 8 10 10 8 8 10 8
left_child=1 3 11 10 9 -6 -5 13 -9 -3 -1 -2 -13 -4
right_child=2 4 7 6 5 -7 -8 8 -10 -11 -12 12 -14 -15
leaf_value=-1.0594377822781691 -1.0678872916181639 -1.0691560103014934 -1.0331491941177757 -1.0733585289686023 -1.0383704832072722 -1.0604653884470197 -1.053277398874727 -1.0176550661491814 -1.0365224222121225 -1.0542521769099207 -1.0316776989400074 -1.0369991882643428 -1.0593695944872892 -1.052431875076286
leaf_weight=13.075435638427736 14.777966320514677 63.60654628276825 18.11492645740509 247.88846731185913 90.778935968875885 50.531110644340515 42.222760915756226 95.750325560569763 61.835914373397827 48.488073825836182 14.914168775081633 26.627579867839813 18.591635048389435 27.240490913391113
leaf_count=148 145 418 166 1768 777 442 252 522 344 312 119 183 273 204
internal_value=-1.05302 -1.06167 -1.03426 -1.06812 -1.05357 -1.04627 -1.07043 -1.02916 -1.02489 -1.06275 -1.04444 -1.05166 -1.04615 -1.04439
internal_weight=834.444 571.505 262.939 318.101 253.405 141.31 290.111 202.942 157.586 112.095 27.9896 59.9972 45.2192 45.3554
internal_count=6073 4236 1837 2287 1949 1219 2020 1236 866 730 267 601 456 370
is_linear=0
shrinkage=1


Tree=1
num_leaves=14
num_cat=0
split_feature=171 171 133 145 53 180 54 107 53 107 91 152 145
split_gain=98.1534 24.0193 16.9418 12.7044 12.4879 8.9735 7.34565 6.9519 6.54736 5.84457 3.8136 3.18096 1.78861
threshold=0.4045454545454546 0.23904761904761906 1.9604535065559967 1.4154653659308805 -0.2328282828282828 0.20714285714285716 0.089871794871794877 0.028571428571428529 -0.14248120300751876 -0.057700901189143054 1154.4073009174247 0.39009661835748799 0.49614117886572057
decision_type=10 8 8 8 10 8 8 8 8 10 2 10 10
left_child=1 6 7 10 -5 12 11 -2 -7 -8 -4 -1 -3
right_child=2 5 3 4 -6 8 9 -9 -10 -11 -12 -13 -14
leaf_value=-1.5620311903867927 -1.5148890599742812 -1.5587657363044936 -1.5216771838601908 -1.4897421508675925 -1.5233175683209861 -1.5172301261637786 -1.5150350129361356 -1.4734549651356932 -1.5387941631889288 -1.5506651824140649 -1.5426816254088804 -1.54418170663154 -1.5421034912216807
leaf_weight=229.78347335383296 13.127598762512205 31.455746565014124 19.287472318857908 26.709615211933851 55.28738871216774 30.344950225204229 8.8863748721778375 17.924221903085712 81.84553174674511 27.870902352035046 42.563714284449816 17.873730674386024 15.702627304941414
leaf_count=2239 180 367 202 193 411 249 52 135 577 304 619 234 311
internal_value=-1.54135 -1.55135 -1.51606 -1.52211 -1.51187 -1.53894 -1.5583 -1.48955 -1.53279 -1.54154 -1.53596 -1.56077 -1.5534
internal_weight=618.663 443.763 174.9 143.848 81.997 159.349 284.414 31.0518 112.19 36.7573 61.8512 247.657 47.1584
internal_count=6073 4333 1740 1425 604 1504 2829 315 826 356 821 2473 678
is_linear=0
shrinkage=1


Tree=2
num_leaves=13
num_cat=0
split_feature=1 177 55 130 178 169 68 174 130 174 55 36
split_gain=35.9442 17.2967 12.8153 9.90621 7.9385 7.82544 3.67736 3.24342 3.2258 2.87917 3.56222 2.49269
threshold=15.500000000000002 0.38675213675213682 0.36709401709401718 0.34166666666666673 0.26969696969696971 0.57518796992481214 28.872005475701577 0.78759398496240618 0.21240601503759401 0.80384615384615399 0.15419580419580423 -0.0062765503555599726
decision_type=8 8 8 10 10 8 10 8 10 10 10 2
left_child=1 4 9 5 8 -3 -5 -6 -1 10 -2 -11
right_child=2 3 -4 6 7 -7 -8 -9 -10 11 -12 -13
leaf_value=-0.80535484191983919 -0.82119407293078972 -0.82185173984160709 -0.85863367993589423 -0.82691830851135462 -0.81589354166420047 -0.83451626538609824 -0.84785731248490792 -0.82953562428319028 -0.82036777903505409 -0.84977875250559332 -0.84010692835599166 -0.83589831362555234
leaf_weight=107.34455232322216 35.510817900300026 262.67669535428286 54.779681622982025 18.678247340023518 51.826599679887295 109.85467202961445 48.652035564184189 58.028073139488697 30.93354045599699 31.228848218917847 27.242186732590199 67.847072035074234
leaf_count=942 149 1522 206 125 530 696 327 590 419 155 129 283
internal_value=-0.827875 -0.8234 -0.842048 -0.828163 -0.814977 -0.825603 -0.842165 -0.823078 -0.808629 -0.83626 -0.829454 -0.84048
internal_weight=904.603 687.994 216.609 439.862 248.133 372.531 67.3303 109.855 138.278 161.829 62.753 99.0759
internal_count=6073 5151 922 2670 2481 2218 452 1120 1361 716 278 438
is_linear=0
shrinkage=1


Tree=3
num_leaves=14
num_cat=0
split_feature=169 169 177 79 52 68 1 104 132 55 4 150 79
split_gain=78.025 17.6783 13.2917 10.7437 10.6219 10.4253 8.64204 6.77235 5.37971 4.29717 4.01177 5.9014 2.91612
threshold=0.50925925925925941 0.23669467787114848 0.69615384615384623 0.2752525252525253 0.2110102843315185 28.702258726899387 9.0000000000000018 1.0000000180025095e-35 553.45000000000016 -0.23067283593599378 5.5000000000000009 0.04356060606060607 0.25462962962962971
decision_type=8 10 8 8 10 8 8 2 8 10 2 8 8
left_child=1 8 10 6 7 -5 -3 -4 12 -10 11 -2 -1
right_child=2 3 4 5 -6 -7 -8 -9 9 -11 -12 -13 -14
leaf_value=-0.013119847683416777 -0.0060389884758503846 -0.016043916056410958 0.034119416950645534 -0.0065028505046782481 0.0016822977960636687 0.012122769360726352 0.0048402150254328157 0.010516141125038393 -0.0071275880993742812 -0.021846350224993007 -0.012224214239835069 0.017321998575412046 0.0077376139964617776
leaf_weight=19.709760285913944 23.585785381495953 99.001136787235737 119.62760933488607 78.204390317201614 24.773659080266953 121.44104722887278 45.671221636235714 24.849850162863731 43.048711955547333 141.42653447389603 13.482713460922239 58.876271486282349 21.207228861749172
leaf_count=291 346 1046 633 388 112 829 335 129 258 961 101 516 128
internal_value=0.00144278 -0.00689769 0.0193264 -0.00117932 0.0260494 0.00482079 -0.00944936 0.0301736 -0.0155807 -0.0184793 0.00729966 0.010624 -0.00233504
internal_weight=834.906 569.71 265.196 344.318 169.251 199.645 144.672 144.477 225.392 184.475 95.9448 82.4621 40.917
internal_count=6073 4236 1837 2598 874 1217 1381 762 1638 1219 963 862 419
is_linear=0
shrinkage=0.04


Tree=4
num_leaves=15
num_cat=0
split_feature=169 173 169 173 53 1 89 53 62 159 87 49 178 144
split_gain=55.2956 31.3135 13.182 12.9331 9.30521 8.85422 6.64406 5.48493 5.11109 5.07812 4.9095 2.82006 2.70596 2.79052
threshold=0.30602006688963218 0.72570532915360519 0.54772727272727284 0.82843137254901966 -0.2328282828282828 15.500000000000002 575.50000000000011 -0.14248120300751876 3.9380952380952583 -0.42626397870509786 0.79057017543859665 -1.4999999999999998 0.23303167420814483 0.41801075268817212
decision_type=8 8 10 8 10 8 8 10 10 2 10 10 10 8
left_child=1 7 3 10 9 -6 -5 8 -1 -3 -2 -9 13 -4
right_child=2 4 12 6 5 -7 -8 11 -10 -11 -12 -13 -14 -15
leaf_value=0.030466498808815658 -0.026554501370808094 0.02015990124241725 -0.0041510136499136562 0.016834148810680773 0.0094525610969438574 0.038960736340166939 -0.0025862885780124317 -0.021288892427743775 0.00085529466992616146 0.049715136070923871 -0.0076938092382843508 -0.0022221089849023151 -0.0024486670526095229 -0.022129460549610031
leaf_weight=11.152831062674521 29.387278221547604 15.499483723193405 16.392497282475233 50.902246300131083 52.691994804888964 23.370299439877272 60.868224296718836 21.478605944663286 41.025480173528194 36.039512302726507 88.199966352432966 28.901166372001171 15.954086318612097 126.51267132163048
leaf_count=111 305 198 184 325 602 136 685 202 402 274 973 285 207 1184
internal_value=-0.00035957 0.0151336 -0.00956532 -0.00339249 0.0282817 0.0189329 0.00631124 -0.0013209 0.00767603 0.0414179 -0.0126085 -0.010646 -0.018388 -0.0201242
internal_weight=618.376 230.159 388.217 229.358 127.601 76.0623 111.77 102.558 52.1783 51.539 117.587 50.3798 158.859 142.905
internal_count=6073 2210 3863 2288 1210 738 1010 1000 513 472 1278 487 1575 1368
is_linear=0
shrinkage=0.04


Tree=5
num_leaves=13
num_cat=0
split_feature=173 170 130 1 119 1 119 1 132 89 154 67
split_gain=44.014 15.5452 11.7844 10.5481 7.36018 6.71636 6.66469 4.83664 4.18721 4.01706 2.42562 2.34455
threshold=0.84807692307692317 0.62731481481481499 0.34166666666666673 -25.499999999999996 0.68990384615384626 7.5000000000000009 0.31009615384615391 -10.499999999999998 687.48692810457521 203.50000000000003 -0.19746333422810666 29.110198494182068
decision_type=8 8 10 10 8 8 8 10 10 10 2 10
left_child=2 4 3 -1 5 -2 -5 -3 -6 -4 -11 -9
right_child=1 7 9 6 8 -7 -8 11 -10 10 -12 -13
leaf_value=-0.0050184196512581139 0.010680342831587435 -0.036352567895180925 -0.023676866511613902 0.023353642048190223 -0.013174450775288839 -0.010345138224506684 0.0093966891557835767 -0.026262468809819077 0.00081592255156415108 -0.013573866059609856 0.0055167676361571527 -0.0081836216040765061
leaf_weight=67.935237281024456 60.544023044407368 38.175261549651623 19.590471655130386 67.754780739545822 185.24612190574408 39.154596142470837 293.34863378107548 21.666793875396252 41.472387887537479 16.597493410110474 25.898013174533844 26.911638788878918
leaf_count=233 603 156 66 631 882 267 2090 134 338 177 279 217
internal_value=-0.00108398 -0.0106935 0.00700155 0.00936109 -0.0066433 0.00238242 0.0120783 -0.0256608 -0.0106141 -0.009162 -0.00203414 -0.0166545
internal_weight=904.295 413.171 491.125 429.039 326.417 99.6986 361.103 86.7537 226.719 62.086 42.4955 48.5784
internal_count=6073 2597 3476 2954 2090 870 2721 507 1220 522 456 351
is_linear=0
shrinkage=0.04


Tree=6
num_leaves=14
num_cat=0
split_feature=53 161 177 147 164 52 52 177 107 53 132 132 150
split_gain=34.4389 19.1106 13.5388 10.8646 11.2339 6.10323 6.32125 5.71657 4.8995 4.89939 4.65823 1.85025 1.73502
threshold=0.23347578347578354 0.42378966552566139 0.43303571428571436 13.896649268895176 0.040339315222178845 0.2110102843315185 0.031782106782106752 0.45804195804195807 0.035923433145806045 0.072872899159663856 678.75284090909111 604.3511904761906 0.050641025641025648
decision_type=8 2 8 10 2 10 8 10 8 10 10 8 10
left_child=1 3 8 4 -1 6 -4 11 12 -5 -9 -3 -2
right_child=2 7 5 9 -6 -7 -8 10 -10 -11 -12 -13 -14
leaf_value=-0.0056544242284157012 -0.01535699909935348 0.011696111340722171 0.012496777237022156 -0.020258293971792799 0.016297381892427052 0.0044154251728039766 0.030307592379629808 0.025649491056687301 0.013796466008018333 -0.0030378431939324223 0 -0.0074011971863598234 0.0017041415366484973
leaf_weight=317.32886791229248 27.424614556133747 11.473857522010801 54.374088354408741 108.81195191293955 41.243484519422054 33.671215154230595 86.544634319841862 47.415470659732819 20.383998259902 35.713090255856514 14.807250440120695 22.188759960234165 13.776022955775259
leaf_count=1692 244 169 351 1099 314 169 456 424 154 342 217 240 202
internal_value=0.00138094 -0.00371904 0.014285 -0.0068432 -0.00308563 0.0199462 0.0235858 0.0125538 -0.00179457 -0.0160669 0.019645 -0.000684569 -0.00969977
internal_weight=835.157 598.983 236.175 503.097 358.572 174.59 140.919 95.8853 61.5846 144.525 62.2227 33.6626 41.2006
internal_count=6073 4497 1576 3447 2006 976 807 1050 600 1441 641 409 446
is_linear=0
shrinkage=0.04


Tree=7
num_leaves=15
num_cat=0
split_feature=171 171 168 170 180 170 54 83 107 107 180 70 145 57
split_gain=85.2594 22.0207 11.4594 10.3616 8.37427 7.19074 7.03049 6.88655 5.20833 4.48673 3.50812 3.29093 2.39825 2.33865
threshold=0.4045454545454546 0.23904761904761906 -0.017159340223142781 0.22902097902097904 0.20714285714285716 0.49000000000000005 0.089871794871794877 1502.5884814734334 -0.057700901189143054 0.047260761514416723 1.0000000180025095e-35 41.500000000000007 1.1028688356448144 -146.49999999999997
decision_type=10 8 2 8 8 10 8 2 10 8 8 8 10 10
left_child=1 6 10 9 -3 -6 12 -5 -8 -4 13 -12 -1 -2
right_child=2 4 3 7 5 -7 8 -9 -10 -11 11 -13 -14 -15
leaf_value=-0.020218318605049506 -0.014425916878381285 -0.012126184983824702 0.0010171757862238407 0.047148612805168952 0.001225320990903295 0.023225706408786833 0.024386532008683286 0.022631468008962288 -0.0090597991440908975 0.02656412453268181 0.027484508301364903 -0.00050307020360876612 -0.0040644202996252534 0.0088108761756738249
leaf_weight=224.83656969666481 13.806957963854076 46.735047072172165 24.024726297706366 49.034327067434788 79.877521235495806 33.045763157308102 9.0993219502270204 34.816165894269943 27.378545287996531 19.69133160635829 16.255224578082565 10.727579131722448 16.677076019346714 12.017102733254431
leaf_count=2272 209 678 192 284 568 258 52 334 304 109 260 147 201 205
internal_value=-0.000348198 -0.00988877 0.0227165 0.0291734 0.00193575 0.00782841 -0.0166697 0.0373789 -0.000235245 0.0129059 0.00682886 0.0166656 -0.0191325 -0.00361287
internal_weight=618.023 437.65 180.373 127.567 159.658 112.923 277.992 83.8505 36.4779 43.7161 52.8069 26.9828 241.514 25.8241
internal_count=6073 4333 1740 919 1504 826 2829 618 356 301 821 407 2473 414
is_linear=0
shrinkage=0.04


Tree=8
num_leaves=13
num_cat=0
split_feature=107 119 54 130 54 169 99 41 169 2 90 88
split_gain=31.5672 22.9736 14.3852 9.3625 6.67245 6.26098 4.82264 3.71445 3.35233 3.09017 2.99771 1.5135
threshold=0.076948024155283748 0.58114035087719318 0.15869200244200246 0.18350168350168353 0.39940476190476198 0.31909090909090915 1.0000000180025095e-35 -0.76797515821725193 0.50925925925925941 5.9123887748117712 228.50000000000003 0.81649831649831661
decision_type=8 8 8 10 8 10 2 2 8 8 10 10
left_child=1 6 5 4 -3 -2 7 -1 -5 -4 -7 -8
right_child=2 3 9 8 -6 10 11 -9 -10 -11 -12 -13
leaf_value=-0.0015545510950932895 0.0063354904167585002 0.0039570545305364834 -0.021206950607838341 -0.0052455171293870218 -0.01453523810259931 -0.020948356242867547 0.039513236830496824 0.01363502405368827 -0.017463462412028792 -0.038541898208822215 -0.005080622570553253 0.019370929438604467
leaf_weight=30.335282392799854 42.897433951497078 291.48391047120094 56.745228342711926 96.678699284791946 33.935212202370167 35.57926344871521 12.092457391321657 155.29175569117069 58.178514339029789 27.9208899512887 42.449567437171936 20.250561147928238
leaf_count=302 166 1612 234 811 196 120 127 1532 452 91 221 209
internal_value=-0.00103569 0.00302189 -0.0147739 -0.0018664 0.0019839 -0.00581429 0.0137612 0.011147 -0.00993112 -0.0273301 -0.0125148 0.0279209
internal_weight=903.839 698.246 205.592 480.276 325.419 120.926 217.97 185.627 154.857 84.6661 78.0288 32.343
internal_count=6073 5241 832 3071 1808 507 2170 1834 1263 325 341 336
is_linear=0
shrinkage=0.04


Tree=9
num_leaves=13
num_cat=0
split_feature=171 173 174 99 117 179 171 82 160 53 133 84
split_gain=54.9676 29.333 13.7636 10.5682 8.58535 7.93656 7.30786 7.10107 6.55831 4.45497 3.67652 2.28491
threshold=0.33712121212121215 0.81365740740740755 0.85960591133004927 1.0000000180025095e-35 1.0000000180025095e-35 0.30384615384615393 0.22902097902097904 0.048809523809523817 -0.28528921934089163 0.028052510149696851 4.8063912725074038 1501.9057897729097
decision_type=10 8 8 2 2 8 10 10 2 8 8 2
left_child=1 3 7 6 8 -4 -1 -3 10 -10 -2 -5
right_child=4 2 5 11 -6 -7 -8 -9 9 -11 -12 -13
leaf_value=0.007647390596036017 -0.010642501709660405 0.0033881454362388419 0.0069950534448700195 -0.01063021937073374 0.014290739277865188 0.03307961819143259 -0.0079878254627402199 0.02385920098005466 -0.021793891185066996 -0.0083499804319027478 0.0071857514408058586 -0.030435396421558961
leaf_weight=175.32256010919809 50.64126505702734 92.06012299656868 23.857257753610611 29.808129914104939 17.176032289862633 101.03369815647602 64.619090907275677 37.86638592928648 143.1623902618885 57.513686135411263 27.853065326809883 14.415018662810324
leaf_count=1303 747 526 230 159 134 558 506 385 854 314 183 174
internal_value=0.00132289 0.00892868 0.0187545 7.57255e-05 -0.012487 0.0282079 0.00341267 0.00950627 -0.0141868 -0.0180113 -0.00428032 -0.0176604
internal_weight=835.329 538.982 254.817 284.165 296.346 124.891 239.942 129.927 279.17 200.676 78.4943 44.2231
internal_count=6073 3841 1699 2142 2232 788 1809 911 2098 1168 930 333
is_linear=0
shrinkage=0.04


Tree=10
num_leaves=13
num_cat=0
split_feature=171 171 145 170 83 180 54 170 79 152 169 145
split_gain=79.6368 20.9931 9.86509 10.7135 9.08196 7.90607 6.77218 6.65441 3.76188 3.12828 2.89781 1.7203
threshold=0.23904761904761906 0.4045454545454546 1.4154653659308805 0.30602006688963218 1485.837952845965 0.20714285714285716 0.089871794871794877 0.49000000000000005 0.267948717948718 0.48529411764705888 0.30602006688963218 0.49614117886572057
decision_type=8 10 8 8 2 8 8 10 8 10 10 10
left_child=6 5 4 -4 -3 11 9 -7 -8 10 -1 -2
right_child=1 2 3 -5 -6 7 8 -9 -10 -11 -12 -13
leaf_value=-0.008004354450215783 -0.017201830946177235 0.037471347113008154 0.016237280151537952 0.042123716197379556 0.0035015276607643989 0.0011868594481996531 0.016639836132697858 0.022247370647722194 -0.0095241277813170148 -0.00047526977747639273 -0.021757480148816573 -0.00078381258675223095
leaf_weight=30.382351409643888 30.790298640727997 14.962600935250519 52.574054356664419 53.639230612665415 61.712123826146126 79.9405751042068 12.60135132819414 33.521306287497282 23.858610611408949 14.302641954272984 193.70022485032678 15.574882537126539
leaf_count=286 367 140 381 405 814 568 158 258 198 190 1997 311
internal_value=-0.000335656 0.0125088 0.0217264 0.0295999 0.0105533 0.00187923 -0.0163464 0.00756648 -0.000225102 -0.0187925 -0.0199455 -0.0118619
internal_weight=617.56 342.715 182.888 106.213 76.6747 159.827 274.845 113.462 36.46 238.385 224.083 46.3652
internal_count=6073 3244 1740 786 954 1504 2829 826 356 2473 2283 678
is_linear=0
shrinkage=0.04


Tree=11
num_leaves=14
num_cat=0
split_feature=173 107 130 107 119 174 68 99 55 172 89 39 154
split_gain=38.9581 15.0085 10.711 10.2609 9.55467 7.51796 6.58553 6.14637 5.40485 4.20508 3.70069 3.37875 2.30374
threshold=0.84807692307692317 0.039422614864881196 0.34166666666666673 0.076948024155283748 0.38675213675213682 0.85960591133004927 36.302532511978107 1.0000000180025095e-35 -0.16666666666666666 0.34891304347826091 203.50000000000003 -0.23377194159887818 -0.19746333422810666
decision_type=8 8 10 8 8 8 8 2 10 10 10 2 2
left_child=2 4 3 7 11 -6 9 -1 -5 -3 -4 -2 -12
right_child=1 6 10 8 5 -7 -8 -9 -10 -11 12 -13 -14
leaf_value=0.009319631217468597 0.027124095016387868 -0.020665269017165495 -0.022812357986789291 -0.016655786892029831 -0.00050539094445651721 -0.015631305327850061 -0.036968857301071439 0.023881172736481052 0.0049881018127401608 -0.0055400122927200162 -0.01325783255638059 0.0026059234917467033 0.0053551210761516657
leaf_weight=302.27686869353056 17.375750102102757 87.896952323615551 19.477029033005238 32.588067822158337 121.3578822016716 92.240908868610859 28.190437100827694 54.946974903345108 40.024980083107948 45.966976977884769 16.564220182597637 18.46405266970396 25.912529706954956
leaf_count=2264 138 435 66 115 860 639 125 416 159 227 177 173 279
internal_value=-0.000991665 -0.0100622 0.00659882 0.00884258 -0.00386589 -0.00708912 -0.0195052 0.0116254 -0.00479261 -0.0155659 -0.00882986 0.0149607 -0.00199517
internal_weight=903.284 411.493 491.791 429.837 249.439 213.599 162.054 357.224 72.613 133.864 61.9538 35.8398 42.4767
internal_count=6073 2597 3476 2954 1810 1499 787 2680 274 662 522 311 456
is_linear=0
shrinkage=0.04


Tree=12
num_leaves=13
num_cat=0
split_feature=169 169 177 52 99 62 132 52 92 55 132 58
split_gain=51.4249 13.765 9.43948 8.21988 8.12971 7.01227 6.68182 5.48075 4.72089 4.6392 4.26933 3.1784
threshold=0.50925925925925941 0.22902097902097904 0.69615384615384623 0.1170289855072464 1.0000000180025095e-35 298.91136363636366 659.56250000000011 0.18035095575930424 1491.094331168553 -0.12461180124223602 577.01562500000011 1526.5000000000002
decision_type=8 10 8 10 2 8 10 10 2 8 8 8
left_child=1 5 9 4 -3 8 7 -4 -1 -2 -5 -11
right_child=2 3 6 10 -6 -7 -8 -9 -10 11 -12 -13
leaf_value=-0.020485416193800527 0.024354888166583735 0.003386265622543282 0.02765862173510461 0.0032500121036245721 -0.020529205487000688 0.0014665491600637619 0.00328900893938529 0.007374972462221149 0.0016910706741153606 0.0043218294081053196 -0.017707884496738581 -0.014733692431167627
leaf_weight=160.42826606333256 14.275257952511309 243.09990468621254 109.28196220844984 19.606535829603672 24.072017185389996 33.467682801187038 32.499801270663738 27.88530071079731 16.629958637058735 66.282404974102974 66.977981604635715 16.681127652525902
leaf_count=1111 151 1848 502 204 186 222 217 126 234 730 416 112
internal_value=-0.000316877 -0.00716007 0.014116 -0.00231961 0.00115552 -0.0152348 0.0197897 0.0236328 -0.0183935 0.00409514 -0.0129563 0.000336751
internal_weight=831.188 564.282 266.906 353.756 267.172 210.526 169.667 137.167 177.058 97.2388 86.5845 82.9635
internal_count=6059 4221 1838 2654 2034 1567 845 628 1345 993 620 842
is_linear=0
shrinkage=0.04


Tree=13
num_leaves=14
num_cat=0
split_feature=54 160 54 143 39 57 55 107 174 178 166 178 38
split_gain=66.2785 12.5146 8.70516 8.69611 6.29854 7.51545 6.19128 4.92778 4.62249 4.09762 4.0862 3.61445 2.76755
threshold=0.22188034188034192 -0.1655529585255385 0.034289784289784291 0.70438540332906541 0.28203619490179349 1548.5000000000002 0.28599439775910368 0.064083404903627753 0.88548951048951052 0.38675213675213682 0.04735854228410382 0.14642857142857144 -0.35939025500080907
decision_type=8 2 10 10 2 10 8 8 10 10 2 10 2
left_child=2 9 7 6 5 -4 -3 11 -9 10 -2 -1 -6
right_child=1 3 4 -5 12 -7 -8 8 -10 -11 -12 -13 -14
leaf_value=-0.01714484925370437 -0.010872339841060478 0.042650060566728522 0.010229024464162847 0.003064371377827248 0.0014000164193495063 -0.019958303001092356 0.021078880986135175 -0.011417556095717214 0.0089678870764365332 0.022962082159872048 0.017642039952899809 -0.0046850392722448319 -0.020886841135708809
leaf_weight=197.19145372509956 26.428258810192347 52.58128360658884 82.242140300571918 18.41434121504426 13.02107799053192 14.693616628646849 42.28204407915473 40.51336632296443 30.127194531261921 12.764164995402096 10.366939201951025 47.596740737557411 25.456470835953951
leaf_count=2033 317 361 790 160 162 135 219 286 195 237 122 764 278
internal_value=-0.00054291 0.0212495 -0.00844802 0.0285364 2.4232e-05 0.00547571 0.0333765 -0.0120801 -0.00269172 0.00431929 -0.00253136 -0.0147592 -0.0134497
internal_weight=613.679 162.837 450.842 113.278 135.413 96.9358 94.8633 315.429 70.6406 49.5594 36.7952 244.788 38.4775
internal_count=6059 1416 4643 740 1365 925 580 3278 481 676 439 2797 440
is_linear=0
shrinkage=0.04


Tree=14
num_leaves=13
num_cat=0
split_feature=173 174 172 1 1 126 59 130 99 68 179 21
split_gain=38.3649 21.4028 11.2061 9.8553 8.05045 6.96643 6.336 6.22413 5.51877 5.49909 2.78163 2.20513
threshold=0.77598566308243744 0.85960591133004927 0.15470085470085473 -23.999999999999996 1.0000000180025095e-35 1.5000000000000002 2.5000000000000004 0.18898809523809526 1.0000000180025095e-35 28.395619438740592 0.78888888888888908 0.38348416289592763
decision_type=8 8 10 10 8 2 8 8 2 8 8 8
left_child=3 4 10 -1 6 8 -2 -6 -5 -4 -3 -7
right_child=1 2 9 5 7 11 -8 -9 -10 -11 -12 -13
leaf_value=-0.0042870766901380569 0.013515287729028186 -0.014320168780381771 0.0010593748474835084 0.013120117350408323 0.0073339738431114866 0.0051708310441186192 -0.0092204541111104987 -0.0088339840242334031 0.028107361857843273 -0.014321458738710671 -0.03100738500327092 -0.015239284275272645
leaf_weight=56.357196927070618 97.701165460050106 25.987267956137657 60.922743268311024 213.3589504212141 52.498919621109962 19.344621449708939 23.610870376229286 131.36405654996634 49.294265381991863 93.054713420569897 61.027012415230274 13.494864530861376
leaf_count=226 786 243 341 1569 548 261 117 622 354 669 256 67
internal_value=0.000666747 -0.00596354 -0.0148483 0.0109522 0.00107164 0.01387 0.00903469 -0.00419198 0.0160364 -0.0082554 -0.0262657 -0.00335977
internal_weight=898.017 546.167 240.992 351.85 305.175 295.493 121.312 183.863 262.653 153.977 87.0143 32.8395
internal_count=6059 3582 1509 2477 2073 2251 903 1170 1923 1010 499 328
is_linear=0
shrinkage=0.04


Tree=15
num_leaves=14
num_cat=0
split_feature=171 173 174 179 179 132 86 161 161 107 38 147 73
split_gain=40.4281 23.3358 16.5159 11.0037 10.15 6.6627 6.5409 6.5309 6.35922 5.78207 5.27345 4.76459 2.33383
threshold=0.20638945233265724 0.71583850931677029 0.87367021276595758 0.44949494949494956 0.46060606060606063 615.58333333333337 3.5000000000000004 0.35820446310015869 0.64649509852236198 0.036596934507210584 0.59533965790871546 6.6587417918291996 189.50000000000003
decision_type=10 8 8 10 10 10 10 2 2 8 2 10 8
left_child=1 8 4 6 -3 -4 -2 -8 9 -1 11 -5 -12
right_child=3 2 5 10 -6 -7 7 -9 -10 -11 12 -13 -14
leaf_value=-0.012094444684399325 0.0092122890788471287 0.00080700272372186393 0.031994698039482253 0.023140736812391857 0.030573164633438395 0.0072647015887660508 -0.014705382597825379 0.00080080637420556577 0.018541417314493956 0.0067693083820037844 0.0033296557228691109 -0.0015869578350996127 -0.021876260686800569
leaf_weight=89.653528146445751 22.864267401397228 99.011767789721489 95.986405357718468 29.102628849446774 21.552285835146904 22.366173759102821 304.01935619115829 50.280837818980217 17.2614810988307 35.552316263318062 10.449561119079592 20.829371690750122 11.480622932314871
leaf_count=677 116 651 517 184 214 216 1993 524 195 190 155 309 118
internal_value=-0.000301704 0.00925935 0.0168767 -0.00842943 0.00635224 0.027438 -0.0111605 -0.0125031 -0.00352956 -0.00671102 0.00583359 0.0129576 -0.0101572
internal_weight=830.411 381.384 238.917 449.027 120.564 118.353 377.164 354.3 142.467 125.206 71.8622 49.932 21.9302
internal_count=6059 2660 1598 3399 865 733 2633 2517 1062 867 766 493 273
is_linear=0
shrinkage=0.04


Tree=16
num_leaves=14
num_cat=0
split_feature=171 180 53 151 53 53 157 163 173 171 145 87 37
split_gain=70.5275 16.6398 11.6028 7.07626 5.40024 4.57288 5.27721 4.4233 3.48537 3.33749 2.91423 2.70957 1.52754
threshold=0.23904761904761906 0.10555555555555557 0.023809523809523826 0.34057971014492755 -0.2328282828282828 -0.052758097165991884 0.30350826547162651 -0.48863425212506223 0.7958333333333335 0.10912698412698414 0.49614117886572057 0.70710784313725505 -0.68276143326107919
decision_type=8 8 10 10 8 10 2 2 10 10 10 10 2
left_child=5 4 3 -3 8 6 9 -4 -2 -1 -6 -7 -13
right_child=1 2 7 -5 10 11 -8 -9 -10 -11 -12 12 -14
leaf_value=-0.022579940897893263 -0.0041873554229725461 0.018987589162903846 0.02369119801535665 0.043008165096216598 -0.015607867846556982 -0.00089307475544480762 0.016991746878665275 -0.0013190213842797927 0.025001399824683437 -0.002986796958402288 0.001017700366500271 -0.027538207243032891 -0.017932710176850043
leaf_weight=24.450524438172579 10.885789766907694 154.83229652792215 12.867850255221127 22.782747723162174 39.901325557380915 12.894743032753466 11.46989846229553 60.339979380369186 14.184982076287268 32.075875081121922 28.146584689617157 39.197579655796289 148.99584076181054
leaf_count=236 149 1104 162 195 424 128 161 418 212 320 551 520 1479
internal_value=-0.000524835 0.0114585 0.016803 0.0223035 -0.00294144 -0.015835 -0.00668988 0.00331013 0.0125764 -0.0117418 -0.00878694 -0.018869 -0.0200789
internal_weight=613.026 343.942 250.823 177.615 93.1187 269.084 67.9963 73.2078 25.0708 56.5264 68.0479 201.088 188.193
internal_count=6059 3215 1879 1299 1336 2844 717 580 361 556 975 2127 1999
is_linear=0
shrinkage=0.04


Tree=17
num_leaves=15
num_cat=0
split_feature=174 62 131 54 170 150 131 68 1 3 56 131 57 85
split_gain=32.0483 16.7496 10.84 9.91261 8.43386 7.41104 7.05373 7.83164 5.9807 3.91205 3.7118 2.09437 1.7058 0.807419
threshold=0.85960591133004927 2.1333333333333262 418.41666666666669 0.24893162393162394 0.60555555555555574 0.22401433691756276 620.93333333333351 30.490075290896652 1.0000000180025095e-35 1.5000000000000002 -1.4999999999999998 247.40000000000003 -98.499999999999986 5.5000000000000009
decision_type=8 10 8 8 8 10 10 8 8 2 10 10 8 8
left_child=2 4 9 5 11 -4 7 -3 -5 12 -8 -2 -1 -6
right_child=1 6 3 8 13 -7 10 -9 -10 -11 -12 -13 -14 -15
leaf_value=-0.0074488606365295642 -0.01754360738712844 0.00034226811032757922 0.014336433082295701 0.0098793383919077802 -0.036994974195101879 -0.00054837673562687641 -0.0095796448462657918 -0.018298543531170289 -0.0095787503988505468 -0.022013151200385259 0.012007042381190956 -0.0034427461929604397 0.0091019467697421638 -0.024670393586933011
leaf_weight=25.678011260926723 32.309607684612274 88.971613578498363 312.19922939687967 40.104495890438557 28.261122405529022 64.153373442590237 15.088163331151007 59.36508097499609 64.552877128124237 21.960384979844093 61.732181467115879 36.228791490197182 14.87043187022209 32.078354857861996
leaf_count=237 115 446 1981 310 118 570 136 390 384 123 614 310 134 191
internal_value=0.000640031 -0.00870844 0.00673788 0.008777 -0.0201505 0.0117991 -0.00209009 -0.00717706 -0.00208059 -0.00881294 0.00767292 -0.0102755 -0.00125802 -0.0309845
internal_weight=897.554 354.035 543.519 481.01 128.878 376.353 225.157 148.337 104.657 62.5088 76.8203 68.5384 40.5484 60.3395
internal_count=6059 2320 3739 3245 734 2551 1586 836 694 494 750 425 371 309
is_linear=0
shrinkage=0.04


Tree=18
num_leaves=15
num_cat=0
split_feature=169 161 160 169 55 132 157 179 53 90 108 36 16 53
split_gain=44.6861 12.7668 9.50291 8.77868 8.3678 7.60304 6.78428 6.28814 5.64962 4.45816 3.60883 3.26978 2.87233 2.67289
threshold=0.50925925925925941 -0.03782471032027878 -0.33919375669664004 0.23669467787114848 0.17902930402930409 489.09868421052641 0.047409164929658333 0.20714285714285716 0.015628815628815632 217.50000000000003 0.0020061831455677752 0.022957125014500476 -0.050859359795514252 0.43613053613053615
decision_type=8 2 2 10 10 10 2 8 8 10 10 2 10 8
left_child=1 8 5 -4 6 -3 7 -2 12 -10 13 -8 -1 -6
right_child=4 2 3 -5 10 -7 11 -9 9 -11 -12 -13 -14 -15
leaf_value=-0.022807431241638053 0.0057298680246142212 0.0269234061273168 -0.016624174939198041 -0.00033033261125990545 0.00063378329536240615 0.0018521269546822106 -0.0093821440219272502 0.025565577814437926 0.0072130486057296441 -0.011929560470204072 -0.0078734879660838624 0.012205158716504514 -0.01062904321941659 0.022252674702368854
leaf_weight=94.887672025710344 33.679593786597252 26.117915220558643 79.948521949350834 153.58884424716234 21.826494976878166 68.880362562835217 18.001332245767117 119.50525688380003 28.18341314047575 57.678576022386551 34.443649500608444 26.409967318177223 51.238603010773659 15.084495224058626
leaf_count=589 283 212 376 784 146 686 160 648 117 679 274 219 778 108
internal_value=-0.000283994 -0.00671555 -0.00162421 -0.00596395 0.0130879 0.00897447 0.0173103 0.0212829 -0.0138793 -0.00561245 0.00128983 0.00339717 -0.018652 0.0098755
internal_weight=829.475 560.524 328.536 233.537 268.951 94.9983 197.596 153.185 231.988 85.862 71.3546 44.4113 146.126 36.911
internal_count=6059 4221 2058 1160 1838 898 1310 931 2163 796 528 379 1367 254
is_linear=0
shrinkage=0.04


Tree=19
num_leaves=15
num_cat=0
split_feature=171 54 169 180 168 174 142 54 62 20 37 171 136 147
split_gain=66.1099 15.4566 9.6576 6.99406 6.7266 6.09537 5.47504 3.69469 5.05118 3.26639 2.24046 2.53504 1.15871 0.741166
threshold=0.23904761904761906 0.22188034188034192 0.11506935687263557 0.10555555555555557 -0.020441649198661396 0.7958333333333335 0.57294832826747732 0.089871794871794877 243.01666666666671 0.88866715603070767 -0.68276143326107919 0.15587044534412958 3.4075219581614937 9.4769910116638361
decision_type=8 8 8 8 2 10 8 8 8 10 2 10 8 10
left_child=7 3 6 9 -4 -5 -3 10 13 -2 12 -12 -1 -9
right_child=1 2 4 5 -6 -7 -8 8 -10 -11 11 -13 -14 -15
leaf_value=-0.011364805202639456 -0.013292512968902716 0.014743403829701495 -0.0014543600991242206 -0.0027716382572244075 0.019792443115686828 0.01470979748350414 0.045718680639014776 -0.017409352794513042 0.020077511502236519 0.012474636986602406 -0.017748418705222476 -0.0063512354773936118 -0.028591365179708835 -0.0028947565994726799
leaf_weight=10.213883969932793 44.895209811627865 15.212098885327576 33.012066774070263 51.043535452336073 82.099545508623123 82.208986904472113 29.461732607334852 16.495191927999262 9.6219722144305688 8.5967681743204576 139.45415367186069 42.890906393527985 37.557225096970797 9.5187381207942945
leaf_count=199 628 206 454 404 520 651 185 144 76 167 1370 448 470 137
internal_value=-0.000506864 0.0109872 0.0200825 0.00312869 0.0137219 0.00802772 0.0357687 -0.0154871 -0.00332369 -0.0089618 -0.0173395 -0.0151278 -0.0252577 -0.0124761
internal_weight=612.282 346.53 159.785 186.745 115.112 133.253 44.6738 265.752 35.6359 53.492 230.116 182.345 47.7711 26.0139
internal_count=6059 3215 1365 1850 974 1055 391 2844 357 795 2487 1818 669 281
is_linear=0
shrinkage=0.04


Tree=20
num_leaves=12
num_cat=0
split_feature=173 170 1 119 107 116 68 48 126 68 133
split_gain=34.0476 22.4923 8.97226 8.41033 8.02149 7.27308 6.30596 5.66034 5.26875 2.01801 1.77477
threshold=0.77598566308243744 0.62731481481481499 -23.999999999999996 0.67333333333333345 0.072964066009178721 1.0000000180025095e-35 25.756331279945247 0.34792285448031496 1.5000000000000002 29.214236824093089 3.9710408760339244
decision_type=8 8 10 8 8 2 8 8 2 8 10
left_child=2 3 -1 4 -2 8 -5 10 -4 -9 -3
right_child=1 7 5 6 -6 -7 -8 9 -10 -11 -12
leaf_value=-0.0042630219632680119 0.010508300613545359 -0.013844314206488777 0.016545546375791378 0.0075427992107424948 -0.014889425131197453 -0.01059147781302713 -0.0080622056031935119 -0.018133062479060325 -0.0015399549033291108 -0.032711176570571154 0.0062190832668147416
leaf_weight=56.317117467522621 119.44858296960592 17.03150295466185 249.14743764698505 48.801595509052277 22.866739869117737 18.686822772026062 246.71805938333273 30.285053238272667 28.329652473330498 48.725782871246338 10.669873744249342
leaf_count=226 1182 234 1808 209 129 160 1386 104 283 192 146
internal_value=0.000611005 -0.00565323 0.0102829 -0.00161601 0.00633811 0.0130606 -0.00546173 -0.0220304 0.014693 -0.0274448 -0.00609928
internal_weight=897.028 544.547 352.481 437.835 142.315 296.164 295.52 106.712 277.477 79.0108 27.7014
internal_count=6059 3582 2477 2906 1311 2251 1595 676 2091 296 380
is_linear=0
shrinkage=0.04


Tree=21
num_leaves=14
num_cat=0
split_feature=169 174 161 164 161 157 62 1 169 62 68 107 17
split_gain=41.2604 12.2973 12.0861 11.6621 7.44231 6.87766 5.74615 5.68603 8.08663 4.78688 5.34397 4.8559 4.31711
threshold=0.50925925925925941 0.87867647058823539 -0.03782471032027878 0.2909188042990502 0.79565580196792574 0.079863399730195059 3.9380952380952583 9.0000000000000018 0.3585714285714286 -22.254329004328991 28.140999315537304 0.025815949050142065 0.69261871899740191
decision_type=8 8 2 2 2 2 10 8 10 10 10 8 8
left_child=2 9 7 4 -4 6 -3 12 -9 10 -2 -11 -1
right_child=1 5 3 -5 -6 -7 -8 8 -10 11 -12 -13 -14
leaf_value=-0.0078632008885334941 -0.013707301603860349 0.037562945247211571 -0.0068460373817621914 0.022061802453376047 0.009612230724158408 0.0041764017521751396 0.017085805589011963 -0.013012750918655197 0.014908166285208071 0.0040932169496249969 0.0058993027926205789 0.030674761392837441 -0.022436037476859228
leaf_weight=49.774769522249699 30.942585796117783 44.243128716945648 246.11356061324477 29.431941196322441 52.470982074737549 27.836100116372108 49.696274675428867 52.391544744372368 23.087434679269791 26.606646880507469 72.237573973834515 18.4540825933218 105.18798802420497
leaf_count=757 163 216 1286 222 550 220 313 379 150 226 578 122 877
internal_value=-0.000269707 0.0125381 -0.00647725 -0.00152694 -0.00392468 0.0219106 0.0270452 -0.013478 -0.00436292 0.00473029 -3.64372e-05 0.0154524 -0.0178484
internal_weight=828.475 270.016 558.458 328.016 298.585 121.776 93.9394 230.442 75.479 148.241 103.18 45.0607 154.963
internal_count=6059 1838 4221 2058 1836 749 529 2163 529 1089 741 348 1634
is_linear=0
shrinkage=0.04


Tree=22
num_leaves=14
num_cat=0
split_feature=54 169 169 145 108 172 142 142 74 71 178 89 28
split_gain=53.8738 13.5947 9.89498 7.63126 6.62133 8.29178 5.86529 5.0396 4.80621 2.95436 2.11845 1.4527 1.20807
threshold=0.22188034188034192 0.54772727272727284 0.11506935687263557 0.37842955513742099 0.036184605211019523 0.048809523809523817 0.31866537717601556 0.57294832826747732 279.50000000000006 2.5000000000000004 0.18898809523809526 106.50000000000001 -14.499999999999998
decision_type=8 10 8 8 8 10 8 8 8 10 10 10 10
left_child=1 3 7 9 5 -4 -5 -2 -6 -1 11 -3 -12
right_child=2 10 4 6 8 -7 -8 -9 -10 -11 12 -13 -14
leaf_value=-0.0045683660706452188 0.014220464445445316 -0.0068408898871854971 -0.013048712030530823 -0.013258279299442897 0.0042733526548960716 0.015391265719667278 0.0042767804254940011 0.043703926592024454 0.029891621805088989 -0.018849868078331587 -0.013848560128335952 -0.02151232824807198 0.0070578724834017871
leaf_weight=43.92313414812088 15.33854667842388 13.746167704463003 26.796087700873613 35.987307276576757 17.224475238472223 39.008771698921919 173.21454299986362 30.549708809703588 39.85899293795228 51.28252300620079 8.1961155682802183 108.8039411380887 7.5142979472875586
leaf_count=484 206 70 218 424 258 344 1433 187 203 793 91 1190 158
internal_value=-0.000491209 -0.00782642 0.0186686 -0.00307149 0.012546 0.00375845 0.00120213 0.0344049 0.0224026 -0.0123979 -0.0181837 -0.0199515 -0.00390536
internal_weight=611.445 442.668 168.777 304.408 122.888 65.8049 209.202 45.8883 57.0835 95.2057 138.261 122.55 15.7104
internal_count=6059 4643 1416 3134 1023 562 1857 393 461 1277 1509 1260 249
is_linear=0
shrinkage=0.04


Tree=23
num_leaves=12
num_cat=0
split_feature=173 174 1 53 1 116 42 117 50 53 142
split_gain=31.5654 17.8095 8.43978 7.34251 7.23879 6.81906 6.36875 6.1704 5.94116 4.95828 2.55036
threshold=0.77598566308243744 0.85960591133004927 -23.999999999999996 -0.21655844155844153 1.0000000180025095e-35 1.0000000180025095e-35 -0.068022370480477753 1.0000000180025095e-35 6.5000000000000009 0.10155401873668125 0.53950103950103967
decision_type=8 8 10 10 8 2 2 2 8 8 8
left_child=2 4 -1 10 8 6 -4 -5 -2 -6 -3
right_child=1 3 5 7 9 -7 -8 -9 -10 -11 -12
leaf_value=-0.0042207345276769649 0.012048454739497101 -0.01027367430202536 0.00079524300039111385 -0.0046183940679040076 -0.010699517905564164 -0.010333679123752262 0.016906441981104851 -0.025881358260736391 -0.012934796570272331 0.0023790461175993492 -0.027116230801612615
leaf_weight=56.291339188814163 104.63363783061504 21.316070057451725 47.728987574577332 128.34054181724787 90.142625831067562 18.662148654460907 230.12135560065508 25.598306640982628 16.877981960773468 93.440921701490879 63.190382435917854
leaf_count=226 778 221 433 852 558 160 1658 151 125 612 285
internal_value=0.000586791 -0.00545532 0.00989022 -0.0136215 0.000944057 0.012581 0.0141588 -0.00831132 0.0084847 -0.00405509 -0.0230611
internal_weight=896.344 543.54 352.804 238.445 305.095 296.512 277.85 153.939 121.512 183.584 84.5065
internal_count=6059 3582 2477 1509 2073 2251 2091 1003 903 1170 506
is_linear=0
shrinkage=0.04


Tree=24
num_leaves=13
num_cat=0
split_feature=169 41 169 177 160 49 169 21 87 108 4 41
split_gain=39.3462 12.011 9.34306 8.12596 7.75397 6.13411 6.09806 5.32003 4.51396 3.47274 3.07199 2.71443
threshold=0.58957219251336912 -1.2068196770380064 0.34412955465587053 0.69615384615384623 -0.35772887361224587 7.5000000000000009 0.76568627450980398 0.042045454545454546 0.94590643274853814 0.0099550578743219393 4.5000000000000009 -0.24285927642026081
decision_type=8 2 10 8 2 8 8 8 10 8 2 2
left_child=1 7 4 10 -3 -4 8 -1 -5 -8 11 -2
right_child=3 2 5 6 -6 -7 9 -9 -10 -11 -12 -13
leaf_value=-0.0032153640566495024 0.019261356696507092 0.00051779994692821921 -0.0027358516698992351 0.02091784830743889 -0.013348762038289406 0.013710637378820629 0.039930998344105177 0.029455489876829982 0.00099079928697837043 0.019370432224368368 -0.011432167272239542 0.0017878076343647404
leaf_weight=11.710737127810715 22.576502315700054 84.763104241341352 206.38690032809973 47.251311540603638 264.63945166021585 42.976736724376678 31.759548008441925 22.22235319763422 29.707059614360332 28.840721510350704 14.293288767337797 37.17810133099556
leaf_count=174 229 990 1558 242 1583 295 142 172 146 133 110 393
internal_value=0.000542523 -0.00445136 -0.00577555 0.0154342 -0.00998723 0.000134082 0.0211599 0.0183538 0.0133627 0.0306516 0.00463084 0.00863096
internal_weight=844.306 632.699 598.766 211.607 349.403 249.364 137.559 33.9331 76.9584 60.6003 74.0479 59.7546
internal_count=6167 4772 4426 1395 2573 1853 663 346 388 275 732 622
is_linear=0
shrinkage=0.04


Tree=25
num_leaves=14
num_cat=0
split_feature=171 133 53 137 143 169 139 54 144 171 52 144 147
split_gain=49.7441 11.5583 9.8423 6.88476 6.87941 4.72893 4.24796 3.29106 2.77587 2.52435 2.63163 1.94114 1.8773
threshold=0.23904761904761906 2.5955006611103042 -0.2328282828282828 0.52002467612584835 0.54366895499618628 0.41042780748663105 1.5458228078559888 0.034289784289784291 0.31142241379310348 0.087121212121212141 0.085889929742388807 0.43826219512195125 11.375618693428862
decision_type=8 8 8 8 10 8 8 8 10 10 10 8 10
left_child=7 3 4 5 -3 -2 -4 9 -9 11 -11 -1 -10
right_child=1 2 6 -5 -6 -7 -8 8 12 10 -12 -13 -14
leaf_value=-0.0065599788258427936 0.018092976703789638 0.025970013085436509 -0.010770440985601931 0.037957314854417508 -0.00031808633214743101 -0.0086732305392500011 0.0026601527785102275 0.0040041362984391633 -0.022057200259081724 -0.0080302981331379711 -0.022032763788622008 -0.023499861706005196 0.00044101929351299322
leaf_weight=13.706958290189503 56.046443447470665 44.422784220427275 49.06239864602685 24.779923543334007 24.262201525270939 12.213819947093723 151.14066955447197 24.875843934714794 16.450576528906826 74.559197224676609 31.026113897562027 92.101484898477793 8.6728163771331293
leaf_count=183 615 276 663 219 328 98 1094 134 223 818 341 995 180
internal_value=-0.00150977 0.00808201 0.00383536 0.0201623 0.016784 0.0132187 -0.000658423 -0.0147785 -0.0053537 -0.0169625 -0.0123318 -0.0214061 -0.0144945
internal_weight=623.321 361.928 268.888 93.0402 68.685 68.2603 200.203 261.393 49.9992 211.394 105.585 105.808 25.1234
internal_count=6167 3293 2361 932 604 713 1757 2874 537 2337 1159 1178 403
is_linear=0
shrinkage=0.04


Tree=26
num_leaves=14
num_cat=0
split_feature=174 173 132 82 50 2 173 1 1 167 22 22 108
split_gain=27.4942 13.6074 11.7887 7.79976 7.12402 7.7905 6.80418 6.38952 5.0278 4.39582 3.41768 3.07379 2.89486
threshold=0.94201680672268917 0.84807692307692317 543.36538461538476 0.35147058823529415 6.5000000000000009 -2.9705681040383296 0.90238095238095251 1.0000000180025095e-35 -2.4999999999999996 -0.035749987764968523 -2.491744033875626 -21.853437677308133 -0.043642353266477578
decision_type=8 8 10 10 8 10 8 8 8 2 10 10 8
left_child=1 3 6 7 5 -3 9 -1 -4 -2 -5 -10 -8
right_child=2 4 8 10 -6 -7 12 -9 11 -11 -12 -13 -14
leaf_value=0.016542020238369443 0.003672948652888725 -0.0086758890747978008 0.019540878715044618 -0.01863001016379387 -0.018541833575670987 0.0058941325916124212 -0.013202966090829733 0.0058876653760609292 -0.018970969693754045 -0.014853150007213146 0.0065601227607579946 0.0036755287452288781 -0.030401203496656079
leaf_weight=175.5784163698554 29.247935108840466 94.007345274090767 20.402881413698196 20.646699361503124 35.778832882642746 152.68227492272854 25.934660837054253 189.00324473530054 13.827075667679308 63.81394124776125 13.491743758320807 26.169801153242588 54.150738783180714
leaf_count=1276 201 667 212 133 233 1004 125 1208 49 271 182 355 251
internal_value=0.000526336 0.00458969 -0.0112858 0.00934011 -0.00211804 0.00032117 -0.0165714 0.0110554 0.00385686 -0.00903227 -0.0087144 -0.00437645 -0.0250879
internal_weight=914.736 681.189 233.547 398.72 282.468 246.69 173.147 364.582 60.3998 93.0619 34.1384 39.9969 80.0854
internal_count=6167 4703 1464 2799 1904 1671 848 2484 616 472 315 404 376
is_linear=0
shrinkage=0.04


Tree=27
num_leaves=13
num_cat=0
split_feature=169 41 174 161 169 38 50 17 89 68 180 2
split_gain=36.2978 11.3086 10.7589 9.62065 7.22726 5.34736 5.22161 4.44031 3.73165 3.43959 3.38099 1.32038
threshold=0.58957219251336912 -1.2068196770380064 0.85960591133004927 0.073773202423271206 0.31698564593301443 0.39255228208757648 1.5000000000000002 -2.5810548663239885 917.50000000000011 28.66392881587954 0.20714285714285716 -1.7152635181382647
decision_type=8 2 8 2 10 2 8 10 10 8 8 8
left_child=1 7 6 4 -3 9 10 -1 -5 -4 -2 -9
right_child=2 3 5 8 -6 -7 -8 11 -10 -11 -12 -13
leaf_value=0.033304345812448101 0.011361143256518443 -0.013061218171420638 0.015776999020972036 -0.0041729068204268537 -0.0030800130392359092 0.0096124259113192952 0.019943772224430296 0.014750736572658079 0.0095290497260327976 0.035355802582295141 -0.0060670166428931369 -0.0053333819556248083
leaf_weight=15.074499901384113 26.389708042144775 241.16772673651576 23.943214975297451 52.36575385928154 225.68636450171471 32.748543262481689 28.10098522156477 8.9971592798829061 77.703944362699986 51.332972049713135 49.918661542236805 10.013222791254522
leaf_count=67 287 1601 124 448 1443 206 209 132 934 295 274 147
internal_value=0.000526981 -0.00428766 0.0147907 -0.00557917 -0.00825728 0.0235929 0.00552738 0.0177877 0.00400767 0.029443 3.28593e-06 0.00433414
internal_weight=843.443 631.009 212.434 596.924 466.854 108.025 104.409 34.0849 130.07 75.2762 76.3084 19.0104
internal_count=6167 4772 1395 4426 3044 625 770 346 1382 419 561 279
is_linear=0
shrinkage=0.04


Tree=28
num_leaves=12
num_cat=0
split_feature=171 133 53 180 91 180 178 167 181 171 161
split_gain=46.836 10.7828 11.3718 8.28614 5.36668 5.08392 3.64493 4.11736 3.5473 3.16588 1.96137
threshold=0.23904761904761906 1.9121822033898306 -0.2328282828282828 0.34523809523809529 1437.5891088224851 0.69047619047619058 0.23303167420814483 -0.039055153031633684 0.34848484848484856 0.087121212121212141 -0.19662581197042753
decision_type=8 8 8 10 2 10 10 2 8 10 2
left_child=5 8 4 -4 -3 6 9 -8 10 -1 -2
right_child=1 2 3 -5 -6 -7 7 -9 -10 -11 -12
leaf_value=-0.02287800661899346 0.0023640144480316753 0.023129596844401804 -0.0022286732737950045 0.022235809470494413 -0.00071564174432924867 0.0090510223597217044 0.011143683776412415 -0.019567038730616583 0.037079831492470829 -0.01289178636701982 0.023533851872870677
leaf_weight=98.010661959648132 12.59641343355179 63.518842451274395 206.7554705478251 23.792189463973045 19.429462440311909 13.229529507458208 15.723072659224274 10.982731714844702 21.352962680160999 120.41089899092913 16.223560590296984
leaf_count=1074 120 464 1795 296 283 188 227 157 195 1228 140
internal_value=-0.00146292 0.00777761 0.00497281 0.000372517 0.0175784 -0.0144576 -0.0157661 -0.00166427 0.0248241 -0.0174658 0.0147377
internal_weight=622.026 363.669 313.496 230.548 82.9483 258.357 245.127 26.7058 50.1729 218.422 28.82
internal_count=6167 3293 2838 2091 747 2874 2686 384 455 2302 260
is_linear=0
shrinkage=0.04


Tree=29
num_leaves=11
num_cat=0
split_feature=86 130 107 170 145 74 170 131 132 132
split_gain=21.1 12.5891 13.3275 9.69459 9.57107 8.18557 5.04579 4.67466 3.52791 2.97529
threshold=4.5000000000000009 0.22474747474747478 0.016216650176187678 0.44636015325670503 1.0386113982070051 111.50000000000001 0.17444219066937125 526.36666666666679 547.67307692307702 585.30952380952397
decision_type=10 10 8 10 10 10 10 10 10 10
left_child=5 2 3 -2 -4 -1 9 -8 -7 -3
right_child=1 6 4 -5 -6 8 7 -9 -10 -11
leaf_value=-0.025702818611950295 0.015439504180060487 -0.002489015744715399 0.0025288590680620456 0.0011259117374883621 -0.015726651935116017 -0.01387060875817926 -0.015137939815450261 -0.00077335890119562727 0.012293186059429025 0.020952581687300267
leaf_weight=62.097703270614147 225.28786896914244 20.34620650857687 238.10907118022442 114.49678251892328 55.86844777315855 15.201709620654585 93.700308129191399 59.399830780923367 15.781082913279532 13.696414813399313
leaf_count=216 1547 197 1291 777 363 116 585 804 154 117
internal_value=0.000507581 0.00256313 0.00525572 0.0106396 -0.000975251 -0.0174343 -0.0065242 -0.00961893 -0.000513858 0.00721398
internal_weight=913.985 820.905 633.762 339.785 293.978 93.0805 187.143 153.1 30.9828 34.0426
internal_count=6167 5681 3978 2324 1654 486 1703 1389 270 314
is_linear=0
shrinkage=0.04


Tree=30
num_leaves=14
num_cat=0
split_feature=169 161 164 1 17 169 52 89 89 22 2 42 150
split_gain=33.8056 10.711 10.4082 9.40376 7.74106 5.4075 6.56844 6.00643 4.65809 6.32788 4.42027 4.15742 1.93121
threshold=0.58957219251336912 0.073773202423271206 0.25946670112761017 10.500000000000002 -0.96005558890259157 0.76568627450980398 0.18982371794871802 603.50000000000011 917.50000000000011 -20.727666475575642 -0.9062286105407259 -0.015657091667571125 0.40588235294117653
decision_type=8 2 2 8 10 8 10 10 10 10 10 2 8
left_child=1 2 3 -1 -4 6 7 -2 10 -10 -3 -7 -13
right_child=5 8 4 -5 -6 11 -8 -9 9 -11 -12 12 -14
leaf_value=-0.012577773479933527 0.021669416226668972 0.0071112506060262417 0.025696264516324032 -5.9360521771441165e-05 -0.010780368268037362 0.010746790825349935 -0.010152064467209662 0.0020070223993858237 0.028369160731309379 0.004390041870490166 -0.015232336099850132 0.018725131017751827 0.035947575185883415
leaf_weight=308.81481220200658 56.425504267215729 28.542762443423271 24.85239801555872 139.60681444406509 13.745590277016161 35.945051021873951 23.105295710265636 44.648740731179714 23.686889313161373 64.078990191221237 26.208148140460253 23.354766234755516 29.590520225465298
leaf_count=2252 271 262 124 659 206 229 145 453 110 942 217 192 105
internal_value=0.000512001 -0.00414899 -0.00697058 -0.00869368 0.0127114 0.0142478 0.00871769 0.0131081 0.0054606 0.0111309 -0.00362967 0.0217681 0.0288756
internal_weight=842.606 629.536 487.02 448.422 38.598 213.07 124.18 101.074 142.517 87.7659 54.7509 88.8903 52.9453
internal_count=6167 4772 3241 2911 330 1395 869 724 1531 1052 479 526 297
is_linear=0
shrinkage=0.04


Tree=31
num_leaves=13
num_cat=0
split_feature=171 133 143 170 169 170 87 55 79 171 106 89
split_gain=44.2113 10.1938 7.26332 9.664 5.31802 6.38996 3.89169 4.17949 3.19641 2.45974 2.70969 1.33613
threshold=0.23904761904761906 2.5955006611103042 0.54592314901593253 0.63397129186602885 0.38278388278388281 0.16954022988505749 0.71651785714285732 0.071428571428571438 0.30151515151515157 0.087121212121212141 1.0000000180025095e-35 119.50000000000001
decision_type=8 8 10 10 10 8 10 8 10 10 2 10
left_child=6 4 3 -3 5 -2 7 -1 -4 11 -11 -8
right_child=1 2 8 -5 -6 -7 9 -9 -10 10 -12 -13
leaf_value=-0.011557699891769014 0.0021724076816195194 0.0046308759190841131 -0.0003433555426473956 0.033641128139934862 -0.0045810993875004865 0.028620687736916339 -0.0066357635643643081 0.018512539735087156 -0.016607157574629456 -0.01548180565242681 -0.0020218779439252973 -0.022380613692272115
leaf_weight=19.169600669294596 19.437837485224009 167.44820712506771 53.598594289273024 19.761051759123802 13.039433326572178 62.400099061429501 11.117189608514307 10.672258857637646 29.516229297965765 93.18012423068285 33.006778854876757 88.343385297805071
leaf_count=209 203 1040 777 131 137 592 58 94 413 1047 378 1088
internal_value=-0.00141588 0.00750295 0.00350486 0.00786618 0.0187181 0.022465 -0.014152 -0.000487358 -0.0062716 -0.0159402 -0.0120204 -0.0207242
internal_weight=620.691 365.201 270.324 187.209 94.8774 81.8379 255.489 29.8419 83.1148 225.647 126.187 99.4606
internal_count=6167 3293 2361 1171 932 795 2874 303 1190 2571 1425 1146
is_linear=0
shrinkage=0.04


Tree=32
num_leaves=14
num_cat=0
split_feature=174 173 1 150 131 145 131 121 90 117 182 176 173
split_gain=24.8763 13.6707 9.87841 10.8333 6.15821 6.20686 6.10035 5.72603 5.49183 4.63802 4.57228 4.32138 1.6134
threshold=0.85960591133004927 0.89181286549707617 1.0000000180025095e-35 0.35147058823529415 398.57500000000005 0.99950666008880129 637.25384615384621 1.5000000000000002 72.500000000000014 1.0000000180025095e-35 0.12916666666666668 2.5000000000000004 0.86515151515151534
decision_type=8 8 8 10 8 8 10 2 10 2 8 10 10
left_child=2 6 3 7 12 -6 10 -1 -3 -10 -2 -8 -4
right_child=1 8 4 -5 5 -7 11 -9 9 -11 -12 -13 -14
leaf_value=0.017681766000259818 0.0094380061966938336 -0.030913104746435369 -0.0057020921436854036 -0.013985806580351678 0.0099238777550590979 -0.0021700486664315917 0.013328462311057943 0.0013199205117668709 -0.0083300615173574621 -0.028817259308829789 -0.0091097005045516315 -0.011740077410474595 -0.022911135605538355
leaf_weight=177.92956936359406 24.87612409889698 34.496646925806999 19.468276210129261 22.712208688259125 119.80725854635239 153.93424864858389 55.886632271111012 42.857898518443108 90.60567083209753 21.663629502058029 119.33375861495733 12.734153024852274 16.946255996823311
leaf_count=1121 170 127 132 205 1055 693 556 485 604 151 626 116 126
internal_value=0.000488175 -0.00768868 0.00580689 0.0118202 0.00105664 0.00313262 -0.00118325 0.014535 -0.0170371 -0.0125205 -0.0058535 0.00854589 -0.0141624
internal_weight=913.252 359.597 553.656 243.5 310.156 273.742 212.831 220.787 146.766 112.269 144.21 68.6208 36.4145
internal_count=6167 2350 3817 1811 2006 1748 1468 1606 882 755 796 672 258
is_linear=0
shrinkage=0.04


Tree=33
num_leaves=15
num_cat=0
split_feature=171 99 2 177 39 161 153 170 53 120 22 134 41 153
split_gain=29.3319 15.4444 10.9232 9.4053 7.99896 8.11257 5.72933 4.78304 4.16887 4.00247 3.61511 2.61341 1.6076 0.567168
threshold=0.21845174973488868 1.0000000180025095e-35 0.45995893223819101 0.22649572649572652 0.19503125720234069 0.097054643133459184 -1.0000000180025095e-35 0.45307917888563054 0.025949975949975963 0.24038461538461542 -10.316766158126043 1.807553887982152 -0.26803001216066885 0.22982265510641134
decision_type=10 2 10 8 2 2 2 10 8 8 10 10 2 2
left_child=1 2 3 -1 5 8 12 -4 -2 -8 -7 -3 -6 -13
right_child=4 11 7 -5 6 10 9 -9 -10 -11 -12 13 -14 -15
leaf_value=-0.0036048184707028201 -0.017130936066897688 -0.0020769531415908388 -0.003901491219842046 0.020474863569386711 0 0.013534397471334289 -0.011018769888815269 0.011294377315742612 -0.0064047184635040227 0.010037303682956071 -0.0057079050624588351 -0.027171873769589544 -0.0172952028520123 -0.012350611341387291
leaf_weight=29.793096505105495 156.61439850181341 19.247628547251225 78.469560734927654 180.9313275590539 13.18938487768173 27.669593557715416 16.424675036221743 55.801439478993416 95.666754651814699 84.713551416993141 33.287337377667427 14.53763296082616 24.824873737990856 10.440872885286806
leaf_count=279 1034 63 546 1149 138 140 138 411 548 699 495 119 249 159
internal_value=0.000497317 0.00853864 0.0113976 0.01706 -0.00642033 -0.00995706 0.00154099 0.00243576 -0.0131127 0.00652385 0.00307176 -0.0134776 -0.0114922 -0.0217675
internal_weight=841.612 389.222 344.995 210.724 452.391 313.238 139.152 134.271 252.281 101.138 60.9569 44.2261 38.0143 24.9785
internal_count=6167 2726 2385 1428 3441 2217 1224 957 1582 837 635 341 387 278
is_linear=0
shrinkage=0.04


Tree=34
num_leaves=15
num_cat=0
split_feature=171 53 160 133 88 178 133 145 178 167 160 158 174 44
split_gain=41.8117 9.77601 8.21486 6.18921 5.25555 4.78973 4.30024 3.98238 3.80228 3.88302 3.36128 4.4059 2.99088 1.68685
threshold=0.23904761904761906 -0.027874902874902876 -0.2662800899806444 2.6866217958523637 0.76393188854489169 0.21825396825396828 2.1039114107811412 0.98356521547399878 0.23303167420814483 -0.039055153031633684 0.084957986561055091 -0.18226617110618501 0.76095238095238105 10.985346794842373
decision_type=8 10 2 10 10 10 10 10 10 2 2 2 10 8
left_child=8 2 5 -4 6 -2 -3 -6 10 13 12 -12 -1 -10
right_child=1 4 3 -5 7 -7 -8 -9 9 -11 11 -13 -14 -15
leaf_value=-0.011683287692286215 -0.0088835377637806849 0.023441832346387619 0.022358070611256414 0.0054696291810475703 -0.01056279592639032 0.013760211789346848 -0.0019476370138142127 0.0072538543109855512 -0.0015872560318460837 -0.017079184234954074 -0.013256168337954935 0.014417042411014276 -0.022384613535955861 0.023179562880273202
leaf_weight=77.909868244081736 37.55476077273488 20.532335609197617 111.67161694541574 51.848150108009577 74.577299553900957 23.406903821974993 20.620033405721188 26.395098391920328 7.4542936161160487 11.262706302106379 30.371863938868046 12.043704099953173 104.8002448156476 8.8897298052907008
leaf_count=781 430 99 602 483 665 427 243 344 158 168 411 180 1093 83
internal_value=-0.00136551 0.00725391 0.0124335 0.0170811 -0.000942801 -7.51837e-05 0.0109282 -0.00586029 -0.0138558 8.33183e-05 -0.0155668 -0.00520134 -0.0179208 0.0123282
internal_weight=619.339 366.606 224.481 163.52 142.125 60.9617 41.1524 100.972 252.732 27.6067 225.126 42.4156 182.71 16.344
internal_count=6167 3293 1942 1085 1351 857 342 1009 2874 409 2465 591 1874 241
is_linear=0
shrinkage=0.04


Tree=35
num_leaves=13
num_cat=0
split_feature=173 107 67 170 176 90 132 170 7 172 50 52
split_gain=21.3866 12.4752 9.15141 7.52974 7.35357 6.84629 6.40247 6.1025 3.75625 3.58169 3.53447 2.04498
threshold=0.84807692307692317 0.035923433145806045 23.913757700205341 0.49000000000000005 1.0000000180025095e-35 301.50000000000006 739.35384615384623 0.27429467084639503 -0.034999999999999969 0.34549071618037142 1.5000000000000002 -0.036900871459694944
decision_type=8 8 8 8 10 10 8 8 8 10 8 10
left_child=2 6 -1 4 -4 11 8 -8 -2 -7 -5 -3
right_child=1 5 3 10 -6 9 7 -9 -10 -11 -12 -13
leaf_value=-0.012845077488398209 0.0041720559715157464 -0.02797357326069767 0.018025890316014988 0.0058635665680762854 0.0058157952035260288 -0.011670691218515461 0.018519232879730934 -0.00022335154532615131 -0.012235611820562637 0.0075523650046199053 -0.0068231527348265241 -0.015223120913031794
leaf_weight=37.462200187146664 29.92048741132021 47.765569984912872 131.92835350334644 70.428596049547195 199.75143426656723 44.558543689548969 37.946195185184479 96.282384857535362 80.721357643604279 22.548288017511368 68.11789683252573 44.814475767314434
leaf_count=175 406 176 943 531 1404 315 205 479 707 171 488 167
internal_value=0.000466502 -0.00638337 0.00593065 0.00745482 0.0107181 -0.0150444 -0.000688913 0.00515812 -0.007783 -0.00516621 -0.000363862 -0.0220516
internal_weight=912.246 404.557 507.688 470.226 331.68 159.687 244.87 134.229 110.642 67.1068 138.546 92.58
internal_count=6167 2626 3541 3366 2347 829 1797 684 1113 486 1019 343
is_linear=0
shrinkage=0.04


Tree=36
num_leaves=14
num_cat=0
split_feature=177 11 58 48 142 173 161 173 167 42 21 57 157
split_gain=17.3715 12.5037 12.749 9.63539 6.30057 5.56174 4.80349 4.84184 4.78673 3.88166 3.00756 2.08688 1.31304
threshold=0.4188596491228071 -1.0000000180025095e-35 3798.5000000000005 -0.37094940136964677 0.35767590618336892 0.84412955465587058 1.6664318993055263 0.84807692307692317 -0.055221147240318576 -0.048009606372604936 -0.20119047619047614 -2316.4999999999995 -0.27820196882914294
decision_type=10 2 8 10 10 10 2 8 2 2 10 8 2
left_child=1 3 5 4 -1 -3 7 9 -9 -2 -8 -5 -12
right_child=6 2 -4 11 -6 -7 10 8 -10 -11 12 -13 -14
leaf_value=0.025824926485036329 0.013052088786201748 -0.012012046114456143 0.018070660185922367 0.011290294630621332 0.0037406812982400707 -0.0032444523076922906 0.033415514336511777 0.00012983979441911841 0.020050628030507573 -0.0072868678034430723 0.018299243856273236 -0.0096251295988362216 0
leaf_weight=43.377563513815403 20.236022084951401 268.16800785809755 30.492613773792982 8.2000425122678262 39.877651955932379 206.16966215521097 18.505690507590771 30.460558131337166 52.712132051587105 50.137428071349859 16.171452157199386 44.882004275918007 9.6381810307502729
leaf_count=154 212 1841 104 122 158 1200 85 299 420 469 227 674 137
internal_value=-0.000491582 -0.00369235 -0.00659573 0.00701345 0.0154407 -0.00822028 0.00983683 0.00639026 0.012867 -0.00130941 0.02133 -0.00620814 0.0116669
internal_weight=839.029 641.168 504.83 136.337 83.2552 474.338 197.861 153.546 83.1727 70.3735 44.3153 53.082 25.8096
internal_count=6102 4253 3145 1108 312 3041 1849 1400 719 681 449 796 364
is_linear=0
shrinkage=0.04


Tree=37
num_leaves=15
num_cat=0
split_feature=171 133 160 53 155 47 89 171 170 67 54 170 90 1
split_gain=46.2297 9.88435 7.72428 6.23356 6.06408 7.18822 5.68252 5.00079 3.97256 3.09843 3.73136 3.54957 2.97202 1.93346
threshold=0.3257575757575758 2.0287973374863624 0.044178236832001692 -0.16645353793691384 -0.13891941803349808 104.59406160738912 519.50000000000011 0.41421568627450983 0.16954022988505749 26.156057494866534 0.074830316742081418 0.43614130434782611 179.50000000000003 4.0000000000000009
decision_type=8 8 2 10 2 8 8 10 8 10 10 10 10 8
left_child=3 8 6 4 5 -1 -3 -4 -2 11 -11 -5 -10 -6
right_child=1 2 7 9 13 -7 -8 -9 12 10 -12 -13 -14 -15
leaf_value=-0.0044012366515628872 0.0073066195406254119 0.010841069135789545 0.0020159365823777197 0.0016092665657698379 -0.016988005054117624 0.03813291853637242 -0.0024142939677404798 0.031037142458170536 0.04541550864193155 -0.018072515178994015 -0.0017658556399656091 -0.021037040052783087 0.021242755361591849 0.0010528747245521232
leaf_weight=12.933292891830204 13.95778553932905 101.68361361697316 13.910806596279143 38.046668086200953 21.60893727466464 11.03307279571891 103.32961741089821 31.132957857102156 17.419260744005442 174.06758452951908 26.33590630069375 14.473389796912668 21.69540298730135 15.864944856613873
leaf_count=273 126 494 171 333 190 49 1157 340 85 2106 295 116 254 113
internal_value=-0.000192462 0.0109316 0.00753093 -0.010926 0.000467782 0.0158426 0.00417118 0.0223564 0.0264816 -0.0136925 -0.0159589 -0.00487066 0.0329215 -0.00946939
internal_weight=617.493 303.129 250.057 314.364 61.4402 23.9664 205.013 45.0438 53.0724 252.924 200.403 52.5201 39.1147 37.4739
internal_count=6102 2627 2162 3475 625 322 1651 511 465 2850 2401 449 339 303
is_linear=0
shrinkage=0.04


Tree=38
num_leaves=13
num_cat=0
split_feature=173 170 170 67 167 90 146 1 90 90 39 167
split_gain=23.6873 15.4574 6.35903 6.68291 6.25472 5.35408 7.4321 4.45612 4.43828 3.28188 2.78164 2.40362
threshold=0.7231800766283526 0.62731481481481499 0.22653958944281527 27.034907597535938 -0.062464797392188583 186.50000000000003 3.5380186607485222 -8.9999999999999982 186.50000000000003 98.500000000000014 -0.24252306328188147 -0.030458521472364945
decision_type=8 8 8 10 2 8 8 10 10 10 2 2
left_child=2 4 3 -1 9 -4 -7 -3 -6 -2 -9 -5
right_child=1 7 5 11 8 6 -8 10 -10 -11 -12 -13
leaf_value=0.0023562896996591146 -0.010116163407575911 -0.026843675038226766 0.01754927184296233 0.014246866380511815 -0.010168656606118882 0.0074698584133537629 -0.012910323073272984 -0.020731184188067513 -0.00060702770755648768 0.010736912906898355 -0.0037534430590562781 0.031760167096964997
leaf_weight=28.100927442312241 13.03935447335243 45.176001742482185 46.992307044565678 22.421633340418339 103.06899676471949 107.66121187806129 37.853559501469135 24.488307185471058 308.86862027645111 89.163479246199131 41.572286561131477 40.921674743294716
leaf_count=157 46 226 147 216 345 1058 114 209 2062 983 303 236
internal_value=0.000586579 -0.00376134 0.0101491 0.0187972 -0.000819753 0.00595483 0.00210267 -0.0172112 -0.00302307 0.00798479 -0.0102921 0.0259098
internal_weight=909.328 625.377 283.951 91.4442 514.14 192.507 145.515 111.237 411.938 102.203 66.0606 63.3433
internal_count=6102 4174 1928 609 3436 1319 1172 738 2407 1029 512 452
is_linear=0
shrinkage=0.04


Tree=39
num_leaves=15
num_cat=0
split_feature=169 174 117 40 121 68 107 11 87 169 79 44 132 79
split_gain=31.4986 13.2223 9.50471 8.04326 7.54816 7.36205 6.31484 5.81968 5.2323 4.8103 4.65063 4.09157 2.43952 1.41721
threshold=0.34412955465587053 0.80860805860805873 1.0000000180025095e-35 0.76956629088489625 1.5000000000000002 26.8186173853525 0.039074932023397853 -1.0000000180025095e-35 0.69397993311036799 0.15894736842105264 0.58477011494252884 -25.453570512097368 523.85294117647072 0.26491228070175443
decision_type=8 8 2 2 2 8 8 2 10 10 8 10 10 10
left_child=4 3 5 6 7 -3 -2 9 -9 -1 -4 -6 -5 -13
right_child=1 2 10 12 11 -7 -8 8 -10 -11 -12 13 -14 -15
leaf_value=-0.016663685958580837 -0.0095884780032223817 -0.0042498913797784548 0.015021210451392051 0.02878752015671826 0.021446062950664677 0.012720765436724015 0.0066292138641906948 0.00095011535769365092 -0.016244150864227664 0.0077975577678485279 0.040877672638007893 -0.012102213586721113 0.0058735187267469589 0.004290733309027097
leaf_weight=17.896676976233721 122.29135449230671 53.465599980205297 24.639222010970116 14.473722480237486 15.691724006086586 165.40937416628003 54.821949996054173 31.976025771349669 226.2715205065906 39.282912030816078 23.240550018846989 13.856292542070149 16.078700311481953 18.465149533003569
leaf_count=181 928 274 204 80 100 1216 310 169 1479 346 105 214 223 273
internal_value=-0.000467934 0.00631242 0.0121881 -0.00124773 -0.00931726 0.00856569 -0.00454835 -0.0115644 -0.014112 0 0.0281922 0.00533933 0.0173604 -0.00282924
internal_weight=837.861 474.42 266.755 207.666 363.44 218.875 177.113 315.427 258.248 57.1796 47.8798 48.0132 30.5524 32.3214
internal_count=6102 3340 1799 1541 2762 1490 1238 2175 1648 527 309 587 303 487
is_linear=0
shrinkage=0.04


Tree=40
num_leaves=14
num_cat=0
split_feature=171 133 178 145 168 172 167 40 53 172 43 75 108
split_gain=43.6909 9.18713 8.721 6.96733 7.26405 5.33186 4.68238 5.19934 4.54786 5.03613 3.96134 2.91498 1.17192
threshold=0.3257575757575758 2.0287973374863624 0.18898809523809526 1.1028688356448144 -0.03733798719029665 0.27386363636363642 -0.037093065338232777 0.082919682365767439 -0.16645353793691384 0.16064516129032261 -0.00091458193580172271 2.5000000000000004 0.0091895088553428667
decision_type=8 8 10 8 2 10 2 2 8 10 2 2 8
left_child=2 10 8 5 -5 -3 7 -4 9 -1 -2 -10 -8
right_child=1 3 6 4 -6 -7 12 -9 11 -11 -12 -13 -14
leaf_value=-0.010451150188192848 0.01418555245307725 0.007042951840931201 0.032090177782362186 -0.004821688657337949 0.016291801382306303 -0.012537230354313178 -0.01756788827635232 -0.0041608201906021139 -0.012268996188795083 0.017927755650069013 0.036747255604950659 -0.02218160663327479 0.0009707778789682797
leaf_weight=31.561923332512379 28.065701983869076 48.442413225769997 14.054782036691906 31.814017780125141 131.31575824692845 39.427920766174793 9.9234472028911096 10.415825732052324 145.97272120416164 13.432926084846256 25.636611439287663 76.217342995107174 10.318893417716028
leaf_count=325 236 571 203 332 703 556 143 170 1078 139 229 1279 138
internal_value=-0.000179614 0.0105722 -0.01069 0.00728892 0.0121577 -0.0017625 0.00552792 0.017024 -0.013422 -0.00172975 0.0254676 -0.0157624 -0.00842251
internal_weight=616.6 304.702 311.898 251 163.13 87.8703 44.7129 24.4706 267.185 44.9948 53.7023 222.19 20.2423
internal_count=6102 2627 3475 2162 1035 1127 654 373 2821 464 465 2357 281
is_linear=0
shrinkage=0.04


Tree=41
num_leaves=15
num_cat=0
split_feature=173 174 90 131 90 131 132 50 132 174 6 2 178 159
split_gain=21.8558 12.7701 11.2893 8.81581 7.78515 7.44034 6.60558 6.4417 4.9622 3.88243 3.34015 3.28773 2.66155 2.30975
threshold=0.7231800766283526 0.85960591133004927 186.50000000000003 652.83333333333337 186.50000000000003 398.57500000000005 725.46875000000011 -6.4999999999999991 661.5100000000001 0.77598566308243744 0.14354395604395612 -3.8603696098562632 0.80625000000000013 -0.2803565419810426
decision_type=8 8 10 8 8 8 10 8 8 8 8 10 8 2
left_child=3 5 11 9 -5 12 -6 -7 -4 13 -11 -3 -2 -1
right_child=1 2 8 4 6 7 -8 -9 -10 10 -12 -13 -14 -15
leaf_value=-0.0011470129312089394 -0.020520994345502995 -0.03273276197760995 -0.011493347743559246 0.02930559184221123 0.0047401561102420851 0.016980293157526156 0.022206296751709598 0.0010808351057565741 0.0016028372579211959 0.0057872944520844551 -0.016821744282057537 -0.015691696713395039 -2.7844717777806142e-05 0.020293548455123753
leaf_weight=16.798254653811458 29.537274539470673 30.701690100133419 86.410461254417896 41.660045079886913 117.72422541677952 47.350032299757004 48.830372080206871 263.48480771481991 97.475417353212833 14.958059474825857 30.126919947564602 53.89072972536087 15.478176631033419 13.965205654501913
leaf_count=161 239 116 837 130 725 362 425 1737 576 201 167 196 111 119
internal_value=0.000555823 -0.00362699 -0.0101968 0.00973653 0.0139737 0.00133879 0.00997477 0.00355593 -0.0045693 -0.00189949 -0.00931443 -0.0222101 -0.0136718 0.00885553
internal_weight=908.392 624.329 268.478 284.063 208.215 355.85 166.555 310.835 183.886 75.8484 45.085 84.5924 45.0155 30.7635
internal_count=6102 4174 1725 1928 1280 2449 1150 2099 1413 648 368 312 350 280
is_linear=0
shrinkage=0.04


Tree=42
num_leaves=15
num_cat=0
split_feature=169 68 82 52 161 169 119 161 169 164 49 87 13 88
split_gain=29.2277 8.49144 8.34054 8.30131 6.73943 6.8834 6.09539 5.91226 4.78465 4.50136 3.78305 3.51064 3.31331 2.15086
threshold=0.34412955465587053 27.995893223819305 0.22401433691756276 -0.084717475506949233 -0.1481301306290532 0.22401433691756276 0.44949494949494956 0.16960123214379155 0.50925925925925941 0.11346220669916636 1.5000000000000002 0.87026647966339421 1.0000000180025095e-35 0.83891891891891901
decision_type=8 8 8 10 2 10 8 2 8 2 10 10 2 10
left_child=3 8 11 4 -1 -6 -4 9 13 -5 -10 -3 -9 -2
right_child=1 2 6 7 5 -7 -8 12 10 -11 -12 -13 -14 -15
leaf_value=-0.014130663639580623 -0.00070417496577951909 0.0098535479749404832 -0.0012139614674927714 -0.017527779192135311 -0.0052636176204118477 0.018159406372293508 0.018314527233786609 -0.009132295557547963 -0.0012004806619779957 0.0033146210948858472 0.017325058126256558 -0.0028698088204766716 0.014071079728730141 -0.015588682297580099
leaf_weight=36.330615695565939 25.66828390955925 57.201344680041075 30.157799176871777 191.32305223867297 39.301554065197706 39.110601797699928 156.59170088171959 20.706714350730181 56.107918091118336 17.652413871139288 24.532357014715672 84.773482047021389 16.998608142137527 39.908155780285597
leaf_count=336 152 600 238 1333 249 254 799 259 276 163 134 898 168 243
internal_value=-0.000449455 0.00606596 0.0096254 -0.00900989 -9.72296e-05 0.00647574 0.0151606 -0.0131304 -0.00193382 -0.0157503 0.00455403 0.00227548 0.00137004 -0.00989064
internal_weight=836.365 474.941 328.724 361.424 114.743 78.4122 186.75 246.681 146.217 208.975 80.6403 141.975 37.7053 65.5764
internal_count=6102 3340 2535 2762 839 503 1037 1923 805 1496 410 1498 427 395
is_linear=0
shrinkage=0.04


Tree=43
num_leaves=13
num_cat=0
split_feature=54 160 133 58 59 158 107 107 54 20 166 89
split_gain=33.0857 10.8799 9.30492 7.20691 9.32831 5.31585 5.12749 5.04344 4.6304 3.95938 1.89087 1.27762
threshold=0.071428571428571452 -0.23729933051706437 1.7353705031744682 450.00000000000006 -1.4999999999999998 0.51879977773654185 -0.073546522093387787 -0.017656418935698023 -0.18148880105401841 0.36853675231898103 0.086103461198341905 1734.5000000000002
decision_type=8 2 8 8 10 2 10 8 10 10 2 10
left_child=2 9 -1 7 -5 6 -4 -3 -7 10 -2 -11
right_child=1 3 5 4 -6 8 -8 -9 -10 11 -12 -13
leaf_value=0.016971762399455147 -0.013535720688816406 0.0045517821136316803 -0.0026220861861388852 -0.0064128115303755126 0.020499635307272862 -0.01058420257579216 -0.016134712288379181 0.023954892456193387 0.014085350415684029 0.015220815415453398 0.0041132945218254084 -0.0028920209472074903
leaf_weight=19.724629137665033 40.487337257713079 27.933229107409716 59.223755240440369 48.627276707440615 34.255187496542931 23.672044202685356 196.33657291159034 104.18829592689872 23.006049558520317 17.555942654609684 11.961088392883537 8.7078641690313798
leaf_count=213 473 205 352 250 262 390 2256 678 385 323 150 165
internal_value=-0.000173663 0.00951442 -0.00902006 0.0141569 0.004798 -0.0107733 -0.0130335 0.0199327 0.00157304 -0.00315995 -0.00947171 0.00925627
internal_weight=615.679 293.716 321.963 215.004 82.8825 302.238 255.56 132.122 46.6781 78.7122 52.4484 26.2638
internal_count=6102 2506 3596 1395 512 3383 2608 883 775 1111 623 488
is_linear=0
shrinkage=0.04


Tree=44
num_leaves=14
num_cat=0
split_feature=173 170 131 107 90 131 134 131 90 107 63 174 139
split_gain=20.2765 13.9077 8.26067 7.67658 7.36029 6.71732 5.77883 5.64536 5.63986 4.53248 4.42189 3.03737 2.61509
threshold=0.7231800766283526 0.62731481481481499 652.83333333333337 0.015414448939039207 197.50000000000003 511.78671328671334 3.5171545452791233 753.77500000000009 179.50000000000003 -0.00078056703125772831 321.08653987183425 0.69782608695652182 1.0741459287257253
decision_type=8 8 8 8 8 10 10 10 10 10 2 8 10
left_child=2 3 10 7 -4 9 -6 -2 -5 -3 11 -1 -7
right_child=1 5 4 8 6 12 -8 -9 -10 -11 -12 -13 -14
leaf_value=0.018837412465981689 0.001304128297321727 -0.030219654323569982 0.027673021139999296 -0.014665670426094429 0.0038783223935272022 0.009554833697259792 0.019734477104164174 0.016524404245204957 -0.0017126453301628001 -0.008718965916039224 -0.016521281156099538 -0.0017259969239807234 -0.011496137532762896
leaf_weight=15.236100301146505 210.20995143800974 48.829850651323795 45.051397703588009 76.174062266945839 107.41652724146843 16.080384586006403 55.802535019814968 47.03767916560173 179.98326332122087 24.882745206356049 22.194975554943085 38.375388644635677 20.06825152784586
leaf_count=160 1457 224 143 257 641 167 496 436 1286 148 104 384 199
internal_value=0.000534437 -0.00350018 0.00937465 -0.000720309 0.0134745 -0.0163494 0.00939868 0.00414811 -0.00561434 -0.0232024 -0.00189211 0.00431932 -0.00207284
internal_weight=907.343 623.266 284.077 513.405 208.27 109.861 163.219 257.248 256.157 73.7126 75.8065 53.6115 36.1486
internal_count=6102 4174 1928 3436 1280 738 1137 1893 1543 372 648 544 366
is_linear=0
shrinkage=0.04


Tree=45
num_leaves=15
num_cat=0
split_feature=169 117 68 52 150 41 161 169 161 169 161 179 173 68
split_gain=27.2725 8.62359 8.15203 7.86122 7.10772 6.41977 6.38047 6.44898 5.29956 3.81766 3.76499 2.41881 2.24757 2.07594
threshold=0.34412955465587053 1.0000000180025095e-35 29.433264887063661 -0.084717475506949233 0.30217391304347835 -0.29423015067287184 -0.1481301306290532 0.22401433691756276 -0.03782471032027878 0.50925925925925941 -0.071277069197040785 0.37980769230769235 0.91287878787878796 30.396988364134156
decision_type=8 2 8 10 8 2 2 10 2 8 2 10 10 10
left_child=3 2 9 6 -4 8 13 -8 -5 -2 -3 -7 -12 -1
right_child=1 10 4 5 -6 11 7 -9 -10 -11 12 -13 -14 -15
leaf_value=-0.020548111096060705 -0.0088609943589718111 0.0033924005747763379 0.001862633110300903 -0.011709494672270115 0.016065058590499341 -0.017869536968222383 -0.0050883983197672943 0.017568218558364396 0.012257062258223697 0.0026662860092710036 0.014000195938117506 -0.0025480345227111723 0.032720426932489798 -0.00034877512916119428
leaf_weight=23.53946915641427 83.610743917524815 18.385777726769447 117.71874781697989 32.211066205054522 108.37378970906138 168.15946667268872 39.193149730563164 39.323585193604231 25.556709337979555 99.522863179445267 21.047907263040543 19.012358713895082 26.739958293735981 12.539113014936445
leaf_count=188 535 137 1271 290 551 1207 249 254 218 561 128 208 157 148
internal_value=-0.000430204 0.00584932 0.0036529 -0.00873213 0.00871991 -0.012764 -6.11361e-05 0.00631181 -0.00104441 -0.00260524 0.0191459 -0.0163457 0.0249722 -0.0137805
internal_weight=834.935 475.4 409.226 359.535 226.093 244.94 114.595 78.5167 57.7678 183.134 66.1736 187.172 47.7879 36.0786
internal_count=6102 3340 2918 2762 1822 1923 839 503 508 1096 422 1415 285 336
is_linear=0
shrinkage=0.04


Tree=46
num_leaves=12
num_cat=0
split_feature=171 178 133 180 89 107 79 167 43 168 53
split_gain=39.087 8.30403 8.15736 6.0878 6.12543 4.82306 4.71804 6.18076 3.65103 3.28092 3.22793
threshold=0.3257575757575758 0.18898809523809526 2.0287973374863624 0.5634920634920636 855.50000000000011 -0.043242241924363205 0.35504201680672276 -0.037093065338232777 -0.00091458193580172271 -0.016253046061628616 -0.14987922705314005
decision_type=8 10 8 10 8 10 10 2 2 2 8
left_child=1 5 8 4 -4 9 7 -3 -2 -1 -7
right_child=2 6 3 -5 -6 10 -8 -9 -10 -11 -12
leaf_value=-0.020449774516654719 0.013043698928026471 0.029447292590041634 0.010076843188052765 0.030261609236459298 -0.0031423823169650618 -0.0051481938619135194 -0.014392460509567074 -0.0049046876118572684 0.034447092830606055 -0.00014661405643350863 -0.018942608268293606
leaf_weight=15.135003525763748 28.495134983211756 17.062425583600998 148.29460570588708 15.609060227870939 88.914738517254591 34.657886028289795 12.552462719380854 15.014418557286261 26.265038214623928 61.468517825007439 151.35707851871848
leaf_count=203 236 259 898 159 1105 392 187 208 229 398 1828
internal_value=-0.000168918 -0.0102464 0.00989186 0.00679418 0.00512101 -0.0129533 0.00557296 0.0136453 0.0237791 -0.00439562 -0.0164244
internal_weight=614.826 307.248 307.579 252.818 237.209 262.618 44.6293 32.0768 54.7602 76.6035 186.015
internal_count=6102 3475 2627 2162 2003 2821 654 467 465 601 2220
is_linear=0
shrinkage=0.04


Tree=47
num_leaves=14
num_cat=0
split_feature=173 53 132 68 53 176 1 132 49 90 137 111 169
split_gain=18.7143 13.7587 7.41156 9.64091 6.53139 4.76247 5.3812 4.64191 4.54445 3.64458 3.53233 3.12446 2.6966
threshold=0.7231800766283526 -0.2328282828282828 669.61333333333334 31.990417522245043 -0.13310023310023306 1.0000000180025095e-35 5.5000000000000009 732.28333333333342 -3.4999999999999996 193.50000000000003 0.55947161186948058 1.0000000180025095e-35 0.41801075268817212
decision_type=8 10 10 8 10 10 8 10 8 8 8 2 10
left_child=4 8 3 -3 7 12 -7 9 -2 -1 -10 -4 -6
right_child=1 2 11 -5 5 6 -8 -9 10 -11 -12 -13 -14
leaf_value=0.010456690098630213 0.00069549586643834389 0.0013322726506699353 0.0054271572631012953 -0.012497172196309326 0.027098974097129941 0.014456158970940639 -0.0048131748191628928 0.017596769995250793 -0.010378717371712927 -0.0077432203495013388 -0.025179925799737584 0.022773621234750206 0.010277268859916691
leaf_weight=23.085365168750286 24.67240896821022 256.62635522335768 96.26109965890646 116.37930980324745 47.892737314105034 68.012636691331863 34.11666863411665 21.226760797202587 52.523176923394203 64.290833376348019 56.094864390790462 19.552186287939548 25.439936652779579
leaf_count=70 176 1315 986 850 317 503 178 220 440 463 231 176 177
internal_value=0.000513293 -0.00336871 -0.000248626 -0.0029991 0.00900398 0.0137554 0.00801552 0.00125372 -0.0147091 -0.00284814 -0.0182009 0.00854268 0.021507
internal_weight=906.174 622.109 488.819 373.006 284.065 175.462 102.129 108.603 133.29 87.3762 108.618 115.813 73.3327
internal_count=6102 4174 3327 2165 1928 1175 681 753 847 533 671 1162 494
is_linear=0
shrinkage=0.04


Tree=48
num_leaves=14
num_cat=0
split_feature=171 174 62 36 179 38 82 172 110 41 55 161 140
split_gain=24.0927 10.2918 11.086 7.31335 6.58551 5.5089 7.60613 6.76615 5.22901 4.90106 4.28394 3.96646 3.63337
threshold=0.22401433691756276 0.86515151515151534 1.0000000180025095e-35 0.26578599146068804 0.70714285714285718 0.30680425053608723 0.26393188854489169 0.23904761904761906 1.0000000180025095e-35 -0.31407918584968847 -0.42582417582417581 -0.14540254996384247 4.9573042410063648
decision_type=10 10 10 2 10 2 10 8 2 2 10 2 8
left_child=1 5 12 8 11 7 -7 -1 9 -2 -4 -5 -3
right_child=3 2 10 4 -6 6 -8 -9 -10 -11 -12 -13 -14
leaf_value=-0.0014834450695943753 0.0022232349596984714 0.018716554989728053 -0.008450773849380918 -0.012678658193309534 0.026450378923753633 -0.012866716878056236 0.017458075497145207 0.014046229441174223 -0.026442936701934209 -0.011055823141576646 0.012059802577539769 0.0030530545155428301 0.044033266454536493
leaf_weight=92.2739617228508 55.600439451634884 19.999462425708771 19.009160611778498 36.324079871177673 13.769212540239094 62.821322754025459 15.725651245564221 85.719830315560102 27.54175054654479 210.94669214263558 89.314746834337711 80.773495510220528 21.636090993881226
leaf_count=623 518 189 143 360 136 486 125 559 210 1429 639 679 61
internal_value=6.891e-05 0.00702432 0.0153145 -0.0065806 0.00126712 0.00212994 -0.00662719 0.00602099 -0.010072 -0.00828044 0.00839784 -0.00187608 0.0326436
internal_weight=831.456 406.5 149.959 424.956 130.867 256.541 78.547 177.994 294.089 266.547 108.324 117.098 41.6356
internal_count=6157 2825 1032 3332 1175 1793 611 1182 2157 1947 782 1039 250
is_linear=0
shrinkage=0.04


Tree=49
num_leaves=14
num_cat=0
split_feature=171 160 54 20 145 107 54 145 57 133 62 147 62
split_gain=38.9038 11.6505 8.58135 6.98734 5.98044 5.5975 5.14824 3.39969 2.63499 2.56328 2.23427 1.41731 1.34824
threshold=0.23904761904761906 -0.018150476398694781 0.068654384830855453 0.3073420762594738 1.0638821874796951 -0.057700901189143054 -0.049630541871921167 1.3354354190713507 -204.49999999999997 3.4346506278517297 196.15000000000006 29.588144905941522 -191.45988835725674
decision_type=8 2 8 10 8 10 10 10 10 10 8 8 10
left_child=5 3 6 8 -4 10 -3 12 -2 -5 11 -1 -7
right_child=1 2 4 9 -6 7 -8 -9 -10 -11 -12 -13 -14
leaf_value=0.0028021969467294291 -0.014713049855390774 0.0099768271753462225 0.0083975061289661163 0.01898372628565086 0.024202529894259316 -0.0079110009829515895 -0.011648192430518487 0.0055746846681283572 -0.00059877149123549369 -0.0012028349611407291 0.011859259495929397 -0.012998754172441623 -0.018061899359617741
leaf_weight=15.887876469641922 42.834230814129114 48.559106774628162 61.726941645145416 27.195828836411238 109.22508010268211 27.848602194339037 26.306686617434025 11.262782659381626 41.684435602277517 15.195796865969895 15.763094101101158 18.847111061215401 149.62228207290173
leaf_count=183 487 324 469 493 546 360 176 161 531 291 119 96 1921
internal_value=0.000525126 0.00860019 0.0136653 -0.00122517 0.0185893 -0.0120311 0.00229839 -0.0151812 -0.0078637 0.0118406 -0.000152757 -0.00583922 -0.0165335
internal_weight=611.96 372.728 245.818 126.91 170.952 239.232 74.8658 188.734 84.5187 42.3916 50.4981 34.735 177.471
internal_count=6157 3317 1515 1802 1015 2840 500 2442 1018 784 398 279 2281
is_linear=0
shrinkage=0.04


Tree=50
num_leaves=14
num_cat=0
split_feature=132 86 1 90 38 131 86 145 145 67 162 180 131
split_gain=16.0312 14.7829 9.08566 7.70786 5.0495 5.748 5.08502 4.72732 4.19606 3.28112 2.90699 1.9868 1.20162
threshold=562.06250000000011 4.5000000000000009 1.0000000180025095e-35 530.00000000000011 0.37218849274134941 592.06250000000011 15.500000000000002 1.0278079442810812 0.79428875733074189 27.921971252566738 0.50145511943684251 0.40588235294117653 474.12500000000006
decision_type=10 10 8 10 2 10 10 10 10 8 2 8 10
left_child=1 9 3 -3 5 6 -2 -4 10 -1 -6 -7 -10
right_child=4 2 7 -5 8 11 -8 -9 12 -11 -12 -13 -14
leaf_value=-0.010071491768271965 -0.0081494160397239095 0.0093420272435668535 -0.0039967234728045383 -0.0067770944515041032 0.020787815832113404 0.014281993557971367 0.01050398425322565 -0.01676824465922775 -0.010031981838540753 -0.027893641420413978 0.0019183517331006425 0.00014801229316370866 0.0056796677919926401
leaf_weight=29.320805035531521 85.346217215061188 147.61357793956995 227.84454481303692 68.744785346090794 73.904824517667294 60.738051496446133 31.051447995007038 57.835784882307053 9.5250719487667066 44.320453867316246 16.373175799846649 21.854035556316376 28.725106686353683
leaf_count=114 595 549 1044 676 615 816 229 330 130 213 165 294 387
internal_value=-0.00042164 -0.00444102 -0.0019631 0.00420359 0.00662916 0.00260074 -0.00310912 -0.00663876 0.0127824 -0.0210544 0.017446 0.0106125 0.00156028
internal_weight=903.198 575.68 502.039 216.358 327.518 198.99 116.398 285.68 128.528 73.6413 90.278 82.5921 38.2502
internal_count=6157 2926 2599 1225 3231 1934 824 1374 1297 327 780 1110 517
is_linear=0
shrinkage=0.04


Tree=51
num_leaves=14
num_cat=0
split_feature=169 169 177 179 50 144 160 68 38 41 55 83 150
split_gain=26.5326 8.83403 8.65804 6.48427 6.38438 4.6699 3.99077 3.84285 3.63615 3.55301 2.65252 2.47572 2.84919
threshold=0.34412955465587053 0.70185185185185195 0.30217391304347835 0.15587044534412958 4.5000000000000009 0.5929064657878218 -0.5082566555986141 29.652292950034226 -0.4083214371402541 0.25771208303547294 0.12880184331797237 1506.8367327410754 1.0000000180025095e-35
decision_type=8 10 10 8 8 8 2 8 2 2 10 2 8
left_child=2 4 6 -3 7 -6 9 -2 -8 -1 -5 -4 -13
right_child=1 3 11 10 5 -7 8 -9 -10 -11 -12 12 -14
leaf_value=0.0070495276197304179 -0.0044566075482652991 -0.0029159670258181768 -0.0094610056988144141 0.028057705107521352 -0.0056195363205085291 0.017668210621679031 -0.026492676251777689 0.0047118926010155287 -0.011639835919599818 -0.013878765215529804 0.012393340382742722 -0.0057905208542245847 0.013097506629317066
leaf_weight=31.010770842432976 131.91750479862094 20.83352880179882 16.782677423208952 46.751258827745914 16.585289418697357 67.482119347900152 30.98236545547843 161.53007975965738 194.22788913920522 20.80718432366848 32.202343195676804 17.356354344636202 41.84951550886035
leaf_count=368 805 200 157 281 148 427 242 1285 1182 210 209 267 376
internal_value=6.75832e-05 0.00621409 -0.00823133 0.0167443 0.0033885 0.0130383 -0.011505 0.000582321 -0.0138001 -0.0014199 0.0219287 0.00367181 0.007523
internal_weight=830.319 477.302 353.017 99.7871 377.515 84.0674 277.028 293.448 225.21 51.818 78.9536 75.9885 59.2059
internal_count=6157 3355 2802 690 2665 575 2002 2090 1424 578 490 800 643
is_linear=0
shrinkage=0.04


Tree=52
num_leaves=11
num_cat=0
split_feature=145 133 145 39 57 87 90 30 178 157
split_gain=22.0197 12.6118 12.2504 9.6958 4.53615 4.36139 4.30086 4.16832 2.22406 2.51601
threshold=1.0965858788143557 1.1568453069137867 0.36657551518100812 0.016293949467044721 106.50000000000001 0.91485507246376818 119.50000000000001 -0.11730306157550738 0.17156862745098042 0.23148541636353279
decision_type=10 8 8 2 8 10 8 10 8 2
left_child=1 -1 6 -4 8 7 -3 -6 -2 -10
right_child=4 2 3 -5 5 -7 -8 -9 9 -11
leaf_value=0.033606080978453613 -0.0083050123918264503 -0.026833141280865027 0.0056606890119502897 -0.0090383135002663206 0.036704779490562715 0.0043125253743825417 -0.009875880149056767 0.0096237750214483407 0.00066631278634813956 0.019927430345436554
leaf_weight=13.458713363856075 10.784283068031071 28.882887329906225 200.34782702475786 110.57881720736623 33.578658349812031 15.444638982415198 140.94944122806191 13.850708227604626 20.052313625812531 23.424925997853279
leaf_count=107 167 149 1369 920 203 164 2265 252 242 319
internal_value=0.000495435 -0.00320373 -0.00430598 0.000414466 0.0160149 0.0232808 -0.0129117 0.0291997 0.00729051 0.0113036
internal_weight=611.353 494.218 480.759 310.927 117.136 62.874 169.832 47.4294 54.2615 43.4772
internal_count=6157 4810 4703 2289 1347 619 2414 455 728 561
is_linear=0
shrinkage=0.04


Tree=53
num_leaves=15
num_cat=0
split_feature=173 170 130 62 2 62 131 163 131 99 90 54 173 68
split_gain=16.0747 10.0903 7.67342 7.89235 6.74087 5.60842 4.92532 4.91615 4.26366 3.79742 3.34926 3.21824 3.15784 2.47727
threshold=0.89181286549707617 0.46410256410256417 0.18350168350168353 182.50010683760689 1.7371663244353199 -56.989285714285721 566.06666666666672 -0.33525102572415294 780.12878787878799 1.0000000180025095e-35 371.50000000000006 0.26681749622926104 0.9553571428571429 26.8186173853525
decision_type=8 8 8 8 8 8 10 2 10 2 10 8 10 8
left_child=2 5 9 4 -4 7 12 -2 -5 11 -8 -1 -3 -7
right_child=1 6 3 8 -6 13 10 -9 -10 -11 -12 -13 -14 -15
leaf_value=0.009383281906013119 -0.0088913722653695456 -0.031815883695483015 -0.00075462148002872946 -0.012787370620221391 0.012191851361243905 0.0017357579991654412 -0.016414036101764638 0.0090733752178802952 0.0056058064517973353 0.022498702083236136 0.0074750022273582387 -0.0074239558040705735 -0.015392064587121434 -0.014773087783834691
leaf_weight=148.01092315465212 33.897251799702644 31.82774331793189 181.45353297889233 87.970006056129932 98.396149970591068 19.229761943221092 16.821557022631168 79.771820098161697 25.271463394165039 31.22660830616951 18.843555465340614 19.881306052207947 55.570555221289396 53.955261327326298
leaf_count=1481 338 164 1038 451 467 94 68 449 167 323 242 210 304 361
internal_value=-0.000400347 -0.00776904 0.00345909 0.000207363 0.00381749 -0.00187463 -0.0166155 0.00366785 -0.00865202 0.00983539 -0.00387816 0.007349 -0.021688 -0.0104434
internal_weight=902.127 309.918 592.21 393.091 279.85 186.854 123.063 113.669 113.241 199.119 35.6651 167.892 87.3983 73.185
internal_count=6157 2020 4137 2123 1505 1242 778 787 618 2014 310 1691 468 455
is_linear=0
shrinkage=0.04


Tree=54
num_leaves=15
num_cat=0
split_feature=169 174 177 169 175 82 161 52 144 160 146 68 47 71
split_gain=24.932 9.80376 8.21226 8.19682 6.75616 4.04256 5.60147 3.91224 3.40932 3.33418 3.18122 2.17755 3.2142 3.07043
threshold=0.34412955465587053 0.85960591133004927 0.30217391304347835 0.70185185185185195 2.5000000000000004 0.30217391304347835 0.53552770085177737 -0.19954751131221712 0.85037313432835837 -0.5082566555986141 1.2861736516816265 28.825462012320333 -28.471176155936515 11.500000000000002
decision_type=8 8 10 10 8 10 2 10 8 2 8 10 10 10
left_child=2 5 7 4 -3 6 -2 -1 -7 -9 -5 13 -13 -4
right_child=1 3 11 10 -6 8 -8 9 -10 -11 -12 12 -14 -15
leaf_value=0.0012418358333838302 -0.0042050043477315563 0.0051167661596229494 -0.016879560492849381 0.015465058508587747 0.03016760321528052 0.0031561678933057203 0.011543185083088898 -0.0032370716017351537 0.027436892967522577 -0.015312313712390731 0.037637382860493444 0.022738490018728706 0.00089934256852144793 0.0078059814205673154
leaf_weight=34.79275706037879 184.4344232454896 145.5572855360806 15.13431476056576 22.997189164161682 18.721490494906902 24.491817701607943 43.864689089357853 46.331314865499735 14.402958966791628 194.3334774710238 23.178326696157455 16.248435366898775 29.541479855775833 15.130419265478848
leaf_count=211 1193 946 114 199 131 230 452 529 108 1262 96 94 447 145
internal_value=6.34114e-05 0.00601104 -0.0080069 0.012447 0.00814896 0.000906787 -0.00113333 -0.0112125 0.0126599 -0.013019 0.027199 0.00357207 0.009012 -0.00461947
internal_weight=829.16 477.648 351.512 210.454 164.279 267.194 228.299 275.458 38.8948 240.665 46.1755 76.0546 45.7899 30.2647
internal_count=6157 3355 2802 1372 1077 1983 1645 2002 338 1791 295 800 541 259
is_linear=0
shrinkage=0.04


Tree=55
num_leaves=14
num_cat=0
split_feature=53 160 133 145 178 145 180 36 180 180 174 69 128
split_gain=21.5235 12.9568 10.5256 9.86573 9.42258 5.40469 4.65184 3.90616 3.68192 2.98438 1.92153 2.24495 1.17072
threshold=0.023809523809523826 -0.05710673331708551 1.2001318971202466 0.37101946548928838 0.38675213675213682 0.27502613215554234 0.34523809523809529 -0.19763389656850772 0.15587044534412958 0.18465909090909094 0.69397993311036799 48.500000000000007 1.0000000180025095e-35
decision_type=10 2 8 8 10 8 10 2 8 8 10 8 2
left_child=1 4 -3 -4 8 10 7 -7 -1 -6 11 -2 -12
right_child=5 2 3 -5 9 6 -8 -9 -10 -11 12 -13 -14
leaf_value=-0.017410570891559399 -0.018383088976703054 0.040311031681372643 -0.0051519031103935695 0.014548116976365037 0.0027842217118097729 -0.016919778853035885 0.013702438831940196 -0.002635600410258438 -0.0013818576809413196 0.031903737765533999 -0.023190130313332419 0.0035565832769960167 -0.0061990939996409648
leaf_weight=47.321770057082176 13.789900667965414 18.82921539619565 53.30641908198595 163.29481082782149 10.863644346594812 41.130869593471289 19.674790687859058 115.78162877261639 44.5462576597929 11.587265122681854 47.63210242241621 14.269111227244137 8.9054977484047395
leaf_count=686 234 88 468 966 195 454 236 996 579 198 649 196 212
internal_value=0.000473893 0.00695682 0.0123069 0.00968928 -0.00405516 -0.00819313 -0.00415198 -0.00647596 -0.00975845 0.0186181 -0.0164582 -0.00741863 -0.0207028
internal_weight=610.933 349.749 235.43 216.601 114.319 261.184 176.587 156.912 91.868 22.4509 84.5966 28.059 56.5376
internal_count=6157 3180 1522 1434 1658 2977 1686 1450 1265 393 1291 430 861
is_linear=0
shrinkage=0.04


Tree=56
num_leaves=8
num_cat=0
split_feature=86 109 140 1 2 86 55
split_gain=14.3035 7.82648 7.80702 7.36313 6.83557 5.33379 3.30526
threshold=4.5000000000000009 1.0000000180025095e-35 5.175994828833745 14.000000000000002 1.7371663244353199 14.500000000000002 -0.14339826839826839
decision_type=10 2 8 8 8 10 10
left_child=2 3 6 4 -2 -5 -1
right_child=1 -3 -4 5 -6 -7 -8
leaf_value=0.014253952355864132 -0.00042221591503752197 0.021102412999267097 -0.024416715568466665 -0.012161957188765709 0.0084998036061767184 0.004032160323832825 -0.010244554712845841
leaf_weight=13.810852993279694 426.00702863186598 29.758149825036526 56.223177462816238 107.20282942056656 201.47094475477934 45.725614041090012 20.741883091628551
leaf_count=128 3215 228 183 529 1438 248 188
internal_value=-0.000382101 0.00130947 -0.0153507 0.00052613 0.00244825 -0.00731218 -0.00027066
internal_weight=900.94 810.165 90.7759 780.406 627.478 152.928 34.5527
internal_count=6157 5658 499 5430 4653 777 316
is_linear=0
shrinkage=0.04


Tree=57
num_leaves=14
num_cat=0
split_feature=169 169 49 161 179 62 135 132 86 2 134 55 135
split_gain=23.4087 7.87138 6.73434 6.23955 5.8921 5.21212 4.26594 5.75732 4.10111 3.92236 3.62679 2.30481 1.44168
threshold=0.34412955465587053 0.70185185185185195 11.500000000000002 0.035215004741513289 0.15587044534412958 -161.92261904761904 3.5828270115075109 550.32500000000016 19.500000000000004 -2.8733744010951408 4.0374335732359965 0.12880184331797237 2.0448582728659548
decision_type=8 10 8 2 8 8 8 10 10 8 10 10 10
left_child=3 2 5 8 -3 -2 9 -8 10 -5 -1 -6 -10
right_child=1 4 -4 6 11 -7 7 -9 12 -11 -12 -13 -14
leaf_value=-0.0060504069097009122 -0.0081200675054937336 -0.0029947200979079181 0.01928431963787049 0.013312937963170283 0.026383827367877758 0.0039321344397502053 0.033959888765542699 -0.0034442011960133996 -0.027580901061628624 -0.011268794825128377 -0.019810711135367167 0.011776602061135129 -0.011932384683911579
leaf_weight=194.44278796389699 71.820767775177956 20.827330745756626 36.336358703672886 13.515000417828558 46.896698281168938 269.76786218211055 12.359170861542227 12.481981039047239 26.42452634871006 35.535463366657495 36.102180752903223 32.3016262575984 19.110973510891199
leaf_count=1240 546 200 229 169 281 1890 89 183 134 374 402 209 211
internal_value=6.36703e-05 0.00581668 0.00314942 -0.0077816 0.0157436 0.00137595 0.00249384 0.015682 -0.0105381 -0.0043251 -0.00829009 0.0206722 -0.0214538
internal_weight=827.923 477.951 377.925 349.972 100.026 341.589 73.8916 24.8412 276.08 49.0505 230.545 79.1983 45.5355
internal_count=6157 3355 2665 2802 690 2436 815 272 1987 543 1642 490 345
is_linear=0
shrinkage=0.04


Tree=58
num_leaves=15
num_cat=0
split_feature=54 160 145 145 73 86 107 133 151 148 172 42 81 123
split_gain=27.5716 11.2015 7.33497 6.34908 9.68879 6.40953 6.15467 5.61207 2.94776 2.84821 2.79989 2.50734 2.31075 1.74527
threshold=0.068654384830855453 -0.038139303558855149 0.66477903260360749 1.0638821874796951 102.50000000000001 16.500000000000004 -0.073546522093387787 2.9928399323296708 0.45804195804195807 4.6167544366990354 0.30368906455862982 0.062152147421177244 0.81666666666666676 1.0000000180025095e-35
decision_type=8 2 10 8 10 8 10 8 8 10 10 2 8 2
left_child=2 7 6 4 -3 -5 12 13 10 -9 -4 -8 -1 -2
right_child=1 3 8 5 -6 -7 11 9 -10 -11 -12 -13 -14 -15
leaf_value=-0.0097697645332762151 -0.00045967657795526379 0.030537851811816414 -0.015563438994819209 0.024630920230357477 -0.0023798990584753261 0.0019570316568622514 -0.016410501686218763 -0.021530424055241394 0.022042538675010812 -0.0031449800339800322 0.0048817864812462841 -0.0041644598416136222 0.0074000267223070159 0.020346506120193442
leaf_weight=18.734314974397421 9.6224828287959117 17.6950463950634 13.073637980967758 98.800564676523209 60.064471699297428 25.402999673038721 159.34435047581792 17.720763318240643 10.706574115902184 51.073973212391138 43.935921791940928 33.647265993058681 33.325307600200176 17.253981582820415
leaf_count=190 181 105 205 467 512 148 1836 213 145 652 580 482 143 298
internal_value=0.000449919 0.00915205 -0.00782756 0.0144727 0.00537813 0.0200621 -0.01104 -0.00209282 0.00376005 -0.00815015 0 -0.0143182 0.00111589 0.0130763
internal_weight=610.402 297.634 312.767 201.963 77.7595 124.204 245.051 95.6712 67.7161 68.7947 57.0096 192.992 52.0596 26.8765
internal_count=6157 2576 3581 1232 617 615 2651 1344 930 865 785 2318 333 479
is_linear=0
shrinkage=0.04


Tree=59
num_leaves=12
num_cat=0
split_feature=173 174 67 130 41 174 41 86 172 182 141
split_gain=14.4594 7.76792 7.09361 5.39914 5.34408 4.67348 4.35254 5.89222 3.58744 3.43902 2.95418
threshold=0.84807692307692317 0.90692640692640702 24.25735797399042 0.18350168350168353 0.35819708617040658 0.84412955465587058 -0.31407918584968847 14.500000000000002 0.30602006688963218 0.23669467787114848 0.63762626262626265
decision_type=8 8 8 8 2 8 2 10 10 10 8
left_child=2 6 -1 9 8 -5 10 -8 -3 -4 -2
right_child=1 4 3 5 -6 -7 7 -9 -10 -11 -12
leaf_value=-0.011446271757143998 -0.0042232847475502447 -0.023539395722879247 0.017158615183095555 0.0066263150342706478 0.0043666829867420147 -0.0034985104803854452 -0.0031747297601928169 0.012302897431545341 -0.0094329363812689464 0.005193469000893707 -0.021548580126989438
leaf_weight=41.522307246923447 46.746397458016872 61.369654420763254 83.334348775446415 175.82071448117495 22.107391200959682 123.0570759922266 134.95987647771835 54.356747761368752 59.003592744469643 73.984592296183109 23.586165152490139
leaf_count=218 377 355 835 960 188 701 840 399 360 793 131
internal_value=-0.000366164 -0.00600125 0.00418557 0.00563465 -0.013474 0.00245318 -0.00185702 0.0013 -0.016776 0.0116126 -0.010282
internal_weight=899.849 402.13 497.719 456.197 142.481 298.878 259.649 189.317 120.373 157.319 70.3326
internal_count=6157 2650 3507 3289 903 1661 1747 1239 715 1628 508
is_linear=0
shrinkage=0.04


Tree=60
num_leaves=15
num_cat=0
split_feature=171 174 79 55 43 40 53 108 111 39 52 150 14 21
split_gain=21.3777 9.55143 8.36223 7.86042 6.39425 5.56518 4.99383 5.0915 4.17479 3.83098 3.52966 2.64208 2.30228 2.02
threshold=0.22401433691756276 0.83666666666666678 0.23303167420814483 -0.31213235294117642 -0.049833168509827379 0.76956629088489625 0.059523809523809534 -0.058291371911764138 1.0000000180025095e-35 1.0000000180025095e-35 -0.06235047846889951 0.081666666666666679 2.2578308918341183 0.74621212121212133
decision_type=10 8 10 8 2 2 8 10 2 2 10 10 8 8
left_child=1 5 6 -3 -5 9 8 -8 -2 -1 12 -12 -4 -7
right_child=2 3 10 4 -6 13 7 -9 -10 -11 11 -13 -14 -15
leaf_value=-0.0076042803038557849 -0.011087185770301608 -0.0049738790181238623 0.003745404006881883 0.003257960587638927 0.020808517770944897 0.0059856540854912252 -0.014632124348775689 0.0038601456014607837 -0.028257687152367744 0.0042116087432236956 -0.0078031275833471258 0.0091410892853908653 0.026046542731374318 0.027065728078491082
leaf_weight=102.50432769209146 190.54185395315289 34.120774757117033 15.700758967548607 46.836280453950167 119.45018701255322 17.323738679289818 35.346824467182159 68.042666379362345 25.693741831928492 75.164473634213209 39.404104102402925 22.132693268358707 14.189802423119547 13.027954600751402
leaf_count=644 1403 270 235 330 692 245 236 471 191 591 340 328 64 81
internal_value=-0.000329441 0.00614176 -0.00676348 0.0123509 0.0159262 0.000119871 -0.00980984 -0.00252244 -0.0132573 -0.00259867 0.0038557 -0.00162817 0.0148975 0.0156724
internal_weight=819.48 408.428 411.052 200.407 166.286 208.02 319.625 103.389 216.236 177.669 91.4274 61.5368 29.8906 30.3517
internal_count=6121 2853 3268 1292 1022 1561 2301 707 1594 1235 967 668 299 326
is_linear=0
shrinkage=0.04


Tree=61
num_leaves=15
num_cat=0
split_feature=171 171 174 160 54 54 107 180 158 160 71 136 147 165
split_gain=31.5452 12.6067 8.60824 7.22036 7.64243 5.41214 4.99831 4.86683 3.98466 6.18012 3.80747 2.92989 2.46103 1.61977
threshold=0.23904761904761906 0.56639247943595772 0.78759398496240618 -0.22955341857601166 0.25042087542087549 0.037625981730542372 0.01191480426526448 0.5634920634920636 0.51879977773654185 -0.15925209966207024 2.5000000000000004 1.5633809284322855 11.375618693428862 -0.023307004032573939
decision_type=8 10 8 2 10 8 8 8 2 2 10 10 10 2
left_child=5 3 6 11 -5 8 -3 12 13 -10 -4 -2 -7 -1
right_child=1 2 10 4 -6 7 -8 -9 9 -11 -12 -13 -14 -15
leaf_value=-0.022322088116322688 0.012933999904664255 -0.0088197911238917931 0.041081746434707897 0.0034791107764960546 0.021366833519057292 -0.022954176042563872 0.020426235016468852 0.012698021460207463 -0.010939145709582121 0.032779144635871803 0.016169479556993844 -0.0092815528697576671 0.0057827444590697642 -0.013157803384081672
leaf_weight=48.16457000747323 10.029914796352385 17.285615660250187 30.224656067788601 159.73628474026918 49.63042102009058 12.730220269411804 18.201036393642426 25.940759852528572 17.082228619605306 6.2431552931666365 17.66890512034297 68.951028198003769 6.6391844674944869 116.19267270714045
leaf_count=758 136 156 144 1073 329 195 128 182 364 101 217 1074 147 1117
internal_value=0.000702085 0.00793071 0.0215401 0.00392759 0.00781032 -0.0108069 0.00627434 0.00153538 -0.0137895 0.00154655 0.0324507 -0.00630892 -0.0132056 -0.0159742
internal_weight=604.721 371.728 83.3802 288.348 209.367 232.993 35.4867 45.3102 187.683 23.3254 47.8936 78.9809 19.3694 164.357
internal_count=6121 3257 645 2612 1402 2864 284 524 2340 465 361 1210 342 1875
is_linear=0
shrinkage=0.04


Tree=62
num_leaves=14
num_cat=0
split_feature=173 107 54 130 176 119 86 131 53 67 89 58 53
split_gain=20.182 9.92131 8.67852 7.13753 6.08496 5.18958 4.14808 3.7427 3.61861 3.42314 3.2797 2.21905 1.72189
threshold=0.84807692307692317 0.017454691764507761 0.29176634768740034 0.12660256410256412 1.0000000180025095e-35 0.80909090909090919 27.500000000000004 688.55000000000007 -0.13310023310023306 25.575633127994525 162.50000000000003 715.50000000000011 0.10155401873668125
decision_type=8 8 8 8 10 8 10 10 10 10 8 8 8
left_child=2 7 4 12 8 -4 -6 9 -1 -2 -5 -9 -3
right_child=1 3 5 10 6 -7 -8 11 -10 -11 -12 -13 -14
leaf_value=0.0046901573785782984 0.0084483316662446791 -0.0058964910770522919 0.0039824848159153957 -0.0053251426341058249 0.0012131987568845593 -0.021238031688432839 0.018682915138175764 0.0030701553464120858 0.016400586894670072 -0.0064924246363174953 -0.019437238797149481 0.021682751205638166 0.010901782728443639
leaf_weight=65.804871924221516 29.732293628156185 17.994956150650978 22.690444871783257 34.598680421710014 225.32067604362965 28.559246197342873 23.139092586934566 31.243123337626457 125.35455490648746 120.48763565719128 131.22937625646591 14.806076884269713 19.036970928311348
leaf_count=471 148 169 231 115 1551 142 179 303 906 889 691 111 215
internal_value=-0.000171681 -0.00684456 0.00525291 -0.0130252 0.00707453 -0.010171 0.00291654 -0.000412645 0.0124252 -0.00348574 -0.0165544 0.00943078 0.00274599
internal_weight=889.998 399.129 490.869 202.86 439.619 51.2497 248.46 196.269 191.159 150.22 165.828 46.0492 37.0319
internal_count=6121 2641 3480 1190 3107 373 1730 1451 1377 1037 806 414 384
is_linear=0
shrinkage=0.04


Tree=63
num_leaves=13
num_cat=0
split_feature=169 68 79 99 50 145 179 14 169 43 163 163
split_gain=25.4743 7.97439 7.85335 6.19166 6.01858 5.57758 5.49371 5.93546 4.1219 3.89911 2.85236 2.54379
threshold=0.34412955465587053 29.345653661875431 0.24500000000000002 1.0000000180025095e-35 5.5000000000000009 0.074053010948919945 0.40833333333333338 2.6516616316337323 0.57518796992481214 0.065793562111880463 -0.27773700561971199 0.11525912301050593
decision_type=8 8 10 2 10 10 10 8 8 2 2 2
left_child=2 4 6 5 8 -3 11 -8 -2 10 -4 -1
right_child=1 3 9 -5 -6 -7 7 -9 -10 -11 -12 -13
leaf_value=-0.015196399337990819 -0.0093234638081834409 0.016070001126276875 0.0056543120039288606 -0.011350936081039462 0.015733627899036644 0.0036443020253029632 -0.013482439606632687 0.01697939144150452 0.0031661722246038651 0.020151726927729798 -0.012056089718395099 0.00059689351559854512
leaf_weight=215.47826494649053 88.190280620008707 166.13927709311247 33.326832853257656 19.163917630910873 30.11200637370348 90.168896812945604 18.980386760085821 19.963608410209417 79.33398474380374 15.527907758951185 24.2168338149786 17.305120587348938
leaf_count=1448 561 1021 360 171 174 994 302 79 436 176 235 164
internal_value=-0.000316843 0.00570247 -0.00857451 0.0100889 -0.000421405 0.0117376 -0.0116974 0.00211709 -0.00341322 0.00301255 -0.00184344 -0.0140162
internal_weight=817.907 473.108 344.799 275.472 197.636 256.308 271.727 38.944 167.524 73.0716 57.5437 232.783
internal_count=6121 3357 2764 2186 1171 2015 1993 381 997 771 595 1612
is_linear=0
shrinkage=0.04


Tree=64
num_leaves=15
num_cat=0
split_feature=171 171 174 144 54 54 180 57 108 160 43 147 103 24
split_gain=29.3693 11.6232 7.96306 7.56033 6.82526 5.19109 4.61801 3.91721 3.31267 3.04733 3.89857 2.38658 1.56401 0.987504
threshold=0.23904761904761906 0.56639247943595772 0.78759398496240618 0.83503401360544227 0.24893162393162394 0.037625981730542372 0.5634920634920636 -498.99999999999994 -0.011456471867859362 1.0000000180025095e-35 -0.11256338700520777 11.375618693428862 1.0000000180025095e-35 -154.49999999999997
decision_type=8 10 8 10 10 8 8 10 10 2 2 10 2 10
left_child=5 3 7 4 -2 9 11 -3 -4 12 -11 -7 -1 -5
right_child=1 2 8 13 -6 6 -8 -9 -10 10 -12 -13 -14 -15
leaf_value=-0.0082640549500478042 0.0018698877144237209 -0.0087424783598624208 0.018652323027661934 -0.026727261271804199 0.016509625224285347 -0.022663601866018315 0.012343971172787571 0.017270670870388364 0.041103755135177139 -0.021531016616278004 0.0046780244899513948 0.0056911151111907659 -0.018513141934614587 -0.0088103981445848186
leaf_weight=34.44193010032177 198.68092508614063 15.585180047899483 23.266602519899607 10.460612062364818 67.867527723312378 12.513483647257091 26.104666657745838 20.059761919081211 25.306098699569702 12.21385061368346 28.008134987205267 6.6530901975929728 110.7056821398437 12.062448266893623
leaf_count=384 1743 132 165 74 556 195 182 152 196 213 417 147 1326 239
internal_value=0.000667409 0.00759731 0.02059 0.00374722 0.00565265 -0.0105243 0.00155322 0.00591407 0.0309829 -0.0134771 -0.00356137 -0.0129278 -0.016168 -0.0179992
internal_weight=603.93 373.289 84.2176 289.072 266.548 230.641 45.2712 35.6449 48.5727 185.37 40.222 19.1666 145.148 22.5231
internal_count=6121 3257 645 2612 2299 2864 524 284 361 2340 630 342 1710 313
is_linear=0
shrinkage=0.04


Tree=65
num_leaves=15
num_cat=0
split_feature=174 182 55 53 55 21 62 161 57 1 50 90 1 119
split_gain=11.7566 13.6764 11.5993 7.3159 9.17845 5.55677 4.94668 4.81798 4.04359 3.33474 3.08166 2.8486 2.55097 1.91424
threshold=0.85960591133004927 0.21825396825396828 -0.29113247863247854 -0.13310023310023306 0.018416768416768429 0.30813186813186816 44.08333333333335 -0.30217526858680982 -27.499999999999996 -1.0000000180025095e-35 3.5000000000000004 1349.0000000000002 -3.9999999999999996 0.24038461538461542
decision_type=8 8 8 10 8 8 8 2 10 10 8 8 10 10
left_child=3 9 12 7 8 -4 -6 -1 -5 13 -9 -11 -3 -2
right_child=1 2 5 4 6 -7 -8 10 -10 11 -12 -13 -14 -15
leaf_value=0.010304218175427851 0.025854223669251206 0.016898499359869291 -0.0023324309874351917 0.0089036155172541598 0.0041060980673455908 -0.016724756299083071 -0.012538149112046948 -0.0036868822578147702 0.023773674284010615 -0.0088083227764667489 -0.018341542595773638 0.015685155438521187 -0.0014157308605320406 0.0060079373871353347
leaf_weight=27.249893486499786 21.725661270320415 24.691904284060001 57.23582936450839 71.941759154200554 248.59677607566118 179.40830957889557 31.244315475225449 76.312572851777077 51.65498561412096 18.709776595234874 32.602117337286472 11.3530425876379 22.494252301752567 13.427569489926098
leaf_count=241 124 146 797 524 1774 645 201 488 330 186 200 119 162 184
internal_value=-0.000159918 -0.00587305 -0.0096697 0.003536 0.00624035 -0.0132766 0.00220262 -0.00444914 0.0152753 0.0105168 -0.00821871 0.000584278 0.00827817 0.0187047
internal_weight=888.649 349.046 283.83 539.602 403.438 236.644 279.841 136.165 123.597 65.216 108.915 30.0628 47.1862 35.1532
internal_count=6121 2363 1750 3758 2829 1442 1975 929 854 613 688 305 308 308
is_linear=0
shrinkage=0.04


Tree=66
num_leaves=15
num_cat=0
split_feature=169 40 79 174 107 139 179 145 42 170 131 107 73 58
split_gain=23.7361 7.54157 7.4807 6.86549 5.77318 5.76395 5.27534 5.62442 3.65888 3.61311 3.16843 3.07236 2.37989 2.08572
threshold=0.34412955465587053 0.65715587194329594 0.24500000000000002 0.85960591133004927 0.019087677750813773 0.14149845765457605 0.40833333333333338 3.0042427359218311 -0.011073055337041617 0.53137254901960795 165.75000000000003 0.04375334833386902 138.50000000000003 266.50000000000006
decision_type=8 2 10 8 8 10 10 8 2 10 10 8 10 10
left_child=2 3 6 4 -2 -5 9 -8 13 -1 -3 -12 -10 -4
right_child=1 10 8 5 -6 -7 7 -9 12 -11 11 -13 -14 -15
leaf_value=-0.015880529395280202 -0.0073224691839030185 0.033922042044267228 0.00033682598091461133 0.015157265055933622 0.0058267622504062548 0.0005370264201096578 -0.013305577818960079 0.016387362477139879 0.0078649053000182777 -0.0022878033387981733 0.016838098173541219 -0.0039620586924939685 -0.013617625408241763 0.019140892114020022
leaf_weight=192.83817579969764 122.14786880463362 13.385010555386541 16.43269182741642 101.55261087417603 93.288352590054274 75.113102424889803 18.587700419127941 20.292780950665474 11.65338936075568 38.175546210259199 54.136193335056305 13.705765746533869 22.969081215560436 22.015248868614435
leaf_count=1344 944 76 220 396 565 686 297 84 133 268 581 109 260 158
internal_value=-0.000307134 0.00549204 -0.00830915 0.00316697 -0.00161872 0.00899043 -0.0113756 0.00216414 0.00299067 -0.0136625 0.0165164 0.0126104 -0.00631299 0.011367
internal_weight=816.294 473.329 342.965 392.102 215.436 176.666 269.894 38.8805 73.0704 231.014 81.227 67.842 34.6225 38.4479
internal_count=6121 3357 2764 2591 1509 1082 1993 381 771 1612 766 690 393 378
is_linear=0
shrinkage=0.04


Tree=67
num_leaves=14
num_cat=0
split_feature=54 169 173 169 86 139 86 158 160 178 20 54 91
split_gain=27.2811 7.90275 9.72685 5.99558 5.44745 5.42916 4.48258 4.0658 3.79488 3.60451 3.24349 2.69671 2.20511
threshold=0.21030517470145957 0.4491379310344828 0.72902097902097907 0.12132352941176472 21.500000000000004 2.624801166489926 14.500000000000002 0.4515450477870066 -0.10137582044614861 0.15587044534412958 -0.2442672821284346 0.034289784289784291 800.36927637430745
decision_type=8 10 8 8 8 8 10 2 2 10 8 10 2
left_child=1 2 9 6 8 -4 12 11 -5 -1 -9 -3 -2
right_child=3 7 5 4 -6 -7 -8 10 -10 -11 -12 -13 -14
leaf_value=-0.012035783444002829 0.04534028041676752 -0.016789945655487647 -0.0013139470962949696 0.00020519779921865291 -0.01108568671397802 0.015699540117223788 0.0067228132267735351 -0.015080230976246058 0.016195702042164712 0.0042837671692634409 0.013926006270662331 -0.0035169111883526978 0.02230549849452881
leaf_weight=93.632448837161064 14.252128049731253 118.0255990922451 56.01918900758028 32.896080799400806 18.273549020290375 62.793205551803112 16.022144846618176 8.7267178334295732 87.074731823056936 27.306154657155275 15.839267585426571 32.124904792755842 20.219542067497969
leaf_count=962 49 1374 725 452 140 392 125 221 471 402 260 335 213
internal_value=0.000633541 -0.00510322 -0.000370154 0.0132025 0.00875961 0.0077171 0.0249211 -0.0115476 0.0118656 -0.00832975 0.00335691 -0.0140054 0.0328952
internal_weight=603.206 414.467 239.751 188.738 138.244 118.812 50.4938 174.716 119.971 120.939 24.566 150.151 34.4717
internal_count=6121 4671 2481 1450 1063 1117 387 2190 923 1364 481 1709 262
is_linear=0
shrinkage=0.04


Tree=68
num_leaves=13
num_cat=0
split_feature=173 107 130 67 90 130 2 68 119 2 57 85
split_gain=17.7677 9.22331 6.64595 5.95579 4.91324 8.17675 6.6965 4.30613 5.40109 3.28094 3.10247 1.78766
threshold=0.84807692307692317 0.017454691764507761 0.12660256410256412 23.279945242984258 245.50000000000003 0.34166666666666673 3.9192334017796022 29.611225188227248 0.62828947368421062 -4.4887063655030781 -485.99999999999994 11.500000000000002
decision_type=8 8 8 8 8 8 8 10 8 10 10 8
left_child=3 7 11 -1 6 -6 -5 10 -9 -4 -2 -3
right_child=1 2 9 4 5 -7 -8 8 -10 -11 -12 -13
leaf_value=-0.015327598162012835 0.019221152052453262 0.0096795854084155905 -0.024530811640463664 0.0064528947022841551 0.0078288401295717042 -0.0052315901355492501 0.026142657035579372 0.0073843295304432243 -0.011638398497979796 -0.011938904902387864 0.001904168476139663 -0.0078306371550081171
leaf_weight=21.178787007927895 21.286177210509777 22.592704609036446 49.33088393509388 94.573969624936581 219.06634567677975 116.6974119618535 38.911575138568878 34.170405447483063 73.63263063877821 114.8027532286942 66.692420586943626 14.39944066852331
leaf_count=97 127 249 248 325 2308 622 128 370 545 558 409 135
internal_value=-0.000146083 -0.00643131 -0.0124251 0.00493927 0.00588888 0.00328159 0.0123591 -0.000231885 -0.00557792 -0.0158612 0.00628537 0.00278426
internal_weight=887.336 396.907 201.126 490.428 469.249 335.764 133.486 195.782 107.803 164.134 87.9786 36.9921
internal_count=6121 2641 1190 3480 3383 2930 453 1451 915 806 536 384
is_linear=0
shrinkage=0.04


Tree=69
num_leaves=15
num_cat=0
split_feature=169 68 177 161 41 139 39 133 139 120 133 62 89 169
split_gain=22.097 7.36218 6.76197 6.00627 5.4211 6.32021 5.16547 3.91837 3.90103 3.593 3.21226 2.82752 1.96121 1.3603
threshold=0.34412955465587053 29.345653661875431 0.47493734335839605 0.62360273216390116 -0.29423015067287184 1.8584278674153809 -0.3993725642013739 2.1621255440899572 1.5550084258635952 0.37980769230769235 3.0432484747375912 137.1577380952381 1510.5000000000002 0.24621212121212124
decision_type=8 8 8 2 2 10 2 8 8 8 8 10 8 10
left_child=4 3 12 6 5 8 -2 13 -1 -4 -9 -7 -3 -6
right_child=1 2 9 -5 7 11 -8 10 -10 -11 -12 -13 -14 -15
leaf_value=0.0012804358998882179 -0.015735828679687935 0.0049532807520991356 0.00041355732102774453 0.015982947711477201 -0.02747509600619933 -0.020680804394122041 0.00045431610654682233 0.0033752064714416071 0.023934786691787859 0.015589386687496999 -0.010709981437039572 0.0029099758566827911 -0.0077940393952431785 -0.010646711732326859
leaf_weight=36.441659260541201 40.704130385071039 43.244696743786335 29.616182342171669 28.720703780651093 27.300762802362442 22.674298550933599 128.13596982881427 29.456324715167284 17.504923671483994 169.84711441025138 182.1378629617393 11.831408143043516 33.228151816874743 13.764962907880543
leaf_count=344 280 478 249 228 263 231 663 344 97 1040 1256 116 419 113
internal_value=-0.000295355 0.00528958 0.00949838 -0.000597077 -0.00804643 0.000453746 -0.00350671 -0.0110202 0.00896968 0.0133594 -0.0087331 -0.0126815 -0.000588841 -0.0222691
internal_weight=814.609 473.497 275.936 197.561 341.112 88.4523 168.84 252.66 53.9466 199.463 211.594 34.5057 76.4728 41.0657
internal_count=6121 3357 2186 1171 2764 788 943 1976 441 1289 1600 347 897 376
is_linear=0
shrinkage=0.04


Tree=70
num_leaves=15
num_cat=0
split_feature=54 169 145 145 69 169 53 173 163 52 0 90 144 139
split_gain=25.5819 8.71943 7.0717 6.68141 6.56193 5.38141 4.89524 4.39872 3.60462 3.51323 2.89371 1.92809 3.24033 0.710759
threshold=0.034289784289784291 0.12132352941176472 0.35016049353749557 1.4847402827143628 16.500000000000004 0.44636015325670503 -0.14459064327485377 0.76095238095238105 -0.47124211407523314 -0.080962020435704704 2.5000000000000004 263.50000000000006 0.37668918918918926 0.56128681143967374
decision_type=8 8 8 10 8 10 10 8 2 10 10 10 10 10
left_child=2 6 11 4 -3 7 9 -4 -7 -2 -5 13 -13 -1
right_child=1 3 5 10 -6 8 -8 -9 -10 -11 -12 12 -14 -15
leaf_value=-0.015443273271528939 0.042617949095379186 -0.010581423695688071 -0.0045173820799842539 0.027404914217963372 0.0058034264855939075 0.0069269366484269561 0.0020200462818906898 0.012323985086499492 -0.01481726144510114 0.018985464230677065 0.0055994334004333002 0.00037451244965985104 -0.01863928020437472 -0.02893832168219173
leaf_weight=15.993748150765894 15.622904527932404 50.616960644721985 56.1290447935462 25.462898537516594 160.12525629624724 14.0827724263072 17.285775743424892 42.830122265964746 67.433073002845049 36.45800806581974 16.809020966291428 21.836077589541674 39.469810528680682 22.191916666924953
leaf_count=118 120 636 545 255 1204 262 126 370 539 289 155 328 1028 146
internal_value=0.000609245 0.00828238 -0.00821726 0.00478647 0.00182721 -0.00344634 0.020756 0.00280202 -0.010998 0.0267816 0.0191102 -0.0167313 -0.0119375 -0.0238754
internal_weight=602.347 322.381 279.967 253.014 210.742 180.475 69.3667 98.9592 81.5158 52.0809 42.2719 99.4916 61.3059 38.1857
internal_count=6121 2785 3336 2250 1840 1716 535 915 801 409 410 1620 1356 264
is_linear=0
shrinkage=0.04


Tree=71
num_leaves=11
num_cat=0
split_feature=86 131 99 140 176 163 52 130 170 56
split_gain=16.0366 9.73949 7.07394 5.80575 5.62119 3.89529 3.96881 2.59594 2.51171 2.37862
threshold=4.5000000000000009 422.96153846153851 1.0000000180025095e-35 6.2445840554592733 1.0000000180025095e-35 -0.16786151372805472 0.020309545264173227 0.14039408866995076 0.49000000000000005 1.0000000180025095e-35
decision_type=10 8 2 8 10 2 8 10 10 10
left_child=3 5 4 8 -3 9 -7 -4 -1 -2
right_child=1 2 7 -5 -6 6 -8 -9 -10 -11
leaf_value=0.0057742323843936096 -0.024330388703125771 0.0066176032885690962 0.019188267696480785 -0.024314931175057199 -0.0011494085736272076 -0.01422584042936526 0.0086695596840756384 0.0025598502180919835 -0.015121086965965857 -0.0052162204176958498
leaf_weight=20.147447947412729 31.994215860962868 243.18692634999752 55.416954196989536 53.711283411830664 381.37463680282235 21.457412883639336 25.265417762100697 21.335738316178322 15.281953893601893 16.621798522770405
leaf_count=181 294 1710 350 179 2582 175 173 193 150 134
internal_value=-0.000140609 0.00166451 0.00330073 -0.0161347 0.0018774 -0.0102601 -0.00188099 0.014684 -0.00335143 -0.0180724
internal_weight=885.794 796.653 701.314 89.1407 624.562 95.3388 46.7228 76.7527 35.4294 48.616
internal_count=6121 5611 4835 510 4292 776 348 543 331 428
is_linear=0
shrinkage=0.04


Tree=72
num_leaves=15
num_cat=0
split_feature=171 174 177 11 162 38 53 108 132 147 82 43 47 171
split_gain=16.373 12.4548 7.59485 7.2948 4.60181 4.55793 4.13552 5.2663 3.36322 3.26815 4.08339 3.01837 2.85548 2.4183
threshold=0.20638945233265724 0.77598566308243744 0.31009615384615391 -1.0000000180025095e-35 -0.13472031517364466 0.53469970878867601 1.0000000180025095e-35 -0.065253946930170045 454.33333333333343 4.1356444636403493 0.18350168350168353 -0.020870681372084986 -27.870454350399424 0.36996779388083739
decision_type=10 8 8 2 2 2 8 8 8 8 10 2 10 10
left_child=1 9 11 5 -4 12 8 -8 -5 -1 -11 -3 -2 -7
right_child=3 2 4 6 -6 13 7 -9 -10 10 -12 -13 -14 -15
leaf_value=0.009447119533632203 0.018535015074195648 -0.012675401206004543 0.0042461673467916235 0.0031168245466545426 0.018128184194511465 0.0060843924547151641 -0.013583773310382741 0.0027784681675339013 -0.013614024098290057 -0.0098510686923765755 0.0093729113077877201 0.0089429494332280979 0.00077648256005778682 -0.01573666282036951
leaf_weight=24.43393274769187 33.605514477938414 25.124330759048462 52.832405932247639 20.932599551975727 148.7645369283855 12.398949909955261 46.752193622291088 91.214052271097898 179.32951983064413 95.716743223369122 20.693626821041107 16.09935799613595 25.493714988231659 19.98021936789155
leaf_count=211 174 205 397 235 823 128 328 650 1310 621 200 185 387 235
internal_value=-0.000119811 0.00587568 0.0113498 -0.00547876 0.0145389 0.00449134 -0.0081865 -0.00280961 -0.0118485 -0.00356132 -0.00636597 -0.00417343 0.0110482 -0.00738886
internal_weight=813.372 383.665 242.821 429.707 201.597 91.4784 338.228 137.966 200.262 140.844 116.41 41.2237 59.0992 32.3792
internal_count=6089 2642 1610 3447 1220 924 2523 978 1545 1032 821 390 561 363
is_linear=0
shrinkage=0.04


Tree=73
num_leaves=15
num_cat=0
split_feature=53 160 178 169 180 163 55 44 104 68 89 55 178 180
split_gain=17.9051 9.89151 6.74986 6.64695 6.5705 5.91307 5.72477 5.31621 3.0807 2.88287 2.60347 2.54271 2.37559 1.438
threshold=-0.13310023310023306 -0.2662800899806444 0.15587044534412958 0.12916666666666668 0.34523809523809529 -0.42975507625385523 -0.099872122762148283 -13.064547479284782 1.0000000180025095e-35 30.717316906228614 1048.0000000000002 0.30441750278706808 0.25657894736842107 0.26136363636363641
decision_type=10 2 8 8 8 2 10 10 2 8 10 8 10 8
left_child=1 7 10 9 8 -6 -5 13 -4 -3 11 -2 -9 -1
right_child=2 3 4 6 5 -7 -8 12 -10 -11 -12 -13 -14 -15
leaf_value=-0.023871776294005276 -0.0108300318742278 0.032255068835660157 -0.012941822429582249 0.00075192057042230607 0.022749845181606557 0.00059318094557627105 0.018770351983413838 -0.0026209357914947933 0.0059250258268177883 0.012839436266344109 -0.019919459284567467 0.0091246228592401259 0.020094060244832727 -0.0055871793319954167
leaf_weight=17.212817173451189 66.60644899494946 34.475353587418795 76.072877123951912 68.584930405020714 21.61123925819993 132.33902502432466 47.326047547161579 16.438560053706173 16.102455023676157 22.467267952859402 47.711985535919666 11.140710104256867 11.883821889758108 12.85001342743635
leaf_count=181 926 184 952 473 208 740 332 339 206 157 931 141 207 112
internal_value=0.000357161 0.00907692 -0.00507362 0.0138679 -0.00120034 0.00384315 0.00822352 -0.00506813 -0.00959622 0.0249828 -0.0125868 -0.00786569 0.00720211 -0.0165521
internal_weight=602.824 231.239 371.585 172.854 246.126 153.95 115.911 58.3852 92.1753 56.9426 125.459 77.7472 28.3224 30.0628
internal_count=6089 1985 4104 1146 2106 948 805 839 1158 341 1998 1067 546 293
is_linear=0
shrinkage=0.04


Tree=74
num_leaves=15
num_cat=0
split_feature=132 68 1 99 131 70 50 53 62 147 169 91 163 91
split_gain=9.92776 8.499 6.44797 6.2207 5.12337 5.04575 4.22154 3.73276 3.43251 3.60083 2.56508 1.89812 1.72168 0.654091
threshold=690.84523809523819 32.628336755646821 1.0000000180025095e-35 1.0000000180025095e-35 695.27500000000009 71.500000000000014 8.5000000000000018 0.15061848317922491 -4.02727272727273 0.69508237130767025 0.38278388278388281 1181.431705082447 -0.11875869862438355 1326.0368514059332
decision_type=10 8 8 2 10 8 8 10 8 10 8 2 2 2
left_child=1 2 4 8 -1 7 -4 -3 9 -2 -10 -7 13 -5
right_child=3 5 6 12 -6 11 -8 -9 10 -11 -12 -13 -14 -15
leaf_value=0.0012674166976459423 -0.012525478482395838 -0.0087489779933637903 -0.0020978925699563504 0.0058205705626874901 0.014443688618435632 -0.020622373061768066 -0.018331382693936693 0.0083124684368696099 0.016447693453758391 0.0045492198874653791 0.001670090629428151 -0.0075299293428734305 0.032633434769269935 0.021077808102208259
leaf_weight=153.66223577037454 28.601786434650421 61.733839403837919 258.01952277496457 10.785817041993143 67.5601502135396 60.443794373422861 27.580293260514736 29.468739978969097 45.172973334789276 58.345342978835106 32.658865839242935 27.990206521004438 15.505413420498369 9.2408785223960859
leaf_count=816 105 653 1275 146 474 237 139 326 441 788 324 150 90 125
internal_value=-0.000130768 -0.00242055 0.00023034 0.00767933 0.00534727 -0.00987063 -0.00373103 -0.00318415 0.00432414 -0.00112342 0.0103721 -0.0166314 0.0226399 0.0136234
internal_weight=886.77 686.459 506.822 200.311 221.222 179.637 285.6 91.2026 164.779 86.9471 77.8318 88.434 35.5321 20.0267
internal_count=6089 4070 2704 2019 1290 1366 1414 979 1658 893 765 387 361 271
is_linear=0
shrinkage=0.04


Tree=75
num_leaves=15
num_cat=0
split_feature=177 68 179 40 162 108 53 54 53 42 2 137 19 35
split_gain=12.52 8.24691 6.01089 5.26823 6.55944 4.96836 4.09141 3.41622 3.21737 2.97482 3.06819 1.96912 1.66171 0.809361
threshold=0.20416666666666669 29.345653661875431 0.15587044534412958 0.75068334658350133 0.069135360364704176 -0.031267192214727395 -0.13310023310023306 -0.1386752136752136 0.062718531468531485 0.032545298427562451 -4.1505817932922655 0.44574915336236093 0.054924545406068399 2.0955183938555142
decision_type=8 8 8 2 2 8 8 10 10 2 8 10 8 2
left_child=6 3 7 4 -2 -4 12 -3 -5 11 -11 -8 13 -1
right_child=1 2 5 8 -6 -7 9 -9 -10 10 -12 -13 -14 -15
leaf_value=0.00084217061831090643 -0.0075734047675226216 0.0087489288151840171 0.0025662259257833524 -0.00069679405615343806 0.01251794978444013 0.01387882007877847 -0.0065346968508958924 -0.0075987255904466072 0.022648885217651675 0.0038345836689307705 -0.017219432449608753 0.0063556123298766833 -0.022221487081117732 -0.014711343101671357
leaf_weight=9.5583080090582389 199.28907654061913 29.375464171171188 100.87473502755165 18.17571434378624 28.894008170813322 165.03989720717072 34.746769551187754 61.473795861005783 18.18294445052743 14.316687058657406 41.806226834654808 39.350701071321964 40.581016298383474 10.27868679910898
leaf_count=160 895 268 661 152 279 1143 378 548 140 153 407 365 363 177
internal_value=-0.000119536 0.00263111 0.00659346 -0.00270974 -0.00497706 0.00962057 -0.0090615 -0.00225335 0.0112186 -0.00498022 -0.0118405 0.00027776 -0.0176011 -0.00744026
internal_weight=811.944 621.306 356.764 264.542 228.183 265.915 190.638 90.8493 36.3587 130.22 56.1229 74.0975 60.418 19.837
internal_count=6089 4086 2620 1466 1174 1804 2003 816 292 1303 560 743 700 337
is_linear=0
shrinkage=0.04


Tree=76
num_leaves=15
num_cat=0
split_feature=171 180 168 170 57 1 169 62 119 174 0 88 39 52
split_gain=25.3575 7.60597 5.49008 5.71085 4.70232 4.78047 4.68425 3.82753 3.44872 3.11111 2.49717 3.88188 2.19866 2.00552
threshold=0.22401433691756276 0.27922077922077926 0.024381903542563088 0.30602006688963218 -194.49999999999997 2.5000000000000004 0.32287644787644793 -188.065873015873 0.51190476190476197 0.68990384615384626 6.5000000000000009 0.80707196029776684 0.07809079844137759 -0.17584312239484653
decision_type=8 8 2 10 10 10 10 10 10 10 10 10 2 10
left_child=7 2 8 -4 5 -3 -6 9 -2 13 12 -12 -9 -1
right_child=1 4 3 -5 6 -7 -8 10 -10 -11 11 -13 -14 -15
leaf_value=0.0080332183189639403 -0.013946471370674014 -0.00029670661907109966 -0.0046498836344891102 0.027068818573895363 0.020262216605965864 0.016524423582257725 0.0048219898188526216 -0.011139119145679294 0.0032899932051363725 0.017580639477154391 0.016213393956063332 -0.014321739659918483 -0.021461346496073293 -0.014167153914255983
leaf_weight=9.0342517532408255 52.072464480996132 94.135216258466244 17.992568001151085 16.672781746834517 93.753292001783848 36.777312595397234 48.777586825191975 94.754034480080009 27.819561202079058 11.245676156133412 10.544610708951952 14.726510290056465 55.936096120625734 17.814469449222088
leaf_count=75 660 532 236 202 597 272 358 1116 531 153 127 210 792 228
internal_value=0.000337319 0.00643359 -0.00219189 0.0108808 0.0100493 0.00450314 0.0150625 -0.0106821 -0.00795329 0.000750662 -0.0131588 -0.00137237 -0.0151001 -0.00660498
internal_weight=602.056 388.001 114.557 34.6653 273.443 130.913 142.531 214.056 79.892 38.0944 175.961 25.2711 150.69 26.8487
internal_count=6089 3388 1629 438 1759 804 955 2701 1191 456 2245 337 1908 303
is_linear=0
shrinkage=0.04


Tree=77
num_leaves=12
num_cat=0
split_feature=173 2 170 130 1 62 173 53 53 170 141
split_gain=11.6449 6.60455 5.36775 5.16232 4.11851 4.07435 4.72598 3.64899 4.00502 3.31493 3.06551
threshold=0.74342105263157909 -12.227241615331963 0.23205128205128209 0.40588235294117653 7.5000000000000009 102.6217086834734 0.5590277777777779 -0.13310023310023306 -0.19935897435897432 0.14946808510638301 0.49747474747474757
decision_type=8 10 8 10 8 8 10 10 8 10 10
left_child=4 -2 9 -4 7 -6 -7 8 -1 -3 -9
right_child=1 2 3 -5 5 6 -8 10 -10 -11 -12
leaf_value=0.0076297203712305719 -0.022068809216166541 -0.0012555900792113413 -0.0031612419253490595 -0.016635556861065184 0.0088367629675465114 0.0043713113176483218 -0.019801950932794958 0.016792826120233237 -0.012110047128238783 0.010168549165452756 0.002125739860840799
leaf_weight=65.068105697631836 27.93137514591217 94.765445739030838 338.96202221140265 51.85115448012948 36.973368637263775 23.747066982090473 26.401190675795078 99.157682098448277 20.879487857222557 69.565654635429382 30.351551793515682
leaf_count=468 148 618 2308 434 210 114 146 677 145 520 301
internal_value=-0.000117573 -0.00342264 -0.0024429 -0.00499195 0.00623508 -0.00107645 -0.00845424 0.00919211 0.00272715 0.0036007 0.0134134
internal_weight=885.654 583.076 555.144 390.813 302.578 87.1216 50.1483 215.457 85.9476 164.331 129.509
internal_count=6089 4028 3880 2742 2061 470 260 1591 613 1138 978
is_linear=0
shrinkage=0.04


Tree=78
num_leaves=15
num_cat=0
split_feature=169 174 179 79 52 62 2 52 177 107 73 182 86 66
split_gain=17.3691 7.18596 6.71767 6.13931 5.58784 4.64145 4.58651 4.31783 5.05514 3.99859 3.6923 2.51354 2.15028 0.969903
threshold=0.38585607940446659 0.77346041055718484 0.37980769230769235 0.23669467787114848 -0.19954751131221712 102.6217086834734 1.9178644763860364 0.20572795625427207 0.56696428571428581 -0.010636609253630523 111.50000000000001 0.37980769230769235 9.5000000000000018 0.60528682153188951
decision_type=8 8 10 8 10 8 8 10 8 8 10 8 10 8
left_child=2 6 4 13 10 -6 9 8 -3 -2 -1 -5 -8 -4
right_child=1 7 3 11 5 -7 12 -9 -10 -11 -12 -13 -14 -15
leaf_value=0.015209978635156836 -0.0072666182934129865 0.0027287745325177749 -0.017495135502526245 0.0032871901185747322 -0.014810029309613466 -0.0039650899523907433 -0.0034064898994948661 -0.0036362003775845435 0.015248958749217664 0.0083780335330748638 -0.0071714682587375013 0.023237384325218248 -0.021908784904521417 -0.0017171095387728279
leaf_weight=22.989080537110567 40.059451274573803 77.017620049417019 12.625008028000591 18.713211983442307 172.13827022910118 101.79382957518101 20.705260761082172 35.202775694429874 161.26343255490065 70.825310301035643 22.205373249948025 22.730199124664068 19.975643217563629 12.506419587880375
leaf_count=102 320 768 204 159 1362 742 144 230 861 502 188 163 145 199
internal_value=-0.000119674 0.0054489 -0.00625973 0.00521889 -0.00866942 -0.0108164 -0.0015213 0.00931057 0.0112388 0.00269377 0.00425282 0.014566 -0.0128474 -0.0100861
internal_weight=810.751 425.049 385.701 66.5748 319.127 273.932 151.566 273.484 238.281 110.885 45.1945 41.4434 40.6809 25.1314
internal_count=6089 2970 3119 725 2394 2104 1111 1859 1629 822 290 322 289 403
is_linear=0
shrinkage=0.04


Tree=79
num_leaves=14
num_cat=0
split_feature=145 53 40 180 135 35 62 147 180 108 20 150 38
split_gain=17.2251 11.3338 7.38931 6.21249 4.92338 4.85073 4.78879 4.5685 3.92558 3.24626 3.97224 1.1251 0.903022
threshold=1.1028688356448144 -0.13476800976800976 -0.12728125407518692 0.34523809523809529 1.9501773140728078 -30.678681510688076 64.208391608391665 10.467835242177502 0.34523809523809529 0.18433175235986712 0.36853675231898103 0.093073593073593086 0.56194540201176135
decision_type=10 10 2 8 10 2 8 8 8 10 10 8 2
left_child=1 5 3 12 -5 -1 -7 11 -9 10 -4 -3 -2
right_child=2 7 9 4 -6 6 -8 8 -10 -11 -12 -13 -14
leaf_value=-0.015210148315215926 -0.0094648533667990691 -0.0078475990483716368 -0.011511054800784085 0.014839303171830187 0.041387542290586644 0.015023301785648698 0.00099582359408341165 -0.01138341383342832 -0.00035286818785149331 0.022704943743776379 0.010882040817399893 -0.018458075720214351 0.0091565816670509254
leaf_weight=16.168814580887556 7.05726435407996 25.612878767773509 26.17665634304285 22.290690951049328 26.345182813704014 68.8316835090518 89.118034198880196 83.175579190254211 134.66705160960555 10.275220789015291 22.729499090462923 61.17345080524683 7.6240985915064812
leaf_count=169 128 628 187 128 181 534 726 1073 865 129 411 795 135
internal_value=0.000323202 -0.00310335 0.0136477 0.0230432 0.0298044 0.00501206 0.00717739 -0.00774968 -0.00460641 0.00334649 -0.00105411 -0.0154745 4.50495e-05
internal_weight=601.246 478.747 122.499 63.3172 48.6359 174.119 157.95 304.629 217.843 59.1814 48.9062 86.7863 14.6814
internal_count=6089 4790 1299 572 309 1429 1260 3361 1938 727 598 1423 263
is_linear=0
shrinkage=0.04


Tree=80
num_leaves=11
num_cat=0
split_feature=174 55 50 145 107 55 170 107 131 146
split_gain=8.00381 6.12398 6.08651 5.79813 6.46346 4.53196 4.97559 2.92349 2.87867 2.7346
threshold=0.77598566308243744 0.21478174603174607 5.5000000000000009 0.93733729607775096 -0.023104738724558201 -0.29113247863247854 0.22653958944281527 0.029404246361121159 809.67307692307702 0.10259937121041997
decision_type=8 8 8 8 8 8 10 8 10 10
left_child=2 5 3 7 -5 8 -7 -1 -2 -4
right_child=1 -3 9 4 -6 6 -8 -9 -10 -11
leaf_value=0.015786830584647839 0.0022576950218535265 -0.019659791143216889 -0.013907894213985042 0.016732945202887258 -0.0025514559293928047 0.003917196826654242 -0.006411195793954454 0.0028235308731134703 0.020243926743778621 0.0039168775906349802
leaf_weight=106.70535361021757 61.746930487453938 33.354876954108477 36.768015570938587 34.098969854414463 132.64281524717808 97.787289939820766 304.0777195468545 38.75093899667263 17.766242675483227 20.871942602097988
leaf_count=968 396 176 177 181 650 659 2168 351 152 211
internal_value=-0.000107842 -0.00333271 0.00437195 0.00658015 0.00145656 -0.00215884 -0.0038895 0.0123898 0.00650286 -0.00746255
internal_weight=884.571 514.733 369.838 312.198 166.742 481.378 401.865 145.456 79.5132 57.64
internal_count=6089 3551 2538 2150 831 3375 2827 1319 548 388
is_linear=0
shrinkage=0.04


Tree=81
num_leaves=12
num_cat=0
split_feature=169 11 99 177 62 177 88 70 177 54 129
split_gain=16.2009 7.23482 6.91309 4.98753 4.79957 4.05589 3.93735 3.5034 3.4242 2.79193 0.86281
threshold=0.38585607940446659 -1.0000000180025095e-35 1.0000000180025095e-35 0.43303571428571436 379.57586206896559 0.37980769230769235 0.8973684210526317 16.500000000000004 0.13809523809523813 0.021395881006864962 0.11583184257602865
decision_type=8 2 2 8 8 8 10 8 10 8 10
left_child=1 5 3 9 8 10 -5 -7 -3 -2 -1
right_child=2 4 -4 6 -6 7 -8 -9 -10 -11 -12
leaf_value=-0.011995315606361124 0.0044144811090525296 -0.013401836695708382 -0.012045339823252579 0.012691114470116097 0.0065143647814618127 0.0029957165321085125 0.0027704196158266038 0.024535582916874219 -0.0036506223032972173 -0.0090355059127277485 0.0029397730411792741
leaf_weight=19.194036919623617 61.613764509558678 192.57153828069568 33.072118055075407 193.43207724019885 28.645870212465525 32.390864308923483 97.284635584801435 18.840618245303631 84.290841411799192 39.732008337974548 8.1631501987576467
leaf_count=314 625 1280 239 1084 161 230 631 136 868 391 130
internal_value=-0.000119852 -0.0060684 0.00525142 0.0067425 -0.00884953 0.00469331 0.00939901 0.0112735 -0.0104641 -0.000875728 -0.00752177
internal_weight=809.232 384.097 425.135 392.062 305.508 78.5887 290.717 51.2315 276.862 101.346 27.3572
internal_count=6089 3119 2970 2731 2309 810 1715 366 2148 1016 444
is_linear=0
shrinkage=0.04


Tree=82
num_leaves=15
num_cat=0
split_feature=171 168 53 158 58 54 81 173 143 86 103 171 33 13
split_gain=23.0555 6.45423 6.79821 4.34004 4.21635 3.73523 3.52111 3.30159 3.29396 2.36717 2.6591 2.18719 1.84892 1.71027
threshold=0.22401433691756276 -0.017159340223142781 -0.13310023310023306 0.98029019458975097 450.00000000000006 0.037625981730542372 0.085144927536231887 0.77598566308243744 0.65545505935556825 9.5000000000000018 1.0000000180025095e-35 0.47722567287784684 -10.39351467117101 1.0000000180025095e-35
decision_type=8 2 8 2 10 8 8 10 10 10 2 8 10 2
left_child=5 3 7 11 -4 9 12 -3 -5 10 -1 -2 -7 -11
right_child=1 2 4 8 -6 6 -8 -9 -10 13 -12 -13 -14 -15
leaf_value=0.0062497073909031442 -0.011885510620032269 0.007839877805823731 0.0073502452036596985 0.022401699357010602 -0.0080361569475181811 0.022832193094424885 -0.009712237526952907 0.022283504998605378 -0.0086566600901375398 -0.01963672670862501 -0.011535173479872143 0.001141357168996887 -0.0022265001080607545 -0.0068049957065123802
leaf_weight=17.33728756941855 49.123587965965271 42.999982476234436 135.91776301339269 15.981767978519203 34.98963125795126 11.03055312484503 23.237297967076302 68.839846502989531 7.2931548915803424 78.30173628218472 50.377186503261328 34.317962631583214 7.2509295083582392 23.50190189294517
leaf_count=209 735 284 844 213 279 75 229 437 148 1004 663 448 167 354
internal_value=0.000310055 0.00607889 0.00923495 -0.00227268 0.00416015 -0.0103052 0.00039782 0.0168667 0.0126315 -0.0129253 -0.00692783 -0.00655405 0.0131895 -0.0167889
internal_weight=600.501 389.464 282.747 106.716 170.907 211.037 41.5188 111.84 23.2749 169.518 67.7145 83.4416 18.2815 101.804
internal_count=6089 3388 1844 1544 1123 2701 471 721 361 2230 872 1183 242 1358
is_linear=0
shrinkage=0.04


Tree=83
num_leaves=15
num_cat=0
split_feature=132 68 99 144 174 52 174 170 171 49 171 37 149 170
split_gain=8.72481 7.66125 5.74685 5.46863 5.1339 4.9669 4.32827 4.00417 3.50966 2.61047 2.98604 2.252 1.45305 0.589221
threshold=690.84523809523819 32.628336755646821 1.0000000180025095e-35 0.79187293729372954 0.80384615384615399 0.16605392156862744 0.86811594202898557 0.22401433691756276 0.10620300751879701 -2.4999999999999996 0.41042780748663105 -0.15485327721768494 0.17914438502673799 0.21240601503759401
decision_type=10 8 2 8 8 8 8 8 8 8 8 2 8 10
left_child=1 4 9 8 5 -1 -5 -6 -3 11 -11 -2 13 -4
right_child=2 3 12 6 7 -7 -8 -9 -10 10 -12 -13 -14 -15
leaf_value=0.0074070756085738813 0.018379111666610267 0.011252587743165067 0.02081710211199558 -0.0078447563410826721 0.0052076231260714421 -0.0069547149971094001 -0.025250146351196708 -0.0062484400099596131 -0.0068470490675580755 0.0045674454135913077 -0.010234304565825506 0.0033989031766308666 0.031800395559038949 0.0066190520782141941
leaf_weight=190.71174246072769 28.578469842672348 22.666001852601767 9.9652004241943377 51.785594925284386 63.022928662598133 47.238018497824669 42.655088033527136 204.2946341149509 61.015030417591333 67.747536074370146 30.932557389140129 37.263063855469227 13.834078721702097 11.580515548586844
leaf_count=968 316 224 136 286 327 222 221 1187 635 677 302 363 68 157
internal_value=-9.8825e-05 -0.00225241 0.0072281 -0.00936069 0.000263058 0.00453042 -0.0159092 -0.00353076 -0.00184594 0.00400474 -0.000108416 0.0101087 0.0216402 0.0139066
internal_weight=883.29 683.389 199.901 178.122 505.267 237.95 94.4407 267.318 83.681 164.522 98.6801 65.8415 35.3798 21.5457
internal_count=6089 4070 2019 1366 2704 1190 507 1514 859 1658 979 679 361 293
is_linear=0
shrinkage=0.04


Tree=84
num_leaves=11
num_cat=0
split_feature=99 53 160 177 176 83 161 177 67 57
split_gain=10.4478 9.41189 7.9194 6.26701 5.31791 4.65307 4.22041 3.05474 1.61217 1.03412
threshold=1.0000000180025095e-35 0.40048309178743968 -0.48753217076902716 0.63068181818181823 1.5000000000000002 1501.1007788255806 0.34479500661860646 0.29705882352941182 26.265571526351817 605.00000000000011
decision_type=2 8 2 8 8 2 2 10 10 10
left_child=1 2 3 -1 5 -3 -4 8 -2 -10
right_child=7 4 6 -5 -6 -7 -8 -9 9 -11
leaf_value=-0.00049580088324830871 -0.0070388800880376145 0.013754002252189255 -0.0053353611819487445 0.016393042653656712 0.025193667639759148 -0.0045443461518042431 0.00443675588960688 0.0018696565881578392 -0.027044397658859506 -0.012032590268489534
leaf_weight=77.43533543124795 15.642556738108395 50.571377202868462 401.86962743103504 62.963276021182537 30.44683063775301 38.18918276950717 84.745519734919071 13.604732811450956 30.130761157721281 13.704971127212046
leaf_count=1179 92 183 2444 468 201 310 708 141 279 128
internal_value=-0.000663857 0.000754965 -0.00120596 0.00712641 0.01101 0.00589595 -0.00362381 -0.0149925 -0.0188497 -0.0227687
internal_weight=819.304 746.221 627.014 140.399 119.207 88.7606 486.615 73.083 59.4783 43.8357
internal_count=6133 5493 4799 1647 694 493 3152 640 499 407
is_linear=0
shrinkage=0.04


Tree=85
num_leaves=13
num_cat=0
split_feature=171 145 144 89 2 130 178 167 169 136 87 138
split_gain=24.434 8.87414 6.83583 6.15154 6.03728 4.29632 3.90894 4.55322 3.08143 1.9626 1.81117 1.4714
threshold=0.21845174973488868 1.4847402827143628 0.80673457838143758 541.50000000000011 4.9842573579739922 0.27386363636363642 0.14642857142857144 -0.04258963103514584 0.21980676328502416 2.5203168346774656 0.88562091503267981 0.51187497354188627
decision_type=8 10 10 8 8 8 10 2 10 10 10 10
left_child=6 2 3 -2 5 -3 8 9 -1 -8 -10 -4
right_child=1 4 11 -5 -6 -7 7 -9 10 -11 -12 -13
leaf_value=0.0049185626672490559 0.0099029374825590627 0.0081563310680066101 -0.02070410902916758 -0.0015067391780269083 -0.0042494237179565479 0.030153772275715199 0.028771463554732604 -0.01440581371803918 -0.010701234581689057 0 -0.01965239041742042 -0.0013971364736925713
leaf_weight=12.781719669699667 163.98673866316676 22.803635705262423 20.770673334598545 138.64346351474524 15.952068034559487 43.024670958518982 8.4599776007235068 12.46753168478608 82.715271506458521 6.2109374441206446 74.600954543799162 9.4352526217699033
leaf_count=122 801 391 312 1527 112 286 104 210 1002 146 1007 113
internal_value=0.00026932 0.00578357 0.00285207 0.00468151 0.0175117 0.0227996 -0.011283 0.00266946 -0.0135233 0.0173012 -0.0150559 -0.0149754
internal_weight=611.853 414.617 332.836 302.63 81.7804 65.8283 197.236 27.1384 170.098 14.6709 157.316 30.2059
internal_count=6133 3542 2753 2328 789 677 2591 460 2131 250 2009 425
is_linear=0
shrinkage=0.04


Tree=86
num_leaves=15
num_cat=0
split_feature=173 53 176 67 132 62 67 139 29 52 53 14 29 179
split_gain=12.7687 7.12859 7.63634 7.57842 5.92438 5.73754 5.34957 4.4254 4.16338 3.75885 3.31068 3.11096 2.49053 2.30179
threshold=0.84807692307692317 -0.13310023310023306 1.0000000180025095e-35 25.137577002053394 687.48692810457521 -76.042132867132835 32.579055441478445 1.1559789830897313 1.5000000000000002 0.16605392156862744 -0.13476800976800976 0.21646843305174748 -1.0000000180025095e-35 0.26136363636363641
decision_type=8 10 10 10 10 8 10 8 2 8 8 8 2 8
left_child=1 7 8 -4 5 10 -7 12 -3 13 -2 -9 -1 -6
right_child=4 2 3 -5 9 6 -8 11 -10 -11 -12 -13 -14 -15
leaf_value=0.017389333342024044 -0.012890289199782419 0.019386949982495565 -0.015669186690243239 0.0063176391220769726 0.0058965330494991754 -0.015887208741157451 0.0020123473841836157 0.0052900066450260776 0.0023651509690939296 0.019756878877364686 0.0014331767257470087 -0.009694379175914352 -7.5471160597815357e-05 -0.010673918032405296
leaf_weight=22.645585902035236 31.85185956582427 101.36027466505766 28.420382276177406 168.85088633745909 34.859506100416183 135.2675990909338 32.730551071465015 28.224527016282082 30.399802155792713 19.469199366867542 119.19756414741278 91.818319894373417 28.669134236872196 20.417510271072388
leaf_count=151 187 702 136 1204 350 756 238 381 241 164 695 410 274 244
internal_value=0.000421714 0.00466007 0.00809857 0.00307691 -0.004957 -0.00733091 -0.0123968 -0.00193943 0.0155221 0.00511241 -0.00163898 -0.00614012 0.00777872 -0.000269417
internal_weight=894.183 500.389 329.031 197.271 393.794 319.048 167.998 171.358 131.76 74.7462 151.049 120.043 51.3147 55.277
internal_count=6133 3499 2283 1340 2634 1876 994 1216 943 758 882 791 425 594
is_linear=0
shrinkage=0.04


Tree=87
num_leaves=14
num_cat=0
split_feature=169 177 121 63 55 68 144 85 174 147 147 130 5
split_gain=14.2093 7.45086 7.33928 5.477 4.71925 4.65235 6.44995 4.20781 2.70885 3.08155 2.26049 2.99084 1.35595
threshold=0.43875000000000003 0.45804195804195807 2.5000000000000004 -533.969800476508 0.43798076923076928 29.345653661875431 0.67416582406471193 11.500000000000002 0.72902097902097907 14.372895535340149 9.6982461113321463 0.22474747474747478 1.0000000180025095e-35
decision_type=8 8 2 2 8 8 8 10 10 10 10 8 2
left_child=2 8 3 -1 -5 7 -7 -3 12 -10 -4 -12 -2
right_child=1 5 10 4 -6 6 -8 -9 9 -11 11 -13 -14
leaf_value=0.012940745358263568 -0.020369193587823905 -0.0034751547428485026 0 -0.0092688093441560676 0.008245576092059826 0.0018983686141067868 0.018238632611190013 0.014313732209421517 0.0090662908281299148 -0.0086996104467714237 0.0045038396027957048 0.033593814190527309 -0.004479436246673598
leaf_weight=19.919424902647734 18.060945022851229 71.941281575709581 18.463027246296406 362.87750072404742 25.525092761963606 59.846265513449907 110.99576080963016 29.011742152273655 32.703102678060532 28.087660428136587 12.389650028198959 10.321666110306976 17.674560535699129
leaf_count=85 207 349 224 2852 152 502 581 160 330 284 189 84 134
internal_value=-0.000634755 0.00517939 -0.00540428 -0.00703427 -0.00809444 0.00856414 0.0125706 0.00170763 -0.00432085 0.000817449 0.0104963 0.018668 -0.0129005
internal_weight=817.818 368.321 449.496 408.322 388.403 271.795 170.842 100.953 96.5263 60.7908 41.1743 22.7113 35.7355
internal_count=6133 2547 3586 3089 3004 1592 1083 509 955 614 497 273 341
is_linear=0
shrinkage=0.04


Tree=88
num_leaves=11
num_cat=0
split_feature=171 145 2 180 90 160 130 123 169 58
split_gain=23.042 8.2852 5.65165 5.29198 4.47609 4.37815 3.93381 3.56889 2.53546 1.82006
threshold=0.21845174973488868 1.4847402827143628 4.9842573579739922 0.11437908496732027 1288.5000000000002 -0.23729933051706437 0.27386363636363642 1.5000000000000002 0.21980676328502416 -447.49999999999994
decision_type=8 10 8 10 10 2 8 2 10 10
left_child=7 3 6 4 -2 -5 -3 8 -1 -10
right_child=1 2 -4 5 -6 -7 -8 -9 9 -11
leaf_value=0.003056007677369852 0.002065818042413198 0.0079281974848444455 -0.0042053408499470417 0.00088005591330524613 -0.014625867212222263 0.022276780321088433 0.028930988228869921 0.010566228833701587 -0.020476546829065155 -0.010961485295514177
leaf_weight=15.11689558252692 243.29619272425771 22.879778947681189 15.937885336577891 27.026715733110905 27.722746195271611 35.148664869368076 43.500027570873499 10.710652619600294 47.630964566022158 121.91645128279924
leaf_count=152 1512 391 112 387 501 353 286 199 750 1490
internal_value=0.000251502 0.00557977 0.0168695 0.00274247 0.000303569 0.0131688 0.0219465 -0.0110409 -0.012355 -0.0137507
internal_weight=610.887 415.512 82.3177 333.194 271.019 62.1754 66.3798 195.375 184.664 169.547
internal_count=6133 3542 789 2753 2013 740 677 2591 2392 2240
is_linear=0
shrinkage=0.04


Tree=89
num_leaves=14
num_cat=0
split_feature=132 54 176 119 174 174 82 52 26 132 20 73 138
split_gain=9.24034 7.61296 7.05467 5.6944 5.59403 5.07354 3.97125 4.11417 3.2587 3.24292 2.34959 1.93582 1.38106
threshold=690.84523809523819 0.15869200244200246 1.0000000180025095e-35 0.78759398496240618 0.94201680672268917 0.94201680672268917 0.30495169082125612 0.16030303030303036 -2.4999999999999996 515.06250000000011 1.0244725051678698 42.500000000000007 0.43939784643755769
decision_type=10 8 10 10 8 8 10 8 2 8 8 10 10
left_child=1 2 3 -1 9 -4 7 8 -2 -3 -8 -6 -9
right_child=6 4 5 -5 11 -7 10 12 -10 -11 -12 -13 -14
leaf_value=0.0099795370442857419 -0.01258389785063411 -0.015789137570818384 -0.00022330942529603405 -0.0072395107206654017 -0.024291241904236656 -0.01348596128662142 0.0050513294830744262 0.03092419277653843 0.0087578176567186857 -0.0011143706116283933 -0.016571544518355501 -0.0094243457324324417 0.014077514839739626
leaf_weight=162.61536105722189 11.65333006531 28.740309059619904 210.82682013884187 36.929969128221273 34.634812280535698 58.212584514170885 15.982160352170466 15.724635966122149 123.90535175800323 129.90733075141907 14.321770288050176 27.32301764190197 22.138880632817745
leaf_count=933 62 289 1268 287 137 350 216 154 1339 609 76 227 186
internal_value=0.000407038 -0.00180475 0.00107833 0.00676262 -0.00791493 -0.0031397 0.0078714 0.0102029 0.00682981 -0.0038676 -0.00530677 -0.0180206 0.0217411
internal_weight=892.916 689.19 468.585 199.545 220.605 269.039 203.726 173.422 135.559 158.648 30.3039 61.9578 37.8635
internal_count=6133 4100 2838 1220 1262 1618 2033 1741 1401 898 292 364 340
is_linear=0
shrinkage=0.04


Tree=90
num_leaves=13
num_cat=0
split_feature=179 53 2 176 108 177 43 62 117 107 138 108
split_gain=9.29102 8.27915 5.64132 5.2181 5.20403 4.53893 4.77279 4.42509 6.93529 4.11271 1.90132 0.906437
threshold=0.44949494949494956 0.40048309178743968 1.7371663244353199 1.5000000000000002 -0.35700742900371546 0.2752525252525253 0.016402128600932927 100.27179487179488 1.0000000180025095e-35 -0.037453277745831008 0.4523174957651927 -0.0047562520485371343
decision_type=10 8 8 8 10 8 2 8 2 8 10 8
left_child=1 7 5 4 -3 11 -7 8 -1 -9 -4 -2
right_child=2 3 10 -5 -6 6 -8 9 -10 -11 -12 -13
leaf_value=-0.0086907677572530765 -0.013320080695975437 0.017532832967778581 -0.014092606621646627 0.023202672688357771 -0.0039027265774252665 0.0080393230637230886 0.027609499087321524 0.014141590089565557 0.010307958516017228 -0.0020069474574625906 0.0041917092434158318 0.0032535794712783206
leaf_weight=341.90887879952788 7.5639379322528839 25.014607466757298 17.111367724835873 25.017295461148024 58.638548389077187 42.345555778592825 39.481646049767733 28.672158882021904 32.839650604873896 167.44507439434528 17.343228410929441 12.701969631016256
leaf_count=2598 122 83 190 152 349 369 327 211 163 1170 203 196
internal_value=-0.000607572 -0.00252557 0.00887189 0.00754102 0.00261487 0.0135669 0.0177254 -0.00445519 -0.00699756 0.000403572 -0.00497388 -0.00317371
internal_weight=816.084 679.536 136.548 108.67 83.6532 102.093 81.8272 570.866 374.749 196.117 34.4546 20.2659
internal_count=6133 4726 1407 584 432 1014 696 4142 2761 1381 393 318
is_linear=0
shrinkage=0.04


Tree=91
num_leaves=11
num_cat=0
split_feature=171 53 153 145 157 180 123 84 169 170
split_gain=21.6868 8.39089 5.93092 5.73458 5.19055 4.51503 3.41866 3.12501 2.43096 2.39098
threshold=0.21845174973488868 -0.13476800976800976 -0.52133970752491809 1.4847402827143628 -0.098217572443709822 0.34523809523809529 1.5000000000000002 1502.6482652474331 0.21980676328502416 0.21240601503759401
decision_type=8 8 2 10 2 10 2 2 10 10
left_child=6 3 -3 4 -2 -4 8 -5 -1 -10
right_child=1 2 5 7 -6 -7 -8 -9 9 -11
leaf_value=0.0029762043787701781 -0.0051183557304860863 0.024579697007820794 -0.0028091610157283142 0.034198355212589765 0.012847824248388276 0.015322696346267622 0.01029256404989245 0.0079832371078555342 -0.02215476234955991 -0.010654631879890622
leaf_weight=15.141402978450058 33.823198322206736 14.570824407041071 209.46876928210258 24.346503883600235 99.122991241514683 23.524127293378115 10.770195366814731 11.565455023199318 39.247019127011299 128.34847571514547
leaf_count=152 347 142 1734 157 696 286 199 180 530 1710
internal_value=0.000238768 0.00538186 0.000672911 0.0122293 0.00825798 -0.000912271 -0.0107895 0.026255 -0.0120922 -0.013475
internal_weight=609.929 416.422 247.564 168.858 132.946 232.993 193.507 35.912 182.737 167.595
internal_count=6133 3542 2162 1380 1043 2020 2591 337 2392 2240
is_linear=0
shrinkage=0.04


Tree=92
num_leaves=14
num_cat=0
split_feature=173 86 131 176 62 158 54 67 55 131 59 67 108
split_gain=11.4101 6.73573 6.50406 5.91693 5.04094 5.37806 4.76392 4.40354 5.58727 3.84648 2.67676 1.55694 1.3186
threshold=0.84807692307692317 4.5000000000000009 652.83333333333337 2.5000000000000004 100.27179487179488 0.3579669331112571 0.12132034632034631 32.42026009582478 0.17902930402930409 567.92857142857156 -1.4999999999999998 29.40862422997947 -0.3151699155569076
decision_type=8 10 10 10 8 2 10 10 8 8 10 10 10
left_child=2 12 4 10 5 -1 -6 8 -3 -9 -4 -5 -2
right_child=1 7 3 11 6 -7 -8 9 -10 -11 -12 -13 -14
leaf_value=0.0082100484641432474 -0.026468607574680406 -0.009758501441316781 0.021301327112865184 -0.015033292029779601 -0.0011793572778862394 -0.011297366517287835 -0.020082770168864086 -0.0064660870208665192 0.0019196180068137792 0.012902099879735148 0.0097404593913795814 0.0025772468484215978 -0.012440504341550402
leaf_weight=152.85164554417133 18.750990215688944 157.65646389499307 49.177699603140354 13.698105402290823 113.42310387641191 25.534530468285084 25.393930278718472 24.213153079152107 110.798144813627 46.266228057444096 102.79439073801041 16.8341965675354 34.289937164634466
leaf_count=809 86 1050 258 117 604 234 159 222 715 351 1155 163 210
internal_value=0.000390471 -0.00470931 0.0043962 0.0103914 0.000918753 0.00535916 -0.00477058 -0.00260297 -0.00494198 0.00622282 0.0136094 -0.00548637 -0.0178347
internal_weight=891.683 391.975 499.708 182.504 317.203 178.386 138.817 338.934 268.455 70.4794 151.972 30.5323 53.0409
internal_count=6133 2634 3499 1693 1806 1043 763 2338 1765 573 1413 280 296
is_linear=0
shrinkage=0.04


Tree=93
num_leaves=12
num_cat=0
split_feature=99 2 179 86 39 2 38 36 39 138 2
split_gain=9.61737 8.16311 7.57254 7.45725 4.91006 3.94037 3.3417 3.26135 3.45269 2.79296 0.946427
threshold=1.0000000180025095e-35 2.3367556468172475 0.43650793650793657 4.5000000000000009 1.0000000180025095e-35 6.3477070499657779 0.39255228208757648 0.22466921960675471 -0.12494396619629237 0.46018037918931015 -2.8733744010951408
decision_type=2 10 10 10 2 10 2 2 2 8 10
left_child=1 2 3 -1 5 -3 -4 10 -9 -6 -2
right_child=7 4 6 -5 9 -7 -8 8 -10 -11 -12
leaf_value=0.014554391672263793 -0.012104256395200066 -0.016712567359122268 0.01829499889725594 -0.00095209234993852529 -0.0088104442799654421 -0.0013576404162011539 0.0030773149167595422 0.010706848656433534 -0.017289812603948185 0.0080058866638599256 -0.025446457666941317
leaf_weight=55.62781410291791 17.464222460985184 76.287747669965029 65.865816097706556 399.28174847736955 23.327784042805433 41.627744290977716 36.508781503885984 13.502368398010733 12.696372609585522 43.978125158697367 28.364650536328554
leaf_count=224 142 586 621 2850 244 279 389 128 134 300 236
internal_value=-0.000583961 0.00077473 0.00319517 0.000967469 -0.00647508 -0.0113656 0.0129697 -0.0144364 -0.00292414 0.00210452 -0.0207718
internal_weight=814.533 742.506 557.284 454.91 185.221 117.915 102.375 72.0276 26.1987 67.3059 45.8289
internal_count=6133 5493 4084 3074 1409 865 1010 640 262 544 378
is_linear=0
shrinkage=0.04


Tree=94
num_leaves=13
num_cat=0
split_feature=171 160 128 153 20 123 92 158 140 158 141 131
split_gain=20.4775 5.84297 6.1769 5.1117 3.69974 3.28774 2.42575 3.4406 2.36791 1.92497 0.915812 0.687014
threshold=0.21845174973488868 -0.22955341857601166 1.0000000180025095e-35 -0.46771299824259521 1.3752311142228815 1.5000000000000002 1363.1371679517072 0.49457578057252599 0.77821026219222256 1.8384328937039911 0.44499449944994501 514.25892857142867
decision_type=8 2 2 2 10 2 2 2 8 2 8 8
left_child=5 4 3 -3 9 6 7 -1 -4 -2 -6 -8
right_child=1 2 8 -5 10 -7 11 -9 -10 -11 -12 -13
leaf_value=-0.011259534372206574 -0.0077631648455591994 0.021641630197448074 0.011198781507088947 0.0037199253132176066 0.023611335950817495 0.010069790303128072 -0.0080316362506311773 0.011060371970011902 0.030840354462321595 0.011296599206722085 0.0038913505361224429 -0.024490145996417318
leaf_weight=136.40576358139515 83.553824005648494 27.704500276595354 20.734829314053059 238.62310362234712 7.7315071001648876 10.819967193529008 6.718920746818184 11.13972640223801 22.356408677995205 8.4604194834828359 7.9631784036755571 26.674575760960579
leaf_count=1394 1224 155 211 1301 127 199 191 190 257 133 134 617
internal_value=0.000233227 0.00520851 0.00799667 0.00566568 -0.0027826 -0.0105499 -0.0118425 -0.0094978 0.0219028 -0.00588657 0.014558 -0.0215666
internal_weight=608.887 417.128 309.419 266.328 107.709 191.759 180.939 147.545 43.0912 92.0142 15.6947 33.3935
internal_count=6133 3542 1924 1456 1618 2591 2392 1584 468 1357 261 808
is_linear=0
shrinkage=0.04


Tree=95
num_leaves=13
num_cat=0
split_feature=173 86 130 131 49 131 58 55 157 76 89 108
split_gain=10.7186 6.41185 6.20092 4.65022 5.73741 3.90516 4.39907 3.71806 3.15598 2.96455 2.83899 1.27427
threshold=0.84807692307692317 4.5000000000000009 0.34166666666666673 652.83333333333337 7.5000000000000009 563.44957983193297 570.50000000000011 0.17902930402930409 -0.090727483298789477 1.5000000000000002 267.50000000000006 -0.3151699155569076
decision_type=8 10 10 10 8 8 10 10 2 2 10 10
left_child=2 11 3 4 -1 6 -3 -7 -5 -4 -11 -2
right_child=1 5 9 8 -6 7 -8 -9 -10 10 -12 -13
leaf_value=0.0053026037511059729 -0.026039077215438858 -0.0035178501931779943 0.0064926110762036438 0.01705299033475724 -0.010085225769062298 -0.003786923084221583 -0.022026581181596349 0.0063193287671859423 0.0059059103511519134 -0.024886954983089571 -0.0043215199410018036 -0.012160879917720588
leaf_weight=225.21934401243925 18.394740290939808 67.400473516434431 16.734683230519295 77.525562196969986 45.765017211437225 146.90780113264918 29.10122611746192 95.061056330800056 89.264211393892765 17.65770535171032 27.262547560036182 34.115511182695627
leaf_count=1254 86 653 131 662 249 877 226 582 821 67 315 210
internal_value=0.00037244 -0.00457875 0.0042539 0.00593039 0.00266896 -0.0025296 -0.00928855 0.000184904 0.0111699 -0.00752257 -0.0128151 -0.0174557
internal_weight=890.41 390.981 499.429 437.774 270.984 338.471 96.5017 241.969 166.79 61.6549 44.9203 52.5103
internal_count=6133 2634 3499 2986 1503 2338 879 1459 1483 513 382 296
is_linear=0
shrinkage=0.04


Tree=96
num_leaves=15
num_cat=0
split_feature=169 117 85 52 150 163 14 169 62 73 57 137 87 88
split_gain=8.69665 5.65184 5.27397 5.1115 4.66999 4.55371 5.03811 4.27654 3.63884 3.46737 3.22454 3.15281 3.10586 2.91818
threshold=0.30602006688963218 1.0000000180025095e-35 20.500000000000004 -0.087228260869565241 0.16904761904761909 -0.61402081528714381 0.85331729053322825 0.22401433691756276 102.6217086834734 118.50000000000001 -888.49999999999989 0.46469494861141486 0.87867647058823539 0.7947860962566845
decision_type=8 2 8 10 10 2 8 10 10 10 10 8 8 8
left_child=3 2 4 7 -2 6 -5 8 -1 -9 -7 -3 -13 -4
right_child=1 11 13 5 -6 10 -8 9 -10 -11 -12 12 -14 -15
leaf_value=-0.011033960323629851 -0.0019967805047817885 -0.0011456812269300873 0.027373668682156248 -0.0089224213407840432 0.0083659806574022007 -0.0030254808620804735 0.025720524520335658 0.025596899202621207 0.0089099620126201259 0.00076206349685068527 -0.015931423480870684 0.030353789423294013 0.010164752549685756 0.0065781034242078772
leaf_weight=42.172786086797714 316.04452138021588 16.492726355791092 16.492186821997166 14.829320114105938 88.128466662019491 45.202268924564123 10.695128764957191 16.619819134473801 21.152683492749929 18.856518674641848 104.55044852942228 21.098258092999458 31.844878520816565 31.566261757165194
leaf_count=314 2141 128 124 251 876 365 98 81 170 174 825 122 189 233
internal_value=0.000401115 0.0034328 0.00178193 -0.00535347 0.000272917 -0.00943845 0.00594052 0.00189533 -0.00430603 0.0128342 -0.012095 0.0139785 0.0186609 0.0141678
internal_weight=795.746 521.667 452.231 274.079 404.173 175.277 25.5244 98.8018 63.3255 35.4763 149.753 69.4359 52.9431 48.0584
internal_count=6091 3813 3374 2278 3017 1539 349 739 484 255 1190 439 311 357
is_linear=0
shrinkage=0.04


Tree=97
num_leaves=13
num_cat=0
split_feature=54 178 126 2 144 68 67 129 47 139 147 71
split_gain=11.8973 6.55595 4.16008 4.22051 4.0917 5.79919 4.27936 3.35074 2.99938 2.72482 1.33706 1.26159
threshold=0.1475641025641026 0.15587044534412958 1.0000000180025095e-35 -5.7754962354551678 0.71490147783251246 35.089664613278579 31.905544147843944 0.27681992337164757 15.260242797562229 4.2971534685793946 20.970575866512927 18.500000000000004
decision_type=8 10 2 10 10 10 10 10 8 10 10 10
left_child=1 2 3 -1 5 6 -2 9 11 -3 -4 -6
right_child=4 7 10 -5 8 -7 -8 -9 -10 -11 -12 -13
leaf_value=0.0066838606719037035 0.0086288495713083922 -0.0032358953658450729 -0.019842583635200285 -0.008777855986232529 0.012259120103758809 0.027964299612546605 -0.0066128044460669975 0.021473644978227815 -0.015032286306710052 0.019790937751302747 -0.00050151500358360619 -0.006607311754760814
leaf_weight=32.674792923033237 137.63713595271111 56.451576754450798 58.464979257434607 176.635717920959 13.694956351071598 19.575049635022879 36.483686201274395 13.25649545714259 23.572181414812803 8.5950354244559986 6.6213013529777518 8.2731937840580922
leaf_count=271 799 854 978 1651 251 207 279 172 199 111 165 154
internal_value=-0.00157613 -0.00624207 -0.00915023 -0.00633436 0.00529177 0.00782643 0.00540431 0.00391065 -0.00538242 3.00917e-05 -0.0179426 0.00508863
internal_weight=591.936 352.7 274.397 209.311 239.236 193.696 174.121 78.3031 45.5403 65.0466 65.0863 21.9682
internal_count=6091 4202 3065 1922 1889 1285 1078 1137 604 965 1143 405
is_linear=0
shrinkage=0.04


Tree=98
num_leaves=15
num_cat=0
split_feature=131 53 107 163 51 176 52 52 67 63 169 40 107 21
split_gain=9.7384 8.66301 6.57738 5.94638 7.57117 5.01711 4.92508 4.78363 4.00939 4.29622 3.72385 2.96991 3.10599 2.8886
threshold=563.44957983193297 -0.30744092508798387 0.028571428571428529 -0.29742840841826546 -2.4999999999999996 1.0000000180025095e-35 -0.15967032967032965 -0.052506265664160438 29.073237508555788 288.66353961720102 0.21980676328502416 0.041188142267476725 -0.03616069842540142 -0.14365079365079361
decision_type=10 10 8 2 10 8 8 10 8 2 10 2 10 10
left_child=1 11 5 13 -5 6 -2 -7 9 -4 -10 12 -1 -3
right_child=2 3 8 4 -6 7 -8 -9 10 -11 -12 -13 -14 -15
leaf_value=-0.027272167806008621 0.0010015190079746444 -0.019330627572084438 -0.0024051595392794107 0.014048488089875322 -0.0010520351551271923 -0.012461294105969649 0.020742118090179971 0.00750762655480964 0.018430915564611537 -0.027115110813247693 -0.0023726777105754051 -0.0042681584212194441 -0.0082091453244755239 -0.0027415986754321148
leaf_weight=32.887849532067776 27.310797072947025 33.451288215816021 35.493578866124153 64.103458240628242 287.22835333272815 21.900755167007446 80.60209034755826 117.70511463284492 19.783649578690529 15.790458999574183 39.840360410511494 34.575463566929102 25.548553142696619 34.149523567408323
leaf_count=149 255 204 313 296 1255 210 801 1168 152 75 368 213 157 475
internal_value=0.00070344 -0.00283253 0.00575329 -0.00036423 0.00172956 0.00937062 0.0158196 0.00429442 -0.00231339 -0.0104248 0.00468726 -0.0138065 -0.0192498 -0.0111417
internal_weight=870.371 511.944 358.427 418.933 351.332 247.519 107.913 139.606 110.908 51.284 59.624 93.0119 58.4364 67.6008
internal_count=6091 2749 3342 2230 1551 2434 1056 1378 908 388 520 519 306 679
is_linear=0
shrinkage=0.04


Tree=99
num_leaves=11
num_cat=0
split_feature=179 99 50 133 62 63 144 132 42 151
split_gain=7.75606 7.48243 5.73058 6.4432 5.9177 4.64286 2.85304 2.94665 1.8879 1.63
threshold=0.60769230769230786 1.0000000180025095e-35 6.5000000000000009 5.0888121646960522 -191.45988835725674 257.60153459044733 0.97259759759759767 622.18518518518533 0.074730734222433634 0.05634920634920635
decision_type=10 2 8 8 10 2 8 10 2 10
left_child=1 2 3 -1 -4 9 7 8 -2 -3
right_child=6 5 4 -5 -6 -7 -8 -9 -10 -11
leaf_value=-0.0050487861363028184 0.016453088061158926 -0.022011434510556139 0.02837042486897989 0.0037186748033383736 0.0041100032187556968 0.0071370568712404263 0.022728465432418198 -0.0081015971972124359 -0.0018491100519225855 -0.0055196354869679115
leaf_weight=304.85865661129355 33.716497406363487 43.170389909297228 19.682336889207363 237.70369781926274 75.875041350722313 13.715157601982353 25.412630125880241 15.170918416231869 11.673695411533116 13.742138903588055
leaf_count=2864 328 343 110 1072 556 81 216 167 142 212
internal_value=0.000395408 -0.000984057 0.000388299 -0.00120419 0.0093698 -0.0132435 0.011671 0.00670469 0.0117645 -0.0182279
internal_weight=794.721 708.747 638.12 542.562 95.5574 70.6277 85.9737 60.5611 45.3902 56.9125
internal_count=6091 5238 4602 3936 666 636 853 637 470 555
is_linear=0
shrinkage=0.04


Tree=100
num_leaves=13
num_cat=0
split_feature=169 86 179 0 63 39 178 1 85 144 131 36
split_gain=9.96071 8.35595 6.04616 6.66147 4.76485 6.801 3.79331 5.322 3.2082 2.33767 2.33458 1.84165
threshold=0.46410256410256417 8.5000000000000018 0.36931818181818188 5.5000000000000009 659.24345258737367 -0.098886020518549125 0.14642857142857144 20.500000000000004 10.500000000000002 0.43826219512195125 733.08333333333337 0.20428118551876931
decision_type=10 8 10 8 2 2 10 8 10 8 8 2
left_child=1 2 3 -1 5 -3 7 9 11 -2 -4 -8
right_child=6 4 10 -5 -6 -7 8 -9 -10 -11 -12 -13
leaf_value=0.016612118870103082 -0.00052034745141727931 0.0060477256906407532 0.0044786601430870107 -0.003838423704544507 -0.02524833246411971 -0.0071204477342597262 0.0065011798199768288 0.0027639376091849834 0.018929441227695746 -0.018957939008427259 -0.021017871505960614 -0.018931247198647777
leaf_weight=107.66553831100464 12.772781539708374 109.70200537703931 9.2644109353423136 32.670019770041108 13.200296647846697 143.77373521402478 7.4110479187220397 27.597002565860748 11.300423089414833 93.396257426589727 12.567691700533031 9.138258593156932
leaf_count=814 211 1234 174 195 65 1325 133 190 191 1299 120 140
internal_value=-0.00153054 0.00165837 0.00879299 0.0118436 -0.00268942 -0.00141215 -0.0099627 -0.0127457 0.00331344 -0.016784 -0.0103886 -0.00770675
internal_weight=590.459 428.844 162.168 140.336 266.676 253.476 161.616 133.766 27.8497 106.169 21.8321 16.5493
internal_count=6091 3927 1303 1009 2624 2559 2164 1700 464 1510 294 273
is_linear=0
shrinkage=0.04


Tree=101
num_leaves=14
num_cat=0
split_feature=131 170 86 91 87 82 145 63 89 170 89 2 67
split_gain=9.18077 8.29608 5.44105 5.09161 4.7068 4.60527 4.1292 4.8264 4.11281 2.80775 2.80654 2.69179 2.28136
threshold=563.44957983193297 0.65258620689655189 14.500000000000002 1146.4541375027063 0.76043478260869579 0.22401433691756276 1.12449821587868 329.71310707577862 139.50000000000003 0.21583850931677021 462.50000000000006 -5.9479808350444889 30.613278576317594
decision_type=10 8 10 2 8 10 10 2 8 8 10 8 10
left_child=1 2 5 -4 9 -1 11 -8 -3 -2 -10 -6 -11
right_child=4 8 3 -5 6 -7 7 -9 10 12 -12 -13 -14
leaf_value=-0.0011862329422058237 0.0072251597695211205 0.0015441244124673309 0.011815596408665465 -0.0051311231755119483 -0.00072882799785547103 -0.014237783885619942 0.0050946487901302054 -0.020970198274719586 -0.026360648280811284 -0.022210546951464377 -0.0085052495309906623 0.011238367426274818 -0.0018536971069614233
leaf_weight=250.59081713482738 17.939303703606129 19.388534113764763 86.711047641932964 41.038426715880632 34.354748658835888 51.457682460546494 37.297098148614168 15.153585396707056 36.673455525189638 16.464305005967617 25.279310762882233 218.36406331136823 18.648917909711599
leaf_count=1180 156 68 337 400 378 339 403 74 176 139 249 2023 169
internal_value=0.000676292 -0.00276057 -0.000526169 0.0063585 0.00557988 -0.00345597 0.00749223 -0.0026498 -0.0143929 -0.00531845 -0.0193575 0.0096072 -0.011805
internal_weight=869.361 511.139 429.798 127.749 358.222 302.048 305.169 52.4507 81.3413 53.0525 61.9528 252.719 35.1132
internal_count=6091 2749 2256 737 3342 1519 2878 477 493 464 425 2401 308
is_linear=0
shrinkage=0.04


Tree=102
num_leaves=13
num_cat=0
split_feature=177 179 99 52 108 107 108 33 54 15 84 108
split_gain=7.94366 8.81371 7.37709 5.06373 4.84773 3.37797 2.88173 3.0155 2.65329 2.58469 2.14378 1.67509
threshold=0.32291666666666669 0.37980769230769235 1.0000000180025095e-35 -0.16609195402298846 -0.41121476888656611 -0.017857142857142846 -0.096120037138462053 16.863923513203552 -0.38191721132897594 -1.8291889146199618 1507.8288938097103 0.021342192776501182
decision_type=8 10 2 10 10 8 10 8 8 10 2 8
left_child=4 2 3 -2 -1 9 10 -8 -7 -6 -3 -4
right_child=1 6 11 -5 5 8 7 -9 -10 -11 -12 -13
leaf_value=0.012670445265893926 0.01006955316080145 -0.0059043902780827242 -0.007332838615491593 -0.00035518289142800363 -0.026741609278315006 0.011392357278023877 0.0087607594905169447 0.02466411913060132 -0.0067455766015361972 -0.0079293506012068898 0.01471010609530601 -0.024042529088580202
leaf_weight=18.735274754464626 94.638739433139563 18.950278431177143 21.573631789535284 336.37758063897491 22.965454638004303 13.335044402629135 40.273107100278139 39.540440626442432 129.74964597448707 25.975137908011675 12.530699893832205 19.247631411999464
leaf_count=163 444 129 148 2048 154 150 567 158 1455 437 130 108
internal_value=0.000385222 0.0027932 0.000390992 0.00194717 -0.00624945 -0.00816184 0.0128655 0.0168719 -0.00497396 -0.0171558 0.0024397 -0.0156459
internal_weight=793.893 583.132 471.838 431.016 210.761 192.025 111.295 79.8135 143.085 48.9406 31.481 40.8213
internal_count=6091 3732 2748 2492 2359 2196 984 725 1605 591 259 256
is_linear=0
shrinkage=0.04


Tree=103
num_leaves=14
num_cat=0
split_feature=54 178 160 121 68 126 86 49 161 42 167 108 131
split_gain=10.8645 6.06523 4.82975 4.81917 4.08037 3.94417 4.18264 2.33849 2.42504 2.20318 2.03154 1.90983 2.27053
threshold=0.1475641025641026 0.15587044534412958 -0.27057959323794528 1.5000000000000002 32.128678986995219 1.0000000180025095e-35 8.5000000000000018 -2.4999999999999996 -0.31488267693618177 0.10037922878836671 -0.044279915279150685 0.23014070093631747 861.33333333333337
decision_type=8 10 2 2 10 2 10 10 2 2 2 10 8
left_child=1 5 11 4 -4 6 -1 10 -9 -7 -3 12 -2
right_child=2 7 3 -5 -6 9 -8 8 -10 -11 -12 -13 -14
leaf_value=0.0013541371461371955 -0.00047682709655806946 0.0054502159229443811 0.007158944814806144 -0.009597188864424424 0.022588451677021028 -0.02041709851728836 -0.010368535095669389 -0.0057591731909830361 0.014496821310578776 0.00078413019052846243 -0.01437768391141671 0.0086344936772918875 -0.017892412542912892
leaf_weight=76.333986897021532 27.329780030995607 15.42374884709716 123.28196240961552 20.258430097252131 35.279627341777086 54.744520537555218 131.17930142022669 11.999974401667712 35.332765158265829 8.8322768677026016 15.676532829180358 12.739085663110016 20.749354291707277
leaf_count=644 499 238 616 191 266 964 1278 152 530 179 217 184 133
internal_value=-0.00147663 -0.00597003 0.00506644 0.00837063 0.0107246 -0.00879935 -0.00606093 0.00377152 0.00930716 -0.0174743 -0.00461856 -0.00459455 -0.00824499
internal_weight=589.161 349.523 239.638 178.82 158.562 271.09 207.513 78.433 47.3327 63.5768 31.1003 60.8182 48.0791
internal_count=6091 4202 1889 1073 882 3065 1922 1137 682 1143 455 816 632
is_linear=0
shrinkage=0.04


Tree=104
num_leaves=13
num_cat=0
split_feature=107 170 2 82 1 161 173 171 57 145 164 72
split_gain=8.41828 6.20582 5.60372 4.95535 4.89406 4.1975 4.03181 3.65438 3.2253 2.97302 3.80248 1.50665
threshold=-0.057700901189143054 0.47809523809523813 3.9192334017796022 0.30495169082125612 -1.0000000180025095e-35 0.0064623065554563286 0.71869565217391307 0.37715517241379315 545.50000000000011 0.94546109333842943 -0.070499705109453678 55.500000000000007
decision_type=10 8 10 10 10 2 10 8 8 8 2 8
left_child=1 2 7 4 5 -2 -6 -1 -3 11 -11 -5
right_child=3 8 -4 9 6 -7 -8 -9 -10 10 -12 -13
leaf_value=-0.010956182799365524 0.012432969611761231 -0.0046448361213424624 0.014836732013326704 -0.0023501525793893025 0.0075626068976827115 5.5222045177555647e-05 -0.0016517625365678513 0.0032225090279241627 -0.022793164121661946 0.0023247214427765152 -0.019878611602486541 0.01436040197654225
leaf_weight=70.793983660638332 156.84970290958881 26.006483089178801 26.327211424708366 29.021732453256845 111.25365206971765 61.152268841862679 233.71244226396084 47.979977831244469 42.311910707503557 18.815510552376509 33.063932504504919 11.090310040861366
leaf_count=334 980 148 121 399 809 641 1755 215 207 118 211 153
internal_value=0.000647867 -0.00623058 -0.00150104 0.00289835 0.00430736 0.0089861 0.00132742 -0.00523277 -0.0160802 -0.00565656 -0.0118965 0.00245831
internal_weight=868.379 213.42 145.101 654.96 562.968 218.002 344.966 118.774 68.3184 91.9915 51.8794 40.112
internal_count=6091 1025 670 5066 4185 1621 2564 549 355 881 329 552
is_linear=0
shrinkage=0.04


Tree=105
num_leaves=12
num_cat=0
split_feature=171 59 82 174 107 79 38 132 107 135 139
split_gain=7.5598 6.13346 5.75984 6.1537 7.36995 6.15301 3.97584 3.87824 3.20974 2.55541 2.16148
threshold=0.38348416289592763 3.5000000000000004 0.22401433691756276 0.77598566308243744 0.036596934507210584 0.67708333333333337 0.97298136701190319 553.45000000000016 0.019087677750813773 3.0170723693892554 2.5006041565973907
decision_type=10 8 10 8 8 8 2 8 10 8 10
left_child=2 7 3 4 -1 10 -5 9 -9 -2 -4
right_child=1 -3 5 6 -6 -7 -8 8 -10 -11 -12
leaf_value=-0.0098927622393118649 -0.0076304969772819174 0.0107073974075213 0.0066629108704193887 0.006625596488011966 0.0074933543560049692 0.02233196290555798 -0.0069314035910986917 -0.0141074483375941 -0.00093933415756868423 0.01280771730239319 -0.012098760675891241
leaf_weight=128.56353502720594 17.435168508440256 30.531924020498991 39.426867965608835 243.34275040403008 54.836883317679167 45.10164887085557 39.348098751157522 122.90341201424599 39.553974073380232 19.84029845893383 11.959486957639454
leaf_count=1008 285 156 567 1529 317 204 316 976 349 207 177
internal_value=0.000370144 -0.00571718 0.00287097 0.0010146 -0.00467101 0.0117154 0.00471375 -0.0082787 -0.010939 0.00324613 0.0021106
internal_weight=792.844 230.265 562.579 466.091 183.4 96.488 282.691 199.733 162.457 37.2755 51.3864
internal_count=6091 1973 4118 3170 1325 948 1845 1817 1325 492 744
is_linear=0
shrinkage=0.04


Tree=106
num_leaves=15
num_cat=0
split_feature=53 160 38 68 178 52 144 178 49 176 120 7 174 52
split_gain=10.8199 5.48499 5.33182 6.06663 3.86085 6.07458 4.95119 3.42076 3.31552 4.09167 2.83578 2.17328 1.94001 1.46711
threshold=0.023809523809523826 -0.2662800899806444 1.6026069543216488 32.517453798767974 0.14642857142857144 0.22231512448903759 0.25462962962962971 0.4188596491228071 -1.4999999999999998 1.0000000180025095e-35 1.0000000180025095e-35 -0.066666666666666666 0.73431372549019625 0.027826171118854052
decision_type=10 2 2 10 10 10 10 10 10 10 8 10 10 10
left_child=1 7 3 -3 5 12 -7 10 11 -10 -1 -6 -2 -9
right_child=4 2 -4 -5 8 6 -8 13 9 -11 -12 -13 -14 -15
leaf_value=0.0088792473533840371 -0.0085002185192274201 0.00093115932372996024 0.023835195410927896 0.016948553814567235 -0.016183553316859913 0.019755064993414045 -0.01248993938908767 0.020409381618732274 -0.0016148287741399629 0.029256187825705042 -0.012599272491157798 0.0056584965104847862 -0.017870540879724311 -0.0026291946661369469
leaf_weight=10.833072533830999 66.137731270864606 191.05285084247589 23.367541544139385 46.317598965018988 18.19997833296657 16.480371009558443 12.536204623058437 9.102792717516424 16.273467876017097 10.627418393269179 61.102180764079094 10.918316157534717 87.51135721616447 7.2586026266217223
leaf_count=136 787 1129 223 419 182 97 202 150 244 146 946 230 1078 122
internal_value=-0.00141743 0.00306457 0.00598156 0.00412298 -0.00796536 -0.0107705 0.00580544 -0.00549735 0.00117498 0.0111208 -0.00925991 -0.00801121 -0.0139311 0.0105106
internal_weight=587.719 349.035 260.738 237.37 238.685 182.666 29.0166 88.2966 56.0192 26.9009 71.9353 29.1183 153.649 16.3614
internal_count=6091 3125 1771 1548 2966 2164 299 1354 802 390 1082 412 1865 272
is_linear=0
shrinkage=0.04


Tree=107
num_leaves=13
num_cat=0
split_feature=131 54 107 176 173 52 52 49 2 20 138 2
split_gain=8.24421 5.96527 5.95776 4.80197 4.56213 4.53602 4.47023 4.2388 3.83621 4.92693 2.87068 1.2973
threshold=563.44957983193297 0.54151002506265677 0.028571428571428529 1.0000000180025095e-35 0.78019323671497598 -0.14987922705314008 -0.052506265664160438 7.5000000000000009 4.3956194387405896 -1.3516265913344201 0.37262028953677778 -5.3388090349075989
decision_type=10 8 8 8 8 8 10 10 8 10 8 10
left_child=1 4 3 5 7 -2 -5 -1 9 -4 -6 -3
right_child=2 11 8 6 10 -7 -8 -9 -10 -11 -12 -13
leaf_value=0.0060937400318775946 0.0016605654957863036 -0.023397236640149012 -0.015557904154617752 -0.012451247845960972 -0.017166103079512444 0.020077464675155979 0.0068614095446229819 -0.0089950945675617653 0.01163906385784942 0.0032484144440854978 -0.0032676752643290442 -0.0091926454412846886
leaf_weight=161.56606777012348 29.988656606525183 21.496043000370264 44.058620043098927 21.873551115393639 25.62490276247263 77.686396300792694 117.54090843349695 35.457229569554329 23.354308374226093 43.264353074133396 241.06796263158321 24.209713321179152
leaf_count=779 280 112 169 210 191 776 1168 164 147 592 1365 138
internal_value=0.00062041 -0.00264376 0.00526824 0.00871393 -0.00126388 0.015029 0.00374999 0.00333647 -0.0024156 -0.00628635 -0.0046697 -0.016274
internal_weight=867.189 509.422 357.767 247.09 463.716 107.675 139.414 197.023 110.677 87.323 266.693 45.7058
internal_count=6091 2749 3342 2434 2499 1056 1378 943 908 761 1556 250
is_linear=0
shrinkage=0.04


Tree=108
num_leaves=11
num_cat=0
split_feature=171 59 174 62 40 67 68 79 52 160
split_gain=8.45881 7.14386 5.81871 7.42746 4.61 4.70067 4.47712 4.04832 4.49952 3.82012
threshold=0.22401433691756276 4.5000000000000009 0.88548951048951052 2.1333333333333262 1.4709580160390576 24.561259411362084 31.4839151266256 0.21807065217391305 0.10437171524128054 -0.22955341857601166
decision_type=10 8 10 10 2 10 8 10 8 2
left_child=2 7 4 -4 5 -1 -5 9 -9 -2
right_child=1 -3 3 6 -6 -7 -8 8 -10 -11
leaf_value=0.014433395756158094 -1.3993650270169569e-05 0.013888048412881857 0.027126584100471085 -0.00098721291289291741 0.018817540724105533 -0.0022280686058505092 0.017031818893698102 0.007623213545169461 -0.011058934715275501 -0.010572222300449028
leaf_weight=29.997086763381958 77.271121997386217 33.968329098075628 35.593157265335321 58.754408549517393 21.437485888600349 213.98617314919829 34.051418125629425 67.349845852702856 28.518701035529375 191.06212086603045
leaf_count=142 920 154 215 401 209 1537 289 725 292 1208
internal_value=0.000718644 -0.00338547 0.00487122 0.0118289 0.00146613 -0.000120868 0.00571392 -0.00503562 0.00198826 -0.00755057
internal_weight=791.99 398.17 393.82 128.399 265.421 243.983 92.8058 364.202 95.8685 268.333
internal_count=6092 3299 2793 905 1888 1679 690 3145 1017 2128
is_linear=0
shrinkage=0.04


Tree=109
num_leaves=15
num_cat=0
split_feature=171 160 180 1 62 134 178 171 62 120 140 33 19 181
split_gain=11.7049 6.94386 6.1363 6.31225 5.49479 4.76069 3.21382 3.17365 3.17801 2.41157 1.54516 1.31655 1.31032 1.28533
threshold=0.22401433691756276 -0.22165589003413955 0.27922077922077926 1.0000000180025095e-35 -188.065873015873 2.7042976260081173 0.21825396825396828 0.075498575498575513 -12.132631257631244 1.0000000180025095e-35 0.8082623991637915 11.428894853079887 0.19022289766970621 1.0000000180025095e-35
decision_type=8 2 10 8 10 10 10 10 10 8 8 8 8 8
left_child=4 6 3 -3 5 -1 9 13 -9 -2 -4 -8 -7 -6
right_child=1 2 10 -5 7 12 11 8 -10 -11 -12 -13 -14 -15
leaf_value=0.01556563319069053 0.0069930623223426669 -0.0040722746700831616 0.013194108292528168 0.009292780298562734 -0.0081507326630811186 0.00074080775516598683 0.00023992399126634975 -0.017991123489122178 -0.0022315220261635072 -0.013714019142330218 0.031133415031204974 0.018093064718826591 -0.02343669507739048 -0.022726465585874902
leaf_weight=24.901687894016504 9.9886193908750993 83.221898850053549 18.797902934253216 171.26251907646656 15.304506359621881 5.9090104103088379 32.561840109527111 28.31463834643364 70.299820872023702 53.70764453522861 17.169004406780005 7.3784796744585028 7.3521863687783462 40.366193311288953
leaf_count=203 122 597 169 848 293 164 593 385 956 757 194 121 111 579
internal_value=4.07878e-05 0.00399134 0.00715969 0.00491546 -0.00801747 0.00542725 -0.00485273 -0.0113695 -0.00691175 -0.010378 0.0224222 0.0039483 -0.0132268 -0.0189693
internal_weight=586.536 394.088 290.451 254.484 192.448 38.1629 103.637 154.285 98.6145 63.6963 35.9669 39.9403 13.2612 55.6707
internal_count=6092 3401 1808 1445 2691 478 1593 2213 1341 879 363 714 275 872
is_linear=0
shrinkage=0.04


Tree=110
num_leaves=11
num_cat=0
split_feature=86 174 136 170 2 68 134 1 143 171
split_gain=11.5032 6.98096 5.97816 5.75957 7.30741 4.59309 5.91278 3.75119 3.13346 2.99916
threshold=4.5000000000000009 0.86515151515151534 4.9569159380462846 0.095695970695970703 4.6338124572210821 29.433264887063661 4.7742010554202023 5.5000000000000009 0.30384615384615393 0.28759398496240607
decision_type=10 10 8 10 8 8 8 8 10 10
left_child=2 3 9 8 -5 7 -7 -3 -2 -1
right_child=1 5 -4 4 -6 6 -8 -9 -10 -11
leaf_value=0.010571930718742569 0.025708319896814723 0.0065720665529334565 -0.023328606396738113 -8.1564311484635089e-05 0.01380898329420948 -0.0022112885310291482 -0.018333849885174038 -0.0073485070894057812 0.0059308439283026915 -0.014161502518893563
leaf_weight=16.204579636454586 25.861431911587715 79.747150514274836 50.226777046918869 382.40517985075712 70.941764302551746 86.942734096199274 62.414193727076054 49.198692742735147 26.63457577675581 13.405536521226166
leaf_count=161 113 551 197 2751 437 907 333 254 264 124
internal_value=-0.000688848 0.000788804 -0.0150571 0.00358815 0.0021133 -0.00428676 -0.00903911 0.00122967 0.0160098 -0.000657247
internal_weight=863.983 784.146 79.8369 505.843 453.347 278.303 149.357 128.946 52.496 29.6101
internal_count=6092 5610 482 3565 3188 2045 1240 805 377 285
is_linear=0
shrinkage=0.04


Tree=111
num_leaves=15
num_cat=0
split_feature=171 174 43 68 80 40 133 54 2 58 87 86 58 31
split_gain=7.8615 5.39955 7.03346 8.91141 6.30011 4.97872 4.60579 5.57489 4.58685 3.79174 3.66041 2.40024 1.87841 0.696281
threshold=0.22401433691756276 0.86515151515151534 -0.01634205649781573 26.8186173853525 0.31698564593301443 0.72777269336554562 2.1230772371416036 0.54151002506265677 2.2765229295003437 744.50000000000011 0.86515151515151534 10.500000000000002 532.50000000000011 -251.36706349206347
decision_type=10 8 2 8 8 2 8 8 8 8 10 10 8 10
left_child=1 5 3 -3 -4 9 10 8 -8 -1 11 -2 -7 -12
right_child=6 2 4 -5 -6 12 7 -9 -10 -11 13 -13 -14 -15
leaf_value=0.0006432844832690908 0.0088417189938388933 -0.021368170365188354 0.0029531350991096701 0.0089914035503131633 0.025257806234038283 0.0063592740503249437 -0.00018135780434997193 0.015922190953311984 -0.011173742179945012 -0.013888367302264774 -0.029038857290368675 -0.014567346251577039 0.02526303444987759 -0.013354780384801566
leaf_weight=152.22939178347588 12.979242820292713 19.666796237230301 31.409211400896311 60.451650749891996 58.814789105206728 23.312755133956671 236.23454791307449 25.955880116671324 80.953411135822535 34.330530274659395 17.358843404799703 13.03038553893566 13.498111210763453 10.657116081565617
leaf_count=1072 122 102 284 432 301 244 1918 178 656 246 94 142 112 189
internal_value=0.000690824 0.00469249 0.010035 0.00134279 0.0176324 0.000582805 -0.00327282 -0.00153876 -0.00301944 -0.00207994 -0.0140223 -0.00291692 0.0138288 -0.0238075
internal_weight=790.883 393.713 170.342 80.1184 90.224 223.371 397.169 343.144 317.188 186.56 54.0256 26.0096 36.8109 28.016
internal_count=6092 2793 1119 534 585 1674 3299 2752 2574 1318 547 264 356 283
is_linear=0
shrinkage=0.04


Tree=112
num_leaves=14
num_cat=0
split_feature=54 142 178 58 144 180 21 154 171 86 170 58 2
split_gain=13.0573 7.23364 6.6367 7.5103 5.89971 3.75501 3.64912 1.90454 1.6709 1.66242 1.6129 1.52956 1.09747
threshold=-0.1996240601503759 0.34428879310344834 0.17156862745098042 664.50000000000011 0.41801075268817212 0.15587044534412958 0.022222222222222216 -0.22852666436103128 0.41421568627450983 9.5000000000000018 0.1941930618401207 -12.499999999999998 -5.3388090349075989
decision_type=8 8 8 10 8 10 8 2 10 10 10 10 8
left_child=5 6 3 -3 -4 9 8 -8 -2 11 -7 -1 -11
right_child=1 2 4 -5 -6 10 7 -9 -10 12 -12 -13 -14
leaf_value=-0.018545144167196749 -0.0057841206877471867 0.0036902360037265229 0.027701896928174322 -0.018503653461060646 0.0066331123511344783 -0.0081897403564308354 0.000172133184821746 -0.018803320934510974 0.011488691563773605 -0.0073073609172278854 0.015041638191063725 -0.0026114515040053712 -0.023579679003855696
leaf_weight=15.831995626911519 18.462960565462708 80.136278143152595 22.436510916799307 33.871746322140098 259.14479702152312 7.9748220816254642 10.50939937122166 38.138936636969447 15.560506165027617 9.7329495549201948 9.2435055766254646 24.313840124756098 40.271048748865724
leaf_count=220 431 1052 228 368 1703 162 116 452 263 130 190 249 528
internal_value=2.96895e-05 0.00286834 0.00512107 -0.00298973 0.00841105 -0.0125061 -0.00781958 -0.0147429 0.00216091 -0.0157526 0.00431311 -0.0092417 -0.020657
internal_weight=585.629 478.261 395.589 114.008 281.581 107.368 82.6718 48.6483 34.0235 90.1498 17.2183 40.1458 50.004
internal_count=6092 4613 3351 1420 1931 1479 1262 568 694 1127 352 469 658
is_linear=0
shrinkage=0.04


Tree=113
num_leaves=11
num_cat=0
split_feature=86 174 50 136 132 2 137 86 138 62
split_gain=10.8989 6.47451 5.99141 5.74586 5.41261 5.02728 4.69883 3.77179 2.48873 2.27025
threshold=4.5000000000000009 0.86515151515151534 3.5000000000000004 4.9569159380462846 657.2361111111112 4.3956194387405896 0.42083277173389816 7.5000000000000009 0.43378239438749283 132.03452380952385
decision_type=10 10 8 8 10 8 8 10 10 8
left_child=3 2 5 9 7 -2 -4 -3 -6 -1
right_child=1 4 6 -5 8 -7 -8 -9 -10 -11
leaf_value=-0.010822478797545363 0.0038428420296251499 0.0035942065386227288 0.0098770471231252842 -0.022883875391259245 0.015089929850455578 0.016454604695370668 -0.0093670660465317961 -0.0097753660658014881 -0.00064168308654830389 0.01065098486763915
leaf_weight=15.614347100257872 337.40180502459407 41.135943453758955 25.723491445183754 49.635926086455584 26.631027728319168 58.943993173539639 83.637481521815062 172.16200059279799 37.78763011097908 13.9637170098722
leaf_count=149 2413 255 231 197 269 365 556 1144 377 136
internal_value=-0.00065591 0.000778544 0.00347326 -0.0147004 -0.00411607 0.00576017 -0.00477393 -0.00718288 0.00596253 -0.000602723
internal_weight=862.637 783.423 505.707 79.214 277.717 396.346 109.361 213.298 64.4187 29.5781
internal_count=6092 5610 3565 482 2045 2778 787 1399 646 285
is_linear=0
shrinkage=0.04


Tree=114
num_leaves=14
num_cat=0
split_feature=177 179 169 89 2 120 147 90 154 107 87 35 24
split_gain=7.03238 5.52435 5.512 5.66739 5.10832 3.73594 3.07491 3.02154 2.84862 2.84743 2.66264 2.35179 1.85864
threshold=0.30217391304347835 0.14835164835164838 0.23431372549019611 660.50000000000011 1.9863107460643408 0.30384615384615393 25.35189454499416 133.50000000000003 -0.25995198218064702 -0.070611577964519098 0.84292763157894746 17.176880828271923 -83.499999999999986
decision_type=8 8 8 10 10 10 10 8 2 10 8 2 10
left_child=6 5 3 -3 -4 11 7 -1 -7 -9 -8 -2 -12
right_child=1 2 4 -5 -6 8 10 9 -10 -11 12 -13 -14
leaf_value=0.0090030915500901778 -0.016904105220810497 -0.010244639647765806 0.010042183003861734 0.012555987338943942 -0.0005991952072498532 0.017163366582098417 0.00060842899480674159 0.0086511633560131512 -0.0022145464850339661 -0.0077628399985146335 -0.029447996843107834 0.0012404689871275828 -0.0086640036223674961
leaf_weight=26.613440752029419 40.779357932507992 62.859922885894775 266.16642973944545 22.997438840568066 98.271688599139452 14.036884032189844 12.25151367112994 18.713480953127146 61.686967674642801 119.39448289945722 17.600597973912954 15.280107140541075 13.271815557032825
leaf_count=108 315 273 1535 209 552 128 144 138 583 1597 123 158 229
internal_value=0.000661204 0.00291856 0.00502673 -0.00404008 0.00717345 -0.00425345 -0.00563475 -0.00308622 0.00152834 -0.00547818 -0.0150335 -0.0119883 -0.021128
internal_weight=789.924 582.079 450.295 85.8574 364.438 131.783 207.845 164.721 75.7239 138.108 43.1239 56.0595 30.8724
internal_count=6092 3753 2569 482 2087 1184 2339 1843 711 1735 496 473 352
is_linear=0
shrinkage=0.04


Tree=115
num_leaves=13
num_cat=0
split_feature=54 133 142 0 180 50 35 67 86 108 43 2
split_gain=12.4258 8.59867 5.80108 6.11516 3.62053 3.39256 2.96473 2.74337 1.62925 2.71287 1.58666 1.08174
threshold=-0.1996240601503759 2.1230772371416036 0.3501152073732719 -7.4999999999999991 0.15587044534412958 -4.4999999999999991 1.6296774737843409 27.409993155373034 9.5000000000000018 0.047842117026448257 0.0096472310315663702 -5.3388090349075989
decision_type=8 8 8 8 10 10 2 10 10 10 2 8
left_child=4 5 7 -4 8 -2 -7 -3 9 -1 -6 -10
right_child=1 2 3 -5 10 6 -8 -9 11 -11 -12 -13
leaf_value=-0.016965571485122451 -0.00049219180084804544 -0.020465863607032019 -0.012838759113904863 0.0046520242216704965 -0.005352207996034801 0.011761185793297104 0.030806368761084148 -0.0040840132601348269 -0.0071334719002662736 0.0040727866099555246 0.018051100205753994 -0.023339855774482693
leaf_weight=24.771927159279585 16.951864685863256 23.774355184286833 34.863636057823896 293.55804838985205 10.496729595586659 35.181555805727839 22.754710491746664 51.450895555317402 9.6702611967921239 15.094092587009071 6.7688412535935631 39.562834387645125
leaf_count=294 159 270 286 2550 214 286 202 860 130 175 138 528
internal_value=2.2658e-05 0.00278 0.000451277 0.00275588 -0.0122743 0.0151341 0.019671 -0.00948818 -0.0155 -0.00904633 0.00419933 -0.0204018
internal_weight=584.9 478.535 403.647 328.422 106.365 74.8881 57.9363 75.2253 89.0991 39.866 17.2656 49.2331
internal_count=6092 4613 3966 2836 1479 647 488 1130 1127 469 352 658
is_linear=0
shrinkage=0.04


Tree=116
num_leaves=15
num_cat=0
split_feature=174 182 54 171 54 1 177 170 63 168 138 54 132 87
split_gain=7.78068 8.34716 7.04977 6.55868 4.50805 5.71802 3.55108 4.38537 3.07229 2.99385 2.94084 2.88033 2.71412 2.67119
threshold=0.86515151515151534 0.57738095238095244 0.15869200244200246 0.33712121212121215 0.12132034632034631 1.0000000180025095e-35 0.31009615384615391 0.067816091954023008 -533.969800476508 -0.0019006879910609881 0.38473490074242522 0.30580808080808086 814.13636363636374 0.81980519480519487
decision_type=8 8 8 10 10 8 10 10 2 2 8 10 8 10
left_child=4 8 3 -3 6 12 7 -1 -2 -7 -10 -4 -6 -8
right_child=1 2 11 -5 5 9 13 -9 10 -11 -12 -13 -14 -15
leaf_value=0.022837109170313702 -0.014725332497410027 -0.010193089312289525 -0.027030034906317012 0.0089699271480482567 -0.0022746802919426335 0.0012611925708382024 -0.0087099729496433846 0.0059180485656786788 0.021089726276229178 -0.012705708698113462 0.0024626142800239534 -0.0088061532167201025 0.011797342993092206 0.0040863631724475605
leaf_weight=27.45281108468771 12.818826917558907 108.22632883861661 42.972130745649338 37.73270320892334 39.988422937691212 35.269087541848421 40.528123885393143 195.4224878102541 15.10718249902129 76.809453796595335 90.777069345116615 22.772180296480656 46.322481065988541 69.161278679966927
leaf_count=180 55 602 236 163 407 363 376 1139 157 347 1009 145 245 668
internal_value=-0.000624145 -0.00543626 -0.0101824 -0.00519821 0.00237121 -0.00238648 0.00521402 0.0081037 0.00302599 -0.00832061 0.00531142 -0.0209742 0.00530339 -0.000659543
internal_weight=861.361 330.406 211.703 145.959 530.954 198.389 332.565 222.875 118.703 112.079 105.884 65.7443 86.3109 109.689
internal_count=6092 2367 1146 765 3725 1362 2363 1319 1221 710 1166 381 652 1044
is_linear=0
shrinkage=0.04


Tree=117
num_leaves=12
num_cat=0
split_feature=171 59 99 43 40 108 133 54 169 2 137
split_gain=7.09553 6.58113 5.20563 5.12589 4.67731 4.64344 4.50601 4.26176 2.0491 2.43077 1.4149
threshold=0.22401433691756276 4.5000000000000009 1.0000000180025095e-35 -0.0879389939948102 0.75068334658350133 -0.075988870114088045 1.9885919975391608 0.54151002506265677 0.56594202898550738 0.21081451060917014 0.3798734632067966
decision_type=10 8 2 2 2 10 8 10 10 10 8
left_child=2 6 3 4 -1 -5 10 -8 9 -4 -2
right_child=1 -3 8 5 -6 -7 7 -9 -10 -11 -12
leaf_value=-0.012257488323097929 -0.027105357181214915 0.013411607420124476 -0.027096721499477932 0.014946122514904585 0.012577599494979528 0.0044023059210980047 -0.0042425292050566124 0.014560981391064603 0.0028347129881268109 -0.002627303466286781 -0.011031770643786644
leaf_weight=40.081473805010319 13.753676842898129 34.058054208755493 13.01395855098963 102.83589599281549 16.234379727393389 193.60283721610904 297.78719053044915 19.606684882193804 14.528985098004339 12.921361912041901 30.531424954533577
leaf_count=334 136 154 142 589 154 1361 2551 158 103 110 300
internal_value=0.000636039 -0.00313842 0.00443806 0.00600376 -0.00496876 0.00810468 -0.00473507 -0.0030326 -0.00897851 -0.0155301 -0.0165562
internal_weight=788.956 395.737 393.219 352.755 56.3159 296.439 361.679 317.394 40.4643 25.9353 44.2851
internal_count=6092 3299 2793 2438 488 1950 3145 2709 355 252 436
is_linear=0
shrinkage=0.04


Tree=118
num_leaves=13
num_cat=0
split_feature=54 133 160 58 180 180 178 153 55 172 68 173
split_gain=11.7601 8.16481 4.92166 6.76066 3.81159 3.49727 2.73677 2.52216 1.67808 1.90221 1.37479 1.34332
threshold=-0.1996240601503759 2.6670815183571874 -0.22165589003413955 570.50000000000011 0.17156862745098042 0.15587044534412958 0.18898809523809526 -0.44098258477041069 0.15811403508771935 0.43614130434782611 28.510609171800141 0.82843137254901966
decision_type=8 8 2 10 8 10 10 2 8 10 10 10
left_child=5 4 6 -4 10 8 -3 -6 9 -1 -2 -7
right_child=1 2 3 -5 7 11 -8 -9 -10 -11 -12 -13
leaf_value=-0.026435206627372372 0.011442187319643833 -0.01203051636336247 0.0058093622517890343 -0.010454792322441597 0.023565939186556896 -0.0058693421851289933 0.0021460916099495099 0.0099045237542304959 0 -0.012460068803955601 -0.008658614843687143 0.015289243883283945
leaf_weight=24.687312169000506 6.784391392022374 71.095549719408154 205.45267430134118 49.971607742831111 35.382334411144257 9.2602693345397729 30.52121115103364 62.592400012537837 10.146706210449336 53.182910732924938 17.009766725823283 8.0256904885172826
leaf_count=345 123 1092 1336 442 221 215 590 481 123 659 328 137
internal_value=1.64284e-05 0.00268675 -0.000366546 0.00259126 0.0115857 -0.0120177 -0.00777358 0.0150466 -0.0152251 -0.017195 -0.00261631 0.00414389
internal_weight=584.113 478.81 357.041 255.424 121.769 105.303 101.617 97.9747 88.0169 77.8702 23.7942 17.286
internal_count=6092 4613 3460 1778 1153 1479 1682 702 1127 1004 451 352
is_linear=0
shrinkage=0.04


Tree=119
num_leaves=11
num_cat=0
split_feature=86 74 174 170 2 132 88 7 146 55
split_gain=9.96912 6.06289 5.76891 5.17768 6.53203 4.94034 4.77553 2.89859 1.96292 1.62127
threshold=4.5000000000000009 111.50000000000001 0.86515151515151534 0.095695970695970703 4.6338124572210821 657.2361111111112 0.92495309568480322 -0.74837662337662325 1.2349915690112445 -0.057735042735042756
decision_type=10 10 10 10 8 10 10 10 10 10
left_child=1 -1 3 7 -5 6 -4 -2 -7 -3
right_child=2 9 5 4 -6 8 -8 -9 -10 -11
leaf_value=-0.022433107409532159 0.021539346614242609 0.0094553584910185094 -0.010499898098454766 -0.00016352888446796534 0.012981674637573659 0.0090730490831647127 0.0028291367505733174 0.001396787359043446 -0.0083937124540520852 -0.0090421592678384729
leaf_weight=49.645057611167431 35.160961054265499 14.868583217263224 153.54362766817212 381.92059359326959 70.795913547277451 52.587720070034266 58.796033695340157 17.248824648559093 11.792163424193857 13.495141472667454
leaf_count=219 142 136 1006 2751 437 536 393 235 110 127
internal_value=-0.000597145 -0.0141396 0.000767833 0.003311 0.00191179 -0.0038625 -0.0068038 0.0150979 0.0057637 0.00057812
internal_weight=859.855 78.0088 781.846 505.126 452.717 276.72 212.34 52.4098 64.3799 28.3637
internal_count=6092 482 5610 3565 3188 2045 1399 377 646 263
is_linear=0
shrinkage=0.04


Tree=120
num_leaves=11
num_cat=0
split_feature=171 59 133 38 79 130 43 52 0 136
split_gain=5.99728 5.13992 5.22353 4.38806 4.25675 4.17972 5.1622 2.56585 2.36536 1.83691
threshold=0.22401433691756276 3.5000000000000004 2.1230772371416036 1.749368017230831 0.31414473684210531 0.093073593073593086 -0.051190572590960888 0.16335664335664343 1.0000000180025095e-35 3.4075219581614937
decision_type=10 8 8 2 10 8 2 10 8 8
left_child=3 2 9 5 -4 7 -7 -1 -3 -2
right_child=1 8 4 -5 -6 6 -8 -9 -10 -11
leaf_value=0.00016153987930422306 -0.0049169360176978174 -0.00044402964542772415 -0.0056190407104058085 -0.014662593573343487 0.0063010199471607107 -0.0022029457020386811 0.010034438610839894 -0.017625080701576781 0.015257693629257701 -0.022303715511160564
leaf_weight=70.617916107177734 14.916256275027989 30.153778921812773 225.91285444051027 18.789125226438046 59.739797081798315 73.079491041600704 216.99047885462642 14.83479408174753 29.658254131674767 33.641951054334641
leaf_count=717 269 146 1871 182 632 519 1219 150 139 238
internal_value=0.000214442 -0.00326885 -0.00520632 0.00369971 -0.00310588 0.00466027 0.00694754 -0.00307128 0.00743177 -0.0172101
internal_weight=788.335 394.023 334.211 394.312 285.653 375.523 290.07 85.4527 59.812 48.5582
internal_count=6082 3295 3010 2787 2503 2605 1738 867 285 507
is_linear=0
shrinkage=0.04


Tree=121
num_leaves=14
num_cat=0
split_feature=54 160 133 108 89 165 57 180 180 57 178 144 180
split_gain=11.2484 5.58087 4.76095 3.71949 3.70228 5.03944 3.87446 3.67964 3.39859 3.2151 3.08934 1.88883 1.32678
threshold=0.24893162393162394 -0.27057959323794528 2.6670815183571874 -0.17214076220989225 526.50000000000011 -0.038799437870153768 -498.99999999999994 0.69047619047619058 0.17156862745098042 -251.49999999999997 0.21825396825396828 0.7421798631476052 0.18465909090909094
decision_type=8 2 8 8 8 2 10 10 8 10 10 10 8
left_child=2 10 3 -1 6 -6 -3 9 -5 -4 11 -2 -12
right_child=1 4 7 8 5 -7 -8 -9 -10 -11 12 -13 -14
leaf_value=-0.012461174520210533 -0.0015054366532088045 0.0088178262915058567 -0.01117987872543149 -0.0059783226247044907 0.023626304228428277 -0.00010683292862604081 0.028202770506610488 0.010457867973128953 0.013924186097346376 -0.0027931738837535238 -0.0031650130834750068 -0.024145856551272896 0.017622781239245214
leaf_weight=14.994429025799034 11.522627227008345 33.613547947257757 137.6166207306087 17.639445276930928 18.202655632048845 55.557339373975992 34.983972627669573 20.416098687797785 52.689092809334397 158.47098254598677 8.5780418962240237 11.855337522923945 9.3775790296494943
leaf_count=187 126 140 1754 390 113 395 136 235 459 1716 147 138 146
internal_value=0.000427397 0.00860367 -0.00331742 0.00501413 0.0123447 0.00596102 0.0189958 -0.00557846 0.00889047 -0.00672242 -0.00422095 -0.0135883 0.00794314
internal_weight=585.518 183.691 401.827 85.323 142.358 73.76 68.5975 316.504 70.3285 296.088 41.3336 23.378 17.9556
internal_count=6082 1341 4741 1036 784 508 276 3705 849 3470 557 264 293
is_linear=0
shrinkage=0.04


Tree=122
num_leaves=13
num_cat=0
split_feature=107 130 85 145 49 39 172 165 154 37 87 64
split_gain=8.16716 5.31041 5.08137 3.59049 3.49466 3.28368 3.44033 2.65838 2.58453 2.53331 2.18426 1.22375
threshold=0.076948024155283748 0.19292803970223329 12.500000000000002 0.96325377939743484 3.5000000000000004 -0.48164137307506438 0.39791666666666675 0.14554122513008183 1.7188329868976298 -0.75683199187743277 0.79238505747126442 -1.45670515505647
decision_type=8 10 8 10 8 2 10 2 2 2 8 10
left_child=1 3 5 4 -1 -2 -7 -5 9 -3 -4 -10
right_child=2 8 10 7 -6 6 -8 -9 11 -11 -12 -13
leaf_value=0.0079773208135986845 -0.000174441333447085 0.0050136732632773693 -0.0070735594280218542 -0.0063443283726711402 -0.00037426779526681308 -0.021986427324748196 -0.0049567831071565599 0.0096858439541055458 -0.024049604741253641 -0.0053767769290376903 0.0075810736740300581 -0.0042101342915567466
leaf_weight=270.98274048045278 25.035671386867762 52.269420750439167 28.657943569123745 78.324984826147556 112.90968326106668 60.701569259166718 28.922057382762432 19.898521818220615 13.035827353596689 125.76336422562599 34.992065280675888 8.9084235914051515
leaf_count=1686 151 504 126 668 751 277 128 193 125 1188 161 124
internal_value=-0.000489832 0.00150264 -0.00808873 0.00377594 0.00552118 -0.0130855 -0.0166283 -0.00301183 -0.00395953 -0.00230406 0.000944644 -0.0166173
internal_weight=860.402 682.093 178.309 482.116 383.892 114.659 89.6236 98.2235 199.977 178.033 63.65 21.9443
internal_count=6082 5239 843 3298 2437 556 405 861 1941 1692 287 249
is_linear=0
shrinkage=0.04


Tree=123
num_leaves=15
num_cat=0
split_feature=169 160 60 171 113 2 39 169 175 44 179 176 163 91
split_gain=6.32786 4.56583 3.83546 4.61641 3.91214 3.76398 5.19872 4.97694 4.60637 3.68565 3.09942 3.05898 1.45729 1.22713
threshold=0.34412955465587053 -0.28528921934089163 -1.0000000180025095e-35 0.35067567567567576 1.0000000180025095e-35 1.9863107460643408 -0.58064052652745357 0.60555555555555574 1.0000000180025095e-35 -32.374460359959464 0.68333333333333346 1.5000000000000002 -0.24720747214566793 1466.8434860278398
decision_type=8 2 10 10 2 10 2 8 8 10 10 8 2 2
left_child=1 9 3 -3 -4 8 12 -8 10 -1 -2 -10 -7 -11
right_child=5 2 4 -5 -6 6 7 -9 11 13 -12 -13 -14 -15
leaf_value=0.012782758037782994 -0.00044977969595942256 0.014335177190568812 -0.013074702843346839 -0.0090840875833682611 0.0016441096955232876 -0.0077938309541459722 -0.0048034193247276369 0.013884425283537194 0.0062774924412718367 -0.0076924042165689337 0.016433390404504662 0.018435181387836275 -0.025721386394164627 0.0033693070725797575
leaf_weight=37.472651742398739 168.84327518567443 25.144244745373726 138.0364794395864 26.74351766705513 35.915368642657995 17.260604333132509 61.308280132710934 34.933100301772356 93.629948459565639 35.672295764088631 18.368100643157959 52.50349397584796 14.121591776609419 27.444959286600351
leaf_count=191 1154 157 958 205 239 156 427 219 667 609 166 384 104 446
internal_value=0.000205156 -0.00404631 -0.00719632 0.00228329 -0.0100323 0.00322236 -0.00259401 0.00203224 0.00545627 0.00300747 0.00127459 0.0107548 -0.0164679 -0.00287377
internal_weight=787.398 326.43 225.84 51.8878 173.952 460.968 127.624 96.2414 333.345 100.59 187.211 146.133 31.3822 63.1173
internal_count=6082 2805 1559 362 1197 3277 906 646 2371 1246 1320 1051 260 1055
is_linear=0
shrinkage=0.04


Tree=124
num_leaves=13
num_cat=0
split_feature=54 107 174 178 36 84 42 58 180 180 164 73
split_gain=10.5753 4.41318 7.40725 4.36606 3.72705 3.69034 4.97394 3.98847 3.38679 1.99522 1.87432 1.60413
threshold=0.24893162393162394 -0.059400383990547916 0.82971014492753636 0.15587044534412958 0.040703927073883803 1530.626534134665 -0.035661362514313559 319.00000000000006 0.84523809523809534 0.37980769230769235 -0.68350656946346444 224.50000000000003
decision_type=8 10 8 10 2 2 2 8 10 10 2 8
left_child=1 2 11 8 -4 6 -2 -8 -3 -5 -7 -1
right_child=5 3 4 9 -6 10 7 -9 -10 -11 -12 -13
leaf_value=0.0012077150264681732 0.024567550580015252 -0.0097566830482793618 0.021455997864128627 -0.00015695105458709253 0.00028206433616473299 0.0078902436667754126 0.013393931473777931 -0.00086450689818603945 0.0097833220427864295 0.017630028232812532 -0.012987609585991339 -0.014410961845258927
leaf_weight=16.645613038912416 31.926346942782402 209.93416032940149 34.612571202218533 66.788991440087557 21.581700785085559 10.172353077679874 68.116466335952282 56.839595705270767 14.329462176188825 10.838533412665127 16.989956237375736 25.977898973971605
leaf_count=164 191 2685 178 1016 187 167 410 334 167 202 239 142
internal_value=0.000403241 -0.00323857 0.00405745 -0.00563889 0.0135061 0.0083178 0.0106703 0.00693685 -0.0084614 0.00249371 -0.00509525 -0.00837774
internal_weight=584.754 400.709 98.8178 301.891 56.1943 184.045 156.882 124.956 224.264 77.6275 27.1623 42.6235
internal_count=6082 4741 671 4070 365 1341 935 744 2852 1218 406 306
is_linear=0
shrinkage=0.04


Tree=125
num_leaves=10
num_cat=0
split_feature=86 116 182 173 62 68 62 62 55
split_gain=7.66311 5.55629 4.35658 4.21823 5.50889 2.94501 2.23503 2.36036 1.85198
threshold=4.5000000000000009 1.0000000180025095e-35 0.67708333333333337 0.70710784313725505 190.36346153846156 29.301848049281315 -109.37103174603173 61.488257575757579 0.33416666666666672
decision_type=10 2 8 8 10 10 8 10 8
left_child=2 3 -1 5 -5 -2 -3 -8 -4
right_child=1 6 8 4 -6 -7 7 -9 -10
leaf_value=0.0023003988591350595 0.011484480419285736 0.0011182154957071766 -0.0099217567882873975 0.0010607835054282832 -0.013447216458885317 0.0021861131066008722 -0.024737494142161958 -0.0061163356018416994 -0.024932525684753126
leaf_weight=23.446826487779617 98.086896695196629 18.456054247915745 28.030847497284412 447.77938828244805 45.179864279925823 123.90254406630993 21.032651968300343 24.017096243798733 29.479667093604803
leaf_count=230 586 138 124 3233 312 974 161 174 150
internal_value=-0.000464829 0.000756671 -0.0121006 0.00177119 -0.000289362 0.00633668 -0.0104842 -0.0152019 -0.017945
internal_weight=859.412 778.454 80.9573 714.949 492.959 221.989 63.5058 45.0497 57.5105
internal_count=6082 5578 504 5105 3545 1560 473 335 274
is_linear=0
shrinkage=0.04


Tree=126
num_leaves=12
num_cat=0
split_feature=161 68 170 1 88 144 153 160 62 167 147
split_gain=5.433 6.24319 6.57144 7.23719 4.77241 5.92981 4.71981 4.41156 3.5258 4.0716 2.29759
threshold=-0.11741418276077985 31.702943189596173 0.63944444444444459 -5.4999999999999991 0.648090815273478 0.83155050106969941 -0.89349173134565085 -0.52271541569854119 -135.69696969696969 -0.044828733793138356 13.404871060171923
decision_type=2 8 8 10 10 8 2 2 8 2 10
left_child=6 2 7 -4 -3 -6 -1 -2 10 -10 -8
right_child=1 4 3 -5 5 -7 8 -9 9 -11 -12
leaf_value=-0.028295533024992995 0.007932070144028051 -0.0071006054206661316 0.029306523554911933 0.00037503582699375453 0.0044160622038724303 0.019524701752292449 -0.0037985534994826615 -0.0054681156190191241 -0.009832238737382492 0.0037386456192404398 -0.020038069604168651
leaf_weight=12.104818556457756 45.70778813585639 28.364266652613878 21.215759947896004 37.116814192384481 107.78372084349394 67.972485449165106 28.826983366161585 246.66204654425383 50.407719239592552 112.30778520181775 27.817198868840933
leaf_count=112 442 130 102 239 1116 377 274 1267 621 1096 306
internal_value=0.000196601 0.00234637 -0.000888232 0.0112478 0.00789077 0.0103479 -0.00493574 -0.00334648 -0.00351505 -0.000487647 -0.0120175
internal_weight=786.287 554.823 350.702 58.3326 204.12 175.756 231.465 292.37 219.36 162.716 56.6442
internal_count=6082 3673 2050 341 1623 1493 2409 1709 2297 1717 580
is_linear=0
shrinkage=0.04


Tree=127
num_leaves=12
num_cat=0
split_feature=171 174 86 144 143 62 143 170 158 148 183
split_gain=10.8857 5.78415 7.40408 5.84935 5.82814 4.42259 4.10857 2.90682 3.48639 3.07112 2.75067
threshold=0.23904761904761906 0.7958333333333335 5.5000000000000009 0.42997198879551829 0.70074626865671652 410.16400560224093 0.913664596273292 0.24621212121212124 -0.4364497751329251 16.982335191901246 0.28991596638655465
decision_type=8 8 10 10 8 8 8 10 2 10 8
left_child=5 2 -2 6 -4 7 -3 9 -9 -1 -5
right_child=1 3 4 10 -6 -7 -8 8 -10 -11 -12
leaf_value=-0.022710437149013 0.021042491394988254 0.0055181476867706813 0.0046437857985402071 0.0048372891066179331 -0.011408388480319531 0.013177026499819135 0.019128435543436049 -0.017402533114275191 -0.0023717663168287824 0.0023372792037888801 -0.011309670519661164
leaf_weight=36.426722405478358 19.733040224760771 65.379094682633877 62.716314185410738 48.316369401291013 82.812726445496082 14.825987545773385 81.06045526266098 31.43232898414135 107.09205924533308 9.5053747985512 24.644821275025606
leaf_count=478 155 459 717 652 625 165 320 623 1318 225 345
internal_value=0.000384369 0.00431593 -0.00132326 0.00855941 -0.00449251 -0.00717815 0.0131442 -0.00888724 -0.00589699 -0.017545 -0.000668958
internal_weight=583.945 384.663 165.262 219.401 145.529 199.282 146.44 184.456 138.524 45.9321 72.9612
internal_count=6082 3273 1497 1776 1342 2809 779 2644 1941 703 997
is_linear=0
shrinkage=0.04


Tree=128
num_leaves=14
num_cat=0
split_feature=132 170 68 56 137 83 173 42 173 152 54 163 64
split_gain=7.22966 6.33852 5.48765 5.77429 3.94333 3.50887 3.29865 2.96349 2.93284 2.6371 2.06312 2.06267 1.15406
threshold=655.58333333333337 0.47809523809523813 32.628336755646821 1.5000000000000002 0.55947161186948058 1484.6108123633765 0.58477011494252884 -0.065114740586407718 0.77032967032967048 0.55050505050505061 -0.22467948717948716 -0.15967875188906344 -0.48540948171929726
decision_type=10 8 8 10 8 2 10 2 8 8 10 2 10
left_child=1 2 3 -1 5 -3 11 -4 -6 10 -8 12 -2
right_child=6 4 7 -5 8 -7 9 -9 -10 -11 -12 -13 -14
leaf_value=0.00050044313855276382 -0.0034926929985922076 0.013406270073912527 0.0057106997326223721 0.016028473534069027 -0.0040362518736472442 -0.006047280679576209 0.013701845600974743 -0.011840192447231824 -0.018509513297044589 -0.0095220527107855793 0.002695867101398929 0.024202164006731943 0.014444142886233627
leaf_weight=279.34995132684708 9.9361448027193564 16.797425083816051 18.491750501096249 43.479628510773182 34.333592403680086 87.808487091213465 33.613751880824566 74.886547595262527 69.784686923027039 21.794129960238934 135.60206440836191 21.036830086261034 11.252209939062594
leaf_count=1418 138 106 190 226 137 748 336 532 331 186 1451 127 156
internal_value=-0.000444171 -0.00268914 0.000163084 0.00264102 -0.00835983 -0.00280716 0.00554828 -0.00831971 -0.0138397 0.00325757 0.00496154 0.0155492 0.00616432
internal_weight=858.167 624.932 416.208 322.83 208.724 104.606 233.235 93.3783 104.118 191.01 169.216 42.2252 21.1884
internal_count=6082 3688 2366 1644 1322 854 2394 722 468 1973 1787 421 294
is_linear=0
shrinkage=0.04


Tree=129
num_leaves=12
num_cat=0
split_feature=179 171 49 113 68 99 92 2 173 21 58
split_gain=5.47337 4.76067 6.33742 4.70165 4.67981 4.82166 3.60733 3.2455 2.79864 1.94031 1.65658
threshold=0.63068181818181823 0.3257575757575758 10.500000000000002 1.0000000180025095e-35 25.756331279945247 1.0000000180025095e-35 797.65305947331615 1.0581793292265547 0.85357142857142865 -0.049891774891774876 -35.499999999999993
decision_type=10 10 8 2 8 2 2 8 8 10 8
left_child=1 4 3 -3 8 -6 -2 10 -1 -9 -8
right_child=6 2 -4 -5 5 -7 7 9 -10 -11 -12
leaf_value=-0.014667096019244055 0.027861097519240961 -0.010288090748282571 0.01341764999830122 0.0032243482296601877 0.0048091295373862836 -0.010330488578981736 0.016407516130058069 -0.018278561787970431 0.0020998007738169382 0.0050910156346000417 0.0011170888735294508
leaf_weight=40.110657703131437 13.662044979631899 184.08116133138537 25.274717390537262 52.215128593146801 336.65571056678891 36.371984828263521 33.243343893438578 10.737984761595728 25.326652050018311 10.167486306279896 17.614370107650757
leaf_count=235 85 1524 204 457 2381 329 289 103 109 150 216
internal_value=0.0001901 -0.000978462 -0.0052405 -0.00729277 0.00156569 0.00330392 0.0096898 0.00586756 -0.00821366 -0.0071078 0.011274
internal_weight=785.461 700.036 261.571 236.296 438.465 373.028 85.4252 71.7632 65.4373 20.9055 50.8577
internal_count=6082 5239 2185 1981 3054 2710 843 758 344 253 505
is_linear=0
shrinkage=0.04


Tree=130
num_leaves=13
num_cat=0
split_feature=171 174 74 62 89 60 88 171 170 170 136 92
split_gain=10.2621 5.44144 7.03212 4.21213 4.1767 3.79388 3.76697 3.027 2.81216 3.19007 1.9638 1.9591
threshold=0.23904761904761906 0.7958333333333335 125.50000000000001 410.16400560224093 862.50000000000011 -1.0000000180025095e-35 0.68301435406698574 0.54195804195804198 0.24621212121212124 0.38585607940446659 4.4970980835165451 835.52898903563698
decision_type=8 8 10 8 8 10 10 8 10 10 8 2
left_child=3 5 4 8 -3 11 -7 -4 10 -10 -1 -2
right_child=1 2 7 -5 -6 6 -8 -9 9 -11 -12 -13
leaf_value=-0.0077668209959259786 -0.022014714980798353 0.018321150933098433 -0.0059660993371688908 0.012785352340345899 0.0032006803694458854 0.020841260025524246 -0.00065064369186470616 0.01083399091751148 0.0026934750803209945 -0.010068801947037558 -0.025007689599379712 -0.0019400271373968753
leaf_weight=21.313201176002622 17.686125077307228 95.938482213765383 57.872249407693744 14.924203541129826 43.042823992669582 13.619315646588801 119.71917295455933 23.196773201227188 46.590542370453477 91.287201549857855 23.958209464326501 14.086525548249481
leaf_count=488 81 393 784 165 316 100 1102 283 655 1286 215 214
internal_value=0.000367168 0.00417287 0.00827821 -0.00700692 0.0137089 -0.00130333 0.00166847 -0.00106118 -0.00869126 -0.00575353 -0.0172774 -0.0135063
internal_weight=583.235 385.161 220.05 198.073 138.981 165.111 133.338 81.069 183.149 137.878 45.2714 31.7727
internal_count=6082 3273 1776 2809 709 1497 1202 1067 2644 1941 703 295
is_linear=0
shrinkage=0.04


Tree=131
num_leaves=10
num_cat=0
split_feature=107 175 2 108 132 145 172 9 88
split_gain=7.23834 4.46229 3.88456 5.73903 3.70036 3.28575 2.66993 2.30755 2.25477
threshold=0.076948024155283748 4.5000000000000009 -4.4887063655030781 -0.11200219765305518 655.58333333333337 0.96325377939743484 0.35214626391096987 -1.0000000180025095e-35 0.76253132832080206
decision_type=8 8 10 10 8 10 10 2 10
left_child=1 4 8 -4 7 -6 -5 -1 -2
right_child=2 -3 3 6 5 -7 -8 -9 -10
leaf_value=0.0033664720252550573 -0.024616160881091365 -0.017685496304331173 0.01299968948085276 -0.013622983417235611 0.0058305270465644548 -0.0029078733059815466 -0.00011799610656040091 -0.0051012148055935933 -0.0079822908628430188
leaf_weight=77.775031588971615 26.588419914245605 17.953795734792948 25.389888823032379 55.807335868477821 352.96172838285565 84.484010614454746 40.3974764123559 147.21475048735738 28.353254467248917
leaf_count=796 146 140 122 274 2123 689 172 1491 129
internal_value=-0.000426632 0.00144575 -0.00762174 -0.00355407 0.00199315 0.00413553 -0.00803222 -0.00216329 -0.016364
internal_weight=856.926 680.389 176.536 121.595 662.436 437.446 96.2048 224.99 54.9417
internal_count=6082 5239 843 568 5099 2812 446 2287 275
is_linear=0
shrinkage=0.04


Tree=132
num_leaves=10
num_cat=0
split_feature=169 62 85 160 134 177 52 177 147
split_gain=5.29651 7.04432 3.76358 3.73414 4.07576 3.45106 3.01974 4.39172 3.96428
threshold=0.34412955465587053 379.57586206896559 24.500000000000004 -0.52271541569854119 2.8436419526832366 0.31009615384615391 0.2110102843315185 0.75735294117647067 12.599713793827208
decision_type=8 10 10 2 10 10 10 8 8
left_child=1 3 6 4 -1 -5 7 -2 -8
right_child=2 -3 -4 5 -6 -7 8 -9 -10
leaf_value=0.016323626185118675 -0.0012070963331424793 0.019708878572612384 0.018674923606007955 -0.0096904887498571821 -0.0044903438359364294 0.0017166643106391935 0.010327259616057934 0.007408477339620803 -0.012722270653678612
leaf_weight=23.88388380408287 171.46957370638847 18.569940809160471 22.555209919810295 193.9098002910614 37.087226469069719 53.534520175307989 15.688374143093823 208.72921409457922 41.274333603680134
leaf_count=279 1731 163 177 1358 504 483 148 1019 229
internal_value=0.00031448 -0.00356809 0.00308215 -0.00503525 0.00376257 -0.00721753 0.0022323 0.00352464 -0.00627093
internal_weight=786.702 326.985 459.717 308.415 60.9711 247.444 437.161 380.199 56.9627
internal_count=6091 2787 3304 2624 783 1841 3127 2750 377
is_linear=0
shrinkage=0.04


Tree=133
num_leaves=14
num_cat=0
split_feature=171 167 137 108 170 107 92 50 156 62 132 163 170
split_gain=11.5865 5.69621 5.56877 6.03427 4.1606 4.0181 4.28825 3.46313 3.13908 2.92675 1.89451 1.56897 0.875007
threshold=0.22401433691756276 0.0081936895738976678 0.52002467612584835 -0.45585602521896357 0.23904761904761906 -0.041060797242626283 815.11041470740804 -4.4999999999999991 0.25319333139728578 -28.882142857142892 457.56666666666672 -0.52062892160147511 1.0000000180025095e-35
decision_type=8 2 8 10 8 10 2 8 2 10 8 2 10
left_child=4 2 9 -4 11 6 -6 -3 -9 -2 -7 -1 -13
right_child=1 7 3 -5 5 10 -8 8 -10 -11 -12 12 -14
leaf_value=-0.0018298831118731106 -0.01134315695347562 -0.003703603490239701 0.023706122197929655 0.0020178086836474397 0.014109432334402733 0.0034852386194870102 -0.012153988728513308 0.020121504145171682 -0.001825021990113978 0.00072358624743307123 -0.012371413713443708 -0.0094284453256713602 -0.025184196347252229
leaf_weight=7.6549468655139199 71.543074619024992 17.281269408762455 22.588550101965666 162.49843846075237 26.816406562924385 13.486459625884889 14.49669712781906 54.800515932962298 12.429491803050039 57.039419939741492 80.289781175553799 9.3179179020225984 32.669500021263957
leaf_count=193 798 183 95 896 154 265 267 451 221 744 1259 116 449
internal_value=-0.000985263 0.00285286 0.000350306 0.00478863 -0.00923974 -0.00550413 0.00477694 0.0120051 0.0160674 -0.00601062 -0.0100572 -0.0190564 -0.0220348
internal_weight=582.912 398.181 313.669 185.087 184.732 135.089 41.3131 84.5113 67.23 128.582 93.7762 49.6424 41.9874
internal_count=6091 3388 2533 991 2703 1945 421 855 672 1542 1524 758 565
is_linear=0
shrinkage=0.04


Tree=134
num_leaves=12
num_cat=0
split_feature=1 116 2 137 35 132 172 163 85 90 48
split_gain=6.72465 4.6095 4.90748 4.72961 4.07177 3.80795 3.34928 3.4608 2.98628 2.62134 1.70069
threshold=-17.499999999999996 1.0000000180025095e-35 -0.8637919233401784 0.46823103036975872 16.736341024047082 612.47222222222229 0.35214626391096987 -0.10464113573571124 8.5000000000000018 234.50000000000003 0.37180306051476708
decision_type=10 2 10 8 2 8 10 2 8 10 8
left_child=4 2 3 -2 6 -4 7 -1 -3 -8 -10
right_child=1 8 5 -5 -6 -7 9 -9 10 -11 -12
leaf_value=0.0031408196791531035 0.0065853744630367753 0.002484360869845386 -0.0013726731599429413 -0.0039431506800732185 -0.019415891660760839 0.0089768638022621368 -0.0048696349506133487 -0.014250570937245275 -0.0029760119892927412 0.011901260327850303 -0.02177632734734633
leaf_weight=26.098543431609869 101.06991985440254 23.600570484995842 73.013731632381678 205.00410014390945 31.648154925554991 247.76932820305228 28.327022273093462 56.752979010343552 12.190177366137503 29.319598086178303 23.243857301771641
leaf_count=179 1104 194 827 1362 186 1522 94 210 171 148 94
internal_value=0.000379018 0.00215661 0.00316861 -0.000449848 -0.00666353 0.00661804 -0.00365992 -0.00877624 -0.0084298 0.00368358 -0.0156227
internal_weight=858.038 685.892 626.857 306.074 172.146 320.783 140.498 82.8515 59.0346 57.6466 35.434
internal_count=6091 5274 4815 2466 817 2349 631 389 459 242 265
is_linear=0
shrinkage=0.04


Tree=135
num_leaves=10
num_cat=0
split_feature=86 169 170 62 52 121 143 157 145
split_gain=4.94352 6.65484 5.199 4.97596 4.95065 4.93878 4.63124 3.8237 2.39732
threshold=4.5000000000000009 0.28801843317972359 0.49000000000000005 363.69517543859655 0.2110102843315185 1.5000000000000002 0.87339743589743601 0.16578795522434256 2.6047822576330755
decision_type=10 10 10 10 10 2 8 2 8
left_child=2 3 8 5 7 -2 -6 -3 -1
right_child=1 4 -4 -5 6 -7 -8 -9 -10
leaf_value=-0.0045795796614268702 -0.010550521467755225 0.0054652470647776029 0.023388274462824665 0.015173717986856664 0.0056233544826419192 0.0067668540555436505 -0.017795152344841077 -0.0037778250861558661 0.010449131476689412
leaf_weight=34.011661939322948 181.45179522037506 319.31384871900082 26.973864141851664 14.872263666242359 20.712655741721392 29.946259506046772 35.370505373924971 91.18867502361536 31.920953132212162
leaf_count=218 1506 2181 185 132 235 365 165 1005 99
internal_value=0.000308106 -0.00085538 0.00892289 -0.0064712 0.00187174 -0.00806765 -0.00916419 0.00340295 0.00271402
internal_weight=785.762 692.856 92.9065 226.27 466.586 211.398 56.0832 410.503 65.9326
internal_count=6091 5589 502 2003 3586 1871 400 3186 317
is_linear=0
shrinkage=0.04


Tree=136
num_leaves=15
num_cat=0
split_feature=145 144 54 174 15 140 169 108 178 160 83 45 170 41
split_gain=8.88961 5.38857 4.98772 4.49437 4.61923 4.36685 3.35481 3.31379 3.28821 3.20985 2.58112 1.36194 1.23471 0.364493
threshold=0.36657551518100812 0.80795574288724981 0.074830316742081418 0.69397993311036799 -1.3413833638438384 2.7049461895301632 0.37797619047619052 0.031057534739375118 0.13809523809523813 0.13466723633363367 1484.6108123633765 -1.0610142247298879 0.37715517241379315 -0.08172127036537162
decision_type=8 10 8 10 10 10 8 8 10 2 2 10 8 2
left_child=3 2 5 4 7 -2 10 -1 -3 -4 -5 -8 -10 -6
right_child=1 8 9 6 13 -7 11 -9 12 -11 -12 -13 -14 -15
leaf_value=-0.0037425498417225922 -0.0036995415977581041 -0.020939022562770249 0.0051763025209214143 0.01031843494162564 -0.0063551155256962458 0.016803923458523089 -0.024129971262498318 0.020687609473295777 -0.0087997322189710455 0.017721876310419816 -0.010796700299002093 -0.0093104949889097049 0.01160125409733532 -0.019873884848962665
leaf_weight=16.152551379054785 154.52990817464888 23.676578750833869 171.15553775802255 11.232097588479517 6.8664619699120548 17.597429512068629 41.151061279699206 17.767931861802936 8.1590649783611315 40.121260516345501 37.542939590290189 16.009817091748118 8.8119435813277942 10.910940075293182
leaf_count=148 1366 204 1053 111 186 266 622 122 166 387 518 489 162 291
internal_value=-0.000958507 0.0020551 0.00353533 -0.0090399 0.000595099 -0.00150687 -0.0137222 0.00922294 -0.0116086 0.00764038 -0.00578443 -0.0202451 0.001738 -0.0153753
internal_weight=581.686 424.052 383.404 157.634 51.6979 172.127 105.936 33.9205 40.6476 211.277 48.775 57.1609 16.971 17.7774
internal_count=6091 3604 3072 2487 747 1632 1740 270 532 1440 629 1111 328 477
is_linear=0
shrinkage=0.04


Tree=137
num_leaves=10
num_cat=0
split_feature=86 132 173 2 176 137 156 86 169
split_gain=6.22706 5.64214 4.87512 5.50241 3.91381 2.89751 2.10786 3.29588 2.06162
threshold=4.5000000000000009 612.47222222222229 0.73508771929824568 4.833675564681724 1.0000000180025095e-35 0.47837452188781765 1.113023280356886 26.500000000000004 0.36754385964912284
decision_type=10 8 10 10 10 8 2 10 10
left_child=5 6 4 -4 -3 -1 7 -2 -7
right_child=1 2 3 -5 -6 8 -8 -9 -10
leaf_value=0.00309333661937636 -0.0073763286781861762 0.015008960514186808 -0.0014087193812908534 0.011947055704464041 0.0037685363129259411 -0.020501724818843312 0.0066543972144513961 0.011610816682799204 -0.0048439231418697833
leaf_weight=18.889358475804329 165.46994129940867 83.779113564640284 310.01175161451101 57.646712340414524 123.16216024011374 36.158280536532402 24.049949657171965 15.069382432848213 22.912665866315365
leaf_count=180 1700 550 1918 302 744 188 226 149 134
internal_value=0.000366022 0.00145121 0.00348312 0.00070669 0.00837908 -0.0103358 -0.00423498 -0.00572525 -0.0146434
internal_weight=857.149 779.189 574.6 367.658 206.941 77.9603 204.589 180.539 59.0709
internal_count=6091 5589 3514 2220 1294 502 2075 1849 322
is_linear=0
shrinkage=0.04


Tree=138
num_leaves=9
num_cat=0
split_feature=109 171 132 160 42 29 41 41
split_gain=4.76129 4.68411 3.52087 4.70801 3.44784 4.84021 3.39056 2.98814
threshold=1.0000000180025095e-35 0.13188405797101452 568.57142857142867 1.02882438995308 0.070756942924856445 1.0000000180025095e-35 -0.30234063192511057 0.48302088446993402
decision_type=2 10 8 2 2 2 2 2
left_child=1 4 3 -3 7 -6 -4 -1
right_child=-2 2 6 -5 5 -7 -8 -9
leaf_value=0.0054437335464630164 -0.017483731319008291 0.0075428178034677188 0.0035630124235433418 -0.017038961950065552 0.009132073035121719 -0.017625823674156306 -0.0051879208197844005 0.019316469180567831
leaf_weight=179.53917526081204 22.368204180151224 105.24124654382467 91.263554472476244 13.129914846271275 19.477037940174341 21.95977221429348 303.44883117452264 28.398668222129345
leaf_count=1134 235 1145 703 125 170 174 2153 252
internal_value=0.000298176 0.00084468 -0.00133854 0.00467952 0.005332 -0.00508255 -0.00315563 0.00743133
internal_weight=784.826 762.458 513.084 118.371 249.375 41.4368 394.712 207.938
internal_count=6091 5856 4126 1270 1730 344 2856 1386
is_linear=0
shrinkage=0.04


Tree=139
num_leaves=14
num_cat=0
split_feature=171 174 170 58 145 83 166 73 169 43 178 173 20
split_gain=10.5261 4.28832 4.89643 5.25425 4.20453 4.64842 4.7583 4.478 3.68641 2.26388 2.1348 1.39055 1.26015
threshold=0.22401433691756276 0.76696832579185525 0.23606811145510839 375.50000000000006 0.47203833827320146 1485.5313506310497 -0.074793626924571519 102.50000000000001 0.40370370370370373 -0.040627314114449781 0.14642857142857144 0.54772727272727284 -0.7492826788386453
decision_type=8 10 8 8 8 2 2 10 8 2 8 10 10
left_child=1 2 12 -4 7 -6 -7 -2 -9 10 -3 -11 -1
right_child=4 9 3 -5 5 6 -8 8 -10 11 -12 -13 -14
leaf_value=-0.020521225367359612 0.011731535767735106 -0.014959853818000898 0.015058452379685438 -0.010883874709006041 0.02094315678391975 0.023336174326496005 0.0020390672891501455 -0.0036200175542636295 -0.023790422009814599 -0.0045936882744580789 0.0041731849579126892 -0.020937413738033848 -0.0013331324975220868
leaf_weight=19.247101193293933 19.398115992546082 18.126674443483353 32.535495916381478 18.935206213966012 25.597893722355366 16.975975934416056 265.64802677556872 51.089571656659245 19.691611642017961 10.874853612855075 17.315202061086893 57.046707408502698 8.0216205175966007
leaf_count=169 168 378 456 250 178 208 1945 628 261 131 204 866 249
internal_value=-0.000932715 -0.00887533 -0.00177455 0.00545105 0.00270585 0.0049293 0.00340311 -0.00484239 -0.00951262 -0.0141965 -0.00569947 -0.0184543 -0.0151943
internal_weight=580.504 182.103 78.7394 51.4707 398.401 308.222 282.624 90.1793 70.7812 103.363 35.4419 67.9216 27.2687
internal_count=6091 2703 1124 706 3388 2331 2153 1057 889 1579 582 997 418
is_linear=0
shrinkage=0.04


Tree=140
num_leaves=15
num_cat=0
split_feature=107 161 2 86 172 40 54 133 133 142 67 173 164 54
split_gain=6.01037 4.78018 4.27431 5.3067 5.16854 3.91506 3.74162 3.66129 3.87627 3.37118 3.09277 2.75241 3.0214 1.45559
threshold=0.020309293768744466 -0.0060951672131244307 -4.4887063655030781 12.500000000000002 0.36055555555555557 -0.90362851619549012 -0.19341284901057193 2.6866217958523637 2.4705783336198501 0.37749043409420774 34.88432580424368 0.81365740740740755 -0.075916559709537895 -0.16903096903096904
decision_type=8 2 10 8 10 2 8 10 10 10 8 8 2 10
left_child=1 7 11 4 -4 -3 -5 8 -1 -9 -7 12 -2 -13
right_child=2 5 3 6 -6 10 -8 9 -10 -11 -12 13 -14 -15
leaf_value=0.0055928522505549905 0.0089428102378317671 -0.014843617027556291 -0.010377496663536634 -0.0071995616786544895 0.0041725416267321333 0.0027533663000434885 0.010953304395156269 0.016349828480134058 -0.01687542092007455 0.0020514923822701125 -0.012074746161354889 -0.0071756551934790396 -0.012567327753366988 -0.021190829034217856
leaf_weight=54.815601166337729 18.561195082962513 24.881139449775219 108.38215259090066 23.166051924228668 59.831912934780121 250.93955062702298 72.996520277112722 88.180931594222784 14.745940022170542 38.39739466458559 23.693417549133301 20.345743775367737 21.390422239899635 35.914767134934664
leaf_count=459 164 222 683 145 372 1531 481 687 119 529 233 140 93 233
internal_value=0.000357032 0.00321494 -0.00356385 -0.000914805 -0.00519631 2.44428e-05 0.00653051 0.00805198 0.000629933 0.0120782 0.00142768 -0.0107382 -0.00255071 -0.0163712
internal_weight=856.243 495.654 360.589 264.377 168.214 299.514 96.1626 196.14 69.5615 126.578 274.633 96.2121 39.9516 56.2605
internal_count=6091 3780 2311 1681 1055 1986 626 1794 578 1216 1764 630 257 373
is_linear=0
shrinkage=0.04


Tree=141
num_leaves=7
num_cat=0
split_feature=109 42 107 40 169 59
split_gain=4.5125 3.97192 5.42045 4.03946 4.14573 2.67889
threshold=1.0000000180025095e-35 0.064529323048542489 -0.099999999999999908 2.3658792215168796 0.50925925925925941 -3.4999999999999996
decision_type=2 2 10 2 8 8
left_child=1 3 -3 4 -1 -4
right_child=-2 2 5 -5 -6 -7
leaf_value=-0.00087808341584428835 -0.017116541005532903 0.013105710794248999 0.005764810396302722 0.018705298763193816 0.006163095778978965 -0.0099830754873524493
leaf_weight=371.79564222693443 22.133834641426802 22.329659532755613 19.35914234444499 22.148692671209574 207.49751868471503 118.66485279798508
leaf_count=2730 235 131 126 213 1308 1348
internal_value=0.000284321 0.000814298 -0.00475666 0.00230835 0.00164683 -0.00773432
internal_weight=783.929 761.796 160.354 601.442 579.293 138.024
internal_count=6091 5856 1605 4251 4038 1474
is_linear=0
shrinkage=0.04


Tree=142
num_leaves=14
num_cat=0
split_feature=171 167 128 49 142 37 54 107 39 39 140 103 83
split_gain=9.98072 5.31635 5.18095 5.48639 4.3601 3.42051 3.17713 3.61003 3.07279 2.98547 2.41335 1.80637 0.575732
threshold=0.22401433691756276 0.0081936895738976678 1.0000000180025095e-35 1.5000000000000002 0.68301435406698574 -0.8504668463912739 -0.3140056022408963 -0.041060797242626283 0.0053116319211655169 0.32395428082536759 3.1484545097520029 1.0000000180025095e-35 1531.3371986360419
decision_type=8 2 2 8 8 2 8 10 2 2 10 2 2
left_child=6 2 3 -2 -4 -3 11 8 -8 -7 -9 -1 -13
right_child=1 5 4 -5 -6 9 7 10 -10 -11 -12 12 -14
leaf_value=-0.0022872929516577411 0.0023008341259668241 -0.0041865038761175954 0.0046003590388412246 -0.0097429079712939744 0.030184943062706946 0.022255389574474448 0.011328636491215731 -0.011785938990750684 -0.011170404450922274 0.0048744401663148073 0.010376068968190391 -0.025679202974255775 -0.010529944357709826
leaf_weight=9.4830215945839864 159.00019167363644 17.219149608165026 45.159019142389297 96.262491410598159 13.269194453954695 40.418946530669928 28.696388548240066 88.696597633883357 13.432535856962202 27.245216330513358 7.7584141902625552 24.911243565380573 7.7634305823594323
leaf_count=156 1139 224 569 713 112 335 240 1400 183 296 163 364 197
internal_value=-0.000902849 0.00262974 0.000208386 -0.00225349 0.0108545 0.0114481 -0.00867558 -0.00565307 0.00401592 0.0154589 -0.00989462 -0.0182039 -0.0225587
internal_weight=579.316 398.574 313.691 255.263 58.4282 84.8833 180.742 138.584 42.1289 67.6642 96.455 42.1577 32.6747
internal_count=6091 3388 2533 1852 681 855 2703 1986 423 631 1563 717 561
is_linear=0
shrinkage=0.04


Tree=143
num_leaves=14
num_cat=0
split_feature=107 170 171 62 161 131 107 158 52 40 86 69 38
split_gain=5.68925 4.17308 4.81715 3.99536 3.5612 3.66086 3.35956 3.24056 3.16527 2.94312 2.8655 1.93096 1.64763
threshold=-0.057700901189143054 0.47809523809523813 0.38348416289592763 -26.484752747252724 -0.0060951672131244307 445.70833333333343 0.015414448939039207 0.98029019458975097 0.070087719298245602 -0.21026481194191504 9.5000000000000018 24.500000000000004 -0.15374746892038876
decision_type=10 8 8 8 2 8 10 2 10 2 10 8 2
left_child=1 2 3 -1 6 11 9 -7 -4 -2 -8 -6 -3
right_child=4 12 8 -5 5 7 10 -9 -10 -11 -12 -13 -14
leaf_value=0.0030664015082046991 0.0036704634346226175 -0.0044006261086435633 0.016134313369398055 -0.014442674968444489 -0.019699767877532352 0.0024775608562326462 -0.0088907588886221311 -0.010589186566559121 -0.0026980080168817534 0.014454114239147449 0.0054110337559296626 -0.003423312814198564 -0.018851368862463656
leaf_weight=33.494106650352478 80.39804844558239 19.864567283540964 29.501342631876469 52.298231191933155 19.834814220666885 317.45429282262921 36.357462581247091 32.543805226683617 26.093784023076296 83.834141779690981 55.005560155957937 28.53063315525651 40.194731276482344
leaf_count=170 739 127 139 248 209 1861 359 303 116 780 521 292 227
internal_value=0.00034886 -0.00550946 -0.00170645 -0.00762736 0.00216218 -0.000199681 0.00583753 0.00123017 0.00736846 0.00924136 -0.00029328 -0.0104027 -0.0142549
internal_weight=855.406 201.447 141.387 85.7923 653.959 398.364 255.595 349.998 55.5951 164.232 91.363 48.3654 60.0593
internal_count=6091 1027 673 418 5064 2665 2399 2164 255 1519 880 501 354
is_linear=0
shrinkage=0.04


Tree=144
num_leaves=12
num_cat=0
split_feature=169 49 63 173 159 58 147 14 174 170 57
split_gain=4.93923 4.67602 4.23028 3.72985 3.44681 2.93264 3.62922 3.34957 2.7996 2.12591 1.66804
threshold=0.58114035087719318 10.500000000000002 -281.65656066298249 0.80384615384615399 -0.88312070789942143 -1666.9999999999998 24.905902306648578 -1.2700037883127531 0.88548951048951052 0.43167701863354041 -181.49999999999997
decision_type=8 8 2 8 2 10 10 10 10 8 10
left_child=1 5 -3 10 -5 7 -7 -1 -6 -4 -2
right_child=3 2 9 4 8 6 -8 -9 -10 -11 -12
leaf_value=-0.024342512337508723 -0.012949906880956503 0.024513304522512564 -0.0042276224197514266 -0.0067904775543257221 0.0053128774702785935 -0.0013930924697565805 -0.012380506384657016 0 0.016463282864575636 0.011163425126165066 0.0031442056237950219
leaf_weight=21.209427546709776 22.984028946608305 16.174234300851822 35.41453517600894 23.59332250803709 103.82552075013518 395.19406535476446 53.943950798362494 15.379153866320847 56.231375928968191 22.662017595022917 17.212062951177359
leaf_count=101 166 90 278 234 587 3130 592 235 336 183 113
internal_value=-0.000208537 -0.00221841 0.00705906 0.004798 0.0072144 -0.00365231 -0.00274176 -0.0144062 0.00932057 0.00183156 -0.00610078
internal_weight=783.824 559.977 74.2508 223.846 183.65 485.727 449.138 36.5886 160.057 58.0766 40.1961
internal_count=6045 4609 551 1436 1157 4058 3722 336 923 461 279
is_linear=0
shrinkage=0.04


Tree=145
num_leaves=14
num_cat=0
split_feature=53 40 88 14 20 144 73 67 89 88 37 79 120
split_gain=7.96705 6.0932 5.86587 3.71306 3.61866 3.58907 3.5868 3.08343 4.72627 3.74621 2.9886 2.20399 0.940372
threshold=0.023809523809523826 0.041188142267476725 0.91885964912280704 -1.3719449592168804 0.99950666008880129 0.85540069686411158 146.50000000000003 27.566050650239564 267.50000000000006 0.67261904761904778 -0.72513629905426014 0.22474747474747478 0.55050505050505061
decision_type=10 2 10 10 10 8 10 10 10 10 2 8 8
left_child=1 2 3 -1 7 10 -7 8 -2 -9 -3 -4 -6
right_child=4 5 11 -5 12 6 -8 9 -10 -11 -12 -13 -14
leaf_value=0.014419887262829863 0.009425785796603095 -0.011149247342618976 0.0038054212308614426 -0.00094451923771184641 0.024722212003668968 -0.022935501390449916 -0.00087715468799087943 0.0080241294791556644 -0.0095527654440676589 -0.01309749328794739 0.0075863880262495515 -0.010419238616766975 0.0022351738784872352
leaf_weight=133.9218116812408 37.511640161275864 18.059317886829376 39.934585964307189 30.495854979380965 6.0270429104566547 23.334577210247517 23.428957231342793 14.338133959099649 45.120580393821001 118.82783035747707 46.615155566483736 29.290142994374037 5.9107107426971206
leaf_count=644 232 259 422 589 124 156 188 145 582 1748 628 209 119
internal_value=-1.32737e-05 0.00381171 0.00747513 0.0115696 -0.00580921 -0.00384944 -0.0121757 -0.0070201 -0.000903678 -0.0107655 0.0022342 -0.00224745 0.0147762
internal_weight=572.816 345.08 233.642 164.418 227.736 111.438 46.7635 215.798 82.6322 133.166 64.6745 69.2247 11.9378
internal_count=6045 3095 1864 1233 2950 1231 344 2707 814 1893 887 631 243
is_linear=0
shrinkage=0.04


Tree=146
num_leaves=14
num_cat=0
split_feature=1 132 88 49 80 52 51 56 88 136 31 143 2
split_gain=4.91741 4.93928 5.09368 5.45951 3.80331 3.63777 3.45283 4.60712 3.82964 3.33468 3.02212 2.7662 2.64686
threshold=-1.0000000180025095e-35 587.2361111111112 0.90238095238095251 -13.499999999999998 1.0312500000000002 0.18208556149732621 2.5000000000000004 -1.0000000180025095e-35 0.86515151515151534 3.8109609609609612 -314.75595238095235 0.81892697466467979 -3.2292950034223131
decision_type=8 10 10 8 8 8 8 10 10 10 10 8 8
left_child=6 2 3 -2 -4 10 7 9 -9 -1 -3 -8 -7
right_child=1 5 4 -5 -6 12 11 8 -10 -11 -12 -13 -14
leaf_value=-0.0035451448799669839 0.008922935546281428 -0.0055492545913317284 -0.0074298853605647601 -0.0094241958212866149 0.0073928116727775351 0.0027086029590647049 0.003987560139230714 0.019651973770976713 0.0056099929591861024 0.012205573070072688 0.0059645004820042605 -0.016802548229659039 0.02690941531858582
leaf_weight=85.909044187515974 28.140516273677349 63.207592263817787 40.97055234760046 242.60910281911492 80.285624116659164 13.527315877377985 19.788357522338629 52.404726345092058 78.545886088162661 27.569957051426172 83.329748570919037 19.313598178327084 15.723437339067461
leaf_count=612 156 397 415 1224 241 129 208 377 645 256 1144 98 143
internal_value=0.000203304 -0.00194211 -0.0044394 -0.0074841 0.00234829 0.00360911 0.00449842 0.00626806 0.0113509 0.000337246 0.000980637 -0.00639434 0.0162431
internal_weight=851.325 567.794 392.006 270.75 121.256 175.788 283.532 244.43 130.951 113.479 146.537 39.102 29.2508
internal_count=6045 3849 2036 1380 656 1813 2196 1890 1022 868 1541 306 272
is_linear=0
shrinkage=0.04


Tree=147
num_leaves=13
num_cat=0
split_feature=169 41 49 177 53 173 173 89 52 52 107 57
split_gain=4.64853 4.43992 5.09606 4.26 3.62207 3.61029 3.52538 3.31683 3.48115 3.26623 2.78905 1.59618
threshold=0.58114035087719318 -0.26280273815506078 10.500000000000002 0.20416666666666669 -0.14248120300751876 0.87026647966339421 0.80384615384615399 1842.0000000000002 0.18035095575930424 -0.047847985347985393 -0.018095090539044564 -181.49999999999997
decision_type=8 2 8 8 10 10 8 10 8 8 8 10
left_child=1 3 9 10 -4 -5 11 8 -8 -3 -1 -2
right_child=6 2 4 5 -6 -7 7 -9 -10 -11 -12 -13
leaf_value=-0.021399201292604059 -0.01265668803861634 -5.5125460528615634e-05 0.018415123300973245 0.012756729587357697 -0.0022920769527909743 -0.0033720074870168819 0.013849309831652756 -0.007809482059810381 0.0019585418389737423 -0.008753555458933495 -0.00059199798624188474 0.0030927259583644539
leaf_weight=12.198576178401707 22.939487304538488 97.0915856808424 23.303094644099474 75.543937120586634 29.687498856335878 30.531926412135363 94.68365328758955 20.537819687277079 68.336010135710239 242.45451099798083 48.330514341592789 17.205828126519918
leaf_count=141 166 803 153 613 220 250 622 216 319 1988 441 113
internal_value=-0.000202527 -0.00215448 -0.00447555 0.00329633 0.00694948 0.00810756 0.00465531 0.0070046 0.00891936 -0.00627962 -0.00509747 -0.00594695
internal_weight=782.844 559.142 392.537 166.605 52.9906 106.076 223.703 183.557 163.02 339.546 60.5291 40.1453
internal_count=6045 4609 3164 1445 373 863 1436 1157 941 2791 582 279
is_linear=0
shrinkage=0.04


Tree=148
num_leaves=15
num_cat=0
split_feature=178 89 54 156 180 88 54 88 42 135 42 70 58 42
split_gain=5.58405 6.05185 5.30736 4.57146 6.01049 3.87348 3.3819 3.32973 3.31906 2.02986 1.59471 1.75514 0.925912 0.843386
threshold=0.14642857142857144 1048.0000000000002 0.034289784289784291 0.6454523359563854 0.17156862745098042 0.91240409207161133 0.21030517470145957 0.79008567931456553 0.063299625898582054 1.5380467177281307 0.063299625898582054 17.500000000000004 1821.5000000000002 0.010619428992986282
decision_type=8 10 8 2 10 10 10 10 2 10 2 8 10 2
left_child=1 2 9 4 6 -4 -2 -6 13 -1 12 -12 -3 -5
right_child=3 10 5 8 7 -7 -8 -9 -10 -11 11 -13 -14 -15
leaf_value=-0.024039400370480909 -0.00099957152839903556 -0.022671086601835696 0.014856871048691465 -0.010564390483805511 0.02897182672599178 -0.010510031774825752 0.0081170930687478708 0.0083673745627005722 0.0031407017835308124 -0.0048241683190900584 0.010955299254813181 -0.014714445690561974 -0.0066813264418862208 -0.027530963150222281
leaf_weight=10.680927442386745 221.30082301422954 36.632596807554364 38.911181693896651 11.717552945017816 19.156323337927461 11.807596005499361 90.973967239260674 37.806029947474599 16.80055258795619 40.628519020974636 6.0914736930280897 9.7045291624963284 8.546502957120536 11.312731755897401
leaf_count=159 1636 812 379 161 209 149 557 450 200 758 155 196 117 107
internal_value=-1.47593e-05 -0.00625631 -0.000245354 0.00247666 0.00387596 0.00882362 0.0016674 0.0157114 -0.0102234 -0.00924547 -0.0161158 -0.00463336 -0.0198998 -0.0197806
internal_weight=572.071 163.003 102.028 409.068 369.237 50.7188 312.275 56.9624 39.8308 51.3094 60.9751 15.796 45.1791 23.0303
internal_count=6045 2725 1445 3320 2852 528 2193 659 468 917 1280 351 929 268
is_linear=0
shrinkage=0.04


Tree=149
num_leaves=11
num_cat=0
split_feature=131 49 1 132 51 163 170 52 2 139
split_gain=5.39335 4.98924 4.42033 5.10506 3.95762 3.41869 3.28862 1.59929 1.57309 1.25278
threshold=429.46666666666675 -18.499999999999996 -1.0000000180025095e-35 587.2361111111112 2.5000000000000004 -0.17455192270330841 0.57518796992481214 -0.12217101894521253 0.51608487337440156 1.8238843039856067
decision_type=8 8 8 10 8 2 8 10 10 10
left_child=5 -2 4 -4 -3 7 8 -1 -7 -9
right_child=1 2 3 -5 -6 6 -8 9 -10 -11
leaf_value=-0.0041919223731365527 0.018506360346195058 0.0072328709951004801 -0.004406835148565276 0.0044779740746631646 -0.0070155046659471434 -0.0017940402326211257 -0.016229184687732167 -0.012047696099354395 0.012999950399440055 -0.028759088811310951
leaf_weight=14.583845186978577 25.475205954164267 210.41151432693005 312.43772737309337 153.35906636714935 35.628172524273396 30.319258529692888 17.289092171937227 18.049260377883911 17.158557329326868 15.797319732606409
leaf_count=142 190 1580 1539 1515 270 239 134 175 123 138
internal_value=0.000198715 0.00145203 0.000813784 -0.00147399 0.00514147 -0.00788851 -0.00177817 -0.0158182 0.00366915 -0.0205063
internal_weight=850.509 737.312 711.836 465.797 246.04 113.197 64.7669 48.4304 47.4778 33.8466
internal_count=6045 5094 4904 3054 1850 951 496 455 362 313
is_linear=0
shrinkage=0.04


Tree=150
num_leaves=12
num_cat=0
split_feature=169 99 2 141 171 170 89 85 73 41 56
split_gain=4.36946 4.35812 5.12561 3.50717 3.38684 3.01643 2.67606 3.52663 2.26326 1.89871 1.53192
threshold=0.58114035087719318 1.0000000180025095e-35 2.0561259411362074 0.37573529411764711 0.56639247943595772 0.72474747474747481 596.50000000000011 10.500000000000002 196.50000000000003 0.17091174399300665 -1.0000000180025095e-35
decision_type=8 2 10 10 10 10 10 10 8 2 10
left_child=1 2 4 -4 -1 6 7 -2 -8 10 -3
right_child=5 9 3 -5 -6 -7 8 -9 -10 -11 -12
leaf_value=0.0032708879860833058 0.0023125693384446044 0.0013853422229395634 -0.011877736083311623 0.0010982027323348568 -0.007516762214535371 0.018280578694386995 0.003071825189552443 0.017147680604924168 -0.011273863518284043 -0.025913185718470799 -0.014065848357497348
leaf_weight=306.18401337787509 98.496171951293945 16.038699392229319 92.58058775216341 51.100196436047554 53.838885672390461 21.967642072588205 38.038904070854187 34.063875567167997 31.001990661025047 12.639849629253147 25.7381910122931
leaf_count=2421 416 142 644 541 437 159 405 176 280 142 282
internal_value=-0.000193367 -0.00208846 -0.000910941 -0.00727332 0.00163578 0.00451689 0.00292442 0.00623956 -0.00341037 -0.0127388 -0.00819346
internal_weight=781.689 558.12 503.704 143.681 360.023 223.569 201.601 132.56 69.0409 54.4167 41.7769
internal_count=6045 4609 4043 1185 2858 1436 1277 592 685 566 424
is_linear=0
shrinkage=0.04


Tree=151
num_leaves=15
num_cat=0
split_feature=171 170 54 158 170 131 107 35 165 62 30 139 50 2
split_gain=5.87734 4.36875 5.32081 3.67934 3.51087 3.47706 2.70325 3.36307 2.70896 2.98874 2.29156 2.28642 2.17817 1.0914
threshold=0.23904761904761906 0.63397129186602885 -0.25087412587412583 1.0851908255030669 0.78174603174603186 514.25892857142867 -0.056840633597006189 15.294013637786522 -0.03279213332444738 -191.45988835725674 -0.1507575757575757 3.6997823582127771 1.5000000000000002 1.5770020533880891
decision_type=8 8 10 2 8 8 10 2 2 8 8 8 10 8
left_child=6 2 13 -4 11 -6 7 12 10 -10 -8 -3 -1 -2
right_child=1 4 3 -5 5 -7 8 -9 9 -11 -12 -13 -14 -15
leaf_value=0.0041859250256535687 -0.0074543793993419871 0.0097958924723361984 0.0010147294846018409 0.018135556392475573 0.015885652278120825 -0.0068015111272622742 0.0035056693340013512 0.016716792352567983 0.010699079781086142 -0.0079073377018285505 -0.021898834608011234 0.032356167133947053 -0.015647736914807385 -0.02506112770108183
leaf_weight=18.487864514812827 12.91860508173704 15.750882700085642 261.60745059512556 20.805877018719912 19.191443361341953 22.251867774873972 6.4198308549821377 16.142692955210805 15.355633264407514 88.480801738798618 31.507146563380957 15.225554443895815 15.281176745891569 11.907098894938828
leaf_count=156 141 175 2159 315 103 143 205 147 224 1316 668 67 123 103
internal_value=-1.85741e-05 0.00285928 0.000754986 0.00234265 0.0116276 0.00378402 -0.00571449 0.00222703 -0.00852054 -0.00506088 -0.0175677 0.0216124 -0.0049236 -0.0166199
internal_weight=571.334 379.659 307.239 282.413 72.4197 41.4433 191.675 49.9117 141.763 103.836 37.927 30.9764 33.769 24.8257
internal_count=6045 3206 2718 2474 488 246 2839 426 2413 1540 873 242 279 244
is_linear=0
shrinkage=0.04


Tree=152
num_leaves=14
num_cat=0
split_feature=170 1 132 9 170 49 56 44 17 41 68 155 16
split_gain=4.3759 4.30858 5.04173 4.07993 3.91799 2.93606 4.95123 2.95382 2.9307 2.57525 2.40829 1.23283 0.809061
threshold=0.64142857142857157 -1.0000000180025095e-35 523.85294117647072 -1.0000000180025095e-35 0.78174603174603186 8.5000000000000018 -1.0000000180025095e-35 28.289829296925408 -0.14854686814814841 -0.15166376840990833 28.335386721423685 -0.13891941803349808 0.016162923223044471
decision_type=8 8 8 2 10 8 10 8 10 2 8 2 10
left_child=1 5 9 -4 8 6 -1 -7 10 -3 -2 -6 -10
right_child=4 2 3 -5 11 7 -8 -9 12 -11 -12 -13 -14
leaf_value=0.0010285587124054987 -0.0053791496171810621 -0.00077744442168265816 0.01148723700075146 -0.0005709669130918504 -0.0047372650523605057 0.009072121131833014 0.013210135325549878 -0.014555598377596426 -0.0053726602398070774 -0.015907965987101331 -0.02172639284737643 0.0088806859027278674 0.010695702254218807
leaf_weight=103.20676010474563 24.212514869868755 29.452731233090162 50.416173536330462 351.78657814860344 17.333155505359173 13.097077891230581 110.85986668989062 20.260671682655811 9.5170200876891631 46.927643932402134 39.66973776742816 24.255130544304848 8.5259332023560983
leaf_count=780 103 324 513 1977 187 180 842 80 137 405 235 157 125
internal_value=0.000192795 0.00138154 -0.000831777 0.000960312 -0.00673351 0.00565683 0.00737849 -0.00522652 -0.0117678 -0.0101848 -0.0157397 0.00318007 0.00227812
internal_weight=849.521 726.008 478.583 402.203 123.513 247.424 214.067 33.3577 81.9252 76.3804 63.8823 41.5883 18.043
internal_count=6045 5101 3219 2490 944 1882 1622 260 600 729 338 344 262
is_linear=0
shrinkage=0.04


Tree=153
num_leaves=9
num_cat=0
split_feature=49 102 161 183 135 45 51 145
split_gain=3.80602 3.93818 5.09493 4.45382 3.71031 3.53389 3.20169 1.0085
threshold=10.500000000000002 1.0000000180025095e-35 0.42378966552566139 0.43303571428571436 1.4314800036734152 -25.243738363465237 -3.4999999999999996 0.46547739419326889
decision_type=8 2 2 8 10 10 10 10
left_child=1 2 6 -3 -4 -2 -1 -7
right_child=5 3 4 -5 -6 7 -8 -9
leaf_value=-0.012119444583572348 0.012762606824205564 -0.0053783061684421372 -0.013286152152039666 0.019762548834729363 0.0080474112952386885 -0.011156153776079283 -0.0025221957229163393 0.0040270825558478196
leaf_weight=62.543937280774117 61.863469302654266 17.746606450527906 13.89663854241371 27.882738713175058 104.98609323427081 14.767301082611086 465.31862663850188 11.615463491529225
leaf_count=470 229 215 124 137 1120 221 3345 184
internal_value=-0.000184354 -0.00118738 -0.00199657 0.010036 0.00544695 0.00758803 -0.00368388 -0.00449549
internal_weight=780.621 692.375 646.745 45.6293 118.883 88.2462 527.863 26.3828
internal_count=6045 5411 5059 352 1244 634 3815 405
is_linear=0
shrinkage=0.04


Tree=154
num_leaves=13
num_cat=0
split_feature=145 88 42 55 140 169 144 154 41 50 75 0
split_gain=5.51072 5.60446 4.61468 5.58273 4.39234 4.97917 3.79864 3.44198 3.38591 5.10308 3.98737 1.71959
threshold=1.4847402827143628 0.87867647058823539 0.051297160600544935 -0.042388591800356472 3.8269955612864837 0.29520697167755999 0.84698996655518399 -0.41119991111056581 -0.16109339804894607 -1.0000000180025095e-35 1.5000000000000002 2.5000000000000004
decision_type=10 10 2 8 8 8 8 2 2 10 2 10
left_child=1 4 7 -4 6 -6 -1 -3 9 -2 -10 -12
right_child=8 2 3 -5 5 -7 -8 -9 10 -11 11 -13
leaf_value=-0.00022377341552029536 0.0020906802369792432 0.0093254625135631847 0.0165890337568637 -0.010725455359359173 0.015220454721179758 0.00062731068804406244 -0.016765643246822205 -0.01286906093626005 -0.014667180006406613 0.029567409828232839 0.016475449426166321 -0.0014992692505762201
leaf_weight=110.28755261562765 20.508014142513275 11.454417351633309 24.12969639711082 21.859381271526217 59.355348905548453 99.441464072093368 26.903793834149837 124.81951059401035 15.412509830668567 22.688198747113347 19.962798060849309 13.760210804641245
leaf_count=1783 175 173 313 335 248 526 419 1354 124 171 250 174
internal_value=-1.84369e-05 -0.00175361 -0.0072537 0.00361148 0.00163951 0.00615559 -0.00358002 -0.0109346 0.00887031 0.0169102 0.00156609 0.00925156
internal_weight=570.583 478.251 182.263 45.9891 295.988 158.797 137.191 136.274 92.3317 43.1962 49.1355 33.723
internal_count=6045 5151 2175 648 2976 774 2202 1527 894 346 548 424
is_linear=0
shrinkage=0.04


Tree=155
num_leaves=13
num_cat=0
split_feature=145 2 49 132 42 177 164 3 0 107 68 71
split_gain=4.30893 5.08379 6.83536 4.90223 4.8694 4.25986 3.8047 3.58661 3.57468 3.19782 2.42317 1.43447
threshold=1.12449821587868 -0.70499657768651491 14.500000000000002 744.77500000000009 0.12447396169837668 0.46410256410256417 -0.1494832130023718 1.5000000000000002 9.0000000000000018 -0.017338773977187746 31.229295003422319 13.500000000000002
decision_type=10 10 10 10 2 8 2 2 10 10 8 10
left_child=1 3 8 5 7 -1 -5 9 -3 -2 -6 -9
right_child=4 2 -4 6 10 -7 -8 11 -10 -11 -12 -13
leaf_value=0.0048339795781507646 0.0082782024273181463 0.0075626696398677397 -0.01737129673653753 0.012648281955126683 0.015725267464801101 -0.0066321180199752942 -0.0087102487687690921 -0.026666140767754226 -0.0080664540189092533 -0.01128857169902865 -0.0060693185800498595 -0.01210633351728623
leaf_weight=65.737643357366323 22.460553392767906 298.91358988359571 19.678965501487255 54.295537699013948 19.493178550153971 231.32278389856219 16.68961974978447 18.671840224415064 24.469221424311399 30.006952412426472 12.691682972013949 34.085174527019262
leaf_count=617 204 1996 152 533 167 1210 133 82 152 374 142 283
internal_value=0.000184379 0.00144165 0.00493946 -0.00181785 -0.00627108 -0.00408033 0.00754756 -0.0104226 0.00635268 -0.00287676 0.00714668 -0.0176968
internal_weight=848.517 711.107 343.062 368.046 137.409 297.06 70.9852 105.225 323.383 52.4675 32.1849 52.757
internal_count=6045 4793 2300 2493 1252 1827 666 943 2148 578 309 365
is_linear=0
shrinkage=0.04


Tree=156
num_leaves=12
num_cat=0
split_feature=179 86 136 42 86 54 125 176 86 175 53
split_gain=5.18793 5.27951 4.07328 3.76949 3.75259 3.31891 6.25842 3.89247 2.87155 2.03979 0.857998
threshold=0.19090909090909094 4.5000000000000009 6.9360544217687083 0.027749893095852192 1.0000000180025095e-35 -0.11602564102564103 1.5000000000000002 1.0000000180025095e-35 5.5000000000000009 1.5000000000000002 0.15792400913295476
decision_type=10 10 10 2 8 8 2 10 10 10 8
left_child=1 4 3 8 -1 7 -7 -3 -2 -5 -6
right_child=2 5 -4 9 10 6 -8 -9 -10 -11 -12
leaf_value=-0.0039988299875503407 -0.0078750515979621842 -0.0059614510073215448 0.024902709934963109 -0.0067551095153417845 0.019284012150108772 -0.007983642621405454 0.012955466195406247 0.005589592674423223 0.010929458969929078 0.0074302518119095089 0.0078574469375399768
leaf_weight=28.846453562378883 14.271694302558897 84.969371147453785 14.219801645725964 61.163716699928045 24.525195695459843 298.08757879957557 23.767514850944281 101.08600327372551 90.785565208643675 20.918501891195774 23.177184019237757
leaf_count=92 134 620 103 708 138 2125 241 632 993 217 102
internal_value=-0.000553006 -0.00246297 0.00496569 0.00331583 0.00725798 -0.00394336 -0.00639585 0.000300002 0.0083059 -0.00307 0.0140486
internal_weight=785.819 584.459 201.359 187.139 76.5488 507.91 321.855 186.055 105.057 82.0822 47.7024
internal_count=6105 3950 2155 2052 332 3618 2366 1252 1127 925 240
is_linear=0
shrinkage=0.04


Tree=157
num_leaves=14
num_cat=0
split_feature=180 169 41 170 55 55 134 133 52 62 169 108 18
split_gain=7.64012 6.36485 6.18368 4.70226 3.73111 3.14748 2.65936 2.48327 2.56186 2.28536 2.04244 1.33666 1.37399
threshold=0.27922077922077926 0.54772727272727284 0.23399636627327669 0.22902097902097904 0.16386946386946391 -0.15364265364265359 7.4303594080338273 2.9515469918632307 -0.07483031674208139 238.85303030303029 0.37268518518518523 -0.17691306024789807 0.2453234265734266
decision_type=10 10 2 8 8 10 8 10 8 8 10 10 8
left_child=1 2 3 -1 5 -3 -6 8 -2 -4 -10 -9 -13
right_child=7 4 9 -5 6 -7 -8 11 10 -11 -12 12 -14
leaf_value=-0.0048977971938761493 0.0016248915427151415 0.0043561082273003504 -0.0068311055904427724 0.0053675990205615818 -0.012537832697978953 -0.022600356351316742 0.0097541657643395313 0.01719173862198177 0.027811892721264088 -0.024672400183807289 0.0090597495665416233 0.0038243519589749313 -0.014967420094221966
leaf_weight=101.84939906001091 16.426189161837101 7.6871713306754819 58.622748577967286 232.05949436873198 15.912618231028317 44.58808908611536 16.314246749505401 5.6634148247540024 24.432553462684155 13.969519879668949 17.418115960434079 16.563013255596157 8.6213706396520191
leaf_count=927 152 125 702 1804 344 686 96 125 227 175 178 367 197
internal_value=-0.000204418 -0.00216872 -7.70277e-05 0.00222519 -0.0120889 -0.0185915 -0.0012388 0.010499 0.0152928 -0.0105802 0.0204475 0.00118425 -0.00285819
internal_weight=580.128 491.003 406.501 333.909 84.5021 52.2753 32.2269 89.1247 58.2769 72.5923 41.8507 30.8478 25.1844
internal_count=6105 4859 3608 2731 1251 811 440 1246 557 877 405 689 564
is_linear=0
shrinkage=0.04


Tree=158
num_leaves=13
num_cat=0
split_feature=132 115 170 145 53 2 129 53 172 53 38 169
split_gain=6.72501 4.51751 4.4848 4.98365 3.30437 2.94369 2.77286 3.44465 2.42499 2.38779 2.00779 1.86544
threshold=744.77500000000009 1.0000000180025095e-35 0.22401433691756276 1.0386113982070051 0.38133640552995401 2.1505817932922668 0.19139194139194141 0.059523809523809534 0.23303167420814483 -0.29240384615384607 -0.5233303035161907 0.46410256410256417
decision_type=10 2 8 8 8 10 10 10 10 8 2 8
left_child=2 8 6 5 -5 -4 7 -1 9 -2 -8 -10
right_child=1 -3 3 4 -6 -7 10 -9 11 -11 -12 -13
leaf_value=0.01546614930922998 0.00089265969093158405 -0.011788004024108945 -0.0021340079430893005 -0.0053862170794834012 -0.020516142859502987 0.0069625757022533001 0.0070076218767696642 0.0026344819016264147 0.0098619189757506685 0.020459698423659738 -0.011507558289032273 -0.0038488580921967447
leaf_weight=45.740422248840332 12.856828927993773 15.03884758427739 165.50983209162951 226.82278476282954 25.114783890545368 85.398792311549187 13.142786435782908 121.83116487413645 49.000138308852911 48.960273124277592 26.955217462033033 22.361056383699179
leaf_count=241 133 166 1454 1100 121 630 128 696 468 500 245 223
internal_value=0.000646606 0.00836807 -0.000970816 -0.00301412 -0.00697752 0.000969498 0.00395794 0.00621986 0.0107299 0.0165009 -0.00536739 0.00554419
internal_weight=858.733 148.217 710.516 502.846 251.938 250.909 207.67 167.572 133.178 61.8171 40.098 71.3612
internal_count=6105 1490 4615 3305 1221 2084 1310 937 1324 633 373 691
is_linear=0
shrinkage=0.04


Tree=159
num_leaves=13
num_cat=0
split_feature=179 174 182 89 169 86 86 58 146 58 86 39
split_gain=4.85634 5.00453 4.73623 7.29782 4.34172 4.10109 3.49549 3.40848 2.84803 3.68861 2.78789 1.78071
threshold=0.19090909090909094 0.58114035087719318 0.10555555555555557 244.50000000000003 0.15587044534412958 4.5000000000000009 7.5000000000000009 544.50000000000011 1.4106314672441671 -501.49999999999994 1.0000000180025095e-35 0.36136131545622246
decision_type=10 8 8 10 10 10 10 10 10 10 10 2
left_child=1 4 8 -4 -1 10 -6 -7 9 -2 -3 -5
right_child=2 5 3 11 6 7 -8 -9 -10 -11 -12 -13
leaf_value=0.0068813367626136017 -0.024173048514587889 -8.9680316425477436e-05 0.021978965471415639 -0.0011858602147301162 -0.0008384330138505794 -0.0044035523915894655 -0.02167304376034954 0.0036381855997782804 0.010090533448482574 0.00094621745617426021 0.016051403143424587 0.0092544489199677758
leaf_weight=15.733918242156504 17.642116468399763 32.769607827067375 43.187392946332693 69.661720279604197 17.966587845236063 322.31327500939369 47.259304065257311 112.97657838836312 12.105792492628096 18.33205832913518 34.276731371879578 40.402860030531883
leaf_count=128 143 103 181 942 136 2184 372 863 139 220 164 530
internal_value=-0.00053214 -0.00238325 0.00480625 0.00823691 -0.0115505 -0.000881809 -0.0160636 -0.00230823 -0.00603301 -0.0116391 0.00824751 0.00267741
internal_weight=784.628 583.296 201.332 153.252 80.9598 502.336 65.2259 435.29 48.08 35.9742 67.0463 110.065
internal_count=6105 3950 2155 1653 636 3314 508 3047 502 363 267 1472
is_linear=0
shrinkage=0.04


Tree=160
num_leaves=14
num_cat=0
split_feature=180 180 133 175 178 132 106 90 107 169 145 37 19
split_gain=7.24233 4.3294 4.93403 4.85019 3.60495 3.48624 3.04049 4.31412 2.38648 2.23818 1.40885 1.33424 0.734113
threshold=0.11437908496732027 0.31666666666666671 1.2001318971202466 3.5000000000000004 0.40833333333333338 401.2565789473685 1.0000000180025095e-35 677.00000000000011 -0.024187698481124894 0.27681992337164757 1.9504266916129043 0.022914498973413442 0.054924545406068399
decision_type=8 10 8 10 10 10 2 8 10 8 10 2 8
left_child=4 2 -2 -4 6 11 9 -8 -7 -1 12 -3 -6
right_child=1 5 3 -5 10 8 7 -9 -10 -11 -12 -13 -14
leaf_value=-0.005086478358634401 0.016051664788676527 0.03377246043596175 -0.0023113400432655776 0.018734998738653651 -0.010415288858453848 -0.0059482531794184581 0.016464187106576364 -0.011294331352199521 0.010415843406647198 -0.018725551867321864 0.017277428843017896 0.011549348592155584 0.0070714285934384462
leaf_weight=30.158546950668097 28.439206628128886 10.852907929569485 296.62530857883394 17.607470627874136 6.8977282177656907 19.236919077113271 13.656754076480864 22.026059255003929 47.669573677703738 60.155261270701885 9.7708818502724153 9.8191102575510723 6.4291032273322344
leaf_count=421 106 132 2041 104 132 269 190 412 698 1202 157 120 121
internal_value=-0.000198112 0.0024326 0.000387712 -0.00107001 -0.00776868 0.0103165 -0.0104287 -0.000456683 0.00566309 -0.0142985 0.00648901 0.0243289 -0.00193502
internal_weight=579.345 430.25 342.672 314.233 149.094 87.5785 125.997 35.6828 66.9065 90.3138 23.0977 20.672 13.3268
internal_count=6105 3470 2251 2145 2635 1219 2225 602 967 1623 410 252 253
is_linear=0
shrinkage=0.04


Tree=161
num_leaves=11
num_cat=0
split_feature=132 68 63 57 115 137 130 82 44 176
split_gain=6.30453 5.34825 4.34819 4.47471 4.28651 4.08326 3.23293 2.64452 2.50505 2.02974
threshold=744.77500000000009 31.82888432580425 -437.7275758585476 2816.0000000000005 1.0000000180025095e-35 0.47346436705669631 0.15894736842105264 0.32795698924731187 9.0851388540942271 2.5000000000000004
decision_type=10 8 2 8 2 8 8 10 10 10
left_child=1 2 -1 -4 7 9 -7 8 -2 -3
right_child=4 5 3 -5 -6 6 -8 -9 -10 -11
leaf_value=-0.015222499490302537 0.015460446463843256 0.0049594651911630903 0.0031983659809327152 -0.013919461575216603 -0.011535325189813135 0.0017555964757712823 -0.013016917759510329 -0.0047811209855056413 0.001085730621356975 -0.0099027782686028319
leaf_weight=22.944135781377554 92.483289152383804 58.916125509887934 440.06370544433594 24.851472243666649 15.026717968285082 29.201633486896753 115.36353746429086 15.491715479642151 25.060792170464993 18.455430116504431
leaf_count=94 834 628 2500 153 166 289 762 145 345 189
internal_value=0.000622963 -0.000943771 0.00139581 0.00225115 0.00810308 -0.00607878 -0.0100276 0.0104057 0.0124476 0.00130773
internal_weight=857.859 709.796 487.859 464.915 148.063 221.937 144.565 133.036 117.544 77.3716
internal_count=6105 4615 2747 2653 1490 1868 1051 1324 1179 817
is_linear=0
shrinkage=0.04


Tree=162
num_leaves=11
num_cat=0
split_feature=174 38 171 54 111 137 35 90 120 36
split_gain=4.52481 5.57989 5.3008 5.24058 4.17253 3.53155 3.31937 1.88431 1.59562 1.43633
threshold=0.77598566308243744 1.6706876913001889 0.63714733542319768 0.52414252414252427 1.0000000180025095e-35 0.35180532291085059 -31.986846021979087 287.50000000000006 0.74166666666666681 -0.14430542435843219
decision_type=8 2 10 10 2 8 2 10 8 2
left_child=3 2 5 4 6 -2 -1 -3 -9 -6
right_child=1 7 -4 -5 9 -7 -8 8 -10 -11
leaf_value=0.011879365385952308 -0.009562345956198268 -0.024822510115388125 -0.014076904952006775 0.017454361205832377 -0.0061399058451931708 0.0052303422074075692 -0.0048570069976006927 -0.0158712658746052 0.0066205281590125909 -0.022591522853465371
leaf_weight=19.605113077908754 26.666570175439119 13.496091462671759 25.871226012706757 15.867842618376015 14.202618241310118 387.40545574948192 235.62621381133795 9.2883088253438491 8.9387047402560693 26.62755498290062
leaf_count=223 234 66 209 129 145 2747 1868 150 113 221
internal_value=-0.000510122 0.00195773 0.00314025 -0.00424247 -0.00546692 0.00425212 -0.00352228 -0.0139754 -0.0049664 -0.0172003
internal_weight=783.596 471.666 439.943 311.929 296.062 414.072 255.231 31.7231 18.227 40.8302
internal_count=6105 3519 3190 2586 2457 2981 2091 329 263 366
is_linear=0
shrinkage=0.04


Tree=163
num_leaves=14
num_cat=0
split_feature=171 128 142 38 161 170 131 36 63 165 145 182 24
split_gain=6.31063 4.69176 5.61071 3.26367 3.81704 3.46535 3.10966 3.61603 4.89914 3.52021 2.96322 1.9946 1.44271
threshold=0.30217391304347835 1.0000000180025095e-35 0.57932875667429451 1.6706876913001889 -0.39632427615664184 0.44636015325670503 389.81666666666672 0.71690132919939853 230.32054898381475 -0.034335042775816449 0.69830597314135245 0.37980769230769235 -41.499999999999993
decision_type=8 2 8 2 2 8 8 2 2 2 10 8 8
left_child=6 3 11 4 -2 -5 7 8 -1 12 -11 -3 -8
right_child=1 2 -4 5 -6 -7 9 -9 -10 10 -12 -13 -14
leaf_value=-0.0023993756322507388 -0.014969000224681023 0.012921100479954588 0.031749190626530935 0 0.001326406036180974 0.028948028495867414 -0.0022821117600867725 -0.011330550262921417 0.037854415728461092 -0.0064348310023479875 0.0077089750200070011 -0.003789793696663009 -0.020643841529733656
leaf_weight=9.4090034998953396 24.590528454631567 23.820013981312513 17.536829892545938 13.532352648675444 225.70903044752777 12.210254091769455 9.1806792207062227 9.90428553894162 8.5423634294420463 142.81075606308877 27.379890801385045 20.261191044002771 33.681482801213861
leaf_count=197 236 330 175 149 1510 94 297 159 55 1615 430 228 630
internal_value=-0.000176708 0.00334466 0.0132335 0.00109026 -0.000319763 0.0143742 -0.00511399 0.00723234 0.017637 -0.0067638 -0.00411598 0.00528217 -0.0168982
internal_weight=578.569 337.66 61.618 276.042 250.3 25.7426 240.908 27.8557 17.9514 213.053 170.191 44.0812 42.8622
internal_count=6105 2722 733 1989 1746 243 3383 411 252 2972 2045 558 927
is_linear=0
shrinkage=0.04


Tree=164
num_leaves=12
num_cat=0
split_feature=132 68 63 57 115 89 171 183 119 87 47
split_gain=5.86422 5.04775 4.10308 4.22443 4.04789 3.86914 3.08068 2.72707 2.66937 2.01499 1.85832
threshold=744.77500000000009 31.82888432580425 -437.7275758585476 2816.0000000000005 1.0000000180025095e-35 1510.5000000000002 0.39087301587301593 0.44722222222222224 0.64852941176470602 0.8366374380480367 -4.5029037675412829
decision_type=10 8 2 8 2 10 8 10 8 8 10
left_child=1 2 -1 -4 6 7 10 -3 -7 -8 -2
right_child=4 5 3 -5 -6 8 9 -9 -10 -11 -12
leaf_value=-0.014825094397832509 0.019154143803060124 -0.01057808243157111 0.003096857993924609 -0.013573221394199626 -0.011285222907039342 0.011636207835072335 -0.011724953955655003 0.0046637898424717232 -0.0069419578561528963 0.0066192164878576378 0.0067891483911813408
leaf_weight=22.856677405536175 52.64155213907361 151.89227414131165 440.03147020190954 24.726420700550079 15.007141184061764 28.662385761737823 12.157351016998289 20.641870908439159 20.228578016161919 34.090023335069418 33.979459475725889
leaf_count=94 396 1054 2500 153 166 359 131 200 255 324 473
internal_value=0.000588232 -0.000923385 0.0013486 0.00217843 0.00780715 -0.00591922 0.0100467 -0.00872666 0.00392435 0.00160854 0.0144593
internal_weight=856.915 709.04 487.615 464.758 147.876 221.425 132.868 172.534 48.891 46.2474 86.621
internal_count=6105 4615 2747 2653 1490 1868 1324 1254 614 455 869
is_linear=0
shrinkage=0.04


Tree=165
num_leaves=14
num_cat=0
split_feature=68 39 89 161 182 32 53 179 53 162 43 143 16
split_gain=5.53155 5.82175 3.86616 3.79028 4.45611 3.64192 3.4668 3.22906 2.48977 2.38989 2.02655 2.15565 1.02654
threshold=31.533196440793983 0.53236164851341228 91.500000000000014 -0.043489197375910615 0.31009615384615391 -0.225705329153605 0.40048309178743968 0.19090909090909094 1.0000000180025095e-35 -0.37231791502124084 -0.0879389939948102 inf 0.075336292992448498
decision_type=8 2 8 2 8 10 8 8 10 2 2 8 10
left_child=1 2 -1 10 9 8 -4 -6 -3 -5 -2 -12 -7
right_child=3 5 6 4 7 12 -8 -9 -10 -11 11 -13 -14
leaf_value=-0.017950687213823022 -0.014814265617451786 0.0030989055372925571 -0.0054908546317332775 0.009223107385861587 -0.00040584138653746398 0.00014851954673085639 0.0052612260309776162 0.013990563939353967 0.020114589086372238 -0.0087682406541257779 0.0027553240887423997 -0.015300460725348481 -0.015635169624893589
leaf_weight=33.338453583419323 16.509512227028608 26.513810802251101 316.94767140969634 16.562780667096376 31.757428705692291 18.920342028141025 55.501860875636339 109.68533978611231 29.373401265591383 34.992620944976807 72.269336607307196 11.362698726356028 8.907520577311514
leaf_count=119 229 130 2322 148 280 300 304 735 134 353 829 80 142
internal_value=-0.000489621 -0.00309207 -0.00507619 0.00384505 0.00711165 0.00644825 -0.00387344 0.010764 0.0122736 -0.00288474 -0.00243881 0.000126734 -0.00520147
internal_weight=782.643 489.503 405.788 293.14 192.998 83.7151 372.45 141.443 55.8872 51.5554 100.142 83.632 27.8279
internal_count=6105 3451 2745 2654 1516 706 2626 1015 264 501 1138 909 442
is_linear=0
shrinkage=0.04


Tree=166
num_leaves=14
num_cat=0
split_feature=180 171 58 169 176 74 160 57 169 157 42 1 17
split_gain=6.66932 5.15038 4.48331 4.3947 3.95954 3.57007 3.17334 2.81211 2.15286 2.11541 1.3302 1.32264 1.06354
threshold=0.11437908496732027 0.3816526610644258 947.50000000000011 0.54772727272727284 4.5000000000000009 125.50000000000001 0.33781406045599011 1441.5000000000002 0.64495798319327746 0.36791340125381927 -0.012320735077693544 -7.4999999999999991 0.87484086684678231
decision_type=8 10 10 10 10 10 2 10 10 2 2 8 8
left_child=1 9 3 4 -2 -3 -7 10 -5 11 -4 -1 -11
right_child=2 5 7 8 -6 6 -8 -9 -10 12 -12 -13 -14
leaf_value=-0.0031829376535100137 0.0045797700002125552 0.01717100950467627 -0.026426394816670924 -0.01521735054413232 0.023232137894841715 -0.0095136038546199484 0.016269741118373399 0.002459680532227651 7.5626449389472734e-05 0.0134408424553189 -0.0086591193847670705 -0.019064428627345916 -0.0071692258352330056
leaf_weight=10.639528317376969 299.65787575021386 15.812413450330494 11.723643042147161 23.267888061702251 18.565166816115379 36.72782227396965 8.5794615037739259 21.337768221274018 36.787300800904632 4.7702984623610973 18.782836159691215 58.991618515923619 12.037116449326279
leaf_count=199 2098 195 133 281 118 528 106 210 455 130 175 1171 306
internal_value=-0.000166926 -0.00747887 0.00234841 0.003868 0.00574358 0.00137821 -0.00434213 -0.00856476 -0.00596895 -0.0137086 -0.0161726 -0.0167455 -0.000781043
internal_weight=577.681 147.558 430.122 378.278 318.223 61.1197 45.3073 51.8442 60.0552 86.4386 30.5065 69.6311 16.8074
internal_count=6105 2635 3470 2952 2216 829 634 518 736 1806 308 1370 436
is_linear=0
shrinkage=0.04


Tree=167
num_leaves=10
num_cat=0
split_feature=73 145 57 68 10 1 17 68 90
split_gain=4.40945 4.34773 4.49625 5.20627 2.91032 2.80657 2.43364 2.34203 2.02471
threshold=63.500000000000007 1.0386113982070051 1271.0000000000002 29.698836413415474 2.5000000000000004 2.5000000000000004 2.7873921469989074 28.737850787132107 328.50000000000006
decision_type=8 8 10 8 2 8 8 8 10
left_child=8 4 3 -3 7 -4 -6 -2 -1
right_child=1 2 5 -5 6 -7 -8 -9 -10
leaf_value=-0.022483131786473928 0.0071792864728554111 0.0045487060894436335 -0.0034567466817075751 -0.0047692719007797505 0.0048657066833740093 -0.022287316646887146 0.021840697557965649 0.00023012686677597135 -0.0015772803368656692
leaf_weight=17.763559646904472 120.72297028079629 190.11787180602551 26.962639484554529 191.6287755407393 31.413340725004673 24.171226877719164 24.343621782958508 215.98521044105291 12.87660752609372
leaf_count=99 901 820 156 1061 434 128 104 2258 144
internal_value=0.000562769 0.00112548 -0.00163413 -0.000123737 0.00417077 -0.0126532 0.0125665 0.00274147 -0.0140881
internal_weight=855.986 825.346 432.881 381.747 392.465 51.1339 55.757 336.708 30.6402
internal_count=6105 5862 2165 1881 3697 284 538 3159 243
is_linear=0
shrinkage=0.04


Tree=168
num_leaves=13
num_cat=0
split_feature=40 1 11 144 144 90 62 135 172 86 57 166
split_gain=4.57486 4.80463 4.61228 7.32266 3.42912 4.24998 2.80929 2.07307 2.25542 2.88868 1.14439 1.1395
threshold=0.67374271384154172 -17.499999999999996 -1.0000000180025095e-35 0.97458172458172465 0.84698996655518399 126.50000000000001 250.5190746753247 5.2397831914082831 0.11324786324786326 16.500000000000004 343.50000000000006 -0.014167759062577291
decision_type=2 10 2 8 8 10 8 8 8 8 10 2
left_child=1 4 3 -3 11 -6 -4 8 10 -10 -2 -1
right_child=7 2 6 -5 5 -7 -8 -9 9 -11 -12 -13
leaf_value=0.00044444191012649301 0.0066427222803710096 -0.00023803629005996943 -0.006501282671718199 0.027064989904398755 -0.00026323701466300745 0.014195364436219989 0.0036489989543332709 0.022522463420929215 -0.0027575469945907895 0.014963128799168963 0.024138549390351111 -0.014695706703421293
leaf_weight=15.895140890032055 13.613938044756653 109.56086995452642 323.38893244415522 17.319071084260941 57.604193069040775 72.828593272715807 49.482588592916727 12.591870367527006 54.266639612615108 19.037210248410702 12.226063437759874 14.333747878670691
leaf_count=126 144 1105 2644 123 191 285 397 96 555 201 97 115
internal_value=0.000301877 -0.000965326 -0.00290213 0.00365568 0.00502757 0.00784125 -0.00514276 0.00775154 0.00564941 0.00195709 0.0155862 -0.00691127
internal_weight=772.149 660.413 499.751 126.88 160.662 130.433 372.872 111.736 99.1439 73.3038 25.84 30.2289
internal_count=6079 4986 4269 1228 717 476 3041 1093 997 756 241 241
is_linear=0
shrinkage=0.04


Tree=169
num_leaves=14
num_cat=0
split_feature=180 169 60 168 87 38 164 134 137 49 176 15 32
split_gain=6.58735 4.85243 4.86341 5.00682 3.43082 3.08561 3.45497 3.39603 3.6277 2.43261 4.23778 2.26909 1.7513
threshold=0.34523809523809529 0.54772727272727284 -1.0000000180025095e-35 -0.0042881885478335017 0.87026647966339421 0.18439612985294782 -0.54341065091953722 3.1563620362387552 0.55488044747679643 -3.4999999999999996 1.0000000180025095e-35 2.1587714206265711 0.058632543926661576
decision_type=10 10 10 2 10 2 2 10 8 10 10 8 8
left_child=1 2 4 -4 -1 7 -7 8 -2 12 -11 -8 -3
right_child=5 9 3 -5 -6 6 11 -9 -10 10 -12 -13 -14
leaf_value=-0.01177238555044847 0.012109788291107126 -0.0036318309703289422 -0.0058277180480438596 0.0052485979789051495 0.0094333436957388661 0.021870051492120603 0.0068930968696657158 0.0052343382844690436 0.048934661369476967 -0.014392939919606445 0.0082610871143577805 -0.015551463613971675 -0.024698891424545441
leaf_weight=73.805235793814063 9.7630040626972932 9.3989126924425346 88.945750154554844 236.84196639247239 13.702019901946185 10.003242611885069 13.200106697157027 15.492074247449635 8.4781292397528869 30.504975134506822 21.780191235244274 13.654618773609398 23.112717112526298
leaf_count=728 198 310 1529 1397 150 146 245 232 60 481 295 67 241
internal_value=-0.000209376 -0.00184009 -3.81093e-05 0.00220987 -0.0083603 0.011134 0.00292206 0.0197066 0.0309829 -0.0104967 -0.00494059 -0.00459592 -0.0189583
internal_weight=568.683 498.092 413.295 325.788 87.5073 70.5912 36.858 33.7332 18.2411 84.7968 52.2852 26.8547 32.5116
internal_count=6079 5131 3804 2926 878 948 458 490 258 1327 776 312 551
is_linear=0
shrinkage=0.04


Tree=170
num_leaves=12
num_cat=0
split_feature=107 130 132 174 21 131 43 90 49 88 27
split_gain=6.00596 5.0804 4.3982 3.98871 5.47969 3.04805 2.90501 2.87002 2.81497 2.36642 1.29602
threshold=0.083042381117533051 0.15894736842105264 451.15000000000003 0.94201680672268917 -0.18265050167224081 602.22500000000014 -0.052161669905209887 112.50000000000001 -8.4999999999999982 0.91485507246376818 12.500000000000002
decision_type=8 10 10 8 10 10 2 8 8 10 8
left_child=1 3 7 8 -5 6 -3 -2 -1 -9 -7
right_child=2 5 -4 4 -6 10 -8 9 -10 -11 -12
leaf_value=0.0136662128809383 0.00050771994185806356 0.0018157775435974145 0.0072191551163769364 -0.0088537219218558245 0.013528832005229996 0.0072693176833207298 -0.010768049521678851 -0.016472610718079171 0.004240506083765163 -0.002752419581293714 -0.0025631658214039601
leaf_weight=60.858962435275316 32.665925156325102 41.130496546626091 28.454246170818806 70.52590499818325 22.162637557834387 43.903581917285919 97.239573817700148 78.80336057767272 301.06204264611006 27.997992184013128 39.925039071589708
leaf_count=419 120 359 237 313 309 603 737 345 1976 112 549
internal_value=-0.00013257 0.00154695 -0.00688282 0.00396911 -0.00339323 -0.00339531 -0.00702697 -0.00980507 0.00586429 -0.0129533 0.00258781
internal_weight=844.73 676.808 167.922 454.61 92.6885 222.199 138.37 139.467 361.921 106.801 83.8286
internal_count=6079 5265 814 3017 622 2248 1096 577 2395 457 1152
is_linear=0
shrinkage=0.04


Tree=171
num_leaves=14
num_cat=0
split_feature=68 21 43 37 54 62 37 147 82 147 39 3 131
split_gain=5.81075 4.192 3.96113 3.75743 3.97001 3.5761 3.1597 3.53467 3.51291 2.53493 1.66676 1.85237 1.17939
threshold=28.565366187542782 0.062718531468531485 0.0030916002141212575 0.14517344013671463 -0.099783549783549752 283.04352226720653 1.064267177317241 12.81734272137277 0.4188596491228071 14.500747319137202 -0.68910670701140364 -3.4999999999999996 637.25384615384621
decision_type=8 8 2 2 10 8 2 8 10 8 2 2 10
left_child=2 10 5 4 -4 9 8 -8 -3 -1 12 -12 -2
right_child=1 6 3 -5 -6 -7 7 -9 -10 -11 11 -13 -14
leaf_value=-0.0020639741229798491 -0.0018065153253872218 0.0047429034928121736 0.021070683205565457 -0.0083201228163511005 -0.0001135691166942157 0.0052385721340688076 0.00534795241940734 -0.021752651396639785 0.018472867487798247 -0.013389044117000121 -0.008333767109366938 0.0031769286185588264 -0.017670993722335004
leaf_weight=45.45721336081624 13.354105163365604 308.60261519998312 22.979731902480125 31.859291162341833 34.064309928566217 27.888128764927387 15.637146878987553 13.451252423226832 32.393083762377501 109.76668463274837 32.748071059584618 65.18783512711525 17.882894288748503
leaf_count=351 218 1756 177 234 265 150 164 84 209 590 518 1052 311
internal_value=0.000289532 0.00285317 -0.00440166 0.00249038 0.00860187 -0.00775405 0.00501747 -0.00742407 0.00610324 -0.0101197 -0.00332316 -0.000697164 -0.0112172
internal_weight=771.272 499.257 272.015 88.9033 57.044 183.112 370.084 29.0884 340.996 155.224 129.173 97.9359 31.237
internal_count=6079 4312 1767 676 442 1091 2213 248 1965 941 2099 1570 529
is_linear=0
shrinkage=0.04


Tree=172
num_leaves=15
num_cat=0
split_feature=54 180 168 60 158 168 103 89 141 132 148 53 145 60
split_gain=6.22897 5.45205 4.32192 5.3744 4.04452 3.05746 2.87142 3.60682 6.96118 2.50486 2.41682 2.37558 2.14394 2.11109
threshold=-0.19341284901057193 0.34523809523809529 -0.0042881885478335017 -1.0000000180025095e-35 -0.32185798712555896 -0.013116886413245404 1.0000000180025095e-35 312.50000000000006 0.55625879043600579 579.33928571428589 13.505183357522599 -0.25704365079365071 0.33297146640797032 -1.0000000180025095e-35
decision_type=8 10 2 10 2 2 2 10 8 10 8 8 10 10
left_child=6 2 11 -4 9 -6 7 -1 -9 -3 13 -2 -12 -8
right_child=1 4 3 -5 5 -7 10 8 -10 -11 12 -13 -14 -15
leaf_value=-0.017122979163092328 0.0031390211307948937 0.010810864627905644 -0.0085986231523461285 0.0051986756950475775 0.0094831173668827214 0.035111919033242817 0.01703760784484918 -0.010203700463305604 0.043085290872018539 -0.012769221180147559 -0.022900864651775855 -0.0098317292857087873 -0.0045266726593080238 -0.0089874274685805243
leaf_weight=7.8012010958045748 29.730411967262626 17.739475792273883 54.529432255774736 240.61447196640074 16.298172095790509 15.077708786353467 5.7251296993345049 7.649921024218199 6.3638082724064597 10.694770481437443 36.756388479843736 85.669634586200118 15.097093366086481 18.209492383524776
leaf_count=60 453 200 350 1429 230 167 113 180 94 148 427 1579 231 418
internal_value=-0.000197748 0.00171159 5.0905e-05 0.00262237 0.0128896 0.0225649 -0.00934328 0.00325698 0.0151202 0.0017414 -0.0129914 -0.00647464 -0.0177759 -0.00224843
internal_weight=567.957 470.354 410.544 295.144 59.8101 31.3759 97.603 21.8149 14.0137 28.4342 75.7881 115.4 51.8535 23.9346
internal_count=6079 4556 3811 1779 745 397 1523 334 274 348 1189 2032 658 531
is_linear=0
shrinkage=0.04


Tree=173
num_leaves=12
num_cat=0
split_feature=107 132 132 176 52 170 55 67 120 73 175
split_gain=5.55924 4.30781 4.11298 3.55989 4.14442 4.03698 3.25082 2.4154 2.13859 3.61585 3.19212
threshold=0.083042381117533051 687.48692810457521 451.15000000000003 1.0000000180025095e-35 0.18035095575930424 0.43875000000000003 -0.16666666666666666 27.215605749486659 0.61721611721611735 70.500000000000014 1.5000000000000002
decision_type=8 8 10 8 10 8 10 8 10 10 8
left_child=1 8 6 5 -5 -3 -2 -8 9 -1 -10
right_child=2 3 -4 4 -6 -7 7 -9 10 -11 -12
leaf_value=-0.015215445772224518 -0.018714985200507701 0.012916391267032108 0.0069852466192573187 -0.0023594353760137583 0.0099251724236777347 0.00090207467518088472 -0.012282253340809804 0.00029475043076374546 0.0041079994096551095 -0.00049851397208906139 -0.0090617926855195846
leaf_weight=45.983675919473171 41.726972427219152 110.75249286741018 28.48327099904418 176.59769059345126 57.359275728464127 75.525983192026615 43.099928051233292 54.004408944398165 107.9410392716527 62.751445293426514 39.334748357534409
leaf_count=180 206 743 237 1067 330 463 161 210 1178 875 429
internal_value=-0.000129165 0.00148548 -0.0066371 0.00397561 0.000673296 0.00808673 -0.00947619 -0.00533548 -0.0025938 -0.00682242 0.000539701
internal_weight=843.561 676.246 167.315 420.235 233.957 186.278 138.831 97.1043 256.011 108.735 147.276
internal_count=6079 5265 814 2603 1397 1206 577 371 2662 1055 1607
is_linear=0
shrinkage=0.04


Tree=174
num_leaves=14
num_cat=0
split_feature=68 87 35 99 144 135 62 57 170 93 137 66 143
split_gain=5.48715 4.32152 4.42824 4.18652 3.76508 6.03366 3.02769 3.86192 3.50075 2.57051 1.85105 3.60402 1.61331
threshold=28.565366187542782 0.77913279132791347 -14.604628849269032 1.0000000180025095e-35 0.98809523809523825 4.9972259682592872 -22.254329004328991 -233.49999999999997 0.49000000000000005 1.0000000180025095e-35 0.43211155888185254 -0.86283490915188177 0.83405797101449286
decision_type=8 8 2 2 8 8 8 8 10 2 10 10 8
left_child=1 2 -1 4 9 -6 8 -8 -3 -2 -5 -12 -4
right_child=3 6 12 10 5 -7 7 -9 -10 -11 11 -13 -14
leaf_value=0.021586789971136972 -0.00080634493106342576 -0.017786653648120054 0.0074177245099683702 -0.01492545818835481 0.0024115995896409389 0.016542431671998793 0.0076698106227968922 -0.0077752030946925364 0 0.011898380367717423 0.016317072796686042 -0.016874936879377501 -0.0071511822255825317
leaf_weight=16.882989313453436 221.51549486070871 62.164787154644728 18.639987342059612 27.678605876863003 123.951007027179 79.134584724903107 36.802843246608973 81.151258442550898 24.892738107591867 27.758528258651495 10.38122606649995 8.6811590865254384 30.813647419214249
leaf_count=108 2483 415 182 230 678 269 249 531 145 385 103 164 137
internal_value=0.000277476 -0.00428843 0.00451783 0.00276746 0.00395207 0.00798171 -0.00715573 -0.00291543 -0.0127798 0.000642319 -0.00849798 0.0010138 -0.00158207
internal_weight=770.449 271.348 66.3366 499.101 452.36 203.086 205.012 117.954 87.0575 249.274 46.741 19.0624 49.4536
internal_count=6079 1767 427 4312 3815 947 1340 780 560 2868 497 267 319
is_linear=0
shrinkage=0.04


Tree=175
num_leaves=12
num_cat=0
split_feature=171 180 62 171 35 143 40 158 37 103 90
split_gain=6.4189 6.14993 4.07014 3.62605 3.05512 2.51766 2.10225 2.55295 2.54558 1.81769 0.754045
threshold=0.06458333333333334 0.29285714285714287 -357.43571428571425 0.53137254901960795 21.637106167096253 0.67890835579514841 0.22931175045314076 0.27848976721611191 0.41345472563153024 1.0000000180025095e-35 161.50000000000003
decision_type=8 10 8 8 2 10 2 2 2 2 8
left_child=4 2 -2 -4 9 -6 8 -8 -3 -1 -11
right_child=1 6 3 -5 5 -7 7 -9 -10 10 -12
leaf_value=-0.0016088949107001887 0.015343300257166606 0.022072177737015225 -0.0039390310063181534 0.0044412958508379214 0.019205457625656043 -0.0122328818535419 -0.0071808281267781039 0.016781613572455081 0.0024057165952818919 -0.0075582247058618704 -0.02352872550819813
leaf_weight=10.462001986801623 23.208318144083023 35.435225460678339 287.60809431038797 114.6321561075747 7.2727930564433318 7.0300111528486013 16.750439273193482 10.852885384112595 15.523555113002656 7.4675368033349505 30.923455808311701
leaf_count=154 207 452 3077 736 96 169 205 141 215 57 570
internal_value=-0.000188936 0.00132187 -0.000581182 -0.00154072 -0.0121097 0.0038328 0.0115307 0.00242796 0.0162813 -0.0168006 -0.0207438
internal_weight=567.166 504.011 425.449 402.24 63.1558 14.3028 78.5621 27.6033 50.9588 48.853 38.391
internal_count=6079 5033 4020 3813 1046 265 1013 346 667 781 627
is_linear=0
shrinkage=0.04


Tree=176
num_leaves=9
num_cat=0
split_feature=0 170 1 88 90 132 68 108
split_gain=5.3141 4.35317 5.4027 4.40664 7.19485 4.44239 3.85959 1.12529
threshold=14.000000000000002 0.47809523809523813 15.500000000000002 0.92495309568480322 204.50000000000003 553.45000000000016 29.433264887063661 -0.041805202141404145
decision_type=8 8 8 10 10 10 10 10
left_child=1 3 6 5 -5 -1 -3 -4
right_child=-2 2 7 4 -6 -7 -8 -9
leaf_value=-0.0026212865880920868 -0.020150343969488893 0.0048348574836419638 -0.0087547991050153443 0.025758849450205661 0.003411362736218209 0.005661045083188692 -0.0059763442513457209 -0.022092848179675637
leaf_weight=277.03665206208825 19.684905748814344 93.780741043388844 21.474048536270857 29.855287689715624 93.862039484083652 164.11188062652946 118.23481081053615 24.397749710828066
leaf_count=1408 120 585 128 103 814 1680 1091 150
internal_value=-0.000124149 0.000376443 -0.00391754 0.00234384 0.00898356 0.000461139 -0.00118459 -0.0162115
internal_weight=842.438 822.753 257.887 564.866 123.717 441.149 212.016 45.8718
internal_count=6079 5959 1954 4005 917 3088 1676 278
is_linear=0
shrinkage=0.04


Tree=177
num_leaves=13
num_cat=0
split_feature=40 1 36 34 171 42 36 32 107 83 151 48
split_gain=4.28394 4.12832 5.26566 4.84574 4.36382 3.40325 3.91695 1.97012 2.59666 1.90787 1.07074 1.20791
threshold=0.67374271384154172 -17.499999999999996 -0.34118676467455561 0.39181286549707611 0.20638945233265724 -0.015657091667571125 0.059690016081337179 -0.21503759398496236 -0.03616069842540142 1518.2266888858037 0.21825396825396828 0.02520546421363987
decision_type=2 10 2 8 8 2 2 10 10 2 10 10
left_child=1 5 3 -3 -4 -1 -7 8 -2 -10 11 -9
right_child=7 2 4 -5 -6 6 -8 10 9 -11 -12 -13
leaf_value=-0.0045492872462949288 -0.00016186744120588609 -0.0038011395923100129 -0.00056102004023956967 0.010749021822279081 -0.0094939442839122208 0.0037384124142647115 0.020473631768877114 0.011780002607069358 0.026236878666590031 0.0086185026567635881 -0.010431058235731675 -0.0015433470333830444
leaf_weight=45.714181981980801 18.409789804369211 70.726114585995674 162.40863304585218 73.802141554653645 190.31651029735804 85.20085795968771 29.877462785691023 18.207925997674465 20.566665977239609 21.613307889550924 8.6647866889834386 24.165894292294979
leaf_count=208 80 1174 1162 361 1572 338 171 261 110 159 132 351
internal_value=0.000266657 -0.000963063 -0.0027669 0.00363784 -0.00539974 0.00458558 0.00823951 0.00747777 0.0123006 0.0176641 0.00158759 0.00427515
internal_weight=769.674 658.046 497.253 144.528 352.725 160.793 115.078 111.628 60.5898 42.18 51.0386 42.3738
internal_count=6079 4986 4269 1535 2734 717 509 1093 349 269 744 612
is_linear=0
shrinkage=0.04


Tree=178
num_leaves=10
num_cat=0
split_feature=171 176 160 86 158 35 49 103 90
split_gain=6.13131 4.04653 4.41539 4.02706 3.60754 2.95227 2.48306 1.77797 0.742818
threshold=0.06458333333333334 5.5000000000000009 0.092832842786992845 27.500000000000004 0.51879977773654185 21.637106167096253 -3.4999999999999996 1.0000000180025095e-35 161.50000000000003
decision_type=8 10 2 8 2 2 10 2 8
left_child=5 2 3 -2 -4 7 -7 -1 -9
right_child=1 -3 4 -5 -6 6 -8 8 -10
leaf_value=-0.0015458360405355054 -0.00030874405787963735 0.020623960220022736 0.0052719454584013855 -0.020514509169767207 0.028330653943302111 -0.012621297144508692 0.018609170107685539 -0.0074150434557862547 -0.023316493644974803
leaf_weight=10.442202473059295 386.32715034484863 15.758616622537373 74.356678297743201 15.467714136466382 11.968424171209334 6.8214394114911556 7.4950195346027595 7.4232891872525206 30.334229661151767
leaf_count=154 3626 131 962 174 140 142 123 57 570
internal_value=-0.0001771 0.00129318 0.000624117 -0.00114056 0.00877961 -0.0118928 0.00374555 -0.0165601 -0.0205138
internal_weight=566.395 503.879 488.12 401.795 86.3251 62.5162 14.3165 48.1997 37.7575
internal_count=6079 5033 4902 3800 1102 1046 265 781 627
is_linear=0
shrinkage=0.04


Tree=179
num_leaves=9
num_cat=0
split_feature=0 170 176 131 90 51 170 88
split_gain=5.03914 4.08434 7.12063 4.94105 4.17583 3.6273 3.21499 2.82021
threshold=14.000000000000002 0.47809523809523813 1.0000000180025095e-35 650.22500000000014 204.50000000000003 -2.4999999999999996 0.54006410256410264 0.71269841269841283
decision_type=8 8 10 10 10 8 10 10
left_child=1 2 4 7 -1 -4 -5 -3
right_child=-2 3 5 6 -6 -7 -8 -9
leaf_value=0.017924972308766631 -0.019691737161636892 -0.021276145102709813 0.0042826368903465797 -0.0073009671288722499 0.0048087381245926616 -0.0042281645048116061 0.0099636494925833315 -0.005568539315662451
leaf_weight=50.758797112852335 19.543900914490223 20.082611542195082 122.22913448885083 24.219770174473524 163.849245544523 227.67251278832555 53.746529571712017 159.3001372218132
leaf_count=177 120 126 851 214 1393 1584 541 1073
internal_value=-0.000122294 0.000364005 0.00226941 -0.00380047 0.007989 -0.0012457 0.00455063 -0.00744636
internal_weight=841.403 821.859 564.51 257.349 214.608 349.902 77.9663 179.383
internal_count=6079 5959 4005 1954 1570 2435 755 1199
is_linear=0
shrinkage=0.04


Tree=180
num_leaves=15
num_cat=0
split_feature=41 169 38 73 161 58 137 176 150 2 35 69 87 2
split_gain=4.07785 3.98399 4.76552 3.60132 3.68784 3.38527 3.47488 3.32136 3.92255 3.16423 2.67159 2.62101 2.51016 2.1492
threshold=-0.30234063192511057 0.50925925925925941 0.39255228208757648 217.50000000000003 -0.043489197375910615 131.50000000000003 0.40010209290454318 1.0000000180025095e-35 0.2752525252525253 -1.7152635181382647 26.790463885500234 15.500000000000002 0.87867647058823539 0.51608487337440156
decision_type=2 8 2 10 2 8 10 10 8 10 2 10 8 10
left_child=3 5 12 7 -5 10 -7 11 -9 -4 -2 -1 -3 -6
right_child=1 2 9 4 13 6 -8 8 -10 -11 -12 -13 -14 -15
leaf_value=-0.0050131704714390206 -0.0027623925798157941 0.013779781963824572 0.0016710129071184896 -0.015151589612579149 0.015976848828872771 -0.017296990904297295 -0.0038755484323870527 -0.0010015629546244722 0.017209562390022862 -0.018690481828853963 0.011715949529017569 0.011622292155480831 0.0026100542044332985 -0.0052526252654610528
leaf_weight=43.433108672499657 223.83447015658021 48.798812534660101 25.165574841201305 25.137550577521324 14.285549785941841 52.474898513406515 76.046964220702648 25.414779212325811 69.734202705323696 22.165897183120251 21.404239196330309 21.978578694164753 94.522371631115675 14.301901455968617
leaf_count=329 1696 315 187 252 139 372 765 346 404 167 238 223 566 126
internal_value=-4.21902e-05 -0.00182852 0.00286078 0.00464023 -0.00424277 -0.00422709 -0.00946214 0.00763281 0.0123647 -0.00801256 -0.00144816 0.000637132 0.00649617 0.00546988
internal_weight=778.699 564.413 190.653 214.286 53.725 373.761 128.522 160.561 95.149 47.3315 245.239 65.4117 143.321 28.5875
internal_count=6125 4306 1235 1819 517 3071 1137 1302 750 354 1934 552 881 265
is_linear=0
shrinkage=0.04


Tree=181
num_leaves=11
num_cat=0
split_feature=143 169 63 91 67 165 177 55 144 55
split_gain=6.33719 5.25319 4.07093 3.50876 3.01989 2.54855 2.90555 2.66058 2.47652 1.81007
threshold=0.61470985155195701 0.54772727272727284 509.57521455645843 976.87550810864207 25.06913073237509 0.022564969131320185 0.19375000000000003 0.28528138528138541 0.41801075268817212 0.15419580419580423
decision_type=10 10 2 2 8 2 10 8 8 10
left_child=1 2 4 -2 -1 7 -7 -5 -3 -10
right_child=3 8 -4 5 -6 6 -8 -9 9 -11
leaf_value=0.013104106614045746 0.011848536054886163 0.01046663382740577 0.020546778200876709 -0.014878678740949555 0.0028641598393534685 0.0063900681116281699 -0.0094818527771972777 0.0043448549826994734 -0.01571934732673691 0.0005346665401822706
leaf_weight=55.559992117807269 16.719258034601808 10.033116007223724 27.59029434248805 68.54720252007246 259.50679173693061 36.596473537385464 35.188582625240088 13.156705737113951 33.027728836983442 15.732691200450061
leaf_count=323 200 107 135 1278 2158 523 639 190 386 186
internal_value=0.00140759 0.00415025 0.00604888 -0.005036 0.00471198 -0.00695294 -0.00138615 -0.0117438 -0.00679785 -0.0105294
internal_weight=571.659 401.451 342.657 170.208 315.067 153.489 71.7851 81.7039 58.7935 48.7604
internal_count=6125 3295 2616 2830 2481 2630 1162 1468 679 572
is_linear=0
shrinkage=0.04


Tree=182
num_leaves=13
num_cat=0
split_feature=131 176 51 151 140 68 88 5 63 36 178 17
split_gain=5.41606 4.25645 6.24288 5.19133 4.47104 3.41686 3.209 2.79878 3.06738 2.91484 2.78948 1.8493
threshold=429.46666666666675 1.0000000180025095e-35 -3.4999999999999996 0.51315789473684215 2.1116538200274078 30.542094455852162 0.84731934731934744 1.0000000180025095e-35 310.36845489967163 0.53233432415428428 0.18898809523809526 -1.3024608845487486
decision_type=8 8 8 8 8 10 8 2 2 2 10 10
left_child=7 3 10 6 -4 -5 -2 8 11 -9 -3 -1
right_child=1 2 4 5 -6 -7 -8 9 -10 -11 -12 -13
leaf_value=0.01212761219619741 0.019134616132710589 0.01196690696511501 0.00054785061220939983 0.0022141349233733287 -0.0086616909615408882 -0.011393850095839916 0.005545440435452147 -0.022961201908748088 -0.017729028816815234 -0.0034598510278909763 -0.0055883311018900999 -0.0040382314191307342
leaf_weight=17.500412065535784 33.654982853680849 59.849765751510859 149.05489876866341 89.264921598136425 191.78418553248048 42.825223002582788 154.20169746875763 32.350595727562904 15.684834185987709 20.457301821559668 18.17101963981986 28.080698270350695
leaf_count=152 298 379 1359 318 919 175 1529 206 88 125 168 409
internal_value=-0.000903137 0.000351054 -0.00229739 0.00382086 -0.00463853 -0.00223517 0.00807899 -0.00897583 -0.00303335 -0.0156484 0.00783401 0.00225266
internal_weight=852.881 738.807 418.86 319.947 340.839 132.09 187.857 114.074 61.2659 52.8079 78.0208 45.5811
internal_count=6125 5145 2825 2320 2278 493 1827 980 649 331 547 561
is_linear=0
shrinkage=0.04


Tree=183
num_leaves=12
num_cat=0
split_feature=169 163 57 1 41 163 86 20 38 41 108
split_gain=3.92397 3.71913 3.86453 4.12651 3.56792 4.76181 3.66859 3.44287 3.17119 3.92044 2.57544
threshold=0.15894736842105264 -0.61402081528714381 685.50000000000011 1.0000000180025095e-35 -0.30234063192511057 -0.48863425212506223 9.5000000000000018 1.7217119936962886 0.29736070075947985 0.12690971602473605 -0.032789146527647965
decision_type=8 2 8 8 2 2 10 8 2 2 10
left_child=1 -1 3 -3 5 6 -2 -7 9 -6 -10
right_child=4 2 -4 -5 8 7 -8 -9 10 -11 -12
leaf_value=0.011601263039864701 -0.009782696741455264 -0.017002289133887606 -0.022468912380488645 0.0037002480877790672 -0.0019582628330297425 -0.00024442989346379926 0.0057280385347982053 0.017363767028207907 0.00080206697915956261 0.006884130024967813 -0.0099672981233480187
leaf_weight=13.548589792102574 38.459355853497982 24.50096532329917 27.494827620685101 37.94394538924098 211.84113598614931 24.232747305184603 62.90055088326335 63.107059646397829 58.607660807669163 127.64050772413611 87.449322026222944
leaf_count=218 376 246 220 299 1197 356 604 214 483 1095 817
internal_value=-4.74779e-05 -0.00726338 -0.0102235 -0.00453106 0.00106624 0.00571945 -0.000175792 0.0125082 -0.000746112 0.00137094 -0.00565625
internal_weight=777.727 103.488 89.9397 62.4449 674.238 188.7 101.36 87.3398 485.539 339.482 146.057
internal_count=6125 983 765 545 5142 1550 980 570 3592 2292 1300
is_linear=0
shrinkage=0.04


Tree=184
num_leaves=13
num_cat=0
split_feature=143 54 86 103 67 86 145 163 43 121 147 180
split_gain=5.94308 4.91879 4.97876 4.77833 4.9185 3.95917 3.63269 3.45133 3.28215 2.51167 2.01105 0.645856
threshold=0.61470985155195701 0.074830316742081418 18.500000000000004 1.0000000180025095e-35 26.610540725530459 8.5000000000000018 2.5227762914422436 -0.11875869862438355 -0.017017646846411872 3.5000000000000004 11.000630517023962 0.11437908496732027
decision_type=10 8 8 2 8 10 10 2 2 2 10 10
left_child=1 3 8 5 -5 -1 9 -4 -3 10 -2 -11
right_child=6 2 7 4 -6 -7 -8 -9 -10 11 -12 -13
leaf_value=0.023765337484369466 -0.0098329733159236172 0.01771256478050353 0.0082404679055064697 0.0067274065668551019 -0.010020036295334855 0 0.020338177978742 -0.015306727596034438 0.0065590512328995909 -0.024366015062777434 -0.00022255932596986665 -0.0067673523619317588
leaf_weight=18.472787128761411 59.79965091496706 65.914031049236655 16.700756868347526 39.456838596612215 90.720234956592321 26.094371108338237 7.676267370581626 21.8223658464849 122.81704128347337 13.13067955709994 82.731026381254196 6.1369832903146735
leaf_count=162 1024 446 180 310 1021 283 89 100 793 311 1245 161
internal_value=0.00135089 0.00399995 0.00786784 -0.001035 -0.00491603 0.0101164 -0.00490762 -0.0050976 0.0105378 -0.00623522 -0.00430902 -0.0194698
internal_weight=571.473 401.998 227.254 174.744 130.177 44.5672 169.475 38.5231 188.731 161.798 142.531 19.2677
internal_count=6125 3295 1519 1776 1331 445 2830 280 1239 2741 2269 472
is_linear=0
shrinkage=0.04


Tree=185
num_leaves=14
num_cat=0
split_feature=130 68 49 180 67 181 67 53 52 52 52 182 119
split_gain=3.73171 4.41945 5.38886 4.49237 4.2602 3.36458 3.2736 2.81213 2.67828 2.23213 2.12329 2.98428 2.10448
threshold=0.18350168350168353 28.228610540725537 -3.4999999999999996 0.11437908496732027 32.47227926078029 0.38750000000000007 26.440793976728269 0.077108881456707565 0.16030303030303036 0.034557396626362098 -0.11312656641604012 0.21825396825396828 0.56385869565217395
decision_type=8 8 8 8 8 10 10 8 8 10 8 8 8
left_child=6 5 4 -4 -3 7 8 -2 9 -1 12 -12 -8
right_child=1 2 3 -5 -6 -7 10 -9 -10 -11 11 -13 -14
leaf_value=-0.0031716270863868384 0.0081045008859284423 -0.0028582636340864875 0.0013624302825813452 -0.01226360104393054 0.014030239971596064 -0.01069817441916132 0.0099781846893498578 -0.0015865565958854229 0.0083336810710428061 -0.02198454287367111 0.014017987166193504 0.0029950250296255049 -0.0078638155272424612
leaf_weight=27.541109837591648 104.88244771584868 110.09454645588994 49.238351482897997 172.79287989810109 29.43415380269289 28.85365379974246 14.563109196722506 86.462848406285048 15.991348732262848 15.616453967988489 65.76080372184515 98.777285389602184 31.896177001297474
leaf_count=247 443 671 460 989 223 153 202 331 135 125 754 1086 306
internal_value=-0.000861029 -0.00266566 -0.00538234 -0.00924032 0.000764691 0.00179015 0.00301337 0.00372954 -0.00522414 -0.010368 0.00534577 0.00747071 -0.00213652
internal_weight=851.905 581.759 361.56 222.031 139.529 220.199 270.146 191.345 59.1489 43.1576 210.997 164.538 46.4593
internal_count=6125 3270 2343 1449 894 927 2855 774 507 372 2348 1840 508
is_linear=0
shrinkage=0.04


Tree=186
num_leaves=12
num_cat=0
split_feature=41 77 68 33 131 89 58 0 90 172 162
split_gain=3.63611 4.60551 4.26832 3.85259 3.81831 3.40321 3.30437 2.71848 3.79743 2.40959 1.93837
threshold=-0.30234063192511057 -1.4999999999999998 29.479808350444902 8.5802441767159436 693.56439393939411 77.500000000000014 131.50000000000003 7.5000000000000009 126.50000000000001 0.10912698412698414 1.1381806764761333
decision_type=2 2 8 8 10 8 8 8 10 8 2
left_child=1 -1 7 10 5 -4 -6 8 -2 -5 -3
right_child=2 3 4 9 6 -7 -8 -9 -10 -11 -12
leaf_value=-0.010911681891849026 -0.017064869850436391 -0.0045399051002061935 -0.011263357220445882 0.020084639187615827 0.00073856697319891855 0.0051385039149689704 -0.017183922113501119 0.0047522448402584211 -0.0043653452706805306 0.0072288466073346979 0.012742882887758525
leaf_weight=26.583166696131229 48.210050966590643 53.385615531355143 21.229856170713902 32.046804405748844 36.975046515464783 224.626355946064 28.264745719730854 34.087414648383856 169.28346922621131 90.492151957005262 11.815725740045307
leaf_count=233 181 829 72 159 570 1662 316 214 1291 426 172
internal_value=-5.09785e-05 0.00436804 -0.00174249 0.00658852 0.00138471 0.0036742 -0.00713825 -0.00560757 -0.00725472 0.0107425 -0.00123255
internal_weight=777 214.323 562.677 187.74 311.096 245.856 65.2398 251.581 217.494 122.539 65.2013
internal_count=6125 1819 4306 1586 2620 1734 886 1686 1472 585 1001
is_linear=0
shrinkage=0.04


Tree=187
num_leaves=15
num_cat=0
split_feature=178 53 11 89 11 92 171 67 54 83 83 171 1 162
split_gain=7.84994 4.84737 4.08212 4.02624 3.66785 4.11082 3.02429 4.84612 2.91408 2.55401 3.54709 2.2245 2.13459 1.7429
threshold=0.14642857142857144 -0.13310023310023306 -1.0000000180025095e-35 795.50000000000011 -1.4999999999999998 1335.2929911538124 0.10912698412698414 30.939082819986314 0.52414252414252427 1505.0846034608871 1500.6432245122994 0.31698564593301443 12.500000000000002 -0.17279083317199689
decision_type=8 10 2 8 2 2 10 8 10 2 2 8 8 2
left_child=1 3 4 -1 5 -2 7 -4 -8 10 -3 -6 -5 -11
right_child=2 9 6 12 11 -7 8 -9 -10 13 -12 -13 -14 -15
leaf_value=0.016184913601681342 0.027594199909559185 -0.010022376683505887 0.0061458307119151056 -0.011720649806149626 -0.018960744214709755 -0.0058341926371050746 0.0089745821001949895 -0.018496587834904096 -0.0052383220585491639 -0.0031572297922787622 0.018268520199082608 -0.0024054262785459567 0.011126499631493033 -0.01848863926726468
leaf_weight=22.192443875595927 9.5913705788552779 22.873528163880113 35.272797375917435 23.290194030851126 23.019952988252044 12.456824535503982 259.41583648324013 18.690824469551444 24.496821466833353 15.8993928078562 9.0770848747342807 29.708421658724546 7.9874038770794895 57.248148538172245
leaf_count=244 100 378 261 402 294 213 1942 157 136 473 153 300 64 1008
internal_value=0.00130008 -0.00623427 0.00420818 0.00350044 -0.00419064 0.0091873 0.00607973 -0.00253416 0.00772715 -0.0111921 -0.00161381 -0.00988869 -0.00566023 -0.0152707
internal_weight=571.221 158.568 412.653 53.47 74.7766 22.0482 337.876 53.9636 283.913 105.098 31.9506 52.7284 31.2776 73.1475
internal_count=6125 2722 3403 710 907 313 2496 418 2078 2012 531 594 466 1481
is_linear=0
shrinkage=0.04


Tree=188
num_leaves=12
num_cat=0
split_feature=131 145 176 49 52 43 2 5 153 143 40
split_gain=5.01253 4.67847 4.05749 4.78253 3.70304 3.69247 3.90428 2.64849 3.95433 2.88613 2.05922
threshold=429.46666666666675 0.93733729607775096 1.0000000180025095e-35 -2.4999999999999996 -0.21498599439775909 -0.1327750212355468 -3.415468856947292 1.0000000180025095e-35 0.50275584057860134 0.65821566110397967 0.971886642297071
decision_type=8 8 8 8 8 2 8 2 2 8 2
left_child=7 2 4 -4 -2 -3 -7 9 -9 -1 -11
right_child=1 5 3 -5 -6 6 -8 8 -10 10 -12
leaf_value=0.0096270664218023379 -0.0071433618679882316 0.012123958764438544 0.0057821140895028197 -0.0073350683720652867 0.011304778655925878 -0.0093493808230590541 -0.00069506492008258511 -0.024002594103101235 -0.0015692876023836971 -0.0019470702616398831 -0.020384093406534371
leaf_weight=19.227190777659416 19.288294263184071 25.077734027057886 97.972266279160976 79.756448816508055 128.15707111731172 120.9403634890914 266.34260854497552 31.116539273411036 21.23065210133791 27.35456769913435 14.472034458070992
leaf_count=221 179 182 932 747 1250 588 1267 190 141 280 148
internal_value=-0.000824324 0.000380968 0.00396439 -0.000101188 0.00884612 -0.00244271 -0.0034199 -0.00861557 -0.0151417 -0.00283404 -0.00870001
internal_weight=850.936 737.535 325.174 177.729 147.445 412.361 387.283 113.401 52.3472 61.0538 41.8266
internal_count=6125 5145 3108 1679 1429 2037 1855 980 331 649 428
is_linear=0
shrinkage=0.04


Tree=189
num_leaves=12
num_cat=0
split_feature=169 163 57 1 41 68 163 131 92 167 68
split_gain=3.63003 3.54413 3.71418 3.95529 3.20183 4.46201 4.41474 3.45843 3.27917 2.72456 1.88815
threshold=0.15894736842105264 -0.61402081528714381 685.50000000000011 1.0000000180025095e-35 -0.30234063192511057 29.479808350444902 -0.48863425212506223 615.12500000000011 932.21461090110768 0.066017585787105273 27.639972621492131
decision_type=8 2 8 8 2 8 2 10 2 2 10
left_child=1 -1 3 -3 6 10 9 -7 -8 -2 -6
right_child=4 2 -4 -5 5 7 8 -9 -10 -11 -12
leaf_value=0.011347912783848082 0.0023402783049169006 -0.016670944462656566 -0.022042488458602096 0.0036693735305374578 -0.002268805011973522 0.0055495500447503123 0.018426884969496633 -0.0044141780740394191 0.0026348642743731915 -0.01640233011330355 -0.01021586484634897
leaf_weight=13.597410477697847 87.866596706211567 24.20200814679265 27.093605477362871 37.938969884067774 141.28948534652591 193.55312054231763 50.886191356927156 77.04977872595191 36.577251840382814 13.419889219105242 72.687030378729105
leaf_count=218 863 246 220 299 844 1225 215 1003 355 117 520
internal_value=-5.50015e-05 -0.00701963 -0.00993536 -0.00435945 0.00101452 -0.000705234 0.00542063 0.00269937 0.0119497 -0.000259538 -0.00501266
internal_weight=776.161 102.832 89.2346 62.141 673.329 484.579 188.75 270.603 87.4634 101.286 213.977
internal_count=6125 983 765 545 5142 3592 1550 2228 570 980 1364
is_linear=0
shrinkage=0.04


Tree=190
num_leaves=15
num_cat=0
split_feature=178 89 11 60 11 57 57 133 108 145 108 108 180 88
split_gain=7.40071 4.50269 3.81092 4.45987 3.50718 5.46364 3.3747 4.12239 3.08671 3.04625 2.58491 2.24939 1.18628 1.48198
threshold=0.14642857142857144 1048.0000000000002 -1.0000000180025095e-35 -1.0000000180025095e-35 -1.4999999999999998 -1481.4999999999998 654.00000000000011 2.7167573262765861 -0.065253946930170045 0.63797302785239129 -0.031267192214727395 0.08341191336512567 0.11437908496732027 0.86899313501144182
decision_type=8 10 2 10 2 8 8 10 10 10 10 10 10 8
left_child=1 6 4 10 5 -2 9 -8 -5 -1 -4 -6 13 -3
right_child=2 12 3 8 11 -7 7 -9 -10 -11 -12 -13 -14 -15
leaf_value=-0.010917063591780515 -0.013048455804990353 -0.025499563799786962 -0.014098795883700627 0.013474523494909151 -0.015117185817618672 0.025437358218020907 -0.0081480701814075438 0.021190187466872699 0.004692547956381605 0.0076576904534766876 0.0023749829860032923 0.0025110148562426968 -0.0044776613839997348 -0.0099955367280400564
leaf_weight=49.497119860723615 9.5048813801258785 21.506221029907465 22.756387567147613 104.63119118660688 36.160964736714959 12.62046246789396 11.653700722381474 18.871482610702515 170.01675391569734 18.669291660189629 41.464313490316272 16.194234304130077 15.034723114222286 22.432899257168174
leaf_count=863 130 459 209 689 400 183 96 220 1256 245 342 194 408 431
internal_value=0.00125163 -0.00609208 0.00406554 0.00586624 -0.0040699 0.00896835 -0.000809313 0.010023 0.00808217 -0.00576376 -0.00355845 -0.00968217 -0.0147384 -0.0180271
internal_weight=571.015 157.665 413.349 338.869 74.4805 22.1253 98.6916 30.5252 274.648 68.1664 64.2207 52.3552 58.9738 43.9391
internal_count=6125 2722 3403 2496 907 313 1424 316 1945 1108 551 594 1298 890
is_linear=0
shrinkage=0.04


Tree=191
num_leaves=13
num_cat=0
split_feature=131 176 51 2 151 62 2 88 58 107 133 131
split_gain=4.7593 3.80652 5.73431 5.39874 4.55074 4.79904 3.41017 3.01995 1.9197 2.16973 2.22653 2.0158
threshold=429.46666666666675 1.0000000180025095e-35 -3.4999999999999996 0.45995893223819101 0.51315789473684215 -116.39166666666668 -6.5804243668720064 0.84731934731934744 223.50000000000003 -0.015956966901793598 3.7482199684161084 363.9285714285715
decision_type=8 8 8 10 8 8 8 8 8 8 8 10
left_child=8 4 6 -4 7 -6 -3 -2 9 -1 -11 -10
right_child=1 2 3 -5 5 -7 -8 -9 11 10 -12 -13
leaf_value=0.0080193149942422923 0.018411592677954641 -0.0078888218929280361 -0.0085396890598963601 0.0016884887942293508 -0.015086528437093672 0.002379769641551076 0.011977180054124664 0.0052047844162191161 -0.0078446597847191182 0.00076509881421006653 -0.017124066370573426 -0.024641240602976539
leaf_weight=17.688930075615644 33.492489743977785 16.908080544322729 201.31479185074568 138.54641748592257 32.595811061561108 99.141281437128782 60.974576584994793 153.94459800422192 34.545691072940826 21.659475117921829 21.297891937196255 17.815876185894012
leaf_count=190 298 125 1394 884 122 371 422 1529 221 229 204 136
internal_value=-0.000788792 0.000384742 -0.0021232 -0.00437152 0.00366983 -0.00200796 0.00759365 0.00766046 -0.00839514 -0.00341661 -0.00824649 -0.0139518
internal_weight=849.926 736.918 417.744 339.861 319.174 131.737 77.8827 187.437 113.008 60.6463 42.9574 52.3616
internal_count=6125 5145 2825 2278 2320 493 547 1827 980 623 433 357
is_linear=0
shrinkage=0.04


Tree=192
num_leaves=12
num_cat=0
split_feature=117 55 68 99 174 173 39 86 85 131 92
split_gain=4.53097 6.57171 4.99152 4.9304 4.82853 3.78024 4.01697 3.66874 3.47387 3.318 2.0519
threshold=1.0000000180025095e-35 -0.15635345047109753 28.510609171800141 1.0000000180025095e-35 0.81649831649831661 0.63068181818181823 0.37170496205397685 19.500000000000004 9.5000000000000018 345.70000000000005 1032.1011393285664
decision_type=2 10 8 2 10 10 2 10 8 10 2
left_child=2 -2 5 7 -3 8 -7 -4 -1 -6 -5
right_child=1 4 3 10 9 6 -8 -9 -10 -11 -12
leaf_value=0.012854834732267138 -0.0094990844535486861 0.0010473262853418915 0.0051632200026219309 -0.0026031208952685884 0.035591537842549377 -0.01058445068881504 0.0034469352935483483 -0.0045050964820187991 -0.0071430540964483305 0.011111373691320228 -0.019375531413674072
leaf_weight=30.474439229816198 21.539578821510077 22.84208207577467 319.40724636241794 26.623754482716322 19.536234475672245 159.72859231755137 40.19690041616559 77.064466770738363 23.890022011473775 18.421918753534555 20.780931578949094
leaf_count=203 133 146 2681 151 96 1035 320 722 160 176 341
internal_value=0.000296725 0.00911432 -0.000751885 0.00180437 0.0157878 -0.00521138 -0.00775024 0.0032723 0.00406051 0.0243523 -0.0102454
internal_weight=780.506 82.3398 698.166 443.876 60.8002 254.29 199.925 396.472 54.3645 37.9582 47.4047
internal_count=6164 551 5613 3895 418 1718 1355 3403 363 272 492
is_linear=0
shrinkage=0.04


Tree=193
num_leaves=8
num_cat=0
split_feature=180 152 40 67 57 144 142
split_gain=4.95987 5.6504 5.05207 3.73922 2.82243 2.52702 1.50926
threshold=0.58571428571428574 0.93750000000000011 0.18008881086113274 29.289527720739223 813.50000000000011 0.44381313131313133 0.53640862495581498
decision_type=10 10 2 10 8 10 10
left_child=1 2 3 -1 -4 -2 -7
right_child=5 -3 4 -5 -6 6 -8
leaf_value=-0.0036054057407656666 0.02357470036540564 0.023644331274396694 -0.012503880653763177 0.0042813420976455796 0.00024224465009769252 -0.0046008077811626512 0.014926111948304295
leaf_weight=212.45835670642555 17.55360446870327 12.673000879585741 98.835622139275074 174.0621642973274 38.046442925930023 14.152335684746506 9.8694120310246927
leaf_count=1588 181 174 1490 1909 496 193 133
internal_value=-0.000690861 -0.00173474 -0.00239697 -4.67149e-05 -0.00897052 0.0124467 0.00361786
internal_weight=577.651 536.076 523.403 386.521 136.882 41.5754 24.0217
internal_count=6164 5657 5483 3497 1986 507 326
is_linear=0
shrinkage=0.04


Tree=194
num_leaves=14
num_cat=0
split_feature=86 62 50 71 132 49 62 83 173 51 169 36 163
split_gain=4.29399 4.13553 5.44631 4.45709 3.93448 3.50678 3.4131 3.92588 3.64388 3.39763 2.9004 2.56939 1.50795
threshold=15.500000000000002 -283.48831168831163 -1.4999999999999998 31.500000000000004 515.06250000000011 9.5000000000000018 50.119047619047656 1508.0473894362385 0.70185185185185195 -1.0000000180025095e-35 0.23669467787114848 -0.058560621033888337 -0.14821624795444291
decision_type=10 10 8 8 8 10 8 2 8 10 10 2 2
left_child=1 2 -1 -4 11 9 7 -6 -8 -3 -7 -2 -13
right_child=4 5 3 -5 6 10 8 -9 -10 -11 -12 12 -14
leaf_value=0.0051102360727611597 0.0054985610214679462 -0.0031149194661736664 -0.00017936009754734031 -0.023462384657049268 0.019806706879688635 0.0031917805184740779 0.0095021817048713524 0.00468301876112909 -0.0090353787130018799 0.003861313084645589 -0.012940309519829671 -0.0041708664568976183 -0.024671423348828259
leaf_weight=27.482207756489515 17.0070133022964 181.05507783591747 19.450132142752409 40.906688347458839 51.750626526772976 25.426204144954681 33.349617589265108 59.930355802178383 32.510305564850569 287.59122091159225 54.920444082468748 12.530643068253996 10.961235903203486
leaf_count=169 169 1221 180 243 261 190 239 523 221 2082 414 179 73
internal_value=0.000193808 -0.00146336 -0.00947048 -0.0161172 0.00502762 -0.000163688 0.00759362 0.0118224 0.000323333 0.00116099 -0.00783414 -0.00608504 -0.0144348
internal_weight=854.872 636.832 87.839 60.3568 218.04 548.993 177.541 111.681 65.8599 468.646 80.3466 40.4989 23.4919
internal_count=6164 4499 592 423 1665 3907 1244 784 460 3303 604 421 252
is_linear=0
shrinkage=0.04


Tree=195
num_leaves=11
num_cat=0
split_feature=117 55 108 68 21 55 144 92 55 139
split_gain=4.28678 6.25956 5.16171 4.94132 5.95022 3.86234 3.61351 2.92444 2.5731 2.3746
threshold=1.0000000180025095e-35 -0.15635345047109753 -0.0070436038076877585 28.510609171800141 0.50187969924812037 0.14285714285714285 0.98809523809523825 1412.825489974033 -0.22198067632850235 2.8771239108190594
decision_type=2 10 10 8 8 10 10 2 10 8
left_child=2 -2 3 8 -5 9 7 -4 -1 -3
right_child=1 5 6 4 -6 -7 -8 -9 -10 -11
leaf_value=0.0086598679070921721 -0.0093071663506456397 0.013173033218795331 -0.0068488565958206163 -0.0029607918804477541 0.010287988555624491 0.0014192897275104709 0.012120505738195833 0.0021508071878189078 -0.0083667675065014022 0.033981202102134359
leaf_weight=16.624709192663431 21.513938289135695 22.742905911058187 274.62952800840139 80.787418719381094 160.55826558172703 21.271857641637325 19.99097241461277 72.185388565063477 72.61685774102807 16.684065379202366
leaf_count=111 133 216 1871 1316 598 128 217 993 507 74
internal_value=0.000282459 0.00886596 -0.000737796 0.00287902 0.00585096 0.0153861 -0.00400189 -0.00496914 -0.00511192 0.0226505
internal_weight=779.606 82.2128 697.393 330.587 241.346 60.6988 366.806 346.815 89.2416 39.427
internal_count=6164 551 5613 2532 1914 418 3081 2864 618 290
is_linear=0
shrinkage=0.04


Tree=196
num_leaves=11
num_cat=0
split_feature=145 151 2 12 177 41 22 53 171 72
split_gain=7.1486 5.18893 4.18668 4.02592 3.81872 4.57191 2.22919 1.91682 1.50288 1.24376
threshold=0.36657551518100812 0.5634920634920636 7.5455167693360741 -1.4999999999999998 0.9545454545454547 -0.36514993767478449 9.4322761951095551 -0.21655844155844153 0.45804195804195807 9.5000000000000018
decision_type=8 10 10 2 8 2 10 8 10 10
left_child=4 2 3 -2 6 -6 8 -7 -1 -8
right_child=1 -3 -4 -5 5 7 9 -9 -10 -11
leaf_value=-0.018579079916951603 0.016642704863583224 0.018883873854834587 0.018925341203141075 -0.0010989038999182148 0.022452346527415804 0.0082827024587988091 0.015112557015367708 -0.0093638443756976653 -0.0019777100599213072 -0.0099704793555150401
leaf_weight=62.461451995186508 20.684493444859982 26.198720447719097 18.446925284340978 362.32854000851512 10.202398696914313 11.679630130529402 5.4700084384530765 43.645632442086935 10.730267575010656 5.1688295770436525
leaf_count=1296 233 235 164 3003 169 116 141 557 109 141
internal_value=-0.000657789 0.00197192 0.000819125 -9.47221e-05 -0.00816381 -0.000864498 -0.0137684 -0.00552209 -0.0162317 0.00294464
internal_weight=577.017 427.659 401.46 383.013 149.358 65.5277 83.8306 55.3253 73.1917 10.6388
internal_count=6164 3635 3400 3236 2529 842 1687 673 1405 282
is_linear=0
shrinkage=0.04


Tree=197
num_leaves=12
num_cat=0
split_feature=1 132 86 176 176 150 142 70 20 174 164
split_gain=4.34995 5.08176 5.01464 5.22663 5.12965 3.92829 3.98835 3.55198 3.60166 3.45054 1.75808
threshold=1.0000000180025095e-35 379.56547619047626 13.500000000000002 3.5000000000000004 1.0000000180025095e-35 0.35147058823529415 0.48181216931216936 16.500000000000004 0.88866715603070767 0.89181286549707617 -0.17169909599534725
decision_type=8 8 10 10 8 10 8 10 8 8 2
left_child=5 10 4 -4 -3 7 -7 9 -9 -1 -2
right_child=1 2 3 -5 -6 6 -8 8 -10 -11 -12
leaf_value=0.0093330201666588092 -0.024824518891615556 0.00023198184434126899 0.0095119300248343239 -0.0088808110663530487 -0.010649320794645364 -0.018900928929106324 0.0055913294318218855 0.0014997313699620935 -0.021262572781246644 -0.00025778790593747591 -0.007976657960761831
leaf_weight=203.8213167861104 17.657881893217564 175.92607472464442 104.96045171096921 31.274203568696976 112.97399504482746 23.101641222834587 18.221536990255117 42.483151223510504 13.949981261044739 84.256563603878021 25.397123925387859
leaf_count=1331 182 1178 749 186 640 220 166 593 114 578 227
internal_value=0.000184467 -0.00240237 -0.00105468 0.00524115 -0.00403829 0.00332673 -0.00817683 0.00473201 -0.00436441 0.00652981 -0.0153384
internal_weight=854.024 468.19 425.135 136.235 288.9 385.834 41.3232 344.511 56.4331 288.078 43.055
internal_count=6164 3162 2753 935 1818 3002 386 2616 707 1909 409
is_linear=0
shrinkage=0.04


Tree=198
num_leaves=11
num_cat=0
split_feature=117 55 68 174 109 173 39 50 22 139
split_gain=4.03176 5.96646 4.46658 4.44458 4.29646 3.56715 3.78834 3.3656 3.20753 3.04647
threshold=1.0000000180025095e-35 -0.15635345047109753 28.510609171800141 0.81649831649831661 1.0000000180025095e-35 0.63068181818181823 0.37170496205397685 1.0000000180025095e-35 -7.3149797050067109 2.8771239108190594
decision_type=2 10 8 10 2 10 2 8 10 8
left_child=2 -2 5 -3 8 7 -7 -1 -4 -5
right_child=1 3 4 9 -6 6 -8 -9 -10 -11
leaf_value=0.011994068386829888 -0.0091476064868199081 0.00085529963035423074 0.0049687234527715481 0.011836645433183773 -0.01731192911114433 -0.010196006877603256 0.0034429182117682727 -0.0079774072649184888 -0.0023588752586192834 0.035428960111930537
leaf_weight=32.819526597857475 21.490975238382816 22.86641675978899 283.54911448433995 20.64509591832757 17.231400262564421 158.61350152269006 40.157513432204723 21.472742101177573 142.76614563167095 17.124485068023205
leaf_count=217 133 146 1427 192 190 1035 320 146 2278 80
internal_value=0.00027285 0.00860144 -0.000717106 0.014971 0.00169858 -0.004949 -0.0074271 0.0040577 0.00251037 0.0232228
internal_weight=778.737 82.127 696.61 60.636 443.547 253.063 198.771 54.2923 426.315 37.7696
internal_count=6164 551 5613 418 3895 1718 1355 363 3705 272
is_linear=0
shrinkage=0.04


Tree=199
num_leaves=13
num_cat=0
split_feature=145 156 75 163 128 169 36 33 48 181 141 132
split_gain=6.78349 4.65241 3.55249 4.79712 3.54035 3.51238 3.2006 2.3724 1.42081 1.06867 1.59332 0.46795
threshold=0.36657551518100812 1.113023280356886 3.5000000000000004 -0.37981144681060569 1.5000000000000002 0.12916666666666668 -0.52851146117149039 9.4594620249146661 0.66671592624961884 0.38750000000000007 0.32071428571428579 560.26785714285722
decision_type=8 2 2 2 2 8 2 8 8 8 8 8
left_child=2 4 3 -1 5 -2 -5 -6 -3 10 -4 -11
right_child=1 8 9 6 7 -7 -8 -9 -10 11 -12 -13
leaf_value=0.02185683528721594 0.0091811408824185089 -0.0032645639544737056 -0.022243239046789296 0.012304572982366504 0.00492623315344625 -8.9121689405834465e-05 -0.0095583517209831843 0.030195681994595311 -0.0247868167244354 -0.00899474186006596 -0.004237681590007202 -0.026094725463036216
leaf_weight=9.9722144138067943 82.427150649949908 8.9440636914223415 11.701198281720279 11.665795620530842 12.97316283546388 300.54137474484742 69.778735497035086 11.179112477228047 11.704261129722001 5.119795115664604 23.289464531466365 16.821667142212391
leaf_count=176 560 180 249 229 232 2524 821 71 68 161 546 347
internal_value=-0.000627418 0.00192717 -0.00797065 -0.00299581 0.0028856 0.00191964 -0.00629127 0.0174375 -0.016138 -0.0157347 -0.0107652 -0.0227578
internal_weight=576.118 427.769 148.349 91.4167 407.121 382.969 81.4445 24.1523 20.6483 56.9321 34.9907 21.9415
internal_count=6164 3635 2529 1226 3387 3084 1050 303 248 1303 795 508
is_linear=0
shrinkage=0.04


Tree=200
num_leaves=14
num_cat=0
split_feature=1 82 86 83 169 176 83 174 160 55 181 86 163
split_gain=4.10669 3.69769 3.64647 5.76338 5.71437 4.71236 3.75532 3.07739 4.45567 3.90836 2.79156 1.59266 1.43085
threshold=1.0000000180025095e-35 0.35147058823529415 13.500000000000002 1503.0265543458029 0.10620300751879701 3.5000000000000004 1513.9126730565581 0.85960591133004927 -0.44338172033112666 -0.18156843156843153 0.84523809523809534 9.5000000000000018 -0.15967875188906344
decision_type=8 10 10 2 10 10 2 8 2 8 10 10 2
left_child=1 7 3 4 -2 6 -4 8 -1 -9 -5 -3 -13
right_child=2 11 5 10 -6 -7 -8 9 -10 -11 -12 12 -14
leaf_value=-0.0022291889536126398 -0.025322345897988676 0.003024186267308296 0.013542645110304601 0.0039810080094808773 -0.0061174377288916795 -0.0096695374588127939 -0.00086361289243738499 0.0073394322467365556 0.010957464107281113 -0.0063881879994921956 -0.014954350431429122 -0.0027506810233236868 -0.02122410132263583
leaf_weight=54.567655399441719 28.631986785680056 13.57339360564947 60.128198444843292 111.98175901547074 163.58727969974279 35.94654006510973 54.31804521381855 59.366016935557127 157.63073539733887 72.673686739057302 12.986840862780808 12.535351373255251 15.134975269436838
leaf_count=618 146 108 315 1053 757 234 523 443 991 564 134 172 106
internal_value=0.00017252 0.00322686 -0.00234277 -0.00477261 -0.0091047 0.00276637 0.00673962 0.00459025 0.00756253 -0.000192342 0.00189426 -0.00794459 -0.0133128
internal_weight=853.062 385.482 467.581 317.188 192.219 150.393 114.446 344.238 212.198 132.04 124.969 41.2437 27.6703
internal_count=6164 3002 3162 2090 903 1072 838 2616 1609 1007 1187 386 278
is_linear=0
shrinkage=0.04


Tree=201
num_leaves=13
num_cat=0
split_feature=160 169 62 1 145 22 134 49 86 68 143 93
split_gain=3.94317 5.16975 3.96532 3.9215 3.94259 3.22289 4.47552 2.96801 2.70577 2.2931 1.83793 1.57806
threshold=-0.37621579720952286 0.3465463108320252 370.62142857142862 -8.9999999999999982 1.0000000180025095e-35 -9.7940804245764443 4.2001390820584152 2.5000000000000004 15.500000000000002 27.785078713210137 0.98809523809523825 1.0000000180025095e-35
decision_type=2 8 10 10 8 10 10 10 10 10 10 2
left_child=5 2 7 4 -3 6 8 -2 -1 -5 11 -7
right_child=1 3 -4 9 -6 10 -8 -9 -10 -11 -12 -13
leaf_value=0.010321224707090544 -0.0035838837010720367 0.017588881917166298 0.012322256840395727 -0.0074574446789965566 0.0023105106019505983 -0.0037032677956163264 0.027112128191093571 -0.013162201864427134 -0.0072403381830685384 0.0012784892500437223 0.015370927609851854 0.0091610575781495614
leaf_weight=52.262930985540152 132.04459408670664 40.044467449188232 16.61987167596817 68.724624257534742 81.31332453340292 80.871685791760683 19.633962072432041 86.214001540094614 18.119048282504082 153.33605444431305 10.827746298164127 17.719257563352585
leaf_count=398 1036 220 106 390 333 1284 127 597 150 1091 167 265
internal_value=0.000265397 -0.00140544 -0.0059676 0.00171728 0.00747081 0.00510311 0.0106656 -0.0074193 0.00573408 -0.0014375 0.000453717 -0.00130237
internal_weight=777.732 578.297 234.878 343.418 121.358 199.435 90.0159 218.259 70.382 222.061 109.419 98.5909
internal_count=6164 3773 1739 2034 553 2391 675 1633 548 1481 1716 1549
is_linear=0
shrinkage=0.04


Tree=202
num_leaves=11
num_cat=0
split_feature=180 169 86 90 90 41 89 37 146 68
split_gain=4.44686 3.93714 4.36247 3.20948 3.04051 2.46284 3.07154 1.87259 1.97242 1.32233
threshold=0.58571428571428574 0.46862745098039221 14.500000000000002 1335.5000000000002 197.50000000000003 0.072587069256673159 210.50000000000003 0.03194093011959219 0.40699428118024666 32.224503764544842
decision_type=10 8 8 10 10 2 8 2 10 10
left_child=1 2 3 -1 -4 6 -3 -2 -9 -7
right_child=7 5 4 -5 -6 9 -8 8 -10 -11
leaf_value=0.0053685429556739606 0.02138985316394424 0.010142710159609944 -0.01551610977889057 -0.0061980591947071572 -0.0013872500558654692 -0.019401193429187794 -0.0067741843489039447 -0.0073269649676623349 0.014628056491265995 -0.0046783625895251485
leaf_weight=221.40699463896453 17.607975017279387 20.191879013553262 35.47134100086987 45.366248754784465 75.240411728620529 30.36139971204102 89.39257256872952 11.601603124290707 12.631550308316944 15.907573834061621
leaf_count=1590 216 146 168 803 944 466 1183 132 159 357
internal_value=-0.000605514 -0.00160194 0.000604946 0.00337831 -0.00603032 -0.00692966 -0.00357548 0.0117899 0.00416403 -0.0145878
internal_weight=575.18 533.338 377.485 266.773 110.712 155.853 109.584 41.8411 24.2332 46.269
internal_count=6164 5657 3505 2393 1112 2152 1329 507 291 823
is_linear=0
shrinkage=0.04


Tree=203
num_leaves=8
num_cat=0
split_feature=102 86 173 71 67 169 54
split_gain=4.20843 4.5465 4.19969 3.99923 3.74626 3.49118 3.06587
threshold=1.0000000180025095e-35 4.5000000000000009 0.69397993311036799 7.5000000000000009 25.715263518138265 1.0000000180025095e-35 0.17137862137862139
decision_type=2 10 10 10 10 8 8
left_child=1 6 5 -2 -4 -3 -1
right_child=3 2 4 -5 -6 -7 -8
leaf_value=-0.00097633564529131479 -0.019535259137661444 -0.0078271162107288079 0.0067679879819034609 0.0027594947040437013 -0.0017584087156073537 0.0084312628405134211 -0.018095729145042049
leaf_weight=36.277005854994059 31.375628244131804 22.920091357082129 101.32226046174765 20.766758911311626 423.3742103241384 185.15892508998513 30.698888767510653
leaf_count=236 175 163 563 223 3265 1325 214
internal_value=0.000164395 0.00088993 0.00180794 -0.0107334 -9.836e-05 0.00660195 -0.00900333
internal_weight=851.894 799.751 732.775 52.1424 524.696 208.079 66.9759
internal_count=6164 5766 5316 398 3828 1488 450
is_linear=0
shrinkage=0.04


Tree=204
num_leaves=11
num_cat=0
split_feature=117 38 43 62 167 11 137 89 131 54
split_gain=3.53367 3.33798 3.18894 3.44062 3.90619 3.56564 2.51676 1.82496 1.99142 1.76502
threshold=1.0000000180025095e-35 0.44551350319074595 -0.12532902019053063 363.69517543859655 -0.024810173549646989 -1.0000000180025095e-35 0.38898284874716643 217.50000000000003 508.25000000000006 0.15869200244200246
decision_type=2 2 2 8 2 2 8 8 10 10
left_child=2 7 6 5 -5 -4 -1 -2 -9 -8
right_child=1 -3 3 4 -6 -7 9 8 -10 -11
leaf_value=0.0055611698899827944 0.0015717572319542484 -0.0053699254619116602 0.0045200953888116895 -0.0045374075444838003 0.01534414099569454 -0.0031101968683108876 -0.019068671243364595 0.023310298683238861 0.0045983038500557495 -0.0013028601045114497
leaf_weight=12.234389021992682 18.125863894820213 22.534901641309261 125.27929306775331 24.066844068467617 42.448572229593992 435.14166651107371 33.207100424915552 26.771623898297548 14.848504476249216 12.662367366254328
leaf_count=172 67 174 1225 170 196 3301 341 168 136 156
internal_value=-0.000262017 0.00751579 -0.00120873 -0.000367473 0.00816025 -0.00139591 -0.0100922 0.0124173 0.016946 -0.0143395
internal_weight=767.321 82.2809 685.04 626.936 66.5154 560.421 58.1039 59.746 41.6201 45.8695
internal_count=6106 545 5561 4892 366 4526 669 371 304 497
is_linear=0
shrinkage=0.04


Tree=205
num_leaves=9
num_cat=0
split_feature=89 133 168 140 88 68 173 1
split_gain=4.46836 3.68788 3.71381 5.13659 4.67447 2.76607 3.65726 3.45995
threshold=77.500000000000014 3.4834215519824232 0.010330650052498466 0.92478456852699276 0.77097902097902116 25.520876112251887 0.77598566308243744 4.0000000000000009
decision_type=8 8 2 10 8 8 10 8
left_child=-1 5 4 -4 -3 7 -7 -2
right_child=1 2 3 -5 -6 6 -8 -9
leaf_value=0.01330031023010104 0.0061288377776277129 0.0034283847888122295 -0.0060450619092300012 0.01649432026795122 -0.0093841961766430275 -0.0020798084127222802 0.0091394555361242955 -0.019463151286998652
leaf_weight=34.840141341090202 14.58785439096391 59.168791029602289 33.728896554559469 29.299505580216646 188.1460052318871 78.545056225731969 110.96844606567174 17.692080231383443
leaf_count=162 146 497 436 365 1958 1045 1374 123
internal_value=-0.000367206 -0.00128907 -0.00410117 0.00449537 -0.00630934 0.00263751 0.00449255 -0.00800096
internal_weight=566.977 532.137 310.343 63.0284 247.315 221.793 189.514 32.2799
internal_count=6106 5944 3256 801 2455 2688 2419 269
is_linear=0
shrinkage=0.04


Tree=206
num_leaves=13
num_cat=0
split_feature=131 56 173 38 75 143 163 50 165 58 153 67
split_gain=5.007 3.28795 3.38001 4.54144 3.79719 3.21031 3.0739 4.40926 2.14324 1.87149 1.86279 1.31411
threshold=429.46666666666675 -2.4999999999999996 0.73508771929824568 -1.3179154380797489 10.500000000000002 0.80140845070422551 -0.16703579414734399 -1.0000000180025095e-35 0.021244247701094735 215.50000000000003 0.22982265510641134 29.110198494182068
decision_type=8 10 8 2 2 8 2 8 2 10 2 10
left_child=6 5 3 -3 -4 11 8 -8 9 -1 -9 -2
right_child=1 2 4 -5 -6 -7 7 10 -10 -11 -12 -13
leaf_value=0.00083003438726023354 -0.023661797733566432 -0.012928538097493393 -0.0010306181484544745 0.0079070711851961066 0.010590714403749216 0.0013137070416417251 0.011226226863491085 -0.020724703533663111 -0.023932127219277951 -0.017571503439856778 -0.00019312121419008679 -0.0074827331748525492
leaf_weight=19.254747431725264 14.778108108788727 17.125223975628614 361.74293794855475 223.73489341139793 50.339778557419777 42.791822530329227 25.40667524561286 14.655357744544746 20.874497134238482 14.925326619297264 13.290611542761324 20.324186768382788
leaf_count=219 133 163 2348 1497 585 213 196 121 204 105 120 202
internal_value=0.000490188 0.00168503 0.00261573 0.00637005 0.000406397 -0.00602544 -0.00748843 -0.000566028 -0.0140314 -0.00741954 -0.0113733 -0.0148163
internal_weight=839.244 730.837 652.943 240.86 412.083 77.8941 108.407 53.3526 55.0546 34.1801 27.946 35.1023
internal_count=6106 5141 4593 1660 2933 548 965 437 528 324 241 335
is_linear=0
shrinkage=0.04


Tree=207
num_leaves=9
num_cat=0
split_feature=52 137 0 169 160 174 42 107
split_gain=5.74615 3.88906 3.60445 3.06007 3.97821 3.34324 2.02858 1.38719
threshold=0.20856227106227113 0.37553242370097645 -13.999999999999998 0.29340028694404596 -0.15925209966207024 0.84412955465587058 -0.0046497617887926229 -0.0048105713007168252
decision_type=10 10 10 8 2 10 2 10
left_child=2 -2 -1 4 -4 -5 -3 -8
right_child=1 6 3 5 -6 -7 7 -9
leaf_value=0.017898354496289834 -0.017655024923374747 0.0085695155880071306 0.0038445953487575035 -0.00067697514567547148 -0.0077426429651612141 0.0062122896554672137 -0.017623573064807371 0.0014898442671517206
leaf_weight=18.627874616533518 46.321456212550402 18.895365815609694 73.165731739252806 258.1682856194675 130.31081456691027 198.1742734760046 11.900582540780308 10.876202978193758
leaf_count=103 214 179 948 1988 941 1474 126 133
internal_value=-0.000246273 -0.00980552 0.00100321 0.000496841 -0.00356792 0.00231747 -0.000824121 -0.00873376
internal_weight=766.441 87.9936 678.447 659.819 203.477 456.343 41.6722 22.7768
internal_count=6106 652 5454 5351 1889 3462 438 259
is_linear=0
shrinkage=0.04


Tree=208
num_leaves=12
num_cat=0
split_feature=171 180 176 160 167 144 85 2 154 41 66
split_gain=4.28698 4.04707 3.93867 5.20099 3.99662 3.25609 2.34995 2.76373 3.69775 2.19392 0.203276
threshold=0.069047619047619066 0.5634920634920636 1.5000000000000002 -0.15925209966207024 0.03742852574208911 0.31142241379310348 10.500000000000002 2.1026694045174552 0.03921304014467402 0.1654183354396174 1.5089915836284298
decision_type=8 10 10 2 2 10 10 10 2 2 8
left_child=6 2 4 -4 -2 -3 7 8 -1 -7 -8
right_child=1 5 3 -5 -6 9 10 -9 -10 -11 -12
leaf_value=0.010416772145133351 -0.0041390523159249562 0.030807813770533116 -0.0067333976882728496 0.010828258376491333 0.0084862234151309463 0.016497505728033778 -0.012106323394846883 -0.020209135621908802 -0.018323510469929853 -0.0056947875075171591 -0.027107239117357577
leaf_weight=21.432396071031693 295.03032390400767 10.886507717892526 37.089309049770236 91.908280974254012 45.374079763889313 12.921874204650523 5.3432567454874498 12.811981897801159 9.5136257736012322 13.656209276989101 10.503720344975589
leaf_count=216 2842 99 674 656 479 196 209 200 263 131 141
internal_value=-0.000349796 0.000847131 -0.00017045 0.0057506 -0.00243039 0.0133216 -0.0104072 -0.00531975 0.00122164 0.00522923 -0.0231868
internal_weight=566.472 506.867 469.402 128.998 340.404 37.4646 59.605 43.758 30.946 26.5781 15.847
internal_count=6106 5077 4651 1330 3321 426 1029 679 479 327 350
is_linear=0
shrinkage=0.04


Tree=209
num_leaves=13
num_cat=0
split_feature=10 41 45 37 86 147 13 181 24 57 107 153
split_gain=3.25566 3.10812 5.00806 3.50058 3.77577 2.7302 2.10515 1.85795 2.92814 2.91255 1.28359 0.62931
threshold=2.5000000000000004 -0.29423015067287184 40.64399236053908 -0.62201841654690404 3.5000000000000004 13.672284593452979 -1.4999999999999998 0.26136363636363641 -165.99999999999997 1324.5000000000002 0.036596934507210584 1.0768808002973771
decision_type=2 2 8 2 10 8 2 8 10 10 8 2
left_child=1 2 10 6 -5 -4 -3 9 -9 -2 -1 -10
right_child=7 3 5 4 -6 -7 -8 8 11 -11 -12 -13
leaf_value=0.0054080205891433551 0.010658103905297414 -0.0014812346357347 -0.017551363371804581 -0.013438970145117291 0.00071187028624319644 -0.0044881149532178619 0.012061857597325821 0.025726031359358748 0.0097411662193554807 -0.011964138839030311 -0.0070562696371932049 -0.0043727347072653432
leaf_weight=62.066323895007372 22.623156104236841 24.796830710023642 47.348082654178143 31.267791625112295 461.89980219677091 57.563281815499067 65.138853888958693 18.134383384138346 9.4470529556274432 13.796832770109175 15.690671056509016 8.7347471378743631
leaf_count=876 227 244 208 199 2897 207 568 78 132 116 233 121
internal_value=0.000463961 -0.000306086 -0.00484636 0.00111868 -0.000206653 -0.0105127 0.00833057 0.00849241 0.0147778 0.00194406 0.00280978 0.00298194
internal_weight=838.508 765.772 182.668 583.103 493.168 104.911 89.9357 72.7362 36.3162 36.42 77.757 18.1818
internal_count=6106 5432 1524 3908 3096 415 812 674 331 343 1109 253
is_linear=0
shrinkage=0.04


Tree=210
num_leaves=10
num_cat=0
split_feature=52 117 173 43 2 71 0 174 52
split_gain=5.44051 4.26425 4.92602 3.88841 3.7891 3.80517 3.77525 3.76531 2.01467
threshold=0.20856227106227113 1.0000000180025095e-35 0.83666666666666678 -0.12532902019053063 -5.3388090349075989 26.500000000000004 -7.4999999999999991 0.84731934731934744 0.090909090909090898
decision_type=10 2 8 2 8 8 10 10 10
left_child=1 3 -3 8 -2 -6 -5 -4 -1
right_child=4 2 7 6 5 -7 -8 -9 -10
leaf_value=-0.015895252682108674 0.0024874498777630242 -0.0045265189785419534 0.0037304127758538618 0.0097586029500887333 -0.0012174672205188283 -0.022445099112711947 -0.00037953487426310148 0.026631491823623576 0.0020764351579646337
leaf_weight=34.663251681253314 27.95289296656847 23.92659955099225 20.008228827267885 65.684782292693853 20.954795822501183 38.773175790905952 492.29557228647172 27.999078892171383 13.305292757228015
leaf_count=408 186 163 131 450 230 236 3959 184 159
internal_value=-0.000236433 0.000978346 0.0101164 -0.000118041 -0.00955587 -0.0151733 0.00082566 0.0173986 -0.0109289
internal_weight=765.564 677.883 71.9339 605.949 87.6809 59.728 557.98 48.0073 47.9685
internal_count=6106 5454 478 4976 652 466 4409 315 567
is_linear=0
shrinkage=0.04


Tree=211
num_leaves=12
num_cat=0
split_feature=56 160 88 2 178 140 90 175 104 53 132
split_gain=5.70358 4.45981 4.49755 4.34547 3.61025 4.17975 3.34898 4.16249 4.0926 2.89622 1.89263
threshold=1.5000000000000002 -0.2662800899806444 0.91885964912280704 4.9842573579739922 0.21825396825396828 4.6447332437606272 119.50000000000001 4.5000000000000009 1.0000000180025095e-35 -0.2328282828282828 677.53571428571433
decision_type=8 2 10 10 10 10 10 8 2 8 10
left_child=1 4 3 -3 5 -1 -2 8 -8 -4 -6
right_child=6 2 9 -5 10 -7 7 -9 -10 -11 -12
leaf_value=-0.013050521126490362 -0.024262709666101237 0.0078811092506702769 0.0051285039018022288 -0.0081193990489156938 0.011215819760700449 0.016216003677910162 -0.01624885221826898 0.014140040678360926 0.010442149288660739 -0.0098135366168644964 -0.0057785482191723145
leaf_weight=73.717965641990304 19.07141187787056 242.7751291655004 32.029603583738208 29.625697808340192 24.614447435364127 7.8066352698951951 40.6426672488451 12.942506499588488 10.948393857106565 54.890752856619656 16.763870511204004
leaf_count=1509 88 1894 198 233 450 110 507 140 136 505 336
internal_value=-0.000342109 0.0013323 0.0035842 0.00611028 -0.00521103 -0.0100612 -0.00992516 -0.00535193 -0.0104557 -0.00428904 0.0043097
internal_weight=565.829 482.224 359.321 272.401 122.903 81.5246 83.605 64.5336 51.5911 86.9204 41.3783
internal_count=6106 5235 2830 2127 2405 1619 871 783 643 703 786
is_linear=0
shrinkage=0.04


Tree=212
num_leaves=13
num_cat=0
split_feature=131 176 2 90 59 170 163 50 108 153 62 139
split_gain=4.68407 4.12439 5.16031 4.80942 3.91006 2.92243 2.89909 4.1692 2.66291 1.76731 1.52169 1.43027
threshold=429.46666666666675 1.0000000180025095e-35 0.45995893223819101 72.500000000000014 4.5000000000000009 0.28801843317972359 -0.16703579414734399 -1.0000000180025095e-35 -0.38202662765979761 0.22982265510641134 2.1333333333333262 2.2523109890088717
decision_type=8 8 10 10 10 8 2 8 10 2 10 10
left_child=6 4 8 -4 5 -2 10 -8 -3 -9 11 -1
right_child=1 2 3 -5 -6 -7 7 9 -10 -11 -12 -13
leaf_value=-0.00075857881433103152 0.011593887228061641 -0.018797176646881023 -0.014882294477735156 0.0072629803969291983 -0.0090939878287504359 0.0032600212894490243 0.010883451608233232 -0.020290064253684213 -0.0032954942836431814 -0.00023400047819662636 -0.021751426864095508 -0.01760370747006745
leaf_weight=19.997096683830023 108.15635908022523 18.314914099872112 16.715553477406502 136.85965524613857 27.615253783762455 181.34465371444821 25.438371140509844 14.504056196659805 240.96454317867756 13.278650779277084 21.818567283451557 12.936325553804634
leaf_count=199 827 85 56 966 109 1377 196 121 1721 120 196 133
internal_value=0.000449563 0.00160462 -0.00102653 0.004759 0.00502888 0.0064096 -0.00728413 -0.000556588 -0.00446619 -0.011115 -0.0136604 -0.0077581
internal_weight=837.944 729.971 412.855 153.575 317.116 289.501 107.973 53.2211 259.279 27.7827 54.752 32.9334
internal_count=6106 5141 2828 1022 2313 2204 965 437 1806 241 528 332
is_linear=0
shrinkage=0.04


Tree=213
num_leaves=12
num_cat=0
split_feature=52 1 181 155 62 174 69 169 89 162 89
split_gain=5.18002 3.77841 4.71018 3.34865 3.14546 3.69226 3.68372 2.53108 3.99499 3.73873 2.41729
threshold=0.20856227106227113 -13.999999999999998 0.63333333333333341 -0.47870747565650834 169.23876123876127 0.61803713527851467 80.500000000000014 0.58578431372549034 589.50000000000011 0.25212526729552581 249.50000000000003
decision_type=10 10 8 2 8 10 8 10 10 2 8
left_child=1 2 3 -1 5 -2 -7 9 -9 -3 -4
right_child=4 7 10 -5 -6 6 -8 8 -10 -11 -12
leaf_value=0.010159107570214116 0.002924919883261266 -0.0043092583054776803 0.00386395210452677 -0.011049937551123443 0.0054627779820762244 -0.0030898750565278299 -0.025633840633097777 0.011399804795062387 -0.0030761633065348273 0.0051640886702012745 0.015808069300450766
leaf_weight=17.138439016416669 16.915863957256079 309.66295359656215 48.677545741200447 33.676985993981361 17.589921444654465 17.875962652266026 34.981741666793823 61.308785941451788 58.781300753355026 83.793125458061695 64.300337474793196
leaf_count=121 125 2612 170 235 132 207 188 325 638 1076 277
internal_value=-0.00022181 0.000962466 0.00623397 -0.00380018 -0.00933326 -0.0131161 -0.0182458 -0.000723816 0.00433075 -0.0022787 0.0107584
internal_weight=764.703 677.339 163.793 50.8154 87.3635 69.7736 52.8577 513.546 120.09 393.456 112.978
internal_count=6106 5454 803 356 652 520 395 4651 963 3688 447
is_linear=0
shrinkage=0.04


Tree=214
num_leaves=12
num_cat=0
split_feature=56 160 88 2 108 178 157 15 57 119 24
split_gain=5.41027 4.21272 4.1763 4.07868 3.50996 3.44734 2.84918 2.69699 2.51752 2.22523 1.2034
threshold=1.5000000000000002 -0.2662800899806444 0.91885964912280704 4.9842573579739922 0.14847786724567416 0.21825396825396828 0.54009299760606899 -3.0963007957539568 -146.49999999999997 0.91287878787878796 42.500000000000007
decision_type=8 2 10 10 10 10 2 10 10 8 8
left_child=1 5 3 -3 7 8 -4 -2 -1 -9 -7
right_child=4 2 6 -5 -6 10 -8 9 -10 -11 -12
leaf_value=-0.015192232371919039 -0.020177754747552516 0.0076141135002056846 -0.00051247552109377119 -0.0079145820297614883 0.003944249368496946 -0.00029312242830660859 -0.018688256317350244 -0.012014106865781707 -0.00055278647714375223 0.014363260811684493 0.014126585022455031
leaf_weight=50.840652828104794 41.711736651137471 243.65736350324005 70.275760934688151 29.487214054912329 21.68071193434298 29.043105933815241 16.266563009470701 12.5574609618634 30.062126100063324 7.2048879340291014 12.393650094047187
leaf_count=985 198 1894 550 233 207 553 153 311 634 155 233
internal_value=-0.000327457 0.00130014 0.0034832 0.00590767 -0.00968929 -0.00507822 -0.00412611 -0.0145158 -0.00985004 -0.00207259 0.00420391
internal_weight=565.181 482.026 359.687 273.145 83.1548 122.34 86.5423 61.4741 80.9028 19.7623 41.4368
internal_count=6106 5235 2830 2127 871 2405 703 664 1619 466 786
is_linear=0
shrinkage=0.04


Tree=215
num_leaves=12
num_cat=0
split_feature=1 56 51 67 176 174 50 52 174 162 68
split_gain=3.78493 3.32661 6.09886 3.36212 3.30947 3.20264 3.33678 4.17994 3.36648 2.46723 2.45584
threshold=1.0000000180025095e-35 -3.4999999999999996 -2.4999999999999996 28.444900752908968 1.0000000180025095e-35 0.84412955465587058 5.5000000000000009 0.022222222222222202 0.70710784313725505 1.2567954109668085 32.517453798767974
decision_type=8 8 10 8 10 10 8 8 8 2 10
left_child=5 -2 3 -3 -4 6 7 -1 -8 10 -7
right_child=1 2 4 -5 -6 9 8 -9 -10 -11 -12
leaf_value=0.015017067036243299 -0.014883808247113781 0.00061398099856253482 0.00045227283920421749 0.020211486158006199 -0.0070585676760871697 0.0037255085933574328 -0.01612490063849709 0.0028844787127016596 0.0080163045415959956 -0.015051963974126602 -0.0086787234207788295
leaf_weight=86.778485551476479 28.990179922431707 26.53915511444211 207.28049418702722 29.341099161654711 169.6852946691215 108.06188566982746 18.3090027756989 96.443763971328735 16.744978934526443 16.622389577329159 32.316813763231039
leaf_count=686 185 162 1473 230 1132 720 142 727 123 184 342
internal_value=0.000426243 -0.00199383 -0.00109358 0.0111136 -0.00293305 0.00340721 0.00653123 0.00869195 -0.0046349 -0.000937259 0.000814575
internal_weight=837.114 461.836 432.846 55.8803 376.966 375.277 218.276 183.222 35.054 157.001 140.379
internal_count=6106 3182 2997 392 2605 2924 1678 1413 265 1246 1062
is_linear=0
shrinkage=0.04


Tree=216
num_leaves=12
num_cat=0
split_feature=132 172 73 40 71 179 68 63 42 135 58
split_gain=3.0485 3.24968 5.14172 4.21986 4.14239 3.64169 2.46633 2.4633 2.38052 2.34242 1.64761
threshold=550.32500000000016 0.11882352941176472 226.00000000000003 0.041188142267476725 13.500000000000002 0.57738095238095244 25.756331279945247 -556.39793857263305 0.075876604449902449 2.6017547467027282 1.0000000180025095e-35
decision_type=10 8 10 2 8 10 8 2 2 8 10
left_child=1 3 5 9 -4 -3 10 -8 -9 -1 -2
right_child=6 2 4 -5 -6 -7 7 8 -10 -11 -12
leaf_value=0.014218610519631634 -0.026811871420184957 0.00056666466148176642 0.0039585616833196892 0.018251996939681374 -0.017805665440407736 0.013657998404192887 0.010644979622768785 -0.0011720278396159763 -0.010834652114072522 -0.0017353331431781949 -0.0032816791185332518
leaf_weight=18.532269358634949 10.487409070134165 277.01436036452651 20.551035419106483 39.283909350633621 40.050892353057861 37.836905039846897 20.671195760369301 174.23710064962506 52.641231741756201 58.568789325654507 9.0375592540949565
leaf_count=150 105 1354 139 217 294 344 98 2083 801 303 145
internal_value=6.99335e-05 0.0019397 0.000117805 0.00774896 -0.0104482 0.00218449 -0.00336032 -0.00223649 -0.00346047 0.00220676 -0.0167084
internal_weight=758.913 491.838 375.453 116.385 60.6019 314.851 267.074 247.55 226.878 77.1011 19.525
internal_count=6033 2801 2131 670 433 1698 3232 2982 2884 453 250
is_linear=0
shrinkage=0.04


Tree=217
num_leaves=11
num_cat=0
split_feature=171 178 133 0 89 151 89 108 173 20
split_gain=5.69019 3.42643 3.64062 3.26927 3.06392 3.39847 2.97918 2.5827 1.57201 0.731166
threshold=0.06458333333333334 0.18898809523809526 1.5435488402584836 6.5000000000000009 192.50000000000003 0.46862745098039221 1021.5000000000001 0.2051910683512688 0.88675213675213682 -0.99979175343606819
decision_type=8 8 8 10 10 10 8 8 8 10
left_child=3 2 -2 8 7 -6 -4 -3 9 -1
right_child=1 4 6 -5 5 -7 -8 -9 -10 -11
leaf_value=-0.025325717805030339 0.020318822133213548 -0.005772292180829682 -0.00077130394026031946 0.007035086358317396 0.0039445071839791278 0.019547267284672813 -0.013245276399868045 0.0074287465697443411 -0.0041308350242405447 -0.010412638323842698
leaf_weight=23.204176666215059 7.8822250328958026 87.638856070116162 71.393936805427074 10.689387065358458 226.86911467649043 24.027344714850187 53.324842378497124 31.33070158213377 12.529237727634607 10.106401780620219
leaf_count=233 70 394 998 161 2148 252 1063 125 200 389
internal_value=-0.000322539 0.00103615 -0.00445288 -0.0122422 0.00301612 0.00551833 -0.00618353 -0.00224618 -0.0168344 -0.0212947
internal_weight=558.996 502.467 132.601 56.5292 369.866 250.896 124.719 118.97 45.8398 33.3106
internal_count=6033 5050 2131 983 2919 2400 2061 519 822 622
is_linear=0
shrinkage=0.04


Tree=218
num_leaves=10
num_cat=0
split_feature=132 73 43 135 145 54 74 119 90
split_gain=3.57554 3.16852 3.00049 4.47315 4.29998 2.96525 2.19565 2.14671 1.77279
threshold=612.47222222222229 63.500000000000007 0.021350368569894196 1.267136150234742 0.96325377939743484 0.36417112299465243 420.50000000000006 0.80909090909090919 383.00000000000006
decision_type=10 8 2 8 8 10 10 8 10
left_child=1 -1 3 -3 -4 6 8 -7 -2
right_child=5 2 4 -5 -6 7 -8 -9 -10
leaf_value=-0.016402470942193208 0.015903845935855265 0.016191494377778146 0.0015137941158798551 -0.00037115179730827882 -0.012105245429512615 0.0034908045335977247 -0.0066835012528136326 -0.017767672774222764 0.0052299524219446593
leaf_weight=21.324914310127497 28.649107687175274 27.036022156476974 67.751701857894659 372.98010320775211 79.83112471178174 13.579871259629728 20.474777333438396 15.163072578608988 182.78758991509676
leaf_count=168 255 174 565 1984 434 188 205 108 1952
internal_value=0.000151072 -0.00162381 -0.00101579 0.000780871 -0.0058715 0.0040241 0.00553519 -0.00787698 0.00675371
internal_weight=829.578 568.924 547.599 400.016 147.583 260.654 231.911 28.7429 211.437
internal_count=6033 3325 3157 2158 999 2708 2412 296 2207
is_linear=0
shrinkage=0.04


Tree=219
num_leaves=11
num_cat=0
split_feature=52 2 52 22 108 87 133 36 53 132
split_gain=2.96321 4.28963 4.23268 5.12481 4.39644 3.17706 3.34187 1.94705 2.90258 0.862576
threshold=0.2110102843315185 -7.4236824093086904 0.056980519480519416 -1.8127046764729047 -0.0070436038076877585 0.64495798319327746 5.3206093149700076 -0.28419973321819314 0.17145282561241815 473.68235294117653
decision_type=10 10 10 10 8 8 10 2 10 10
left_child=2 -2 5 4 -4 -1 -7 -3 -9 -5
right_child=1 7 3 9 -6 6 -8 8 -10 -11
leaf_value=0.012160384144280679 0.010391044864561785 0.00059637003502722367 0.016294537508270687 0.003346814232242696 0.0028981250526363194 -0.0030200455086301431 0.0092569092692271291 -0.004421528955277274 -0.023335964078497945 -0.0089274312970994956
leaf_weight=26.119665309786797 17.562454015016556 16.614077804610133 73.320538844913244 11.442140471190212 84.992704689502716 402.22216500714421 37.865826386958361 24.56616460159421 28.770154271274805 34.750386573374271
leaf_count=179 116 149 399 178 514 3135 396 189 182 596
internal_value=7.13404e-05 -0.00680544 0.000980377 0.00576489 0.00917837 -0.00112196 -0.00194059 -0.0112368 -0.0149027 -0.00583816
internal_weight=758.226 87.5129 670.713 204.506 158.313 466.208 440.088 69.9504 53.3363 46.1925
internal_count=6033 636 5397 1687 913 3710 3531 520 371 774
is_linear=0
shrinkage=0.04


Tree=220
num_leaves=13
num_cat=0
split_feature=145 133 141 58 119 179 169 84 169 147 37 38
split_gain=4.20937 7.64836 5.21662 4.09115 4.00008 3.91534 3.87311 3.85795 3.23065 3.15084 1.92563 1.76874
threshold=0.36657551518100812 1.1568453069137867 0.43813775510204084 1.0000000180025095e-35 0.90238095238095251 0.14835164835164838 0.12132352941176472 1484.7363410275514 0.25543478260869573 9.5838843025349085 -0.35145298401868202 0.44551350319074595
decision_type=8 10 8 8 8 8 8 2 8 10 2 2
left_child=1 -1 3 11 10 7 -7 -4 -5 -6 -3 -2
right_child=2 4 5 8 9 6 -8 -9 -10 -11 -12 -13
leaf_value=0.025257284889537743 -0.0089923586358314506 -0.0065661552382809719 0.021962864334100322 0.0065984397521762581 -0.0073154461984746687 0.0072786697758021081 -0.0057040016753655554 0.0014087299248301444 0.0238905804955605 0.012392610088415182 -0.020388008642550925 0.0098080803467650111
leaf_weight=10.357253804802893 21.158579746261239 27.97124414332211 19.535036973655224 38.813155887648463 40.16572808008641 44.074069753289223 198.081952188164 52.021808844059706 32.514339195564389 17.939028298482299 44.076206486672163 11.50901531986892
leaf_count=85 340 639 135 361 544 218 1381 586 392 228 930 194
internal_value=-0.000314371 -0.00628108 0.00169815 0.00941771 -0.00897953 -0.0008763 -0.00331262 0.00727294 0.01473 -0.0010903 -0.0152126 -0.00221484
internal_weight=558.217 140.509 417.708 103.995 130.152 313.713 242.156 71.5568 71.3275 58.1048 72.0475 32.6676
internal_count=6033 2426 3607 1287 2341 2320 1599 721 753 772 1569 534
is_linear=0
shrinkage=0.04


Tree=221
num_leaves=15
num_cat=0
split_feature=132 174 174 137 47 92 52 38 40 58 139 54 70 145
split_gain=3.28178 3.04011 4.18792 4.41778 3.97876 2.86405 2.84133 2.81019 2.70945 2.45546 3.10883 2.52511 2.23398 1.85419
threshold=612.47222222222229 0.69397993311036799 0.80860805860805873 0.36225129778652626 35.768045814836803 1085.5739787803368 0.10000000000000005 0.29736070075947985 0.13191058704046768 123.50000000000001 0.63570595203972968 1.0000000180025095e-35 5.5000000000000009 0.35947277963779928
decision_type=10 10 10 8 8 2 8 2 2 10 10 10 8 8
left_child=1 9 4 -4 -3 7 13 -2 -9 11 -11 -1 -8 -7
right_child=5 2 3 -5 -6 6 12 8 -10 10 -12 -13 -14 -15
leaf_value=-0.0042347066857227628 -0.0077407589820478384 -0.0071032145723540635 0.012405054393707586 -0.0040886618944547823 0.0099838578155684501 0.010051748260977092 0.001324139997216504 -0.0053953246308144354 0.017123475962617846 0.0090233084348341382 -0.0075113600255544413 -0.018310846988146529 0.019703033320246095 -0.00019420295543109059
leaf_weight=44.5248499866575 53.09325709939003 26.944665439426899 27.87320176884532 257.16734752804041 99.24231144785881 42.279419306665659 15.201577059924601 14.811988051980732 17.799995504319668 29.235608708113432 44.618201419711113 38.698086313903332 37.047040019184351 80.264248684048653
leaf_count=269 420 375 194 1611 318 591 156 168 110 116 237 205 421 842
internal_value=0.000144177 -0.00155733 0.000249674 -0.00243107 0.00629237 0.00385562 0.00678271 -0.00210036 0.00697996 -0.00627239 -0.00090616 -0.0109435 0.0145186 0.00337737
internal_weight=828.802 568.304 411.228 285.041 126.187 260.498 174.792 85.7052 32.612 157.077 73.8538 83.2229 52.2486 122.544
internal_count=6033 3325 2498 1805 693 2708 2010 698 278 827 353 474 577 1433
is_linear=0
shrinkage=0.04


Tree=222
num_leaves=12
num_cat=0
split_feature=52 2 52 46 108 87 160 68 174 119 62
split_gain=2.81358 4.10153 4.02376 4.99351 4.31457 3.02118 3.62076 3.1267 2.04734 1.68322 1.32433
threshold=0.2110102843315185 -5.3388090349075989 0.056980519480519416 -76.410816213648886 -0.0070436038076877585 0.64495798319327746 -0.47046432791451914 30.657084188911707 0.9298029556650248 0.80909090909090919 -278.70288461538456
decision_type=10 10 10 10 8 10 2 8 10 8 10
left_child=2 -2 5 4 -4 7 -7 -1 9 -3 -5
right_child=1 8 3 10 -6 6 -8 -9 -10 -11 -12
leaf_value=0.016739641355443612 0.0052855439169312603 -0.0065479773388477762 0.017722189163174813 0.011449355315366994 0.003265581859809027 0.0042073080205919603 -0.0044112347694833893 -0.0024760944352138635 -0.00040280330626201745 -0.023660949391045058 -0.0048818489282475893
leaf_weight=28.030469462275505 29.651815313845873 16.216368123888969 62.753612305969 8.0497438311576825 70.557001318782568 102.97541755437851 310.25390409864485 24.685697056353092 15.931679140776394 25.481703097000718 63.261805299669504
leaf_count=143 192 194 230 128 288 1259 2172 136 116 134 1041
internal_value=7.12986e-05 -0.00663925 0.000956312 0.00561917 0.0101669 -0.00109477 -0.00225372 0.00782557 -0.0127944 -0.0173618 -0.00287786
internal_weight=757.849 87.2816 670.568 204.622 133.311 465.945 413.229 52.7162 57.6298 41.6981 71.3115
internal_count=6033 636 5397 1687 518 3710 3431 279 444 328 1169
is_linear=0
shrinkage=0.04


Tree=223
num_leaves=12
num_cat=0
split_feature=171 0 178 89 57 163 57 58 169 67 62
split_gain=5.33921 3.1692 3.04723 3.46157 3.41562 2.93551 3.10264 2.61036 1.6936 1.54044 1.48738
threshold=0.06458333333333334 6.5000000000000009 0.18898809523809526 1021.5000000000001 123.50000000000001 -0.48863425212506223 1357.5000000000002 490.50000000000006 0.81534090909090928 32.231348391512675 379.57586206896559
decision_type=8 10 8 8 8 2 10 10 10 8 8
left_child=1 8 3 4 -2 6 -4 -7 10 -5 -1
right_child=2 -3 5 9 -6 7 -8 -9 -10 -11 -12
leaf_value=-0.024717139627959645 -0.0066967890829044687 0.0069971575556507419 0.0055862819372564914 -0.017899274362367348 0.0098554962683701751 0.0026171375619673623 0.026786410733302148 -0.0086210185015673773 -0.0025086816249130818 -0.0040150334413067172 -0.0022461281358761064
leaf_weight=27.750083641149107 40.867794632911682 10.690419182181357 47.153124062344432 29.683913327753544 37.052909832447767 272.65694057010114 13.928217364475129 36.579934163019061 11.137944494374095 23.924090657383204 6.1309007843956307
leaf_count=534 670 161 687 559 385 1750 169 313 199 517 89
internal_value=-0.000305854 -0.0119431 0.00100319 -0.00420015 0.00117397 0.00286302 0.0108063 0.00125781 -0.0165386 -0.0119267 -0.0208892
internal_weight=557.556 55.7093 501.847 131.529 77.9207 370.318 61.0813 309.237 45.0189 53.608 33.881
internal_count=6033 983 5050 2131 1055 2919 856 2063 822 1076 623
is_linear=0
shrinkage=0.04


Tree=224
num_leaves=15
num_cat=0
split_feature=132 170 56 52 39 1 92 0 57 15 73 145 55 133
split_gain=3.16301 3.02794 4.48239 4.33166 4.04295 3.29678 2.60316 2.81921 2.70599 2.74883 2.40082 2.04159 1.87195 1.07772
threshold=742.67500000000007 0.47809523809523813 -1.0000000180025095e-35 0.17425810904071773 0.53236164851341228 15.500000000000002 1085.5739787803368 -2.4999999999999996 427.50000000000006 -2.7053866446783692 153.50000000000003 0.83702392153574168 -0.10000000000000002 3.0003087054949584
decision_type=10 8 10 8 2 8 2 10 10 10 8 8 8 8
left_child=1 2 3 -1 -4 10 7 -2 9 -8 -3 -10 -9 -7
right_child=6 5 4 -5 -6 13 8 12 11 -11 -12 -13 -14 -15
leaf_value=-0.0084305758957853444 0.011944242545237013 -0.0092113032039447922 0.0067968054566451717 0.0034080060147376424 -0.0059268207663366402 -0.00623803282281786 0.027532163135998492 0.0053805756418627681 0.0090179000673219663 0.0086127524527414481 0.00081616480417009269 -0.013269272786268382 -0.011902822355717879 -0.019294743534591343
leaf_weight=119.68012402951717 18.326621979475021 54.348130226135254 207.00074440613389 82.752093128859997 48.473094578832388 18.716278057545424 17.232992809265852 13.986571881920097 13.172649849206211 44.3676429502666 121.92190195247531 11.244800504297016 29.739247012883425 27.244841672480106
leaf_count=771 156 515 1223 514 409 135 75 100 187 622 815 102 264 145
internal_value=0.000138363 -0.00101437 0.000842323 -0.0035883 0.00436116 -0.00483567 0.00541795 -0.000799423 0.00988371 0.0142927 -0.00229877 -0.00128542 -0.00633297 -0.0142664
internal_weight=828.208 680.137 457.906 202.432 255.474 222.231 148.071 62.0524 86.0181 61.6006 176.27 24.4175 43.7258 45.9611
internal_count=6033 4527 2917 1285 1632 1610 1506 520 986 697 1330 289 364 280
is_linear=0
shrinkage=0.04


Tree=225
num_leaves=11
num_cat=0
split_feature=67 89 52 151 90 139 137 137 58 0
split_gain=2.71356 4.68035 3.73182 3.62945 3.50502 3.09972 2.34909 1.93381 1.86685 1.66055
threshold=24.340862422997947 231.50000000000003 0.2110102843315185 0.60769230769230786 154.50000000000003 2.624801166489926 0.43488401104295149 0.39500034716367288 -20.499999999999996 2.5000000000000004
decision_type=10 8 10 10 10 10 10 10 8 10
left_child=1 -1 3 5 -3 -2 8 -6 -4 -8
right_child=2 4 6 -5 7 -7 9 -9 -10 -11
leaf_value=-0.0038387445958422161 0.0021530777691213575 0.028639215062963345 -0.0068897297009556284 -0.015674172671303058 0.016266334362930797 -0.0057095020343349932 0.0079760114291798183 -0.0036164196071697876 -0.024030433780611853 -0.010883424215267157
leaf_weight=36.533468410372734 486.46844076551497 17.715110911056399 23.145344670861959 21.04831437766552 14.178996078670027 94.967146588489413 15.892623547464611 15.291851803660391 19.664337430149317 12.380663845688103
leaf_count=141 3721 65 131 218 79 1068 168 184 140 118
internal_value=7.13679e-05 0.00682126 -0.000773498 0.000251943 0.0150246 0.000857834 -0.00937558 0.00610382 -0.0151776 -0.000303747
internal_weight=757.286 83.7194 673.567 602.484 47.186 581.436 71.083 29.4708 42.8097 28.2733
internal_count=6033 469 5564 5007 328 4789 557 263 271 286
is_linear=0
shrinkage=0.04


Tree=226
num_leaves=13
num_cat=0
split_feature=169 38 42 89 139 83 89 143 56 123 169 132
split_gain=3.92499 3.6435 4.35573 3.62279 2.95225 5.3927 3.97791 3.78673 3.27327 2.70647 1.79427 0.903296
threshold=0.54772727272727284 -0.25351747849881351 -0.061454644934989235 280.50000000000006 1.1434624697336564 1485.5313506310497 192.50000000000003 0.68801229508196726 -1.4999999999999998 1.0000000180025095e-35 0.65108695652173931 723.03571428571433
decision_type=8 2 2 10 8 2 10 10 8 2 10 8
left_child=4 2 11 -4 6 -6 -1 -8 -7 10 -3 -2
right_child=1 9 3 -5 5 8 7 -9 -10 -11 -12 -13
leaf_value=-0.027711748273789923 -0.0012426407880588616 -0.022120722028917527 0.032363065400721661 0.00045621578454929857 0.02201160971456665 0.0098995561677972087 0.0033534180687621409 -0.013117039729093814 -0.00020081422991869853 0.0034328755336626355 -0.0080540224825359948 -0.020785772644007983
leaf_weight=9.4408660139888507 6.9268336808308932 31.397068593651056 9.0359528157860058 13.527578783221541 21.996819933876395 63.828654255717993 71.172848172485828 31.312770687043667 244.77001748047769 14.451247740536926 30.621692192740738 8.4341241726651788
leaf_count=63 199 326 61 242 199 528 908 547 2140 236 447 137
internal_value=-0.000296369 -0.00687043 0.0031722 0.0141499 0.00141021 0.00331313 -0.00417224 -0.00173765 0.00190705 -0.0118534 -0.0154451 -0.0127099
internal_weight=556.916 114.394 37.9245 22.5635 442.522 330.595 111.926 102.486 308.599 76.47 62.0188 15.361
internal_count=6033 1648 639 303 4385 2867 1518 1455 2668 1009 773 336
is_linear=0
shrinkage=0.04


Tree=227
num_leaves=10
num_cat=0
split_feature=132 73 54 90 162 40 129 89 48
split_gain=3.01608 2.9956 2.74785 2.66013 3.63284 3.16998 1.98972 1.9126 2.75655
threshold=612.47222222222229 63.500000000000007 0.36417112299465243 357.50000000000006 -0.36668102977758393 0.014284617827145645 0.20344827586206901 175.50000000000003 0.61127230821455669
decision_type=10 8 10 8 2 2 8 10 8
left_child=1 -1 7 5 -5 -3 -4 -2 -9
right_child=2 3 6 4 -6 -7 -8 8 -10
leaf_value=-0.015949209446884667 0.012878507726652945 0.0039182564128059979 0.0030395693333573337 0.011316765493657503 -0.0057650069864730071 -0.005070095947832403 -0.017450806350143788 0.0060998036000316615 -0.0050857361578146802
leaf_weight=21.087962226942182 41.251015186309814 229.88270567730069 13.742758519947531 20.998005162924528 210.18775891698897 85.137804597616196 14.90101846680045 144.74429218843579 45.468880362808704
leaf_count=168 154 785 192 222 1794 356 104 2027 231
internal_value=0.000131858 -0.00150082 0.00369249 -0.000911214 -0.00416284 0.00147437 -0.00778153 0.00514838 0.00340292
internal_weight=827.402 567.294 260.108 546.206 231.186 315.021 28.6438 231.464 190.213
internal_count=6033 3325 2708 3157 2016 1141 296 2412 2258
is_linear=0
shrinkage=0.04


Tree=228
num_leaves=13
num_cat=0
split_feature=42 54 68 53 57 70 172 139 170 172 147 108
split_gain=3.75795 3.85276 4.65433 4.34868 3.70361 3.61276 3.15229 2.88331 2.4619 2.93532 3.77395 2.07067
threshold=0.069644728650017182 -0.090909090909090884 29.479808350444902 -0.36329966329966323 -204.49999999999997 5.5000000000000009 0.54006410256410264 0.32087500803982982 0.085144927536231887 0.26491228070175443 21.934914018178358 -0.212484136223793
decision_type=2 8 8 8 10 10 10 8 10 10 8 10
left_child=1 4 7 -4 5 -1 -6 -3 -2 11 -11 -10
right_child=8 2 3 -5 6 -7 -8 -9 9 10 -12 -13
leaf_value=0.014973533564897196 0.0113378192016484 -0.017193889037196226 0.019204884393084289 0.0012057814284189255 0.0054382033427101814 -0.0011770382973694306 -0.0079613200523632657 -0.0031935753039848852 0.012120352940768513 0.0011684238299769114 -0.020908354355326588 -0.0046423252757005849
leaf_weight=87.42177589982748 12.313334356993435 27.88328942656517 23.291145656257868 189.95361327752471 84.597324214875698 29.089217025786638 40.77501392364502 134.75516140460968 13.144239731132982 17.98304976336658 37.006559021770954 69.35645136423409
leaf_count=554 112 204 195 1499 577 350 316 848 134 256 342 753
internal_value=0.000535232 0.00191684 -0.000613992 0.00326149 0.00584429 0.0109485 0.00103592 -0.00569646 -0.00512398 -0.00668392 -0.013761 -0.00183453
internal_weight=767.57 617.767 375.883 213.245 241.883 116.511 125.372 162.638 149.804 137.49 54.9896 82.5007
internal_count=6140 4543 2746 1694 1797 904 893 1052 1597 1485 598 887
is_linear=0
shrinkage=0.04


Tree=229
num_leaves=7
num_cat=0
split_feature=170 53 108 2 39 109
split_gain=4.90358 4.02594 4.0424 3.77885 4.5052 3.19611
threshold=0.88194444444444453 0.023809523809523826 -0.47129629552364344 -8.5270362765229262 -0.10669844102195646 1.0000000180025095e-35
decision_type=10 10 10 8 2 2
left_child=1 3 -3 -1 -5 -4
right_child=-2 2 5 4 -6 -7
leaf_value=0.019577337937772631 -0.022781308211841465 0.017206360779639426 -0.0059559286260623913 0.007733017631738769 -0.0018353567812060671 0.017428756535242881
leaf_weight=21.098341217264533 13.428718710318206 13.223138995468615 193.87137396261096 141.01472944393754 175.48111872561276 8.8310122275724989
leaf_count=193 170 144 2702 1351 1453 127
internal_value=0.000235319 0.000837399 -0.00341393 0.00356451 0.00243246 -0.00484677
internal_weight=566.948 553.52 215.926 337.594 316.496 202.702
internal_count=6140 5970 2973 2997 2804 2829
is_linear=0
shrinkage=0.04


Tree=230
num_leaves=12
num_cat=0
split_feature=68 134 168 183 0 89 86 85 182 21 119
split_gain=3.63638 3.90195 3.73451 4.67977 4.13456 7.31741 3.35984 2.50618 1.66132 1.50314 1.44439
threshold=35.366187542778924 1.7897058298844015 0.0043435545663461413 0.51923076923076927 -2.4999999999999996 301.50000000000006 10.500000000000002 7.5000000000000009 0.16025641025641027 0.15891053391053392 0.11805555555555557
decision_type=8 10 2 10 8 8 10 10 8 8 10
left_child=2 -2 3 6 7 -6 -1 -4 -3 -10 -5
right_child=1 8 4 10 5 -7 -8 -9 9 -11 -12
leaf_value=-0.0021044993804450528 -0.019710067494449122 0.0085344962167084697 0.016995564892238343 0.027132959165133586 -0.023704049765064222 -0.0012593251098413436 0.004101889255839505 -0.0015772308802786818 -0.00023395098230801344 -0.01390220781875493 0.0074290073151900915
leaf_weight=277.68937251716852 29.696651428937912 15.754562377929686 14.357571624219416 13.067756280303003 37.900945466011763 58.535699468106031 278.23823480680585 46.672576684504747 31.738969529047608 21.056548148393631 12.72793487086892
leaf_count=1657 172 184 136 77 181 749 1751 420 450 186 177
internal_value=-0.00065242 -0.00784243 0.000309816 0.0017926 -0.00513208 -0.0102537 0.000999955 0.0029634 -0.00246301 -0.00587956 0.0181255
internal_weight=837.437 98.2467 739.19 581.723 157.467 96.4366 555.928 61.0301 68.5501 52.7955 25.7957
internal_count=6140 992 5148 3662 1486 930 3408 556 820 636 254
is_linear=0
shrinkage=0.04


Tree=231
num_leaves=14
num_cat=0
split_feature=177 2 39 169 163 57 67 82 174 67 174 173 55
split_gain=3.52624 3.61435 3.40359 3.18225 3.44059 3.13188 2.93658 2.93243 2.804 2.57983 2.3668 2.18209 2.58253
threshold=0.30217391304347835 2.0561259411362074 -0.25066572481897142 0.50925925925925941 -0.088432010791032412 -2501.9999999999995 26.325804243668724 0.15075757575757578 0.63397129186602885 31.609856262833677 0.88548951048951052 0.55277777777777792 -0.12461180124223602
decision_type=8 10 2 8 2 8 8 10 8 10 10 10 8
left_child=2 5 6 9 -5 7 -1 -2 -7 -3 -8 -4 -13
right_child=1 3 11 4 -6 8 10 -9 -10 -11 -12 12 -14
leaf_value=0.0066633388557086519 -0.017509874413985622 -0.014205480515510936 -0.014958128763543379 -0.0058504017738834216 0.013567955290081908 0.012021112431795085 -0.017613137647404457 0.0051636443161087835 0.0033643415504872355 -0.0012507847912591539 -0.0026436231604705018 0.015570979234029603 -0.00055215307427086279
leaf_weight=14.062646068632601 19.04174330085516 46.243900924921036 11.236406914889811 26.803896270692348 29.758873976767063 74.10720856115222 51.658038519322872 15.909850887954233 309.51062323339283 52.527805775403976 25.974279060959816 19.391919959336519 70.848321409896016
leaf_count=143 137 260 160 225 128 496 620 135 1991 427 303 232 883
internal_value=0.000508964 0.00208473 -0.0041489 -0.0031049 0.00438949 0.00401822 -0.00969217 -0.00727678 0.00506876 -0.00741767 -0.0127274 0.000886223 0.00302335
internal_weight=767.076 573.904 193.172 155.334 56.5628 418.569 91.695 34.9516 383.618 98.7717 77.6323 101.477 90.2402
internal_count=6140 3799 2341 1040 353 2759 1066 272 2487 687 923 1275 1115
is_linear=0
shrinkage=0.04


Tree=232
num_leaves=12
num_cat=0
split_feature=171 158 119 2 107 56 62 130 154 131 143
split_gain=4.03873 4.10834 5.8567 5.72599 4.1052 3.06452 2.817 2.30489 2.05611 1.79002 0.962802
threshold=0.06458333333333334 0.3579669331112571 0.61721611721611735 -1.5208761122518835 0.047896863663498219 -1.0000000180025095e-35 426.55292207792212 0.24283374283374287 -1.0000000180025095e-35 788.30303030303037 0.69309262166405039
decision_type=8 2 8 10 10 8 8 10 2 8 8
left_child=6 4 7 -4 5 -2 8 -3 -1 -6 -10
right_child=1 2 3 -5 9 -7 -8 -9 10 -11 -12
leaf_value=0.0013284621020990611 0.0053615900181113278 -0.0131479063311991 0.029341041853381624 0.0029514668049159067 -0.0031298467793787815 -0.0018172170910852601 0.0097790733871972631 0.012562773613781768 -0.0061325785266087571 -0.02282851755226652 -0.022018072585014141
leaf_weight=10.826157702133058 152.14406272768974 18.429370065219704 27.911631295457482 24.930915098637342 14.021791416220369 249.83677304815501 8.9545969637110812 6.8573635630309573 9.5610091462731344 16.214766645804048 26.893057867884636
leaf_count=235 1350 455 335 361 198 2154 103 143 245 117 444
internal_value=0.000221102 0.00135203 0.009732 0.0172137 -0.000177123 0.000901459 -0.0098517 -0.00588682 -0.0137366 -0.0141502 -0.0181801
internal_weight=566.581 510.347 78.1293 52.8425 432.217 401.981 56.2348 25.2867 47.2802 30.2366 36.4541
internal_count=6140 5113 1294 696 3819 3504 1027 598 924 315 689
is_linear=0
shrinkage=0.04


Tree=233
num_leaves=13
num_cat=0
split_feature=2 87 119 108 37 62 52 40 48 172 132 82
split_gain=4.33587 4.0748 4.42407 3.60185 4.10952 2.98399 2.95155 2.43174 2.34887 1.80766 1.58348 0.5003
threshold=-7.4236824093086904 0.88562091503267981 0.83974358974358987 -0.013899961486458777 -0.018335296271099127 363.69517543859655 0.27874902874902885 -0.20521446093967641 -0.033530747559312589 0.24068965517241384 539.08333333333337 0.15075757575757578
decision_type=10 10 10 10 2 10 8 2 10 10 10 10
left_child=7 2 5 4 -3 -2 -5 -1 9 -9 -4 -10
right_child=1 3 10 6 -6 -7 -8 8 11 -11 -12 -13
leaf_value=0.0027523262536544506 0.00056429641023558492 0.005481088665306659 -0.015285674002366472 0.0088018885239588285 -0.0074974352729992519 -0.015694443392304868 -0.0079827949348819285 -0.0086964389683705789 0.0066725188483381737 -0.023930455100612327 -0.0020780952395549486 -0.0061169387337881333
leaf_weight=21.974813647568226 309.02599075436592 77.415585968643427 48.981959104537964 174.30592508614063 76.660209178924561 18.172490913420916 17.635180484503508 27.803863242268562 8.986006688326599 25.760467261075974 21.492283221334219 8.5651577301323396
leaf_count=208 2106 608 325 1318 506 114 120 158 131 120 303 123
internal_value=-0.000618797 0.000401656 -0.00235457 0.00357277 -0.000970168 -0.000377683 0.007216 -0.00870998 -0.0122686 -0.0163638 -0.0113712 0.000330024
internal_weight=836.78 743.69 397.673 346.017 154.076 327.198 191.941 93.0903 71.1155 53.5643 70.4742 17.5512
internal_count=6140 5400 2848 2552 1114 2220 1438 740 532 278 628 254
is_linear=0
shrinkage=0.04


Tree=234
num_leaves=13
num_cat=0
split_feature=42 171 68 53 174 67 39 172 40 139 2 65
split_gain=3.46186 3.29372 4.17629 4.16252 3.48422 3.20936 3.06311 2.60195 2.0761 2.45963 2.88597 1.73436
threshold=0.069644728650017182 0.12632978723404256 29.479808350444902 -0.36329966329966323 0.76696832579185525 30.098562628336762 0.095464950277132879 0.21845174973488868 0.65715587194329594 1.9600014544350788 2.1505817932922668 -1.1743211744579318
decision_type=2 8 8 8 10 10 2 8 2 8 10 10
left_child=1 4 7 -4 6 -6 -1 -3 9 11 -11 -2
right_child=8 2 3 -5 5 -7 -8 -9 -10 10 -12 -13
leaf_value=0.0059810043874795639 0.01126568241415866 -0.010581303613837988 0.020224440537559119 0.0017956122528993994 0.0046331466085571286 0.018389597611842237 -0.010414454704553615 -0.00098331982002119425 0.00692916915162057 -0.005849195844728431 -0.021860011382149675 -0.0068733290131733973
leaf_weight=45.305080786347389 16.91241275519133 68.868256194517016 20.701031912118196 211.24021647311747 63.940545331686735 48.08079681172967 29.05630386993289 130.14957902953029 19.432322062551975 74.336014667525887 23.601094970479608 14.90127284824848
leaf_count=288 175 452 173 1704 405 415 238 868 212 703 256 251
internal_value=0.000488276 0.00181311 -0.000107109 0.00352875 0.00624063 0.0106657 -0.000452077 -0.00435091 -0.00495632 -0.00679104 -0.00990968 0.00275802
internal_weight=766.525 617.342 430.959 231.941 186.383 112.021 74.3614 199.018 149.183 129.751 97.9371 31.8137
internal_count=6140 4543 3197 1877 1346 820 526 1320 1597 1385 959 426
is_linear=0
shrinkage=0.04


Tree=235
num_leaves=9
num_cat=0
split_feature=170 53 147 35 37 31 170 2
split_gain=4.67705 3.70451 4.3931 4.16911 3.80302 5.34093 4.30368 3.69661
threshold=0.88194444444444453 0.023809523809523826 21.305279753554832 12.644186471172704 0.68836514728005715 -292.20794172932324 0.030834914611005695 -8.5270362765229262
decision_type=10 10 10 2 2 10 10 8
left_child=1 2 7 -4 6 -6 -3 -1
right_child=-2 4 3 -5 5 -7 -8 -9
leaf_value=0.018567244379555644 -0.022420782329131885 0.008877420865811227 4.3147888730735528e-05 0.02134843789273138 0.025628759160914859 -0.0071889307359624434 -0.0080044720569187721 7.7465662876846056e-07
leaf_weight=17.389254745095968 13.238141413778065 27.54349126201123 24.37542993016541 36.75785761512816 15.198445528745653 14.74425563868135 157.54138238169253 259.47814784385264
leaf_count=145 170 264 313 348 131 438 2140 2191
internal_value=0.000211346 0.000796205 0.0034065 0.0130231 -0.00329442 0.0096941 -0.00544723 0.0012367
internal_weight=566.266 553.028 338.001 61.1333 215.028 29.9427 185.085 276.867
internal_count=6140 5970 2997 661 2973 569 2404 2336
is_linear=0
shrinkage=0.04


Tree=236
num_leaves=11
num_cat=0
split_feature=2 52 119 85 37 106 37 72 62 146
split_gain=4.12034 3.14815 3.55983 3.56548 3.21489 4.56934 2.61752 2.54275 2.53018 2.22068
threshold=-8.6611909650924002 -0.10903263403263395 0.80909090909090919 13.500000000000002 -0.15485327721768494 1.0000000180025095e-35 -0.41889662001071115 5.5000000000000009 25.548701298701335 0.40315852787979517
decision_type=10 8 8 10 2 2 2 10 8 10
left_child=6 2 3 -2 5 -3 -1 -8 -6 -4
right_child=1 4 9 -5 8 -7 7 -9 -10 -11
leaf_value=0.0014300418484412246 -0.0061804899828102238 0.0081984522610306625 -0.0055955828006610054 0.011503755556646282 0.0022875764719537429 -0.0036999959969673869 -0.023337936436270149 -0.003328572452855596 -0.0046023240116878725 -0.019060940065721042
leaf_weight=20.408571992069483 36.81664127483964 187.97242573648691 76.439480800181627 34.194711424410343 180.06014589220285 70.122219949960709 26.286184621974826 17.202149193733931 159.99093866720796 26.44309101998806
leaf_count=183 352 1503 369 323 1221 603 142 179 1062 203
internal_value=-0.000593418 0.000217481 -0.00450138 0.00234888 0.00159792 0.00495622 -0.0102744 -0.0157208 -0.000952184 -0.0092259
internal_weight=835.937 772.04 173.894 71.0114 598.146 258.095 63.8969 43.4883 340.051 102.883
internal_count=6140 5636 1247 675 4389 2106 504 321 2283 572
is_linear=0
shrinkage=0.04


Tree=237
num_leaves=14
num_cat=0
split_feature=177 2 52 2 60 39 137 169 163 90 2 58 57
split_gain=3.19155 3.35069 3.80811 3.49276 3.2895 3.2073 3.63639 2.99543 3.2684 2.86154 2.58956 2.44847 1.60693
threshold=0.30217391304347835 2.0561259411362074 0.2110102843315185 -3.7932922655715244 -1.0000000180025095e-35 -0.25066572481897142 0.36225129778652626 0.50925925925925941 -0.088432010791032412 308.50000000000006 -4.6502395619438746 870.50000000000011 427.50000000000006
decision_type=8 10 10 8 8 2 10 8 2 8 10 10 10
left_child=5 2 4 -4 -2 10 -7 11 -9 -8 -1 -3 -12
right_child=1 7 3 -5 -6 6 9 8 -10 -11 12 -13 -14
leaf_value=0.004560512875121504 0.012729444868555508 -0.010249079813269819 0.0042028006855979747 -0.015531697190607048 0.0033396983695725582 -0.019535106999875502 0.014085324456441641 -0.0057636862880499793 0.013170608766294467 -0.0011138833732579987 -0.018316855396268025 0.0056350897145736054 -0.006250629977299871
leaf_weight=16.655390169471502 75.121338296681643 80.02848132699728 27.432468913495541 28.080809634178877 288.09871535375714 11.258087560534475 27.85009677708149 26.75469958409667 29.755795393139124 62.2549142614007 37.703243754804134 18.348305106163025 36.590368060395122
leaf_count=195 504 515 164 163 1928 137 159 225 128 979 462 172 409
internal_value=0.00046555 0.00196299 0.0038222 -0.00584249 0.0053168 -0.00397764 0.000903073 -0.00304281 0.00422711 0.00366505 -0.00938963 -0.0072395 -0.0125626
internal_weight=765.933 573.621 418.733 55.5133 363.22 192.312 101.363 154.887 56.5105 90.105 90.949 98.3768 74.2936
internal_count=6140 3799 2759 327 2432 2341 1275 1040 353 1138 1066 687 871
is_linear=0
shrinkage=0.04


Tree=238
num_leaves=11
num_cat=0
split_feature=2 82 158 2 131 63 147 53 62 158
split_gain=3.46885 4.33182 3.26265 4.36579 6.99121 3.40421 3.03334 7.80947 3.23277 1.28729
threshold=-8.5270362765229262 0.093073593073593086 0.3579669331112571 -1.5208761122518835 454.55000000000007 -259.29060593861942 21.125496450155804 -0.0079365079365079205 -188.065873015873 -0.32185798712555896
decision_type=8 10 2 8 10 2 10 8 10 2
left_child=1 -1 6 4 -4 -5 8 -8 -2 -3
right_child=2 9 3 5 -6 -7 7 -9 -10 -11
leaf_value=0.022145763703426882 0.002373498673509711 -0.015517511068126186 0.034294220634785412 -0.020929239216699255 -0.0011061962512990322 0.0045626614061696717 0.016105190729761205 -0.0098800173529796382 -0.0058018324253820124 0.0063620272385534384
leaf_weight=23.300504174083471 107.78454965818673 7.5946453772485238 17.48038449510932 10.005860215052961 16.942942198365927 34.051376641727984 43.558865368366241 30.679096108302474 266.81690590921789 7.6397153977304697
leaf_count=191 795 115 157 102 406 715 418 375 2726 140
internal_value=0.000198053 0.011629 -0.000653931 0.00681305 0.0172745 -0.00151844 -0.00197624 0.00535154 -0.00344415 -0.00470615
internal_weight=565.855 38.5349 527.32 78.4806 34.4233 44.0572 448.839 74.238 374.601 15.2344
internal_count=6140 446 5694 1380 563 817 4314 793 3521 255
is_linear=0
shrinkage=0.04


Tree=239
num_leaves=10
num_cat=0
split_feature=2 90 37 41 60 130 142 41 174
split_gain=3.87977 3.26611 2.98835 3.44175 3.34678 2.71044 2.06618 2.00917 1.21405
threshold=-7.4236824093086904 68.500000000000014 -0.64678120713103948 0.014243651204771406 -1.4999999999999998 0.18350168350168353 0.31180555555555561 -0.16567162829416573 0.75500000000000012
decision_type=10 8 2 2 10 8 10 2 10
left_child=5 -2 3 -3 -4 6 -1 -7 -9
right_child=1 2 4 -5 -6 7 -8 8 -10
leaf_value=0.013218197399497323 0.010137171682143595 0.00019669043005148313 -0.018062607286301595 0.01251438671543712 -0.0011417383057109615 -0.0025404364371170978 -0.0070173431985471645 -0.010002597390007764 -0.024801021195599109
leaf_weight=12.650760371237995 50.321454435586929 105.91112321987748 18.44596130028367 54.513893976807594 513.70762984082103 20.345547050237656 18.709834888577461 19.583201613277197 21.113082896918058
leaf_count=111 174 970 125 507 3624 172 197 130 130
internal_value=-0.000563567 0.00039938 -0.000318861 0.00444634 -0.00176479 -0.00824831 0.00124002 -0.0130966 -0.0181386
internal_weight=835.302 742.9 692.579 160.425 532.154 92.4024 31.3606 61.0418 40.6963
internal_count=6140 5400 5226 1477 3749 740 308 432 260
is_linear=0
shrinkage=0.04


Tree=240
num_leaves=12
num_cat=0
split_feature=41 90 12 89 63 53 58 53 172 133 90
split_gain=4.80719 5.47414 4.05212 3.87392 3.35266 3.25195 3.46257 2.45528 3.31054 3.30417 2.35217
threshold=-0.30234063192511057 98.500000000000014 1.0000000180025095e-35 175.50000000000003 610.39727819166694 -0.13310023310023306 -98.499999999999986 0.030536130536130555 0.13484848484848486 2.0004168403501463 514.50000000000011
decision_type=2 8 2 8 2 10 8 8 8 8 10
left_child=1 -1 4 5 -3 -2 -7 9 -9 -5 -4
right_child=3 2 10 7 -6 6 -8 8 -10 -11 -12
leaf_value=0.022265855581927188 0.0010681804106031768 0.0085221379903769913 -0.015733087789582136 -0.016871899969625622 -0.0098984943742001751 -0.0062334554227386017 -0.022566869229625489 -0.0080457311886831702 0.0048997085058801043 -0.0013270361193158274 0.0018681819952500248
leaf_weight=25.127375468611717 44.533099465072155 119.65984657779336 24.371352791786194 24.281442934647202 17.243038449436426 61.578837253153324 31.699594363570213 36.872904632240534 189.30181812867522 167.36665142513812 22.596370834857225
leaf_count=91 169 1150 166 294 72 231 114 301 1590 1618 330
internal_value=-3.82383e-05 0.00511606 0.00265382 -0.00198629 0.00613259 -0.00777581 -0.0119859 -5.79395e-05 0.0027543 -0.00338428 -0.00736094
internal_weight=764.632 208.998 183.871 555.634 136.903 137.812 93.2784 417.823 226.175 191.648 46.9677
internal_count=6126 1809 1718 4317 1222 514 345 3803 1891 1912 496
is_linear=0
shrinkage=0.04


Tree=241
num_leaves=10
num_cat=0
split_feature=145 74 68 57 133 90 171 51 55
split_gain=4.11079 3.74924 3.67393 4.24745 3.22495 3.30159 3.34928 2.94962 2.48326
threshold=0.36657551518100812 125.50000000000001 37.299110198494184 -418.49999999999994 0.84344490934449101 105.50000000000001 0.49074074074074076 -2.4999999999999996 -0.16608228143992512
decision_type=8 8 10 10 10 8 10 10 10
left_child=4 7 3 -3 -1 -6 -7 -2 -9
right_child=1 2 -4 -5 5 6 -8 8 -10
leaf_value=0.01784676007382148 -0.0064374919269806216 -0.0052313992649099797 0.019326567706061969 0.0037329560980849164 -0.020946161114957024 -0.0068802687414789843 0.012177172067226006 0.00026578617496384409 0.021128734637711522
leaf_weight=8.0307908579707128 10.933053765445946 141.74074113555253 15.627189943566917 206.48963044956326 21.35644705593586 96.635323577560484 16.382065050303936 12.41410771012306 35.974619569256902
leaf_count=61 133 1149 195 1593 132 2118 188 156 401
internal_value=0.000515248 0.00249691 0.000956983 7.39222e-05 -0.00533598 -0.00685786 -0.00401775 0.0117366 0.0159306
internal_weight=565.584 423.179 363.858 348.23 142.405 134.374 113.017 59.3218 48.3887
internal_count=6126 3627 2937 2742 2499 2438 2306 690 557
is_linear=0
shrinkage=0.04


Tree=242
num_leaves=11
num_cat=0
split_feature=41 90 171 39 31 107 0 49 170 161
split_gain=3.651 4.60414 3.87014 2.93527 3.31545 3.09975 2.87117 2.44574 2.22655 1.10242
threshold=-0.30234063192511057 68.500000000000014 0.62828947368421062 1.0618026766396367 191.09920634920636 -0.00036172850016091823 -6.4999999999999991 10.500000000000002 0.30602006688963218 0.27905650624954903
decision_type=2 8 10 2 8 10 10 8 10 2
left_child=3 -2 7 4 9 -5 -6 -3 -4 -1
right_child=1 2 8 5 6 -7 -8 -9 -10 -11
leaf_value=0.0068802396289460192 0.014170081543540507 0.0022305800188082829 -0.0022238886253854394 0.021340781852217449 -0.022078030947487181 -0.0069901966139302484 -0.0068561063294475645 -0.0062932333338747573 -0.020685308678061398 -0.0041771226631427856
leaf_weight=30.841508159413934 40.297410596162081 475.6523305773735 22.244030579924583 12.466165669262411 23.583726599812508 10.57542562112212 118.1706058178097 59.659995283931494 19.672643978148699 25.268976762890816
leaf_count=439 142 3473 149 118 131 128 629 413 140 364
internal_value=-0.000310513 0.00126646 0.000339228 -0.00471367 -0.00629804 0.0085046 -0.00953951 0.00126692 -0.011215 0.00187966
internal_weight=838.433 617.526 577.229 220.906 197.865 23.0416 141.754 535.312 41.9167 56.1105
internal_count=6126 4317 4175 1809 1563 246 760 3886 289 803
is_linear=0
shrinkage=0.04


Tree=243
num_leaves=12
num_cat=0
split_feature=41 90 89 127 173 177 0 90 26 90 56
split_gain=4.40583 5.08358 3.67086 3.4647 3.34402 3.44365 3.14183 3.82947 2.75589 2.45517 1.88621
threshold=-0.30234063192511057 98.500000000000014 175.50000000000003 1.0000000180025095e-35 0.86811594202898557 0.75735294117647067 4.0000000000000009 168.50000000000003 2.5000000000000004 441.50000000000006 -2.4999999999999996
decision_type=2 8 8 2 8 10 8 8 2 10 8
left_child=1 -1 6 8 10 -6 7 -2 -3 -5 -4
right_child=2 3 4 9 5 -7 -8 -9 -10 -11 -12
leaf_value=0.02135974290199644 -0.023526746492117945 0.0088519129550809362 0.006881840682100294 -0.016074482238986595 0.0019995421612589229 0.018785511306102311 0.0017928238985180998 -0.0060938164704537959 -0.0059375307933512353 0.00098503584610205061 -0.0042852157811608541
leaf_weight=25.291881363838911 28.492670405656099 105.39519298635423 26.186120301485062 21.440279100090265 152.22529558092356 21.574240248650312 40.149255145341158 68.811378467828035 23.958883572369814 33.10246530175209 217.48764570429921
leaf_count=91 110 974 252 144 1224 180 140 264 130 470 2147
internal_value=-3.94281e-05 0.00489118 -0.00190715 0.00251212 -3.04131e-05 0.00419022 -0.00755136 -0.0114063 0.00607274 -0.00585358 -0.00305376
internal_weight=764.115 209.189 554.927 183.897 417.473 173.8 137.453 97.304 129.354 54.5427 243.674
internal_count=6126 1809 4317 1718 3803 1404 514 374 1104 614 2399
is_linear=0
shrinkage=0.04


Tree=244
num_leaves=9
num_cat=0
split_feature=2 170 160 90 153 137 58 145
split_gain=4.54067 4.81604 5.21453 5.66961 4.54658 5.12397 3.74593 3.73646
threshold=-8.6611909650924002 0.24621212121212124 -0.27057959323794528 85.500000000000014 -0.45462518223468062 0.59287665886026553 -749.49999999999989 0.43956067547433914
decision_type=8 10 2 10 2 10 8 10
left_child=6 4 7 -4 -2 -6 -1 -3
right_child=1 2 3 -5 5 -7 -8 -9
leaf_value=-0.003727169302573885 0.012743428127652017 -0.013298322680177999 -0.0094491635786423094 0.0074301692431665732 -0.010180999833387067 0.015687417339160396 0.022375269425912656 0.0029631825304579254
leaf_weight=12.694562949240206 17.853293674066663 49.527929698117077 36.05965881049633 225.9868147065863 145.52871498931199 12.426837284117935 25.139450265094638 40.065954035148025
leaf_count=218 168 946 166 1943 1556 140 199 790
internal_value=0.000492742 -0.000474604 0.00222356 0.00507274 -0.00586464 -0.00804738 0.0136951 -0.00605174
internal_weight=565.283 527.449 351.64 262.046 175.809 157.956 37.834 89.5939
internal_count=6126 5709 3845 2109 1864 1696 417 1736
is_linear=0
shrinkage=0.04


Tree=245
num_leaves=11
num_cat=0
split_feature=41 90 54 86 39 31 107 0 52 169
split_gain=3.325 4.27219 3.08451 3.67344 2.78124 3.15817 2.92835 2.73556 2.7279 1.09236
threshold=-0.30234063192511057 68.500000000000014 0.15869200244200246 15.500000000000002 1.0618026766396367 191.09920634920636 -0.00036172850016091823 -6.4999999999999991 0.18982371794871802 0.49000000000000005
decision_type=2 8 10 10 2 8 10 10 10 8
left_child=4 -2 8 -4 5 9 -6 -7 -3 -1
right_child=1 2 3 -5 6 7 -8 -9 -10 -11
leaf_value=0.0061562244920830679 0.013626497787116639 0.00085430468532782494 -0.0078751039514303074 0.0062993922123347661 0.020814994971845788 -0.021483464319772209 -0.0067284909927213055 -0.0065972625131306617 0.010443054955165721 -0.0051796293454393991
leaf_weight=35.448036290705204 40.377970181405544 366.30199976079166 119.40609579533339 37.658627010881901 12.488323107361795 23.473155442625284 10.549589212983845 117.94726284779608 53.700486455112696 20.619372161105275
leaf_count=503 142 2636 872 300 118 131 128 629 367 300
internal_value=-0.000294247 0.00120978 0.000315436 -0.00444555 -0.00450081 -0.00604618 0.00836379 -0.00921563 0.00210694 0.00193459
internal_weight=837.971 617.445 577.067 157.065 220.526 197.488 23.0379 141.42 420.002 56.0674
internal_count=6126 4317 4175 1172 1809 1563 246 760 3003 803
is_linear=0
shrinkage=0.04


Tree=246
num_leaves=13
num_cat=0
split_feature=41 90 12 108 80 35 147 172 58 68 148 90
split_gain=4.03406 4.72286 3.58917 3.10576 2.94411 3.50286 4.40336 3.62199 3.42485 4.22704 2.36801 2.17562
threshold=-0.30234063192511057 98.500000000000014 1.0000000180025095e-35 0.47830976545810705 0.17519181585677754 16.217854873608079 27.197422289613346 0.27386363636363642 -608.49999999999989 32.179329226557165 15.467847925352393 514.50000000000011
decision_type=2 8 2 8 8 2 8 8 10 10 10 10
left_child=1 -1 3 -3 5 6 -2 -7 9 -6 -10 -4
right_child=4 2 11 -5 8 7 -8 -9 10 -11 -12 -13
leaf_value=0.020501181356132991 -0.00054650952215668696 0.0076599852466667515 -0.015171624039595768 -0.011920084733048581 0.013034911919738532 0.015502934688730723 -0.015601814016731625 -0.0065296208033905354 -0.0031814016223579173 -0.0036821098942138603 0.010449459174792968 0.0017864515808278863
leaf_weight=25.444906558841467 52.828883782029152 123.6152689345181 24.169242426753044 13.496196113526819 60.550083316862583 20.394476257264614 75.774293318390846 25.983232861384749 258.48065940104425 39.038685113191605 21.105773417279124 22.594635546207428
leaf_count=91 897 1101 166 121 339 245 363 312 1443 419 299 330
internal_value=-3.55742e-05 0.00467953 0.00238024 0.00564584 -0.00182542 -0.00610151 -0.00948462 0.00323964 0.000153493 0.00649052 -0.00211172 -0.00707036
internal_weight=763.476 209.32 183.875 137.111 554.156 174.981 128.603 46.3777 379.175 99.5888 279.586 46.7639
internal_count=6126 1809 1718 1222 4317 1817 1260 557 2500 758 1742 496
is_linear=0
shrinkage=0.04


Tree=247
num_leaves=9
num_cat=0
split_feature=2 54 58 89 87 172 155 172
split_gain=4.29368 4.17904 3.51443 3.07106 3.46444 3.03934 2.97022 1.80912
threshold=-8.6611909650924002 0.21030517470145957 -749.49999999999989 67.500000000000014 0.7231800766283526 0.24068965517241384 -0.55689926647879551 0.33012820512820518
decision_type=8 10 8 8 8 10 2 10
left_child=2 3 -1 -2 -5 6 -3 -7
right_child=1 5 -4 4 -6 7 -8 -9
leaf_value=-0.0036307369181660708 0.011543255165532647 -0.0093719592694863491 0.021640351368380887 0.0064331877172994411 -0.0052636623141592087 0.024248058316294858 0.0053018150558660953 0.0061763563065737118
leaf_weight=12.662823762744663 21.461199758574367 27.931695688515902 25.312546476721764 45.735059283673763 302.96304626297206 16.790288753807545 91.749696593731642 20.310511328279972
leaf_count=218 104 305 199 474 3884 124 671 147
internal_value=0.000472463 -0.000470567 0.0132855 -0.00279133 -0.00370978 0.00497899 0.00181134 0.0148291
internal_weight=564.917 526.941 37.9754 370.159 348.698 156.782 119.681 37.1008
internal_count=6126 5709 417 4462 4358 1247 976 271
is_linear=0
shrinkage=0.04


Tree=248
num_leaves=13
num_cat=0
split_feature=77 53 90 182 173 88 15 54 62 62 163 67
split_gain=3.41572 6.04296 5.87764 3.32511 2.364 2.94859 3.11545 2.7384 2.29094 3.13397 1.98289 1.37517
threshold=1.0000000180025095e-35 -0.30744092508798387 92.500000000000014 0.07417582417582419 0.8973684210526317 0.8099343185550083 1.3010820388911346 -0.51408730158730143 9.9653545628777938 218.85336538461539 -0.13377354418912857 28.056125941136212
decision_type=2 8 8 8 8 8 8 10 10 8 2 8
left_child=1 8 -3 -4 7 11 -7 -2 -1 -10 -9 -6
right_child=4 2 3 -5 5 6 -8 10 9 -11 -12 -13
leaf_value=-0.020164290537528464 0.016348563666267031 0.017145156484022327 0.009029235232952083 4.9321775144001731e-05 -0.0078633109591231144 -0.004345093653138548 -0.021842332716518916 -0.0042886057610607448 0.0050673295464955309 -0.016114915069291622 0.0059059775679833207 0.0079007793288175549
leaf_weight=21.261149730533361 12.351025454699991 43.270281333476305 81.055682767182589 339.05872933007777 14.851918105036019 32.404604185372591 33.790956038981676 160.13544468209147 24.762012079358101 18.742136720567942 36.604834910482168 18.997943922877312
leaf_count=132 109 145 589 1909 122 476 189 1647 153 113 367 175
internal_value=-0.000284126 0.00166723 0.00327464 0.00180396 -0.00361903 -0.00864672 -0.0134988 -0.00117417 -0.00967803 -0.00417036 -0.00236145 0.000899596
internal_weight=837.287 528.15 463.385 420.114 309.137 100.045 66.1956 209.091 64.7653 43.5041 196.74 33.8499
internal_count=6126 3041 2643 2498 3085 962 665 2123 398 266 2014 297
is_linear=0
shrinkage=0.04


Tree=249
num_leaves=11
num_cat=0
split_feature=89 170 2 173 89 174 148 88 180 170
split_gain=3.53458 4.05564 4.01435 3.15894 3.77613 2.96907 1.91319 2.43044 1.68368 1.38911
threshold=182.50000000000003 0.37715517241379315 -1.663244353182751 0.83666666666666678 210.50000000000003 0.9298029556650248 20.85418785264979 0.79361054766734285 0.26136363636363641 0.39642857142857152
decision_type=8 8 8 8 8 10 10 8 8 10
left_child=1 8 -3 6 -5 -6 7 -2 -1 -8
right_child=3 2 -4 4 5 -7 9 -9 -10 -11
leaf_value=-0.003726857059207988 0.0029988033741980172 -0.0081783790581793376 0.0092849930752530816 0.023380935041488856 0.00088212685366591053 0.010600059689575765 0.00097494684351085326 -0.00500964873702068 -0.015982863412551042 0.017245249818259846
leaf_weight=29.378266274929047 87.290201926603913 39.159990411251783 43.243075739592314 14.934748578816651 205.08236927352846 65.988622538745403 22.43451364338398 191.96145864576101 50.631323110312223 12.826923010870813
leaf_count=118 776 127 168 59 1764 569 364 1804 208 169
internal_value=-3.1735e-05 -0.00525099 0.00096343 0.00138289 0.00441958 0.00328544 -0.00137746 -0.00249741 -0.0116089 0.00726105
internal_weight=762.931 162.413 82.4031 600.519 286.006 271.071 314.513 279.252 80.0096 35.2614
internal_count=6126 621 295 5505 2392 2333 3113 2580 326 533
is_linear=0
shrinkage=0.04


Tree=250
num_leaves=14
num_cat=0
split_feature=54 121 58 63 40 167 144 137 134 37 119 159 79
split_gain=3.80377 3.40834 3.40533 4.4331 4.92955 3.46929 3.19558 3.67785 2.47465 2.01053 1.72721 1.57134 1.47861
threshold=0.21030517470145957 1.5000000000000002 616.50000000000011 310.36845489967163 -0.13833251542466121 0.025428708020006619 0.82404540763673906 0.4606473411815184 3.9222214040066432 -0.8273326418924547 0.39565217391304358 -0.85772240123115673 0.14459930313588851
decision_type=10 2 10 2 2 2 8 8 8 2 10 2 10
left_child=2 6 3 5 -5 -1 9 -8 12 -2 -10 -3 -4
right_child=1 11 8 4 -6 -7 7 -9 10 -11 -12 -13 -14
leaf_value=-0.0036498356571983623 0.0016305443107258661 -0.020426445007381763 0.013449802726184233 0.026005390310025099 -0.00059021678994705294 0.0089925884034045347 0.013886327787288677 -0.0027554377709032075 -0.025864065135734374 0.019390316425575167 -0.0088034274589342734 0.00017685035856608599 -0.0080596932273345433
leaf_weight=248.81918659526855 13.953025661408899 9.3132802527397889 8.4746385365724581 19.608818693086505 23.89206394739449 39.303530691191554 31.368157170712948 60.7532206363976 15.445770244114099 42.048785902559757 27.992595027200878 13.427597895264624 10.068291775882242
leaf_count=2830 165 140 184 129 227 609 175 261 187 428 315 184 292
internal_value=0.000455968 0.00542473 -0.00170419 -7.85189e-05 0.0116683 -0.0018932 0.00764756 0.00297802 -0.010231 0.0151067 -0.0153603 -0.00868174 0.00185361
internal_weight=564.469 170.864 393.605 331.624 43.5009 288.123 148.123 92.1214 61.9813 56.0018 43.4384 22.7409 18.5429
internal_count=6126 1353 4773 3795 356 3439 1029 436 978 593 502 324 476
is_linear=0
shrinkage=0.04


Tree=251
num_leaves=12
num_cat=0
split_feature=145 41 90 135 52 106 107 56 80 39 169
split_gain=3.26122 3.09754 3.43222 3.05444 3.09955 3.23305 2.99258 2.6828 2.94144 2.36774 2.69187
threshold=0.97499323715984587 -0.30234063192511057 68.500000000000014 2.0615486009354833 -0.016575091575091513 1.0000000180025095e-35 0.053361732393087342 1.5000000000000002 0.50806451612903236 1.0618026766396367 0.17823529411764708
decision_type=10 2 8 10 10 2 8 8 8 2 10
left_child=1 9 -3 4 -2 -6 -4 8 -5 10 -1
right_child=3 2 6 7 5 -7 -8 -9 -10 -11 -12
leaf_value=0.0072214053041474357 -0.00963551273683547 0.015097228510216741 0.0035389424340899677 -0.0051592273989417613 0.015368581314263248 -0.0070605994838914762 -0.0036821180357495321 0.0042218010426121975 -0.020442538638331231 0.010027052357447478 -0.0077399659294948081
leaf_weight=21.787434678524733 25.344950070604682 31.56601332500577 350.51494743674994 42.797931753098965 28.634674146771431 14.874602250754831 123.15889083594084 17.626177839934826 39.501732174307108 16.698656979948282 124.10662354528904
leaf_count=155 233 103 2496 608 240 137 638 162 204 177 973
internal_value=-0.000276491 0.000978095 0.00252544 -0.00522897 0.00122414 0.00766938 0.0016534 -0.00966339 -0.0126762 -0.00380395 -0.00545811
internal_weight=836.613 667.833 505.24 168.78 68.8542 43.5093 473.674 99.9258 82.2997 162.593 145.894
internal_count=6126 4542 3237 1584 610 377 3134 974 812 1305 1128
is_linear=0
shrinkage=0.04


Tree=252
num_leaves=13
num_cat=0
split_feature=169 162 50 42 57 21 107 170 41 174 52 1
split_gain=2.67728 3.19935 3.05467 3.00265 3.44295 2.80981 2.79623 4.52768 3.71872 2.79417 2.65756 1.1367
threshold=0.58114035087719318 0.21171964272077826 4.5000000000000009 0.04554867613188314 -1595.4999999999998 0.047619047619047651 -0.0058768381401128602 0.3585714285714286 -0.31407918584968847 0.81365740740740755 0.073449488491048612 -7.4999999999999991
decision_type=10 2 8 2 10 8 8 8 2 8 8 10
left_child=1 6 3 4 -2 11 7 -1 -8 -7 -5 -3
right_child=2 5 -4 10 -6 9 8 -9 -10 -11 -12 -13
leaf_value=-0.014668983843521083 0.01788414998511647 -0.012848386376511971 0.016147737978930855 -0.020483525959880899 0.0011100028985000028 0 0.005878672905757794 -0.00019070909017295917 -0.0037105259936622758 0.019874877890849782 0.00036708991906395354 0.0012857995340547403
leaf_weight=74.433914296329021 24.093741819262505 10.368793580681084 25.81939510628581 15.129833638668059 91.189669605344534 19.139982037246227 85.53152228705585 64.350303683429956 254.95262338221073 26.708713531494141 24.29558065161109 44.220816783607006
leaf_count=688 202 174 183 127 606 160 652 525 1678 207 187 725
internal_value=-0.000562418 -0.00188943 0.00367476 0.00148997 0.00475658 0.00456262 -0.00325241 -0.00801952 -0.00128565 0.0117559 -0.0078938 -0.00154572
internal_weight=760.235 579.707 180.528 154.709 115.283 100.438 479.268 138.784 340.484 45.8487 39.4254 54.5896
internal_count=6114 4809 1305 1122 808 1266 3543 1213 2330 367 314 899
is_linear=0
shrinkage=0.04


Tree=253
num_leaves=9
num_cat=0
split_feature=67 168 123 147 90 90 137 41
split_gain=3.83985 3.27867 3.9405 3.64439 3.79615 3.33722 1.90757 1.64314
threshold=23.09240246406571 -0.039261369789157688 1.0000000180025095e-35 1.8036144578313256 79.000000000000014 217.50000000000003 0.4332286683374319 0.11272463154824693
decision_type=8 2 2 8 10 8 10 2
left_child=-1 2 7 4 -3 -5 -4 -2
right_child=1 3 6 5 -6 -7 -8 -9
leaf_value=0.012806478847165337 -0.0058854259254882621 0.0037169499861601798 -0.009809577979954345 -0.0033343733568723328 -0.019323960942587232 0.0046338323724127422 0.0068220805546059943 -0.019353677233822992
leaf_weight=33.021392969414592 27.065203015692532 18.690231818705797 15.334480714052914 127.03984765708447 26.940941236913204 243.51373281516135 32.877741420641541 35.217804710380733
leaf_count=201 635 75 316 642 307 2669 703 566
internal_value=-0.000214349 -0.00105723 -0.00715045 0.000568959 -0.00996634 0.00189502 0.0013997 -0.0137181
internal_weight=559.701 526.68 110.495 416.185 45.6312 370.554 48.2122 62.283
internal_count=6114 5913 2220 3693 382 3311 1019 1201
is_linear=0
shrinkage=0.04


Tree=254
num_leaves=11
num_cat=0
split_feature=180 176 170 171 157 51 56 21 158 106
split_gain=3.17754 3.20928 3.32557 5.24028 3.46597 3.28615 2.88829 2.42393 1.69342 1.34011
threshold=0.42261904761904767 1.0000000180025095e-35 0.27429467084639503 0.36515151515151517 -0.13396524995029049 -5.4999999999999991 -3.4999999999999996 -0.50245098039215674 0.49457578057252599 1.0000000180025095e-35
decision_type=10 8 8 8 2 8 8 10 2 2
left_child=1 2 4 -4 -1 -3 -7 -2 9 -9
right_child=7 5 3 -5 -6 6 -8 8 -10 -11
leaf_value=0.02062851463160106 -0.014382772384850645 0.01156003357043105 0.0059645240668821809 -0.0076059308983024623 0.0054781350378889961 -0.016531773149177226 -0.00099035575363173823 -0.0013543982305139234 -0.011320555753821245 0.014999495942912243
leaf_weight=32.615604564547539 35.790185235440731 30.836408153176308 130.13495191559196 68.698825860396028 92.442349225282669 19.216068137437105 371.70161375403404 22.868786130100489 15.55838545784354 11.077937472611664
leaf_count=296 152 234 970 549 576 123 2503 330 226 155
internal_value=0.000661487 0.00150283 0.00449184 0.00125121 0.00957758 -0.000793096 -0.00179965 -0.00660244 -0.000764576 0.00420169
internal_weight=830.941 745.646 323.892 198.834 125.058 421.754 390.918 85.2953 49.5051 33.9467
internal_count=6114 5251 2391 1519 872 2860 2626 863 711 485
is_linear=0
shrinkage=0.04


Tree=255
num_leaves=14
num_cat=0
split_feature=108 144 54 89 41 77 167 160 172 0 65 86 24
split_gain=2.13956 4.20311 3.93732 3.84503 3.39811 3.37797 3.28742 4.18128 2.78125 2.58408 2.04831 1.9721 1.48646
threshold=-0.010051079094409941 0.98809523809523825 -0.19000933706816056 784.50000000000011 0.1378503529390184 1.0000000180025095e-35 -0.052145234130378387 -0.17843332982500273 0.04083333333333334 -6.4999999999999991 0.34160016669380294 8.5000000000000018 -121.49999999999999
decision_type=10 10 8 10 2 2 2 2 8 10 10 10 10
left_child=4 2 11 -4 5 8 10 -8 -1 -7 -6 -2 -3
right_child=1 12 3 -5 6 9 7 -9 -10 -11 -12 -13 -14
leaf_value=0.0086027108928236774 -0.0046004152758932285 0.02260316299752 -0.010089452453044424 -0.0002762084531937319 -0.013596666914144696 0.0206623408121922 0.00073676715265717145 0.018724419688047493 -0.0064887253727479027 0.0022613852948494785 0.0099538144223551735 0.0068989619994931353 0.0021958489726039841
leaf_weight=21.7256980240345 35.315678097307682 12.278234694153072 160.16882449574769 106.63868221640587 15.619581360369923 13.46300354786217 35.85083220154047 48.914606526494026 138.70947265811265 83.227030873298645 8.1981285717338306 68.381708856672049 10.851942107081411
leaf_count=121 255 69 1012 1301 187 123 287 318 806 777 132 555 171
internal_value=-0.000529304 -0.00257475 -0.00362375 -0.0061904 0.0016679 -0.000835736 0.0075683 0.0112373 -0.00439207 0.00502927 -0.00533548 0.00295704 0.0135994
internal_weight=759.343 393.635 370.505 266.808 365.708 257.125 108.583 84.7654 160.435 96.69 23.8177 103.697 23.1302
internal_count=6114 3363 3123 2313 2751 1827 924 605 927 900 319 810 240
is_linear=0
shrinkage=0.04


Tree=256
num_leaves=14
num_cat=0
split_feature=178 144 49 178 2 139 89 108 169 174 21 58 140
split_gain=5.16286 3.08363 4.49316 5.05526 4.66917 3.20422 2.93195 5.27362 3.82187 1.87825 1.67121 1.60736 1.25365
threshold=0.15587044534412958 0.68469785575048747 1.5000000000000002 0.43167701863354041 4.911704312114991 5.7479193669418107 812.50000000000011 -0.045565258711576455 0.53137254901960795 0.50862068965517249 -0.30230880230880225 98.500000000000014 1.9476431671116028
decision_type=8 10 8 8 10 8 10 10 10 10 8 8 10
left_child=6 2 4 -4 -2 12 7 11 -9 -8 -11 -1 -3
right_child=1 5 3 -5 -6 -7 9 8 -10 10 -12 -13 -14
leaf_value=-0.0042080914977217446 0.00940846237347614 -0.0028346276785423527 0.016351595781165157 -0.0052894354042724101 -0.01021050615845044 -0.013821818466757479 0.0048081660184143326 0.012766446856213292 -0.012739611378576845 0.003164975756351406 -0.017147677171860269 -0.023677687280354683 0.011726035231309034
leaf_weight=13.577218699268995 185.08530761860311 23.973394609987736 19.32829200103879 113.44291409850121 20.749778103083372 35.273634862154722 8.2174977548420411 37.738053442910314 11.45722304843366 6.8241768684238195 55.03220977820456 14.411581290885808 14.187868980690835
leaf_count=268 1307 492 242 685 150 208 173 466 280 202 1238 127 276
internal_value=-0.00021854 0.00207654 0.00369181 -0.00202539 0.00738124 -0.00529408 -0.00662457 -0.0011819 0.00665097 -0.0124904 -0.0148602 -0.014773 0.00268896
internal_weight=559.299 412.041 338.606 132.771 205.835 73.4349 147.258 77.1841 49.1953 70.0739 61.8564 27.9888 38.1613
internal_count=6114 3360 2384 927 1457 976 2754 1141 746 1613 1440 395 768
is_linear=0
shrinkage=0.04


Tree=257
num_leaves=11
num_cat=0
split_feature=180 176 173 157 57 168 40 86 106 59
split_gain=3.00555 3.04634 5.03767 3.03758 5.24696 2.80415 2.67145 2.39892 1.88405 1.89383
threshold=0.42261904761904767 1.0000000180025095e-35 0.44949494949494956 -0.15356554294638725 358.50000000000006 -0.039261369789157688 -0.092086391033674123 6.5000000000000009 1.0000000180025095e-35 1.5000000000000002
decision_type=10 8 10 2 8 2 2 10 2 10
left_child=1 3 -3 6 -5 -4 -1 -2 9 -9
right_child=7 2 5 4 -6 -7 -8 8 -10 -11
leaf_value=0.017382547986601167 -0.020589690665917437 0.016412554808316507 0.004178493904237148 0.0075340389180787865 -0.004643399743331931 -0.0037447713129699239 0.0040663432120985679 -0.0021406662816307116 0.0060686337751262951 -0.019229636762807496
leaf_weight=44.333392847329378 14.75548526458442 24.589055519551039 92.159527644515038 118.59318443387747 106.40652560070157 304.77300279214978 54.299637220799923 33.138410430401564 22.6881919875741 14.535332977771757
leaf_count=357 147 147 1002 809 678 1711 547 381 226 109
internal_value=0.000633849 0.00145193 -0.000785289 0.00436544 0.00177119 -0.00189425 0.0101862 -0.00643846 -0.00319586 -0.00768007
internal_weight=830.272 745.154 421.522 323.633 225 396.933 98.633 85.1174 70.3619 47.6737
internal_count=6114 5251 2860 2391 1487 2713 904 863 716 490
is_linear=0
shrinkage=0.04


Tree=258
num_leaves=8
num_cat=0
split_feature=109 169 74 58 49 38 170
split_gain=2.92971 2.39184 3.17638 3.62923 3.15043 2.77195 1.54927
threshold=1.0000000180025095e-35 0.58114035087719318 493.50000000000006 544.50000000000011 4.5000000000000009 0.91782525322685038 0.27149877149877155
decision_type=2 10 10 10 8 2 10
left_child=1 2 3 -1 5 -3 -2
right_child=6 4 -4 -5 -6 -7 -8
leaf_value=-0.0036293996245096473 -0.022834814700301378 0.0037959079619925731 0.013668275520455858 0.004377510074075012 0.015856789763316739 -0.011906996870238469 -0.0027989090455289235
leaf_weight=423.30969548970461 12.911143040284516 126.73220771178603 20.740914864465594 114.05476189404726 28.952712286263704 19.913274776190519 12.131917003542183
leaf_count=3290 137 889 228 1069 195 182 124
internal_value=-0.000501206 -3.04558e-05 -0.00131491 -0.00192126 0.00402495 0.00158383 -0.0136855
internal_weight=758.747 733.704 558.105 537.364 175.598 146.645 25.0431
internal_count=6114 5853 4587 4359 1266 1071 261
is_linear=0
shrinkage=0.04


Tree=259
num_leaves=9
num_cat=0
split_feature=67 168 123 147 90 42 137 90
split_gain=3.62858 3.00377 3.67966 3.46027 3.58929 3.16645 1.81738 1.6192
threshold=23.09240246406571 -0.039261369789157688 1.0000000180025095e-35 1.8036144578313256 79.000000000000014 -0.080964191389091028 0.4332286683374319 609.50000000000011
decision_type=8 2 2 8 10 2 10 8
left_child=-1 2 7 4 -3 -5 -4 -2
right_child=1 3 6 5 -6 -7 -8 -9
leaf_value=0.012406352065332955 -0.0011936884857773826 0.0034640085529662498 -0.0096567536281515088 0.014694768777805534 -0.018979620188464798 0.00072771057104224844 0.0065918673522445828 -0.016830906112834759
leaf_weight=33.148810537531972 14.148393075913189 18.730535876005888 15.2629810385406 27.149980165064335 26.632161274552345 343.52167517971247 32.993186795152724 47.181339081376791
leaf_count=201 221 75 316 385 307 2926 703 980
internal_value=-0.000225194 -0.00104766 -0.00690854 0.000504199 -0.00979454 0.0017929 0.00132026 -0.0133326
internal_weight=558.769 525.62 109.586 416.034 45.3627 370.672 48.2562 61.3297
internal_count=6114 5913 2220 3693 382 3311 1019 1201
is_linear=0
shrinkage=0.04


Tree=260
num_leaves=10
num_cat=0
split_feature=180 102 176 173 54 173 86 106 43
split_gain=2.8433 3.01668 3.3511 4.09996 3.84382 2.52143 2.31434 1.77935 1.77044
threshold=0.42261904761904767 1.0000000180025095e-35 1.0000000180025095e-35 0.44949494949494956 0.15869200244200246 0.91287878787878796 6.5000000000000009 1.0000000180025095e-35 -0.046363066584185604
decision_type=10 2 10 10 8 8 10 2 2
left_child=1 2 4 -4 -1 -3 -2 8 -8
right_child=6 5 3 -5 -6 -7 7 -9 -10
leaf_value=0.0082539206830465912 -0.020207647519455151 -0.014168990873062145 0.016108325442629415 -0.0013583827117242236 -0.0014604197761214654 0.0043092258983937906 0.0011177328790699756 0.0059044863479719833 -0.014156160578387372
leaf_weight=209.41406637430191 14.684121441096066 33.527033325284719 21.822189584374428 369.46712506935 93.559683218598366 17.167783349752426 21.104775119572878 22.703758906573057 26.478617306798697
leaf_count=1539 147 228 132 2531 694 127 227 226 263
internal_value=0.000612382 0.00140774 0.00210141 -0.000340588 0.00525257 -0.00791035 -0.00627262 -0.00309068 -0.00745696
internal_weight=829.929 744.958 694.263 391.289 302.974 50.6948 84.9713 70.2872 47.5834
internal_count=6114 5251 4896 2663 2233 355 863 716 490
is_linear=0
shrinkage=0.04


Tree=261
num_leaves=9
num_cat=0
split_feature=20 169 49 42 162 58 79 168
split_gain=2.41468 2.61842 3.26849 2.86997 2.74803 2.86882 2.60313 1.08094
threshold=-1.871348086391563 0.58114035087719318 4.5000000000000009 0.04554867613188314 0.21171964272077826 544.50000000000011 0.28869047619047622 0.0072814409424511511
decision_type=8 10 8 2 2 10 8 2
left_child=7 4 3 -3 5 -2 -6 -1
right_child=1 2 -4 -5 6 -7 -8 -9
leaf_value=0.0033578076767038973 -0.0050787283395537083 0.0042231531322722187 0.015582783989805291 -0.0084627598064310073 -0.0040847043971761103 0.0026025351390725937 0.0091646495762710434 0.02214901017985842
leaf_weight=10.640561064705254 368.4248984195292 109.38097447156906 28.371042314916849 37.448140639811754 38.456480510532856 97.498845035210252 58.497016973793507 9.3758956678211671
leaf_count=168 2558 758 184 291 659 794 553 149
internal_value=-0.000474773 -0.000856879 0.00339648 0.000938776 -0.002188 -0.00346494 0.00390084 0.01289
internal_weight=758.094 738.077 175.2 146.829 562.877 465.924 96.9535 20.0165
internal_count=6114 5797 1233 1049 4564 3352 1212 317
is_linear=0
shrinkage=0.04


Tree=262
num_leaves=13
num_cat=0
split_feature=178 63 158 53 107 159 170 155 43 2 107 177
split_gain=4.78792 3.15864 3.64773 2.85958 2.70519 2.39837 2.32268 2.12347 2.51088 2.01928 1.69367 0.788871
threshold=0.15587044534412958 -556.39793857263305 1.543723047176963 -0.12845683728036666 -0.057700901189143054 -0.010418791001195893 0.69615384615384623 0.5318026024694178 -0.032484806960111239 -1.6084873374401079 -0.011012973675507241 0.4188596491228071
decision_type=8 2 2 10 8 2 10 2 2 10 10 10
left_child=3 -2 4 6 -3 -4 9 10 -9 -1 -5 -8
right_child=1 2 5 7 -6 -7 11 8 -10 -11 -12 -13
leaf_value=-0.0045027248846597383 -0.014763467077825689 0.017518067266242665 0.0040178939996173687 -0.019117484300465983 0.0010784522513099879 0.032758270098891283 -0.0012564817441970638 -0.011318644166049146 0.01893073634091828 0.014411234854923778 -0.0071765596689433242 -0.019859498092308518
leaf_weight=14.382556898519395 16.271477298811078 15.798294700682161 9.2939566243439931 38.191239544190466 361.46379253268242 9.4005836620926839 7.0547160394489747 8.4307323377579433 7.2020110497251144 21.177225803956389 42.179697724990547 7.5228317659348249
leaf_count=197 119 132 170 713 2866 73 114 190 166 268 966 140
internal_value=-0.000227726 0.00197531 0.00270367 -0.00642672 0.00181666 0.0195011 0.00127027 -0.0104387 0.00279731 0.00679265 -0.0130405 -0.0116437
internal_weight=558.369 412.228 395.957 146.141 377.262 18.6945 50.1373 96.0037 15.6327 35.5598 80.3709 14.5775
internal_count=6114 3360 3241 2754 2998 243 719 2035 356 465 1679 254
is_linear=0
shrinkage=0.04


Tree=263
num_leaves=11
num_cat=0
split_feature=180 107 132 170 50 154 102 21 42 161
split_gain=2.70056 2.98949 4.00568 3.99758 3.90011 3.16873 2.56583 2.26361 1.28469 1.41303
threshold=0.42261904761904767 -0.017562883760148803 782.68750000000011 0.58957219251336912 -13.499999999999998 0.41119538061482835 1.0000000180025095e-35 -0.50245098039215674 0.082878105840618194 -0.13541897912685219
decision_type=10 8 10 8 10 2 2 10 2 2
left_child=1 2 3 -1 -3 -4 -6 -2 9 -9
right_child=7 4 5 -5 6 -7 -8 8 -10 -11
leaf_value=0.011482579026856581 -0.013687057849986792 0.01682623604318902 -0.016968977172943857 -0.0060131862861768559 -1.0084936207596163e-05 0.0073966002919508356 -0.011242098962398311 -0.013249214399403979 0.010676147046689977 0.0021067241497413065
leaf_weight=124.66897970438004 35.462376695126295 20.021638829261065 18.931918352842331 24.247447427362204 508.9603342525661 14.0285347700119 33.790303081274033 14.98726726695895 11.420884758234022 22.959392415359616
leaf_count=846 152 163 187 186 3470 158 241 217 161 333
internal_value=0.000589756 0.00136469 0.00580785 0.00859937 -7.54629e-05 -0.00662724 -0.000732429 -0.00612605 -0.000491104 -0.00409131
internal_weight=829.479 744.649 181.877 148.916 562.772 32.9605 542.751 84.8299 49.3675 37.9467
internal_count=6114 5251 1377 1032 3874 345 3711 863 711 550
is_linear=0
shrinkage=0.04


Tree=264
num_leaves=15
num_cat=0
split_feature=180 59 171 2 134 0 37 132 33 108 22 108 88 119
split_gain=2.89971 2.72069 3.38831 3.39012 3.23021 2.89562 2.6959 3.44063 5.13047 3.19907 2.9136 2.64709 2.57011 1.29436
threshold=0.22649572649572652 2.5000000000000004 0.26491228070175443 -2.0438056125941126 2.722483344833484 -8.9999999999999982 0.29169493211586567 600.03333333333342 13.602898892485955 0.0056011816486716279 -7.4896689807410377 -0.0070436038076877585 0.83469945355191266 0.61721611721611735
decision_type=10 8 10 10 10 10 2 10 8 10 10 10 8 10
left_child=1 5 4 -4 -3 12 7 8 -2 -9 -8 -7 -1 -12
right_child=6 2 3 -5 -6 11 10 9 -10 -11 13 -13 -14 -15
leaf_value=-0.00081534631711167275 -0.0029884331868667859 -0.007067595099745215 0.0047263050241587402 0.025063645083177693 0.010068323682748148 0.0024056613056892442 0.010744885894678228 0.012405783929605989 -0.030357311808682209 -0.0120410330938341 -0.017780900347874825 -0.0036503336243542796 0.018302536894825559 0.0018337151608513252
leaf_weight=19.991002328693867 21.77204960398376 37.581155776977539 29.657658483833075 23.83871641010046 31.339251518249512 210.4786271918565 26.442156963050365 15.86455114930868 21.957421090453863 16.401658121496439 10.866234689950945 253.03953989595175 23.951526511460543 9.2329868227243406
leaf_count=148 352 154 157 122 180 1652 198 182 101 217 187 2148 162 145
internal_value=0.000237175 0.00133679 0.00666337 0.0141192 0.000728343 3.73248e-05 -0.00536405 -0.00996542 -0.017147 0 0.00215885 -0.000896807 0.00973602 -0.00901588
internal_weight=752.415 629.877 122.417 53.4964 68.9204 507.461 122.537 75.9957 43.7295 32.2662 46.5414 463.518 43.9425 20.0992
internal_count=6105 4723 613 279 334 4110 1382 852 453 399 530 3800 310 332
is_linear=0
shrinkage=0.04


Tree=265
num_leaves=13
num_cat=0
split_feature=170 158 171 165 35 40 63 171 37 49 74 148
split_gain=3.71078 5.57161 4.22816 5.70178 4.25116 4.29414 3.64069 2.97725 2.83359 2.48329 1.8866 1.28736
threshold=0.23904761904761906 1.055855278516767 0.4045454545454546 -0.045711729327289459 15.294013637786522 0.35822208155488428 175.39372663427932 0.22401433691756276 -0.41889662001071115 -2.4999999999999996 155.50000000000003 11.131848621512193
decision_type=8 2 10 2 2 2 2 10 2 10 10 10
left_child=1 7 4 -4 6 -6 -2 11 -5 -9 -3 -1
right_child=2 10 3 8 5 -7 -8 9 -10 -11 -12 -13
leaf_value=-0.022557292314154452 -0.0032749065330202353 0.025872744953360897 0.029036575847764996 -0.0045506898066216654 0.010982453820481323 -0.0090128175941949079 -0.019490769576693944 -0.012188735070462175 0.007677227986024846 0.00011425974813775677 0 -0.0048417593218533696
leaf_weight=28.267850921489298 137.92671198397875 9.3137415116652864 14.830245692282913 44.71052735298872 58.04259314853698 23.270164445973933 25.670881252735853 45.372671749442816 88.974208876490593 59.717585947364569 8.2583701377734524 9.6966526918113214
leaf_count=367 1795 143 144 415 694 381 217 408 610 508 150 273
internal_value=-0.00109247 -0.00619732 0.000997087 0.00630301 -0.00222487 0.00519591 -0.00593452 -0.00883192 0.00356936 -0.00524352 0.0144641 -0.0183242
internal_weight=554.052 160.627 393.425 148.515 244.91 81.3128 163.598 143.055 133.685 105.09 17.5721 37.9645
internal_count=6105 1849 4256 1169 3087 1075 2012 1556 1025 916 293 640
is_linear=0
shrinkage=0.04


Tree=266
num_leaves=10
num_cat=0
split_feature=49 53 144 90 52 52 160 142 67
split_gain=3.28041 3.64788 3.30652 2.69769 2.53442 3.8808 3.85361 1.29285 1.03001
threshold=8.5000000000000018 0.69139194139194149 0.67533783783783796 186.50000000000003 0.055555555555555532 0.20856227106227113 -0.46106424668253659 0.39559108527131787 28.485968514715953
decision_type=8 8 8 8 10 10 2 8 10
left_child=1 4 7 -4 6 -6 -1 -2 -5
right_child=2 -3 3 8 5 -7 -8 -9 -10
leaf_value=-0.0030732891575324635 0.013577512341936514 -0.013154670833951193 0.00093450777200481012 -0.0065732913467210444 -0.003527930359147472 0.0062701366697006568 0.0064412112487742135 -0.0018775915580864421 -0.018874366030177163
leaf_weight=87.586139656603336 13.697021946310995 25.102843316271901 23.741144068539143 18.208907585591078 217.12761065363884 90.896201513707638 293.8956029266119 20.138946533203125 36.911243628710508
leaf_count=1025 163 190 77 108 1621 589 1846 202 284
internal_value=0.000513923 0.00151832 -0.00579466 -0.0102515 0.00207369 -0.000619167 0.00424918 0.00453149 -0.0150359
internal_weight=827.306 714.608 112.697 78.8613 689.506 308.024 381.482 33.836 55.1202
internal_count=6105 5271 834 469 5081 2210 2871 365 392
is_linear=0
shrinkage=0.04


Tree=267
num_leaves=10
num_cat=0
split_feature=109 62 148 55 90 160 24 53 62
split_gain=4.81225 2.7102 3.62596 5.21897 2.18124 1.85254 2.40299 2.02039 0.318067
threshold=1.0000000180025095e-35 -109.37103174603173 15.467847925352393 0.16386946386946391 714.50000000000011 -0.47046432791451914 -63.499999999999993 -0.11677489177489177 2.1333333333333262
decision_type=2 8 8 10 8 2 10 10 10
left_child=1 5 4 -4 -3 6 -1 -7 -2
right_child=8 2 3 -5 -6 7 -8 -9 -10
leaf_value=0.013372732918351917 -0.010177668678049952 -0.0074995182397199697 0.0032594861890587862 0.020343834408217836 0.0012054266433835662 -0.014191551571593748 -0.0042085231036753318 -0.0028494231964789514 -0.021849794738250654
leaf_weight=21.577836316078901 10.696328327059748 70.467846482992172 292.88198110461235 30.880779355764389 128.11654810607433 30.819573331624269 26.680632861331105 127.19722977653146 12.72751105763018
leaf_count=200 132 730 1711 198 1504 262 415 818 135
internal_value=0.000225403 0.00081237 0.00234672 0.00495279 -0.00189561 -0.00305596 0.00372388 -0.0051495 -0.0172366
internal_weight=752.046 728.622 522.347 323.763 198.584 206.275 48.2585 158.017 23.4238
internal_count=6105 5838 4143 1909 2234 1695 615 1080 267
is_linear=0
shrinkage=0.04


Tree=268
num_leaves=14
num_cat=0
split_feature=108 132 0 167 35 170 136 87 169 169 40 51 170
split_gain=4.23837 4.63257 3.44362 3.38395 3.37444 5.10436 3.33701 3.10872 2.63713 2.6126 2.56934 2.36968 1.87393
threshold=0.036184605211019523 593.38888888888903 -2.4999999999999996 0.041520783780491385 -0.040385728604860553 0.66091954022988519 3.6127982794919786 0.91833333333333345 0.28801843317972359 0.44222222222222224 0.18799181035756243 1.0000000180025095e-35 0.54772727272727284
decision_type=8 8 10 2 2 10 8 10 8 10 2 10 10
left_child=1 9 6 4 11 -6 -3 -4 -5 10 -1 -2 -11
right_child=3 2 7 8 5 -7 -8 -9 -10 12 -12 -13 -14
leaf_value=0.0035003195496851021 -0.0005648872191658205 0 -0.0079959198281729111 0.024285945178216473 0.0017571293616486443 0.025492184560799155 -0.019445896526170035 0.0032204563993242577 0.0013633267597879118 -0.013975002575555518 0.02287747449005869 -0.016096110691419432 0.0082842384500620495
leaf_weight=38.309114273637533 43.49892964027822 19.488470931537449 101.00181868113577 18.460787398740649 124.20240600220859 15.483646041713653 51.581336621195078 63.533394928090274 14.213828480802475 16.171854840591553 14.799006925895808 23.934885450638831 8.4090786650776845
leaf_count=532 587 346 990 155 1095 166 379 610 213 350 191 322 169
internal_value=-0.00104586 -0.00410627 -0.0068958 0.00294473 0.00101725 0.00456478 -0.0142058 -0.00365947 0.0147103 0.00430817 0.0092599 -0.0062614 -0.00625582
internal_weight=553.089 313.294 235.605 239.794 207.12 139.686 71.0698 164.535 32.6746 77.6891 53.1081 67.4338 24.5809
internal_count=6105 3567 2325 2538 2170 1261 725 1600 368 1242 723 909 519
is_linear=0
shrinkage=0.04


Tree=269
num_leaves=11
num_cat=0
split_feature=140 1 68 160 160 25 141 137 31 170
split_gain=2.72146 2.8612 2.41724 4.20779 3.10221 2.47366 3.62287 2.80924 1.78277 1.76556
threshold=3.4872460852462956 1.0000000180025095e-35 36.220396988364136 0.020481554068600704 -0.66749960079351711 1.5000000000000002 0.40754985754985756 0.48131810602241448 205.08333333333334 0.29520697167755999
decision_type=10 8 8 2 2 2 8 8 8 10
left_child=2 9 5 4 -4 7 -7 -1 -3 -2
right_child=1 8 3 -5 -6 6 -8 -9 -10 -11
leaf_value=0.0064885015504565569 0.011897924401503735 -0.005636511073970939 0 0.012997019950707612 -0.01937471605061495 0.0053260851581008028 -0.0098560009292143463 0.00076401979191830492 -0.026111559229528201 -0.0083771395840418206
leaf_weight=211.23864338174462 12.493620213121178 13.984751608222721 23.194919180124995 13.680496186017988 30.276092071086172 40.519960701465607 62.765722051262856 391.38232621178031 14.40043384768069 12.964931193739174
leaf_count=2066 133 202 305 143 242 195 318 2255 108 138
internal_value=0.000492525 -0.00811453 0.0011043 -0.00608599 -0.011154 0.00179877 -0.00388679 0.00278138 -0.0166271 0.00157075
internal_weight=826.902 53.8437 773.058 67.1515 53.471 705.907 103.286 602.621 28.3852 25.4586
internal_count=6105 581 5524 690 547 4834 513 4321 310 271
is_linear=0
shrinkage=0.04


Tree=270
num_leaves=11
num_cat=0
split_feature=180 169 74 106 62 42 169 150 72 146
split_gain=2.69847 3.16445 2.88102 2.84284 2.76943 2.34467 2.32248 1.96427 2.36045 1.97714
threshold=0.22649572649572652 0.13484848484848486 470.00000000000006 1.0000000180025095e-35 -161.92261904761904 -0.16716877510868314 0.054093567251461992 0.22902097902097904 11.500000000000002 1.170604867496676
decision_type=10 8 10 2 8 2 10 10 8 10
left_child=1 3 4 6 -3 -2 -1 9 -9 -7
right_child=5 2 -4 -5 -6 7 -8 8 -10 -11
leaf_value=-0.0028108547773703857 0.012251215436937784 -0.003995885794875904 0.017227870381725664 0.0077749877670375547 0.0031376212330823361 -0.013109919015900116 -0.019732019331858665 0.011537935402007465 -0.0092524728609408025 0.0034514237086749355
leaf_weight=27.020953353494406 10.260782916098831 107.68858559243381 18.914206717163324 15.538700575008987 434.98917155154049 65.734532529488206 25.296609101817012 16.644536256790161 16.277759438380599 13.285492233932017
leaf_count=219 112 831 211 151 3081 763 230 136 193 178
internal_value=0.000217604 0.00127795 0.00226939 -0.00681216 0.00171363 -0.00519387 -0.0112467 -0.00690494 0.00122986 -0.0102922
internal_weight=751.651 629.448 561.592 67.8563 542.678 122.203 52.3176 111.942 32.9223 79.02
internal_count=6105 4723 4123 600 3912 1382 449 1270 329 941
is_linear=0
shrinkage=0.04


Tree=271
num_leaves=15
num_cat=0
split_feature=108 80 167 39 111 156 42 156 171 73 29 58 57 133
split_gain=4.00318 4.5845 3.20398 2.80359 3.27023 2.60613 4.25924 3.46696 2.22394 2.11253 3.30868 2.45533 1.93374 2.47097
threshold=0.036184605211019523 0.91287878787878796 0.041520783780491385 0.12865711549065545 1.0000000180025095e-35 0.72191031760818059 0.082878105840618194 -0.03245964178394551 0.6043478260869567 166.50000000000003 -1.0000000180025095e-35 570.50000000000011 477.50000000000006 2.5621219599531599
decision_type=8 8 2 2 2 2 2 2 8 10 2 8 10 8
left_child=1 5 3 4 -2 7 -7 -1 -5 10 -3 -11 13 -4
right_child=2 9 12 8 -6 6 -8 -9 -10 11 -12 -13 -14 -15
leaf_value=-0.0017616197391961011 0.0057520211276219516 -0.024698862041127451 0.019746900529680856 -0.010780509016269587 -0.012659435686196438 -0.021426172607944282 0.010180251782512041 0.011478013241446077 0.0095759193669525556 0.0073232563415589116 -0.0079390078712174156 -0.011190434496707698 0.024693004644066256 -0.0083448812593165372
leaf_weight=89.152786533348262 138.00668551679701 24.866281861439347 8.4373768791556376 43.008351846598089 16.359636331908405 18.117819715291265 9.7597031556069833 47.719348832964897 9.7407735101878625 22.686732847243547 78.903599999845028 21.164926830679178 14.62424803059548 9.7039354145526868
leaf_count=1559 1249 138 87 693 157 324 156 773 71 125 371 121 120 161
internal_value=-0.00100573 -0.00398726 0.00286894 0.000990924 0.00371899 0.00059307 -0.0103224 0.00288954 -0.00687601 -0.00908209 -0.0121717 -0.00161803 0.0142999 0.00496496
internal_weight=552.252 312.371 239.881 207.115 154.366 164.75 27.8775 136.872 52.7491 147.622 103.77 43.8517 32.7656 18.1413
internal_count=6105 3567 2538 2170 1406 2812 480 2332 764 755 509 246 368 248
is_linear=0
shrinkage=0.04


Tree=272
num_leaves=10
num_cat=0
split_feature=49 53 140 144 52 90 107 173 132
split_gain=3.08073 3.41567 3.58505 3.12251 2.69505 2.56162 2.2449 1.65609 1.33234
threshold=8.5000000000000018 0.69139194139194149 3.4492678223737787 0.67533783783783796 0.055555555555555532 186.50000000000003 0.011819188653293013 0.78019323671497598 451.15000000000003
decision_type=8 8 10 8 10 8 8 8 10
left_child=1 2 4 7 -1 -5 -4 -2 -7
right_child=3 -3 6 5 -6 8 -8 -9 -10
leaf_value=0.0050866703883293033 0.013829890106766581 -0.012828167995751667 -0.0005264462757839061 0.00090822467706621322 -0.00010458952554045601 -0.020261282483064875 -0.018327034797247805 -0.0034625897239753392 -0.0072076996033361186
leaf_weight=354.21269036084414 15.115242168307303 24.836051918566227 24.907769024372101 23.717519160360098 289.74267656728625 30.237660810351372 20.27554439753294 18.710292845964432 24.663074236363173
leaf_count=2572 162 190 256 77 2032 146 221 203 246
internal_value=0.00047212 0.00144544 0.00198059 -0.00564874 0.00275126 -0.00999065 -0.00878146 0.00438251 -0.0146668
internal_weight=826.419 713.975 689.139 112.444 643.955 78.6183 45.1833 33.8255 54.9007
internal_count=6105 5271 5081 834 4604 469 477 365 392
is_linear=0
shrinkage=0.04


Tree=273
num_leaves=10
num_cat=0
split_feature=109 180 169 2 74 37 132 44 2
split_gain=4.57813 2.60646 3.08534 3.0745 2.7571 2.44748 3.26212 2.83726 0.847048
threshold=1.0000000180025095e-35 0.22649572649572652 0.13484848484848486 -3.712525667351128 470.00000000000006 0.29169493211586567 600.03333333333342 -10.447009449457026 -0.80903490759753349
decision_type=2 10 8 8 10 2 10 10 10
left_child=1 2 3 -1 -4 6 -3 -7 -2
right_child=8 5 4 -5 -6 7 -8 -9 -10
leaf_value=0.007551362897165949 -0.0081837690543733344 -0.016205861905904156 0.0022655487497161828 -0.011697201559018173 0.017671982535366854 0.011109265682321439 0.00081436656196883395 -0.0086291378304548562 -0.024606074267656725
leaf_weight=17.479637453332543 11.932095844298603 42.237728158012033 527.47972678951919 46.671840343624353 18.34943413361907 25.921843819320202 30.362264161929488 19.513675402849913 11.225734855979679
leaf_count=136 141 440 3772 409 200 193 369 319 126
internal_value=0.00021192 0.000781959 0.00183829 -0.00638636 0.0028185 -0.00462969 -0.00914625 0.00258566 -0.0169163
internal_weight=751.174 728.016 609.981 64.1515 545.829 118.036 72.6 45.4355 23.1578
internal_count=6105 5838 4517 545 3972 1321 809 512 267
is_linear=0
shrinkage=0.04


Tree=274
num_leaves=15
num_cat=0
split_feature=108 80 0 107 167 35 108 56 37 156 42 171 169 133
split_gain=3.80459 4.36242 4.9287 4.59116 3.03497 3.16975 3.45439 3.15743 2.6239 4.00023 2.71369 2.00243 1.67042 1.52054
threshold=0.036184605211019523 0.91287878787878796 -2.4999999999999996 0.016853932584269652 0.041520783780491385 -0.040385728604860553 0.45994611084461218 1.0000000180025095e-35 -0.78432565661882003 -0.03245964178394551 0.082878105840618194 0.45227272727272733 0.26423200859291091 2.1039114107811412
decision_type=8 8 10 8 2 2 10 10 2 2 2 8 8 10
left_child=1 8 13 -4 5 11 -7 12 10 -10 -1 -2 -6 -3
right_child=4 2 3 -5 7 6 -8 -9 9 -11 -12 -13 -14 -15
leaf_value=-0.017171714414661584 -0.01179436323597423 -0.026892265216253462 -0.012708146585548035 0.0041918311876922628 0.01529122045707856 0.0018262856610591933 0.019863685881865142 0.030702135796238431 -0.0017553359260368796 0.013112851564194807 0.0038004038051873924 0.0020521588177568203 -0.0057984259339852592 -0.011340848097106252
leaf_weight=22.349802726879716 39.427891416475177 23.075695753097534 47.920252043753862 53.223159790039062 10.79656730592251 121.0363327562809 18.887510420754552 10.780001805163918 82.816705546341836 43.209499188698828 16.34812193736434 27.676888961344957 11.273655965924261 22.678490832448006
leaf_count=452 693 102 278 235 85 1064 197 127 1413 653 294 216 156 140
internal_value=-0.000973732 -0.0038859 -0.00887354 -0.00384157 0.00280152 0.000970735 0.00439892 0.0139109 0.00057662 0.00338974 -0.00838901 -0.00610782 0.00464738 -0.0196343
internal_weight=551.501 311.622 146.898 101.143 239.879 207.029 139.924 32.8502 164.724 126.026 38.6979 67.1048 22.0702 45.7542
internal_count=6105 3567 755 513 2538 2170 1261 368 2812 2066 746 909 241 242
is_linear=0
shrinkage=0.04


Tree=275
num_leaves=10
num_cat=0
split_feature=158 53 50 56 144 119 144 1 35
split_gain=2.99202 3.29991 2.75419 3.26011 2.81438 2.36948 3.03278 2.15457 0.92323
threshold=0.91704435097244608 0.69139194139194149 6.5000000000000009 -1.0000000180025095e-35 0.56195175438596501 0.54195804195804198 0.58712905452035902 4.0000000000000009 2.6508394802893922
decision_type=2 8 10 10 8 8 8 8 2
left_child=1 2 3 -1 -4 8 -7 -8 -2
right_child=5 -3 4 -5 -6 6 7 -9 -10
leaf_value=-0.00060488000089726894 0.0092423866572599652 -0.012100572122772262 0.0089301952719451141 0.0052105370141475342 -0.0078804763810874021 0.0027982539667768991 -0.0085197537942551232 -0.029295973634005587 -0.0052957117239414431
leaf_weight=268.93576100096107 13.968422845005991 27.609103413298726 18.992607820779085 358.29110775515437 77.686028297990561 14.502599591389297 18.390140511095524 15.586882449686525 12.047861330211161
leaf_count=1881 197 198 189 2504 492 147 184 145 168
internal_value=0.00045536 0.0012187 0.00174543 0.00271689 -0.00449991 -0.00713286 -0.0122828 -0.0186731 0.0024891
internal_weight=826.011 751.515 723.906 627.227 96.6786 74.4959 48.4796 33.977 26.0163
internal_count=6105 5264 5066 4385 681 841 476 329 365
is_linear=0
shrinkage=0.04


Tree=276
num_leaves=9
num_cat=0
split_feature=54 54 107 171 41 79 62 37
split_gain=2.69316 3.22557 3.82408 4.27201 3.54723 2.98598 2.28611 2.04425
threshold=0.54772727272727284 0.2062447786131997 0.019087677750813773 0.54195804195804198 -0.27596169387317221 0.10620300751879701 68.715277777777786 -0.45451676225215493
decision_type=10 10 10 10 2 10 8 2
left_child=1 2 3 -1 -4 6 -3 -7
right_child=-2 5 4 -5 -6 7 -8 -9
leaf_value=-0.00019066695312815627 0.013327143285356276 -0.014903936029696401 0.015914078110298557 -0.01763549691659411 0.0020494388174547191 0.01180059710198317 0 -0.005101275530992151
leaf_weight=442.99532612599432 21.968191795051098 59.509732771664858 42.837526794523001 22.677154900506139 92.844205468893051 18.407188165932894 22.273048819974065 26.839962676167488
leaf_count=3318 187 474 391 182 802 226 172 298
internal_value=-0.000155829 -0.000582934 0.000640401 -0.00108044 0.00652583 -0.00634954 -0.010871 0.00183789
internal_weight=750.352 728.384 601.354 465.672 135.682 127.03 81.7828 45.2472
internal_count=6050 5863 4693 3500 1193 1170 646 524
is_linear=0
shrinkage=0.04


Tree=277
num_leaves=13
num_cat=0
split_feature=56 90 58 71 143 175 163 144 38 119 86 53
split_gain=3.37387 3.83892 3.50747 3.63788 3.22666 4.00307 3.00949 2.79845 2.62536 1.42339 0.997537 0.517572
threshold=1.5000000000000002 119.50000000000001 -63.499999999999993 8.5000000000000018 0.6255841121495328 3.5000000000000004 -0.45535309730789214 0.85540069686411158 -0.19623814673709131 0.20714285714285716 10.500000000000002 -0.063339438339438323
decision_type=8 8 8 8 10 10 2 10 2 8 10 8
left_child=2 -2 7 9 5 -3 -5 8 -1 -4 -6 -9
right_child=1 4 3 6 10 -7 -8 11 -10 -11 -12 -13
leaf_value=0.0077847809631623804 -0.02736494146223627 -0.0055062381698438986 0 0.013453179060281826 -0.0074136862649712186 0.017473638261050625 0.0036578331170973289 -0.024043643160868614 -0.0036043246867584538 -0.021389075584439348 -0.027186519166797055 -0.0080030258348497661
leaf_weight=43.195156772620976 11.144263744354246 35.5039800144732 8.9846014725044387 66.285299845039845 10.31843078043312 17.147032499313354 206.70753309875727 8.6175780016928893 119.96833789907396 9.8721825787797552 7.7979929577559224 7.7879642331972745
leaf_count=668 56 333 145 1000 211 158 1589 100 1346 144 146 154
internal_value=0.000885218 -0.00655312 0.00219304 0.00489523 -0.00291223 0.00212662 0.00608396 -0.00219047 -0.000547988 -0.0116532 -0.0170062 -0.0174411
internal_weight=553.33 81.9117 471.419 291.85 70.7674 52.651 272.993 179.569 163.163 18.8568 18.1164 16.4055
internal_count=6050 904 5146 2878 848 491 2589 2268 2014 289 357 254
is_linear=0
shrinkage=0.04


Tree=278
num_leaves=11
num_cat=0
split_feature=41 132 41 135 80 73 137 176 53 29
split_gain=2.74436 2.92457 3.71863 4.26289 3.44154 2.86461 2.77797 2.75816 3.82354 2.93224
threshold=0.26604054760448198 379.56547619047626 0.64393733361648731 4.2535475728753047 0.13188405797101452 79.500000000000014 0.48629016727737023 1.0000000180025095e-35 -0.29240384615384607 2.5000000000000004
decision_type=2 8 2 8 10 8 8 8 10 2
left_child=5 -2 4 -4 -3 6 -1 8 -7 -9
right_child=1 2 3 -5 -6 7 -8 9 -10 -11
leaf_value=-0.0008939819326219589 -0.012993722976055331 0.017498368631502993 0.0061471903673635045 -0.012218096167088506 0.001694369876057678 -0.0069272400249247726 -0.022500234189094016 -0.0046301801273476977 0.0046264215508212648 0.0082740637358250518
leaf_weight=18.506397865712643 14.327905736863611 51.466670211404562 52.080950863659382 31.647004928439856 38.948395535349846 58.014081705361605 19.256402024999261 302.81566889584064 203.53677205741405 30.040113665163517
leaf_count=159 139 335 595 187 353 420 161 1996 1429 276
internal_value=-0.000452291 0.00376847 0.00522535 -0.000833084 0.0108053 -0.00171777 -0.0122595 -0.00102522 0.00203949 -0.00343829
internal_weight=820.64 188.471 174.143 83.728 90.4151 632.169 37.7628 594.407 261.551 332.856
internal_count=6050 1609 1470 782 688 4441 320 4121 1849 2272
is_linear=0
shrinkage=0.04


Tree=279
num_leaves=9
num_cat=0
split_feature=54 54 107 171 79 170 48 37
split_gain=2.54133 3.07572 3.63985 4.08697 2.86597 2.12595 2.12443 1.93359
threshold=0.54772727272727284 0.2062447786131997 0.019087677750813773 0.54195804195804198 0.10620300751879701 0.26272648835202767 0.36015519620197045 -0.45451676225215493
decision_type=10 10 10 10 10 10 8 2
left_child=1 2 3 -1 5 -3 -4 -6
right_child=-2 4 6 -5 7 -7 -8 -9
leaf_value=-0.00018438261368571487 0.012908496166842684 0.001592147945425802 -0.00015093542320455361 -0.017321061046392385 0.011465115136750026 -0.013979910513700303 0.010156220950058747 -0.0049620750440243343
leaf_weight=442.8844245262444 22.107805563136935 17.359485309571028 50.057289641350508 22.463340265676379 18.481805551797152 64.005921486765146 85.714778728783131 26.772260207682848
leaf_count=3318 187 142 780 182 226 504 413 298
internal_value=-0.000147796 -0.000564343 0.000629 -0.00105126 -0.00620589 -0.0106543 0.00636817 0.00180639
internal_weight=749.847 727.739 601.12 465.348 126.619 81.3654 135.772 45.2541
internal_count=6050 5863 4693 3500 1170 646 1193 524
is_linear=0
shrinkage=0.04


Tree=280
num_leaves=11
num_cat=0
split_feature=56 90 57 89 87 87 170 142 147 69
split_gain=3.20731 3.70533 3.37058 3.18821 2.83213 2.48912 4.29639 2.34963 3.07111 2.25566
threshold=1.5000000000000002 119.50000000000001 -418.49999999999994 106.50000000000001 0.8973684210526317 0.70710784313725505 0.59687500000000016 0.29758481886141469 7.1602459709074493 20.500000000000004
decision_type=8 8 8 8 8 8 10 8 8 8
left_child=2 -2 7 -4 -5 -3 -7 9 -9 -1
right_child=1 5 3 4 -6 6 -8 8 -10 -11
leaf_value=0.0069735119697940063 -0.026999659931736621 0.0092901872007698366 0.018469380898176041 0.0076473197530698639 -0.00066441138923888988 -0.014239193770602364 0.011070999991569555 -0.012863753651908644 0.00241419080310488 -0.017534442871979299
leaf_weight=7.1475386917591122 11.012410918250678 18.687369326129556 24.205163331702352 130.55327028036118 129.71715507470071 38.067908134311438 13.866349596530197 24.01234601251781 131.94084237050265 24.228545590303838
leaf_count=189 56 188 107 1412 1295 489 171 445 1350 348
internal_value=0.000839051 -0.00642764 0.00211154 0.00485052 0.00351046 -0.00285962 -0.00736215 -0.00204089 0 -0.0118468
internal_weight=553.439 81.634 471.805 284.476 260.27 70.6216 51.9343 187.329 155.953 31.3761
internal_count=6050 904 5146 2814 2707 848 660 2332 1795 537
is_linear=0
shrinkage=0.04


Tree=281
num_leaves=15
num_cat=0
split_feature=162 41 55 90 2 145 2 35 43 51 107 74 165 74
split_gain=2.73646 3.6669 3.60259 3.71621 2.80875 3.8961 3.60433 3.30815 4.07812 2.57143 2.47645 2.22745 3.11247 1.80833
threshold=-0.2779345726486035 0.2287358219676883 -0.11730306157550739 888.50000000000011 3.9945242984257363 1.1343746160765604 7.7590691307323754 16.000001800489262 0.052413358181188689 -4.4999999999999991 -0.023104738724558201 199.50000000000003 0.004288865151995302 319.50000000000006
decision_type=2 2 10 10 10 8 10 2 2 8 10 10 2 10
left_child=1 11 -3 -4 7 6 -6 9 -9 -2 -7 12 -1 -13
right_child=4 2 3 -5 5 10 -8 8 -10 -11 -12 13 -14 -15
leaf_value=-0.01517608579072415 0.009960391389763271 0.025885509497809798 -0.010406560241348704 0.014677568581154746 0.014153651976521535 0.0036296820019163165 -0.0039106994382778438 -0.010667466821448444 0.0076793740957564792 -0.0017927593734264893 -0.013227865686689098 0.014394139960824361 0.0055240099286604583 -0.0050769891313121353
leaf_weight=26.50504469498992 31.356728181242943 19.540744639933109 14.685502775013445 22.806088399142027 60.051483083516359 27.396927893161774 24.139997065067291 124.53110866993666 22.04993025586009 370.58132399432361 26.436862930655479 19.435555890202526 19.236784100532532 11.33202815055847
leaf_count=259 203 153 125 202 430 112 178 973 204 2441 145 223 271 131
internal_value=-0.000428981 0.00478515 0.0123705 0.00478503 -0.00145159 0.00362472 0.00896553 -0.00273687 -0.0078607 -0.000848444 -0.00470256 -0.000930055 -0.00649591 0.00722569
internal_weight=820.086 133.542 57.0323 37.4916 686.544 138.025 84.1915 548.519 146.581 401.938 53.8338 76.5094 45.7418 30.7676
internal_count=6050 1364 480 327 4686 865 608 3821 1177 2644 257 884 530 354
is_linear=0
shrinkage=0.04


Tree=282
num_leaves=9
num_cat=0
split_feature=109 93 169 174 62 139 57 162
split_gain=2.35611 1.94232 2.2219 4.33249 3.22395 1.95845 1.62022 0.677231
threshold=1.0000000180025095e-35 1.0000000180025095e-35 0.70185185185185195 0.85960591133004927 -283.48831168831163 1.1940177078985135 -572.49999999999989 -0.058435785423283627
decision_type=2 2 8 10 8 10 8 2
left_child=1 2 4 -4 -1 -3 -7 -2
right_child=7 5 3 -5 -6 6 -8 -9
leaf_value=0.0083247062309217933 -0.01877298966844608 0.017400305210509722 -0.00095145647364997747 0.015356764690137166 -0.0022020227530984825 0.013384356232236915 -0.0078924292912944845 -0.0044896051063878705
leaf_weight=50.055409098044038 11.982060888782145 19.627991925925016 72.314722791314125 39.479599256068468 522.54866090603173 8.2799950614571554 13.941484561190011 11.140976952388881
leaf_count=413 183 216 401 252 4204 122 187 72
internal_value=-0.000145221 0.000260229 -0.000253816 0.00487507 -0.00126541 0.00852322 0.000184405 -0.0124454
internal_weight=749.371 726.248 684.398 111.794 572.604 41.8495 22.2215 23.123
internal_count=6050 5795 5270 653 4617 525 309 255
is_linear=0
shrinkage=0.04


Tree=283
num_leaves=10
num_cat=0
split_feature=151 161 170 160 54 158 89 108 130
split_gain=3.35668 4.01803 3.18229 3.28789 3.42036 3.28404 2.97688 2.95731 2.11058
threshold=0.5634920634920636 -0.13344630204565486 0.23205128205128209 -0.30577572607061815 0.46818181818181831 1.055855278516767 244.50000000000003 0.0028435420244932179 0.17028985507246377
decision_type=10 2 8 2 10 2 8 10 10
left_child=2 -2 5 6 -5 7 -4 -1 -7
right_child=1 -3 3 4 -6 8 -8 -9 -10
leaf_value=-0.012851652846158593 0.023961844985840065 -0.0050570550463345789 -0.018068883103286221 0.0054062595721914089 -0.0092043952268604876 -0.0022446817768252288 -0.00067277251647928976 -0.00071788655473985544 0.025336278530250809
leaf_weight=67.572529050521553 19.609291823580865 11.49286696128547 19.780139677226543 263.66868456918746 27.385497432202101 8.5073132468387502 66.328796005807817 61.414440770633519 7.7082280851900569
leaf_count=712 204 144 157 2124 152 172 1555 726 104
internal_value=0.000798426 0.013353 2.30083e-05 0.0019643 0.00399788 -0.00498475 -0.00485336 -0.00713977 0.0114602
internal_weight=553.468 31.1022 522.366 377.163 291.054 145.203 86.1089 128.987 16.2155
internal_count=6050 348 5702 3988 2276 1714 1712 1438 276
is_linear=0
shrinkage=0.04


Tree=284
num_leaves=13
num_cat=0
split_feature=162 86 2 25 2 38 171 15 74 179 46 62
split_gain=2.58589 3.99541 3.84811 3.72406 2.65353 2.22639 2.16115 2.27925 3.67248 1.44073 1.02865 0.693202
threshold=-0.2779345726486035 4.5000000000000009 3.9945242984257363 1.5000000000000002 7.7590691307323754 -0.22458304009875377 0.43826219512195125 -0.53306689561282694 196.50000000000003 0.15587044534412958 -15.49269232198685 -261.93055555555549
decision_type=2 10 8 2 10 2 10 10 10 10 8 10
left_child=6 5 3 -3 -4 -2 7 8 -1 -8 -9 -7
right_child=1 2 4 -5 -6 11 9 10 -10 -11 -12 -13
leaf_value=0.0044786804512634802 0.0012298760493645092 -0.00061711111973370271 0.0087942934731204455 -0.010329765249064322 -0.0042185113336373672 -0.021634013871628312 -0.011333747625619702 0.0091459299617328935 0.024954418075546405 0.0050632147941152604 -0.0040192860176970465 -0.010286175675125424
leaf_weight=37.142219305038452 16.03337923809886 422.11071769893169 99.766866762191057 73.430913832038641 32.468836642801762 19.866792785003781 18.348161485046148 13.0934138931334 22.390027429908514 14.401485931128262 28.055030230432749 22.487321332097054
leaf_count=280 127 3074 606 408 212 130 183 187 173 140 401 129
internal_value=-0.000404257 -0.00139858 -0.000456402 -0.0020783 0.00557647 -0.0113168 0.00466652 0.00755923 0.0124977 -0.00412763 0.00024003 -0.0160314
internal_weight=819.595 686.165 627.777 495.542 132.236 58.3875 133.43 100.681 59.5322 32.7496 41.1484 42.3541
internal_count=6050 4686 4300 3482 818 386 1364 1041 453 323 588 259
is_linear=0
shrinkage=0.04


Tree=285
num_leaves=8
num_cat=0
split_feature=54 54 54 169 58 62 145
split_gain=2.34075 2.90453 3.60727 3.66199 2.52894 2.93935 2.85963
threshold=0.54772727272727284 0.2062447786131997 0.17568226120857702 0.17823529411764708 319.00000000000006 100.27179487179488 0.96325377939743484
decision_type=10 10 10 8 10 8 8
left_child=1 2 3 -1 5 -3 -6
right_child=-2 4 -4 -5 6 -7 -8
leaf_value=-0.0093597993519041085 0.012338660657352301 -0.013914508556680166 0.017072387140809074 0.0011062838485646764 -0.0065892885192836486 0.0040535876489286278 0.014030796974285744
leaf_weight=58.579796133562922 22.302998419851065 65.714073423296213 19.592293011024594 522.15331325680017 25.250497514382005 17.940357804298401 17.209850972518325
leaf_count=527 187 589 167 3999 242 151 188
internal_value=-0.000137116 -0.000539329 0.000619732 3.28349e-05 -0.00603384 -0.0100351 0.00185288
internal_weight=748.743 726.44 600.325 580.733 126.115 83.6544 42.4603
internal_count=6050 5863 4693 4526 1170 740 430
is_linear=0
shrinkage=0.04


Tree=286
num_leaves=9
num_cat=0
split_feature=151 161 170 133 158 108 56 180
split_gain=3.16669 3.7831 3.02255 4.2256 3.13428 2.84579 2.81085 1.89002
threshold=0.5634920634920636 -0.13344630204565486 0.23205128205128209 1.1014705882352944 1.055855278516767 0.0028435420244932179 1.5000000000000002 0.29285714285714287
decision_type=10 2 8 8 2 10 8 8
left_child=2 -2 4 -4 5 -1 -5 -6
right_child=1 -3 3 6 7 -7 -8 -9
leaf_value=-0.012627132314345082 0.023162282999486417 -0.0049668313047937377 0.020738624305313192 0.002465609913150358 -0.0017998333779463392 -0.00070326380208661781 -0.0072096254169138983 0.024265644585349633
leaf_weight=67.126831504516304 19.756741276010874 11.473436098545788 17.146555684506893 304.34093762468547 8.5534084485843795 61.374019354581833 55.971008483320475 7.7295934595167628
leaf_count=712 204 144 105 3295 170 726 588 106
internal_value=0.000764311 0.0129326 9.49727e-06 0.00189835 -0.00488036 -0.00699696 0.000941325 0.0111459
internal_weight=553.473 31.2302 522.242 377.459 144.784 128.501 360.312 16.283
internal_count=6050 348 5702 3988 1714 1438 3883 276
is_linear=0
shrinkage=0.04


Tree=287
num_leaves=13
num_cat=0
split_feature=162 164 107 55 14 172 73 172 52 56 89 172
split_gain=2.4316 3.51799 2.78002 2.59372 4.63168 2.54217 2.25739 2.95826 2.5123 3.21074 1.86167 0.842214
threshold=-0.2779345726486035 -0.24321159605179501 -0.023104738724558201 -0.10000000000000002 -0.85365786966329282 0.24068965517241384 331.00000000000006 0.22401433691756276 -0.27207792207792197 1.5000000000000002 399.50000000000006 0.55718954248366026
decision_type=2 2 10 10 10 10 10 8 10 8 10 8
left_child=1 3 -3 4 -1 -5 8 -8 11 -10 -4 -2
right_child=6 2 10 5 -6 -7 7 -9 9 -11 -12 -13
leaf_value=0.032914348259080739 -0.017668309979535196 0.0097737012901288316 -0.019819970397994709 0.01340703043839241 0.0004991897190207412 -0.0035706653898836638 -0.0031190704473975572 0.015123840694373893 -0.0025338352576802924 0.0062250325128396077 -0.0012992538168657927 -0.0048087595278664417
leaf_weight=15.798894770443441 19.559904236346483 15.666394427418707 15.597734611481426 25.147987212985754 12.4294051900506 29.673054382205009 26.763885073363781 28.342014815658331 519.00364399328828 75.796895191073418 19.053735867142677 16.030940640717745
leaf_count=99 139 154 90 263 182 323 227 235 3434 521 253 130
internal_value=-0.000389073 0.00452895 -0.0037439 0.00955001 0.0192152 0.00428232 -0.00135402 0.00633029 -0.00203788 -0.00140574 -0.0100142 -0.0122204
internal_weight=818.864 133.367 50.3179 83.0493 28.2283 54.821 685.497 55.1059 630.391 594.801 34.6515 35.5908
internal_count=6050 1364 497 867 281 586 4686 462 4224 3955 343 269
is_linear=0
shrinkage=0.04


Tree=288
num_leaves=12
num_cat=0
split_feature=52 169 2 90 46 169 163 52 87 177 86
split_gain=3.89642 4.08723 3.95238 3.61956 3.1712 3.03246 3.00914 2.89807 3.47535 3.03505 1.05187
threshold=0.20856227106227113 0.22902097902097904 1.9863107460643408 112.50000000000001 -42.344552869648275 0.21240601503759401 -0.26250471929719227 0.071428571428571466 0.94590643274853814 inf 12.500000000000002
decision_type=10 8 10 10 10 10 2 8 10 8 10
left_child=1 7 4 -4 -3 -2 -7 9 -9 -1 -8
right_child=5 2 3 -5 -6 6 10 8 -10 -11 -12
leaf_value=-0.0024852119635484261 0.0067596869834021809 0.0070778776215729335 -0.013671342875720069 0.00048917048311632682 -0.00092936781247858111 0.00083036213134357064 -0.010248706001843966 0.013615420029897778 -0.0091230575205790716 -0.016436626612416572 -0.02289772787964629
leaf_weight=56.150265058502555 16.669972287490964 259.71929433196783 36.898812144994736 120.10136555880308 112.72260937839746 20.793092884123325 23.703627394512296 23.332594487816095 18.263830402866006 45.123158618807793 25.30838630720973
leaf_count=773 156 1151 129 1067 1733 227 115 198 190 226 167
internal_value=-0.000242 0.000787413 0.00241075 -0.0028917 0.00465306 -0.00818568 -0.011828 -0.00518932 0.00360484 -0.00882086 -0.0171475
internal_weight=758.787 672.312 529.442 157 372.442 86.4751 69.8051 142.87 41.5964 101.273 49.012
internal_count=6132 5467 4080 1196 2884 665 509 1387 388 999 282
is_linear=0
shrinkage=0.04


Tree=289
num_leaves=13
num_cat=0
split_feature=0 141 56 171 175 151 119 89 86 89 2 54
split_gain=4.0814 3.75744 3.58702 4.82008 4.44609 4.6221 3.35972 3.28944 2.77196 2.95203 1.61053 0.928538
threshold=-6.4999999999999991 0.90454545454545465 1.5000000000000002 0.06458333333333334 3.5000000000000004 0.34057971014492755 0.69615384615384623 55.500000000000007 14.500000000000002 1462.5000000000002 -2.6050650239561945 -1.0000000180025095e-35
decision_type=10 8 10 8 10 8 10 8 10 8 10 10
left_child=1 8 3 10 6 -6 -4 -5 9 -1 -2 -3
right_child=2 11 4 7 5 -7 -8 -9 -10 -11 -12 -13
leaf_value=0.015427335454023304 -0.00057802147684369719 -0.010027062078757755 -0.021832339479622553 0.023070097383319312 -0.011148129309187953 0.023068718224767141 0.0034642021637455865 0.0030762421337533524 -0.015713920967159966 -0.010162690924624044 -0.016974225396699637 -0.022832390077265986
leaf_weight=19.612814778462056 16.097807728685439 21.732077715918422 31.059743536636233 12.745680706575511 11.634810882620515 11.674304611980913 10.872919781133531 359.30075298156589 11.557192808948455 10.154316224157808 23.96393299754709 20.782090067863464
leaf_count=265 301 153 355 55 172 69 152 3685 184 175 468 98
internal_value=-0.000422236 -0.00850973 0.00100884 0.00239613 -0.00762787 0.006151 -0.0152986 0.00382657 7.84467e-05 0.00658635 -0.0106091 -0.0167135
internal_weight=561.188 83.8385 477.35 412.108 65.2418 23.3091 41.9327 372.046 41.3243 29.7671 40.0617 42.5142
internal_count=6132 875 5257 4509 748 241 507 3740 624 440 769 251
is_linear=0
shrinkage=0.04


Tree=290
num_leaves=10
num_cat=0
split_feature=52 63 174 62 63 107 56 62 170
split_gain=3.13433 3.47309 3.16074 6.39154 2.70139 3.70968 3.64383 2.57561 2.09569
threshold=0.20856227106227113 689.53093949208824 0.70479302832244028 89.178409090909113 434.81083102827398 -0.029783376981780348 3.5000000000000004 -58.986111111111107 0.32738095238095244
decision_type=8 2 10 10 2 10 10 8 10
left_child=1 4 7 8 6 -6 -1 -2 -4
right_child=2 -3 3 -5 5 -7 -8 -9 -10
leaf_value=0.00043415243319042606 -0.011804472261942546 0.013868137243391308 0.0297971305043278 -0.0041616563881457236 -0.020891029219574666 -0.0016791045193830171 -0.015315154465510126 0.0064074052112909922 0.01183093584904083
leaf_weight=592.83837625011802 20.671386811882257 24.920432638376951 20.951934862881899 25.486226670444012 23.865751530975103 46.817657206207514 23.47026539221406 28.060838054865599 25.052430953830481
leaf_count=4679 132 94 129 185 120 227 188 208 170
internal_value=0.000508014 -0.000501104 0.00645496 0.0117547 -0.00104465 -0.00839472 -0.000186211 -0.00135958 0.0205157
internal_weight=832.135 711.912 120.223 71.4906 686.992 70.6834 616.309 48.7322 46.0044
internal_count=6132 5308 824 484 5214 347 4867 340 299
is_linear=0
shrinkage=0.04


Tree=291
num_leaves=8
num_cat=0
split_feature=109 171 52 179 52 90 86
split_gain=3.77124 3.51355 3.65354 2.63036 2.28204 2.22949 1.7389
threshold=1.0000000180025095e-35 0.68990384615384626 0.20856227106227113 0.55050505050505061 0.24343434343434348 308.50000000000006 7.5000000000000009
decision_type=2 10 10 10 10 10 10
left_child=1 2 3 -1 -4 -3 -2
right_child=6 5 4 -5 -6 -7 -8
leaf_value=0.00088916028620768652 -0.026190955395034143 -0.025244984878284155 -0.016305025493870976 0.0088986227110675886 -0.0019521696339859008 -0.0025560847992001268 -0.0041847716535372169
leaf_weight=557.86737357079983 11.49860285036266 12.56417925655842 27.854116529226303 73.543136939406395 47.772270807996392 15.134630745276807 11.940642869099973
leaf_count=4281 130 73 216 764 362 174 132
internal_value=-0.000232618 0.000278505 0.000836927 0.00183782 -0.0074084 -0.0134385 -0.0156921
internal_weight=758.175 734.736 707.037 631.411 75.6264 27.6988 23.4392
internal_count=6132 5870 5623 5045 578 247 262
is_linear=0
shrinkage=0.04


Tree=292
num_leaves=13
num_cat=0
split_feature=180 139 135 67 63 71 158 154 144 79 68 68
split_gain=3.68409 3.52742 3.90276 3.79384 3.71585 2.84127 2.57258 2.56653 2.38402 2.60665 2.1594 1.532
threshold=0.34523809523809529 2.2164664280506678 2.4004365223717721 24.8993839835729 344.66627898010552 18.500000000000004 0.11427885209929056 0.075456385016594615 0.37321428571428578 0.4045454545454546 23.915126625598909 24.837782340862429
decision_type=10 10 8 10 2 8 2 2 10 8 10 10
left_child=1 2 11 -4 10 -6 8 -8 -2 -10 -3 -1
right_child=6 4 3 -5 5 -7 7 -9 9 -11 -12 -13
leaf_value=0.0010739494917225846 0.01634746686265871 -0.018631528341931668 0.0077480704521217907 -0.0037953638587913956 0.025014220354633774 0.0041898029335558059 0.030178053773404035 0.0059437396238493766 0.0060008065103554636 -0.016852673597374464 0.0014884060375599745 -0.015639031802383078
leaf_weight=10.179801410064099 11.471754379570482 8.7182203829288465 54.364404423162341 255.15293021686375 18.479443715885282 24.381010571494699 12.347651910036804 16.5514867156744 16.804386429488662 13.487446339800952 68.608994674868882 50.101639195345342
leaf_count=73 117 50 307 2692 116 159 155 227 311 137 1109 679
internal_value=-0.000406938 -0.00164618 -0.00358254 -0.00174298 0.00427556 0.0135795 0.00806134 0.0170282 0.0015567 -0.00432418 -0.00096338 -0.0128126
internal_weight=560.649 489.986 369.799 309.517 120.188 42.8605 70.6627 28.8991 41.7636 30.2918 77.3272 60.2814
internal_count=6132 5185 3751 2999 1434 275 947 382 565 448 1159 752
is_linear=0
shrinkage=0.04


Tree=293
num_leaves=13
num_cat=0
split_feature=2 1 6 143 50 51 90 133 86 87 73 7
split_gain=4.89014 3.18673 3.45381 3.00897 4.20403 3.00476 2.69753 2.82758 2.20746 2.01217 1.53166 1.00352
threshold=1.7371663244353199 -1.0000000180025095e-35 -0.3311403508771929 0.84292763157894746 3.5000000000000004 -5.4999999999999991 55.500000000000007 2.6866217958523637 10.500000000000002 0.84105263157894739 127.50000000000001 0.028991596638655474
decision_type=10 8 10 8 10 8 8 8 10 8 10 10
left_child=5 2 8 9 -5 10 -7 -8 -2 -3 -1 -4
right_child=1 3 11 4 -6 6 7 -9 -10 -11 -12 -13
leaf_value=0.018297389633461 0.008769342549558445 -0.010184480440825388 -0.0040004748488930006 0.013599958678531393 -0.0060268141390416767 0.010996988295654821 -0.009021725102136835 -0.0014519931461350055 0.023999120186154136 0.0020210431697069474 0.00038993923590507971 0.010459514947690698
leaf_weight=16.520804446190599 35.340298499912024 39.214536018669605 24.538487687706947 52.117650330066681 25.143821708858013 22.386714592576027 96.663321681320667 420.74206486716866 29.506522573530674 45.673629771918058 14.046299189329146 9.9693230763077718
leaf_count=103 157 321 349 261 116 80 903 3051 117 393 140 141
internal_value=0.000488861 0.00500936 0.0106161 0.00151762 0.00719171 -0.00158538 -0.00228604 -0.00288473 0.0159888 -0.00364701 0.0104049 0.000297617
internal_weight=831.863 261.504 99.3546 162.15 77.2615 570.359 539.792 517.405 64.8468 84.8882 30.5671 34.5078
internal_count=6132 1855 764 1091 377 4277 4034 3954 274 714 243 490
is_linear=0
shrinkage=0.04


Tree=294
num_leaves=8
num_cat=0
split_feature=109 171 52 2 62 90 86
split_gain=3.61045 3.36659 3.44595 3.46047 2.5714 2.16366 1.69833
threshold=1.0000000180025095e-35 0.68990384615384626 0.20856227106227113 2.0561259411362074 169.23876123876127 308.50000000000006 7.5000000000000009
decision_type=2 10 10 10 10 10 10
left_child=1 2 3 -1 -4 -3 -2
right_child=6 5 4 -5 -6 -7 -8
leaf_value=0.0036971028927915168 -0.025896454649176087 -0.024960559067034885 -0.010948514861640387 -0.0027880793945400328 0.0068844781124877963 -0.0025163132702392212 -0.0040630945158940512
leaf_weight=445.99561258591712 11.324534319341184 12.3670119214803 59.851650912314653 185.41589684411883 15.545815255492924 15.121180873364208 11.901976147666572
leaf_count=3524 130 73 451 1521 127 174 132
internal_value=-0.000225803 0.000272416 0.00081734 0.00178815 -0.00720346 -0.013206 -0.0154204
internal_weight=757.524 734.297 706.809 631.412 75.3975 27.4882 23.2265
internal_count=6132 5870 5623 5045 578 247 262
is_linear=0
shrinkage=0.04


Tree=295
num_leaves=11
num_cat=0
split_feature=0 141 56 56 90 89 91 1 20 54
split_gain=3.86208 3.56318 3.42745 4.17319 2.85994 2.68605 2.69609 2.64162 2.39844 0.912473
threshold=-6.4999999999999991 0.90454545454545465 1.5000000000000002 3.5000000000000004 126.50000000000001 77.500000000000014 785.58518437912369 -20.499999999999996 -0.2110269599423801 -1.0000000180025095e-35
decision_type=10 8 10 10 10 8 2 10 10 10
left_child=1 7 5 4 -4 -2 -7 -1 -9 -3
right_child=2 9 3 -5 -6 6 -8 8 -10 -11
leaf_value=0.016674716523877416 0.015490221604325923 -0.0096970668217730271 -0.031707119224899619 0.0086596805363066895 -0.0079933295304113437 0.016220086963306214 0.0007856641951766531 -0.014777355739836455 0.0071703133554089603 -0.022428271018314617
leaf_weight=10.355498494580386 22.518771842122078 21.522253751754761 10.031739132478831 17.733024143613875 37.122323476709425 18.073593944311142 371.27767167706043 18.257317892275751 12.64770942181349 20.54035884514451
leaf_count=80 97 153 52 176 520 183 4229 254 290 98
internal_value=-0.000393869 -0.00828808 0.000996081 -0.00747168 -0.0136335 0.00234982 0.00154697 6.23711e-05 -0.00578949 -0.016337
internal_weight=560.08 83.3231 476.757 64.8871 47.1541 411.87 389.351 41.2605 30.905 42.0626
internal_count=6132 875 5257 748 572 4509 4412 624 544 251
is_linear=0
shrinkage=0.04


Tree=296
num_leaves=11
num_cat=0
split_feature=2 94 86 147 51 176 143 134 36 143
split_gain=4.60928 3.11361 3.45045 4.89964 2.83726 3.16045 2.93869 2.53906 1.35962 0.843418
threshold=1.7371663244353199 4.0000000000000009 13.500000000000002 31.199625234228609 -5.4999999999999991 3.5000000000000004 0.9298029556650248 3.1127416035616773 0.15745359896049302 0.80140845070422551
decision_type=10 2 10 8 8 8 10 8 2 8
left_child=4 2 7 -4 8 6 -6 -2 -1 -7
right_child=1 -3 3 -5 5 9 -8 -9 -10 -11
leaf_value=0.017522003200852107 -0.0069266509323956098 -0.011024353931123797 0.0062334992685417747 0.029276640987560425 -0.00053782522557298891 -0.020094068257828085 -0.012280500057183414 0.0053090877746440179 0.00061802719686954535 -0.0069807815487809436
leaf_weight=16.574974283576015 32.456484515219927 17.396222788840532 48.464777309447527 20.952004697173834 468.66616149246693 16.70628334581852 35.831754077225924 142.05512710660696 14.011631205677984 18.226912766695023
leaf_count=119 361 206 405 78 3412 157 366 805 124 99
internal_value=0.000473687 0.00486406 0.00604573 0.013534 -0.00154057 -0.00222215 -0.00139844 0.00299553 0.0101064 -0.0136924
internal_weight=831.342 261.325 243.928 69.4168 570.018 539.431 504.498 174.512 30.5866 34.9332
internal_count=6132 1855 1649 483 4277 4034 3778 1166 243 256
is_linear=0
shrinkage=0.04


Tree=297
num_leaves=8
num_cat=0
split_feature=52 171 169 163 63 102 171
split_gain=3.23858 4.75286 2.87207 2.87655 2.77286 3.1873 0.930023
threshold=0.20856227106227113 0.68990384615384626 0.21240601503759401 -0.26250471929719227 689.53093949208824 1.0000000180025095e-35 0.1526806526806527
decision_type=10 10 10 2 2 2 10
left_child=1 4 -2 -4 5 -1 -5
right_child=2 -3 3 6 -6 -7 -8
leaf_value=0.0010625338252188839 0.007076895576488329 -0.017288727897880499 0.001310866275099972 -0.0093672904139682905 -0.012381444405967112 0.012327602072765587 -0.021409083511874628
leaf_weight=585.66949883848429 16.548392878845334 21.656478164717555 20.674020923674107 21.872766621410847 21.703706912696362 42.238698683679104 26.56845735013485
leaf_count=4838 156 205 227 114 92 332 168
internal_value=-0.000219402 0.00071635 -0.00749878 -0.0110683 0.00134532 0.0018419 -0.0163117
internal_weight=756.932 671.268 85.6636 69.1152 649.612 627.908 48.4412
internal_count=6132 5467 665 509 5262 5170 282
is_linear=0
shrinkage=0.04


Tree=298
num_leaves=12
num_cat=0
split_feature=0 56 56 75 87 136 119 54 157 1 2
split_gain=3.67889 3.25399 3.98791 3.23177 2.8561 3.2133 2.28105 2.24353 2.19285 3.44973 1.24753
threshold=-6.4999999999999991 1.5000000000000002 3.5000000000000004 1.5000000000000002 0.71651785714285732 1.8946253207689834 0.69615384615384623 0.032732919254658398 -0.31476704480079826 -12.499999999999998 -0.23408624229979577
decision_type=10 10 10 2 8 10 10 8 2 10 8
left_child=3 4 6 10 5 -2 -3 -6 -5 -10 -1
right_child=1 2 -4 8 7 -7 -8 -9 9 -11 -12
leaf_value=-0.0081521453083932324 0.021903758131234019 -0.018491090182822346 0.0084293153144907457 -0.014231622961291976 -0.0027606645792059891 -0.002179509899763381 0.0012672214619679466 0.0036116926898586551 0.022942867976941957 -0.0054525154732321867 -0.021786274192178788
leaf_weight=25.077144261449575 22.419009901583195 34.574568290263414 17.792713290080428 9.8579598506912571 139.6756958141923 13.765666222199796 12.264958798885344 236.27751310914755 11.137372147291897 14.836028182879092 21.991733334958553
leaf_count=158 116 396 176 187 2181 214 176 1998 142 265 123
internal_value=-0.000376498 0.000977048 -0.00729204 -0.00810362 0.00229317 0.0128758 -0.0133572 0.00123786 0.000912091 0.00704842 -0.0148847
internal_weight=559.67 476.77 64.6322 82.9002 412.138 36.1847 46.8395 375.953 35.8314 25.9734 47.0689
internal_count=6132 5257 748 875 4509 330 572 4179 594 407 281
is_linear=0
shrinkage=0.04


Tree=299
num_leaves=13
num_cat=0
split_feature=2 1 45 143 52 141 51 176 143 7 138 36
split_gain=4.25236 3.01897 3.26556 2.79743 3.2609 2.94416 2.66836 3.01225 2.79306 1.39632 1.35569 1.29627
threshold=1.7371663244353199 -1.0000000180025095e-35 43.051161201583803 0.84292763157894746 0.035830999066293175 0.42444997924449984 -5.4999999999999991 3.5000000000000004 0.9298029556650248 0.048809523809523837 0.35455638111888116 0.15745359896049302
decision_type=10 8 8 8 8 10 8 8 10 10 10 2
left_child=6 2 9 5 -5 -3 11 8 -8 -2 -9 -1
right_child=1 3 -4 4 -6 -7 7 10 -10 -11 -12 -13
leaf_value=0.017051273629522284 -0.0040474510716076604 0.0025145435505246924 0.015744091250339903 0.00021171723639237691 0.017016435129372405 -0.012433374141235361 -0.00049858408392432425 -0.019992770426694225 -0.011956970256853092 0.012464945877066112 -0.0037264458175135613 0.00054951245441525135
leaf_weight=16.583318743854765 27.014912031590939 49.844450116157532 61.510709583759308 47.970080386847258 29.328093055635691 35.001558560878038 468.50754875317216 19.861781023442745 35.760566141456366 10.562987785786389 14.982286825776098 14.013462357223032
leaf_count=119 384 406 229 234 143 308 3412 85 366 151 171 124
internal_value=0.000456021 0.00467368 0.0101402 0.00127907 0.00674912 -0.00370163 -0.00147923 -0.00214081 -0.00133718 0.000745065 -0.0133534 0.00981328
internal_weight=830.942 261.233 99.0886 162.144 77.2982 84.846 569.709 539.112 504.268 37.5779 34.8441 30.5968
internal_count=6132 1855 764 1091 377 714 4277 4034 3778 535 256 243
is_linear=0
shrinkage=0.04


Tree=300
num_leaves=8
num_cat=0
split_feature=135 134 156 79 174 135 91
split_gain=3.23153 3.24197 3.14824 2.93591 4.16442 2.30604 1.21409
threshold=5.1855542541020077 5.4831691670038074 1.7225276074716842 0.37171052631578955 0.69397993311036799 2.7528889404799912 1103.2130015765122
decision_type=10 8 2 10 8 10 2
left_child=2 6 3 4 -1 -5 -2
right_child=1 -3 -4 5 -6 -7 -8
leaf_value=0.0023808014521932669 -0.012509099020873431 0.018319115874459797 0.015183105313736504 0.0089098872415338433 -0.0054047714165654905 -0.0018319475571358464 0.0062895267786278889
leaf_weight=147.56928418204188 9.5993930138647574 25.544959438964725 16.156751442700624 60.538670986890793 421.08920537680387 65.481024775654078 10.377708066254852
leaf_count=1178 156 113 151 597 3087 706 161
internal_value=-0.00106862 0.00914086 -0.00173717 -0.00215483 -0.00338024 0.0033421 -0.00281395
internal_weight=756.357 45.5221 710.835 694.678 568.658 126.02 19.9771
internal_count=6149 430 5719 5568 4265 1303 317
is_linear=0
shrinkage=0.04


Tree=301
num_leaves=13
num_cat=0
split_feature=170 160 120 135 170 135 79 171 90 43 89 129
split_gain=3.95359 3.54118 4.11745 3.81451 4.07598 3.52545 3.50255 3.01425 2.51377 2.76618 2.56405 0.706508
threshold=0.23904761904761906 -0.27057959323794528 0.095454545454545472 3.9911734917914363 0.38585607940446659 2.4738855906228938 0.44949494949494956 0.096875000000000017 371.50000000000006 -0.033152341642298688 392.50000000000006 1.0000000180025095e-35
decision_type=8 2 8 10 8 10 8 10 10 2 10 8
left_child=7 2 -2 5 -5 -3 -4 11 10 -10 -9 -1
right_child=1 3 6 4 -6 -7 -8 8 9 -11 -12 -13
leaf_value=-0.006578297801411578 0.016572240816489489 0.0038042961224290313 -4.8586276832180787e-05 0.011544580511634961 -0.015296909420063018 0.014183203961763051 -0.016511554324159756 -0.001008508271316834 -0.007528900699992601 0.0085798568648652648 -0.016673354757865255 -0.024613297863275829
leaf_weight=6.417306185700002 12.706801451742647 192.42363198008388 49.04510401468724 12.534557554870842 26.537738602608442 72.048802906647325 35.067308330908418 38.185248497873545 25.883100119419396 45.556693666614592 29.349218187853694 12.453193508088587
leaf_count=141 213 1131 1131 169 326 771 549 177 433 674 221 213
internal_value=0.000714753 0.00283062 -0.00379073 0.00495466 -0.00656293 0.00668208 -0.00704902 -0.00462346 -0.00250398 0.00269257 -0.00798929 -0.0192205
internal_weight=558.209 400.364 96.8192 303.545 39.0723 264.472 84.1124 157.845 138.974 71.4398 67.5345 18.8705
internal_count=6149 4290 1893 2397 495 1902 1680 1859 1505 1107 398 354
is_linear=0
shrinkage=0.04


Tree=302
num_leaves=9
num_cat=0
split_feature=86 176 19 49 141 0 154 129
split_gain=3.33618 3.73475 2.65431 2.0215 3.9364 2.68528 1.60908 0.850163
threshold=26.500000000000004 3.5000000000000004 -0.38658008658008652 -8.4999999999999982 0.7417989417989419 1.0000000180025095e-35 1.0000000180025095e-35 0.12771739130434787
decision_type=10 8 10 8 10 10 2 10
left_child=1 3 -2 5 -5 -1 -3 -4
right_child=2 6 7 4 -6 -7 -8 -9
leaf_value=-0.000582196601346954 0.017373973779402373 -0.016268529152776462 0.0065225593474555364 0.00081656039948248846 -0.010266657344488325 0.015283463339326894 -0.00062950895447925603 -0.010254577130187988
leaf_weight=34.574934102594852 31.150382850319147 30.475956331938505 8.6247078068554419 612.38122751936316 54.945634048432112 32.136044211685658 16.349256902933121 8.6493672952055913
leaf_count=262 141 171 122 4446 451 260 175 121
internal_value=0.000490949 -0.000144244 0.0105698 0.00055808 -0.000107001 0.00714392 -0.0109772 -0.00187
internal_weight=829.288 780.863 48.4245 734.038 667.327 66.711 46.8252 17.2741
internal_count=6149 5765 384 5419 4897 522 346 243
is_linear=0
shrinkage=0.04


Tree=303
num_leaves=6
num_cat=0
split_feature=156 54 40 0 1
split_gain=2.78896 2.61819 2.96935 2.86002 2.35856
threshold=1.7755524982644977 0.52414252414252427 0.80303694537980463 11.500000000000002 9.0000000000000018
decision_type=2 10 2 10 8
left_child=1 2 3 -1 -4
right_child=-2 -3 4 -5 -6
leaf_value=-0.0034534726252022779 0.015226000758286768 0.01142192261244483 0.0084790093312939151 0.0089894362580053566 -0.0057083030214053797
leaf_weight=592.21924921125174 15.512825282290576 23.65152096003294 69.733232449740171 30.082091026008129 24.541937697678804
leaf_count=4658 151 210 746 194 190
internal_value=-0.00102587 -0.00138924 -0.0018302 -0.00283532 0.00474359
internal_weight=755.741 740.228 716.577 622.301 94.2752
internal_count=6149 5998 5788 4852 936
is_linear=0
shrinkage=0.04


Tree=304
num_leaves=7
num_cat=0
split_feature=57 86 108 145 91 173
split_gain=3.7244 3.25301 2.98437 3.0619 2.55717 1.89451
threshold=2816.0000000000005 27.500000000000004 -0.47129629552364344 4.1119481068443759 800.36927637430745 0.82247899159663873
decision_type=10 8 10 10 2 10
left_child=1 2 4 -4 -1 -3
right_child=-2 5 3 -5 -6 -7
leaf_value=0.019762688366748243 0.021967591079911621 -0.023058243917134628 -0.00061789471064824849 0.017605900490039142 0.00073447494923657372 -0.0022886739553356359
leaf_weight=22.771278958767653 11.853031233884392 13.5604604780674 459.03004951402545 14.239716149866579 22.124074484221637 14.513694723136721
leaf_count=78 164 181 5208 120 233 165
internal_value=0.00068313 0.000178318 0.000910745 -2.93951e-05 0.0106496 -0.0128377
internal_weight=558.092 546.239 518.165 473.27 44.8954 28.0742
internal_count=6149 5985 5639 5328 311 346
is_linear=0
shrinkage=0.04


Tree=305
num_leaves=9
num_cat=0
split_feature=73 86 176 73 107 88 1 39
split_gain=3.51586 2.75724 3.61647 2.86922 3.44867 2.68573 1.59579 1.11739
threshold=63.500000000000007 26.500000000000004 3.5000000000000004 98.500000000000014 -0.016371642979340791 0.648090815273478 1.0000000180025095e-35 -0.081561256240687427
decision_type=8 10 8 10 10 10 8 2
left_child=7 2 5 -3 -5 -2 -4 -1
right_child=1 3 6 4 -6 -7 -8 -9
leaf_value=-0.020320497969779562 0.012610279965249865 0.022393129404005813 -0.0014703193454370885 -0.012573415846816679 0.014309919572640882 0.00055080670231105657 -0.016761984794736288 -0.0037652345771169477
leaf_weight=15.128896899521353 29.929811544716358 17.953168105334044 19.220059599727392 12.909408066421749 15.898293320089577 679.6846650056541 25.953387945890427 12.452196737751363
leaf_count=130 188 71 150 119 178 5008 180 125
internal_value=0.000472678 0.000965402 0.000372376 0.0102876 0.00217811 0.00107929 -0.0104719 -0.0133094
internal_weight=829.13 801.549 754.788 46.7609 28.8077 709.614 45.1734 27.5811
internal_count=6149 5894 5526 368 297 5196 330 255
is_linear=0
shrinkage=0.04


Tree=306
num_leaves=8
num_cat=0
split_feature=135 22 161 54 54 170 35
split_gain=2.99278 3.21192 3.07234 3.15283 2.52911 1.17712 0.962413
threshold=5.1855542541020077 11.831665046914598 2.3725154625174087 0.54772727272727284 0.38397435897435905 0.41522988505747133 -2.1714829537967257
decision_type=10 8 2 10 10 10 2
left_child=2 6 3 4 -1 -4 -2
right_child=1 -3 5 -5 -6 -7 -8
leaf_value=-0.0020227896339712953 0.0055086295280813834 0.018467444339985168 0.0024035589770789894 0.013163251740071028 -0.012937611495121253 0.019790233549858049 -0.010761918044132375
leaf_weight=629.44756380841136 10.890766004100444 24.344358082860708 12.364093046635391 19.867781784385443 35.063402913510799 12.938318900763987 10.331995662301777
leaf_count=4909 171 95 135 177 360 138 164
internal_value=-0.00098062 0.00883871 -0.00162546 -0.00214064 -0.0026203 0.0117846 -0.00245029
internal_weight=755.248 45.5671 709.681 684.379 664.511 25.3024 21.2228
internal_count=6149 430 5719 5446 5269 273 335
is_linear=0
shrinkage=0.04


Tree=307
num_leaves=10
num_cat=0
split_feature=170 160 120 79 63 58 50 172 178
split_gain=3.73001 3.30337 3.89948 3.35964 3.26109 3.15265 2.99764 2.58863 2.50205
threshold=0.23904761904761906 -0.27057959323794528 0.095454545454545472 0.44949494949494956 -384.2440233872228 -488.49999999999994 9.5000000000000018 0.11324786324786326 0.15587044534412958
decision_type=8 2 8 8 2 8 10 10 8
left_child=6 2 -2 -4 -3 -6 7 -1 -9
right_child=1 4 3 -5 5 -7 -8 8 -10
leaf_value=-0.022548546540120902 0.016019673624097116 0.021045425128476253 -5.7239332771018544e-05 -0.016236585514615168 -0.0084298440778433105 0.0051217772529899 0.014613116226134315 -0.01399331639768016 -0.0012015032049376517
leaf_weight=12.962184303440152 12.822879724204538 17.576643486507237 49.041592942550778 34.648292657919228 29.733267165720463 256.8890923531726 11.116041496396063 31.480913894250989 101.8151848744601
leaf_count=111 213 125 1131 549 387 1885 125 695 928
internal_value=0.000662996 0.00271462 -0.00369421 -0.00689186 0.00475993 0.0036846 -0.00453244 -0.00609049 -0.00431918
internal_weight=558.086 400.712 96.5128 83.6899 304.199 286.622 157.374 146.258 133.296
internal_count=6149 4290 1893 1680 2397 2272 1859 1734 1623
is_linear=0
shrinkage=0.04


Tree=308
num_leaves=11
num_cat=0
split_feature=86 19 56 182 50 90 111 52 2 129
split_gain=2.92632 2.45462 2.3124 3.78986 3.53799 4.00422 3.9476 3.50198 2.31511 0.8001
threshold=26.500000000000004 -0.38658008658008652 -1.0000000180025095e-35 0.31009615384615391 5.5000000000000009 147.50000000000003 1.0000000180025095e-35 0.2110102843315185 -0.9062286105407259 0.12771739130434787
decision_type=10 10 10 8 10 10 2 8 10 10
left_child=2 -2 3 8 6 -6 -4 -5 -1 -3
right_child=1 9 4 7 5 -7 -8 -9 -10 -11
leaf_value=-0.00095376462550184505 0.016430808131531721 0.0060893727335942314 0.0016970760382287243 -0.0085028419261556441 0.0095922108142403924 -0.0085254116132158081 0.013457562453140956 0.003117009568323348 0.014012059642562873 -0.010192067062251455
leaf_weight=39.121078852564096 31.143352210521698 8.6131053194403666 330.33182645216584 163.0580712929368 23.860867919400334 90.018529497087002 52.205060612410307 54.665634766221046 27.22131097689271 8.6435948722064477
leaf_count=408 141 122 2488 1021 92 791 373 319 273 121
internal_value=0.000444545 0.00988644 -0.000150318 -0.00302483 0.00149333 -0.00466141 0.00333816 -0.0055753 0.00527413 -0.00206776
internal_weight=828.882 48.4001 780.482 284.066 496.416 113.879 382.537 217.724 66.3424 17.2567
internal_count=6149 384 5765 2021 3744 883 2861 1340 681 243
is_linear=0
shrinkage=0.04


Tree=309
num_leaves=8
num_cat=0
split_feature=135 34 161 54 156 135 82
split_gain=2.83647 2.92719 2.90391 2.97138 3.27701 1.04761 1.01365
threshold=5.1855542541020077 0.04703585887796416 2.3725154625174087 0.54772727272727284 1.7225276074716842 2.7330592882706468 0.075498575498575513
decision_type=10 8 2 10 2 10 10
left_child=2 6 3 4 -1 -4 -2
right_child=1 -3 5 -5 -6 -7 -8
leaf_value=-0.0029891906793758161 0.00548322394239803 0.016968076565276796 0.018149494254912683 0.012735759766164657 0.014990718881971012 0.0015389361661410053 -0.012053963409914327
leaf_weight=648.04686350934207 9.704569650813939 26.557355675846338 14.500460345298054 19.996964147314429 15.622552713379262 10.782470405101774 9.3603499457240087
leaf_count=5128 162 128 146 177 141 127 140
internal_value=-0.00094321 0.00860978 -0.00157204 -0.00207331 -0.00254102 0.0114697 -0.003199
internal_weight=754.572 45.6223 708.949 683.666 663.669 25.2829 19.0649
internal_count=6149 430 5719 5446 5269 273 302
is_linear=0
shrinkage=0.04


Tree=310
num_leaves=14
num_cat=0
split_feature=170 160 135 170 135 171 90 62 43 20 37 160 155
split_gain=3.52383 3.13734 3.49005 3.88177 3.32495 2.89998 2.39289 3.42252 2.61182 2.36234 1.81479 1.72969 1.02699
threshold=0.23904761904761906 -0.27057959323794528 3.9911734917914363 0.38585607940446659 2.4738855906228938 0.096875000000000017 371.50000000000006 -24.215384615384604 -0.033152341642298688 0.32825213794363806 -0.63525340501681826 -1.1660366906221691 -0.08513568725995653
decision_type=8 2 10 8 10 10 10 10 2 10 2 2 2
left_child=5 9 4 -4 -3 12 7 -7 -8 10 -2 -11 -1
right_child=1 2 3 -5 -6 6 8 -9 -10 11 -12 -13 -14
leaf_value=-0.0059822035931280408 -0.018131396561765819 0.003471473280334605 0.011147484364293083 -0.015023112979470506 0.013513538424430083 -0.016115671692786458 -0.0072658648132302673 0.0017562588003370155 0.008415016345175259 -0.010945090209812608 -0.0034473965322436117 0.0099371430422743497 -0.026313413088839492
leaf_weight=7.4971064459532526 19.028110163286328 193.16483803652227 12.626337068155406 26.306513636372983 72.637610235251486 35.3492431063205 25.702678306028247 31.768391477875412 45.640555226244032 7.382231540977954 44.562387027777731 25.31199531070888 10.974137544631956
leaf_count=187 431 1131 169 326 771 211 433 187 674 155 828 479 167
internal_value=0.000641619 0.00263252 0.00462103 -0.00641901 0.0062636 -0.00441767 -0.00235033 -0.0077255 0.00271571 -0.00362326 -0.00808492 0.00497776 -0.0188951
internal_weight=557.952 401.02 304.735 38.9329 265.802 156.932 138.461 67.1176 71.3432 96.2847 63.5905 32.6942 18.4712
internal_count=6149 4290 2397 495 1902 1859 1505 398 1107 1893 1259 634 354
is_linear=0
shrinkage=0.04


Tree=311
num_leaves=7
num_cat=0
split_feature=73 57 86 2 73 39
split_gain=3.33849 3.24867 2.34753 2.99399 2.51244 1.13487
threshold=63.500000000000007 2816.0000000000005 26.500000000000004 1.7371663244353199 98.500000000000014 -0.063715975995208798
decision_type=8 10 10 10 10 2
left_child=5 2 3 -2 -4 -1
right_child=1 -3 4 -5 -6 -7
leaf_value=-0.020027621536122458 -0.00096390275904949133 -0.014563681724176741 0.021262020811056485 0.0045256817651349512 0.0022750819552872217 -0.003343013840216335
leaf_weight=15.213124614208938 503.60730007477105 20.138693545013666 17.946793287992477 230.89210684970021 28.441633559763432 12.254673127084969
leaf_count=132 3781 160 71 1586 296 123
internal_value=0.000424389 0.000904022 0.0013236 0.000762852 0.00995663 -0.013033
internal_weight=828.494 801.027 780.888 734.499 46.3884 27.4678
internal_count=6149 5894 5734 5367 367 255
is_linear=0
shrinkage=0.04


Tree=312
num_leaves=12
num_cat=0
split_feature=94 82 36 89 58 58 39 68 163 89 70
split_gain=2.66747 2.72531 3.21907 3.50538 3.47917 2.85191 1.83194 1.68453 1.48608 2.03269 1.27159
threshold=4.0000000000000009 0.15075757575757578 1.1995747180251253 1918.5000000000002 588.50000000000011 -988.49999999999989 0.50025676231050598 30.959616700889807 -0.24720747214566793 2403.5000000000005 34.500000000000007
decision_type=2 8 2 8 8 10 2 8 2 8 8
left_child=1 5 4 -4 -3 7 -7 -1 9 10 -2
right_child=8 2 3 -5 -6 6 -8 -9 -10 -11 -12
leaf_value=-0.0018958488825436346 0.0054923408249327732 -8.067076145391877e-05 -0.00141383094183347 -0.024018411039294595 0.0084741011288124168 -0.0044023822671077966 0.0052867533374927255 -0.018886918557166871 -0.0031625010183730607 -0.0020316687805039509 0.024037497484319235
leaf_weight=14.171383848413823 10.168004043400289 316.17239993810654 34.905338063836098 15.249601878225802 98.965573478490114 141.43242682516575 38.918980317190289 29.635814813897014 12.75102057866752 11.094756657257674 17.785745896399021
leaf_count=120 159 1881 262 125 508 1778 467 310 108 165 227
internal_value=-0.000274921 -0.000939821 0.000803096 -0.00866101 0.00196938 -0.00455403 -0.00228286 -0.0136 0.00838721 0.0121934 0.0177836
internal_weight=741.251 689.452 465.293 50.1549 415.138 224.159 180.351 43.8072 51.7995 39.0485 27.9537
internal_count=6110 5451 2776 387 2389 2675 2245 430 659 551 386
is_linear=0
shrinkage=0.04


Tree=313
num_leaves=13
num_cat=0
split_feature=58 130 2 168 43 56 36 103 85 108 177 59
split_gain=2.93723 4.00461 3.9355 3.85765 3.18604 2.90502 2.82185 2.56498 3.19378 2.63347 2.27091 1.52975
threshold=763.50000000000011 0.17519181585677754 1.225188227241617 -0.01105826184574994 0.04116469768908803 -1.0000000180025095e-35 0.66568017878505104 1.0000000180025095e-35 15.500000000000002 -0.19235491007566449 0.34313725490196084 -1.0000000180025095e-35
decision_type=8 10 10 2 2 10 2 2 10 8 10 10
left_child=3 2 11 7 5 -5 -4 8 -1 -9 -3 -2
right_child=1 10 6 4 -6 -7 -8 9 -10 -11 -12 -13
leaf_value=-0.0033083496193730771 -0.02311158266773124 0.019600771176280077 -0.0078685258441271253 0.0075097490522628265 0.016446000622521214 -0.00095216885751326188 0.012688915937138324 0.0080522247800881002 0.022006306449680789 -0.010243463595393749 -0.0080683893648831675 -0.0081112188010719517
leaf_weight=23.599422445520759 27.860957831144333 12.843190068379046 29.410265361890197 109.26577319204807 28.422925803810358 156.51565001253039 15.457498613744972 13.893982473760842 10.814699605107306 83.736331184394658 6.4123034002259365 20.853234011679888
leaf_count=448 225 212 318 887 206 1301 169 242 159 1595 167 181
internal_value=-0.000130861 -0.00584345 -0.00926958 0.00138684 0.00393618 0.00253423 -0.000620395 -0.00426511 0.00498712 -0.00756424 0.0103444 -0.0170229
internal_weight=539.086 112.837 93.582 426.249 294.204 265.781 44.8678 132.044 34.4141 97.6303 19.2555 48.7142
internal_count=6110 1272 893 4838 2394 2188 487 2444 607 1837 379 406
is_linear=0
shrinkage=0.04


Tree=314
num_leaves=10
num_cat=0
split_feature=68 93 170 56 174 54 1 137 143
split_gain=2.85266 3.33487 3.49773 3.27052 2.42736 2.419 2.17658 1.29696 1.15524
threshold=24.837782340862429 1.0000000180025095e-35 0.10172413793103451 -2.4999999999999996 0.83666666666666678 -0.038924963924963939 -10.499999999999998 0.4479583333333334 0.80140845070422551
decision_type=10 2 8 10 8 8 10 10 10
left_child=4 2 5 -4 -1 -2 -6 -3 -9
right_child=1 7 3 -5 6 -7 -8 8 -10
leaf_value=0.00075830875169654579 0.0044436079768658768 0.00011901617659202441 -0.0072114771328572469 0.001880085941609988 -0.020419712313342112 0.019294104905249656 -0.0028220147982774197 -0.019664262255499988 -0.0021723519378303393
leaf_weight=39.046790570020676 51.094847705215216 14.659449007362126 70.723314128816128 536.32245922647417 25.032735139131546 26.8581468090415 20.965318132191896 19.309022542089227 9.3732053451240045
leaf_count=206 388 172 532 3980 146 184 131 244 127
internal_value=0.00033981 0.00115438 0.00184252 0.000807474 -0.00654542 0.00976514 -0.0126722 -0.00947263 -0.0142811
internal_weight=813.385 728.34 684.999 607.046 85.0448 77.953 45.9981 43.3417 28.6822
internal_count=6110 5627 5084 4512 483 572 277 543 371
is_linear=0
shrinkage=0.04


Tree=315
num_leaves=11
num_cat=0
split_feature=170 131 131 55 170 158 176 87 112 110
split_gain=2.60617 4.57765 2.75449 2.64709 2.47632 4.31522 4.2328 3.1617 3.74138 2.95538
threshold=0.091966173361522213 791.13333333333344 471.29166666666669 0.065646771529124529 0.16954022988505749 -0.33580639279213492 1.0000000180025095e-35 0.80860805860805873 1.0000000180025095e-35 1.0000000180025095e-35
decision_type=8 8 10 8 10 2 8 8 2 2
left_child=1 2 -1 -4 5 -2 -7 8 -6 -9
right_child=4 -3 3 -5 7 6 -8 9 -10 -11
leaf_value=-0.011475787824102713 -0.011231998883861146 -0.016764300957824586 0.022407316615938359 -0.0038409204866194477 0.0061467743994789437 0.0021755494017864363 0.020094185816915359 -0.0016416203072293532 -0.012578947293143541 -0.016847223647849269
leaf_weight=12.716554243117569 17.874431936070323 38.35014077462256 12.887305350974202 10.374674141407013 150.17614800855517 49.907769123092294 36.264602586627007 373.23172938264906 18.245399605482817 20.711684379726648
leaf_count=105 216 234 141 148 1190 294 264 3145 151 222
internal_value=-0.000268302 -0.00732255 0.00286868 0.0109426 0.000525294 0.00616446 0.00988334 -0.000523585 0.00404411 -0.00248676
internal_weight=740.74 74.3287 35.9785 23.262 666.412 104.047 86.1724 562.365 168.422 393.943
internal_count=6110 628 394 289 5482 774 558 4708 1341 3367
is_linear=0
shrinkage=0.04


Tree=316
num_leaves=14
num_cat=0
split_feature=171 176 54 37 144 1 42 91 137 59 108 62 169
split_gain=4.43122 2.84834 3.77894 2.58742 4.42822 3.75558 3.27356 3.0696 2.93545 2.38061 2.75655 1.9798 1.7825
threshold=0.30217391304347835 2.5000000000000004 0.10000000000000003 -0.38166120695276978 0.85857142857142865 -7.4999999999999991 -0.021891593794742561 1372.7559476605932 0.44123100414455035 2.5000000000000004 0.11288715526461603 234.35897435897436 0.59687500000000016
decision_type=10 8 8 2 8 8 2 2 10 10 10 8 10
left_child=1 9 12 4 6 -5 -2 -7 -6 10 -1 -11 -3
right_child=3 2 -4 5 8 7 -8 -9 -10 11 -12 -13 -14
leaf_value=-0.0068590154314910196 -0.014502200516376388 0.0057137223403774971 0.029409604386704674 -0.0090858292376494159 -0.022857811739405029 0.0099234494877775119 0.011254302660728424 -0.0041036030579476709 -0.0025737765346484191 -0.020226285258964291 0.0047819091050895794 0 -0.015443645317207945
leaf_weight=123.6253876844421 8.8777927327901107 19.234269744716588 7.577257812023162 23.421682795509696 18.523381162434816 150.98059895262122 38.846840953454375 29.06778472289443 28.823884733021259 27.952139567583799 43.042277937754989 10.428315324708818 8.2859098389744741
leaf_count=1869 144 291 73 225 125 905 568 453 178 323 694 92 170
internal_value=-0.000117136 -0.00415636 0.00621813 0.00312835 -0.00228811 0.00566779 0.0062227 0.00763766 -0.0108594 -0.0059634 -0.0038302 -0.0148435 -0.000904458
internal_weight=538.688 240.146 35.0974 298.542 95.0719 203.47 47.7246 180.048 47.3473 205.048 166.668 38.3805 27.5202
internal_count=6110 3512 534 2598 1015 1583 712 1358 303 2978 2563 415 461
is_linear=0
shrinkage=0.04


Tree=317
num_leaves=10
num_cat=0
split_feature=68 119 37 82 37 35 1 163 90
split_gain=2.68441 3.03218 2.59717 5.06552 2.74454 2.47326 3.13267 2.32203 3.58174
threshold=24.837782340862429 0.30384615384615393 -0.64678120713103948 0.40588235294117653 -0.53404939206060331 -11.649616883380643 14.000000000000002 -0.044421294094248276 274.50000000000006
decision_type=10 8 2 10 2 2 8 2 8
left_child=5 7 3 -3 -4 -1 -7 8 -2
right_child=1 2 4 -5 -6 6 -8 -9 -10
leaf_value=-0.018533322934672802 0.021999477393505308 0.0077306115116611849 -0.015476424708987 -0.012602557075508185 -0.0006824091619541642 0.0051170366256935371 -0.012268169066072672 -0.0059041011214201215 0.0041863663579367848
leaf_weight=19.442751554772258 27.228225328028202 128.51106030866504 20.009278289973736 22.110398214310408 461.46022776700556 36.907853335142136 28.440610587596893 15.894328538328407 52.944521635770798
leaf_count=130 114 1145 161 207 3146 206 147 163 691
internal_value=0.000324624 0.00111403 9.98497e-05 0.00466919 -0.00133218 -0.0063652 -0.00248998 0.00769666 0.0104572
internal_weight=812.949 728.158 632.091 150.621 481.47 84.7912 65.3485 96.0671 80.1727
internal_count=6110 5627 4659 1352 3307 483 353 968 805
is_linear=0
shrinkage=0.04


Tree=318
num_leaves=10
num_cat=0
split_feature=52 170 170 84 131 68 53 79 131
split_gain=3.92076 2.95398 3.85451 4.04086 3.84061 2.9637 2.22805 2.15387 1.79799
threshold=-0.19954751131221712 0.091966173361522213 0.30901856763925734 1501.0066278501088 791.13333333333344 28.565366187542782 -0.034904970760233904 0.29520697167755999 517.20000000000016
decision_type=8 8 10 2 8 8 10 8 10
left_child=6 4 3 -3 8 -4 7 -1 -2
right_child=1 2 5 -5 -6 -7 -8 -9 -10
leaf_value=0.0034627692409840128 -0.0094750732882514024 0.0072391910610487761 -0.0079542580087738207 -0.0037896350977840538 -0.017952838444658437 -0.00032225129010295041 0.00048860030649335885 0.023031696630995434 0.009138020699240617
leaf_weight=15.91628387197852 13.701302371919157 161.48008582927287 121.53276097401977 77.97300655208528 35.411988977342844 244.60417812876403 29.492654051631689 21.950175859034061 18.035322306677699
leaf_count=187 126 884 841 1028 220 2235 228 130 231
internal_value=-0.000258873 -0.00118727 -0.000294858 0.00363874 -0.00908381 -0.00287578 0.00886579 0.0151585 0.000997331
internal_weight=740.098 672.739 605.59 239.453 67.1486 366.137 67.3591 37.8665 31.7366
internal_count=6110 5565 4988 1912 577 3076 545 317 357
is_linear=0
shrinkage=0.04


Tree=319
num_leaves=15
num_cat=0
split_feature=171 155 57 56 107 171 170 170 68 56 170 137 89 138
split_gain=4.18351 3.35074 4.20164 4.04438 2.70453 2.65804 2.42668 2.81137 4.35665 4.22246 2.42268 2.21075 1.90063 1.78024
threshold=0.30217391304347835 -0.39645850580516712 -748.49999999999989 -1.0000000180025095e-35 -0.04593581461471357 0.62828947368421062 0.23431372549019611 0.37715517241379315 28.03559206023272 -2.4999999999999996 0.072751322751322761 0.44123100414455035 336.50000000000006 0.39751466502006799
decision_type=10 2 8 8 10 10 8 8 8 10 10 10 10 10
left_child=6 5 4 -4 -3 11 10 8 -8 -9 12 -2 -1 -12
right_child=1 2 3 -5 -6 -7 7 9 -10 -11 13 -13 -14 -15
leaf_value=-0.011963889873908807 -0.011192206790840023 -0.014462926939774388 0.018929731423960709 0.0047705131495245981 0.002740647881076553 -0.017397968319708936 0.021805157003036656 0.019686405177025811 -0.002730039878928516 -0.0067380248629098959 -0.023347817623926882 0.0045644078194903102 0.012634109419004899 -0.0058603662331209684
leaf_weight=8.501585687510671 19.12958256341517 20.377456478774548 47.32001599483192 102.06600678898394 45.142223294824362 16.895427450537682 17.519579945132136 9.4959859726950508 30.090739908628166 123.54304601810873 23.539047888480127 47.750994080677629 9.6474620485678297 16.990022506564856
leaf_count=69 270 106 322 741 399 155 203 125 516 1669 301 605 183 446
internal_value=-0.000114276 0.00303496 0.00567675 0.00936498 -0.00271681 -0.00370528 -0.00404914 -0.00171541 0.00652008 -0.0047042 -0.0110512 -1.14176e-05 0.000984136 -0.0163828
internal_weight=538.009 298.682 214.906 149.386 65.5197 83.776 239.327 180.649 47.6103 133.039 58.6781 66.8806 18.149 40.5291
internal_count=6110 2598 1568 1063 505 1030 3512 2513 719 1794 999 875 252 747
is_linear=0
shrinkage=0.04


Tree=320
num_leaves=11
num_cat=0
split_feature=94 37 82 107 133 57 137 177 134 88
split_gain=2.26087 2.96714 5.48374 3.41712 4.73123 4.23398 3.01907 1.8156 1.42557 1.0391
threshold=4.0000000000000009 -0.64678120713103948 0.43650793650793657 0.012269938650306735 2.6670815183571874 1271.0000000000002 0.38705121195553133 1.0000000180025095e-35 2.8436419526832366 0.84731934731934744
decision_type=2 2 10 8 8 10 10 10 10 10
left_child=1 2 6 4 -3 -5 -1 -2 -9 -10
right_child=7 3 -4 5 -6 -7 -8 8 9 -11
leaf_value=0.01698279891188921 0.0063649533005936832 -0.0086587898034159814 -0.011755695074542582 -0.0016127356499200008 0.0048899389209105205 -0.015871422078432382 0.0044677813011145011 -0.021156643806675108 0.0044847951252968542 -0.010963545954951753
leaf_weight=45.607128504663706 11.105128936469553 48.524926707148552 23.910436529666185 261.75293323397636 244.74619305506349 37.324441283941269 96.436046440154314 14.357092857360838 9.8564580976963061 18.7229636721313
leaf_count=258 90 445 238 1576 1698 239 997 157 142 270
internal_value=0.000314069 0.000883504 0.00559439 -0.00044014 0.00261955 -0.00344583 0.00859071 -0.00751069 -0.0112082 -0.00559661
internal_weight=812.344 758.302 165.954 592.348 293.271 299.077 142.043 54.0416 42.9365 28.5794
internal_count=6110 5451 1493 3958 2143 1815 1255 659 569 412
is_linear=0
shrinkage=0.04


Tree=321
num_leaves=13
num_cat=0
split_feature=94 170 2 141 144 50 172 151 172 91 62 88
split_gain=2.3609 2.58528 3.22701 3.00321 2.71152 3.57656 2.03346 1.7477 1.64092 0.833917 0.602792 0.480535
threshold=4.0000000000000009 0.091966173361522213 -0.94592744695414221 0.7543103448275863 0.83503401360544227 3.5000000000000004 0.13961038961038963 0.11882352941176472 0.58114035087719318 1766.6427046638585 21.377500000000001 0.86515151515151534
decision_type=2 8 8 8 8 8 10 8 10 2 10 8
left_child=1 2 3 -1 6 -6 -3 9 -4 10 -2 -9
right_child=7 4 8 -5 5 -7 -8 11 -10 -11 -12 -13
leaf_value=-0.0035069546398117093 0.010240119184043222 -0.0087560318734396219 -0.0080192706885152485 -0.028927674464123494 -0.00017378681990576635 0.008896663292670328 -0.00092218487713927998 -0.0061330582564092396 0.0082299084547087387 0.0034806862200826407 0.025954783308115129 0.0050990432092133369
leaf_weight=13.958641571924092 10.74228179827333 73.118010804057121 20.053656715899706 16.26123234257102 263.39501417987049 93.296415500342846 189.76101667992771 11.265516873449089 17.826836585998535 9.360422916710375 9.4306150004267675 11.054645242169498
leaf_count=188 143 851 147 90 1345 455 2241 136 134 138 121 121
internal_value=-0.000248918 -0.000876471 -0.00821527 -0.0177383 -5.46618e-05 0.00221133 -0.00313362 0.00789485 -0.000305856 0.0141166 0.0185599 -0.000504198
internal_weight=739.524 687.671 68.1004 30.2199 619.57 356.691 262.879 51.8535 37.8805 29.5333 20.1729 22.3202
internal_count=6110 5451 559 278 4892 1800 3092 659 281 402 264 257
is_linear=0
shrinkage=0.04


Tree=322
num_leaves=15
num_cat=0
split_feature=171 176 53 73 36 62 176 35 90 89 58 90 108 135
split_gain=3.94369 2.66272 2.79265 2.62913 3.16382 3.01223 8.19124 4.42705 2.74729 2.38729 2.98709 2.64579 2.332 0.919702
threshold=0.30217391304347835 2.5000000000000004 -0.052758097165991884 146.50000000000003 0.55542425338353618 -20.274621212121215 2.5000000000000004 -14.146899597466811 491.50000000000006 197.50000000000003 356.50000000000006 371.50000000000006 -0.065253946930170045 2.9604881586960197
decision_type=10 8 10 8 2 8 10 2 10 8 10 8 10 10
left_child=1 9 -3 4 8 7 -7 -5 -2 11 -11 -1 -4 -6
right_child=3 2 12 5 13 6 -8 -9 -10 10 -12 -13 -14 -15
leaf_value=-0.0021826596971221668 -0.015464889049333092 0.023785089941855065 0.01592648686615581 0.014282861100794013 0.00095380909792834936 0.0045109799722802789 0.033094805999982588 -0.0034253689390156745 0.0023171895110404746 0.00025821048516780164 -0.011445971794611902 -0.022346778141505902 -0.0088130211725205316 0.018041556320079723
leaf_weight=18.394786352291703 33.275858946144581 9.2282676417380554 7.9857370462268618 28.76354212500155 10.193699056282641 82.545600041747093 19.121124677360058 92.552727117203176 22.70180550403893 110.90146405715495 49.662777245976031 24.503391206264496 17.917434493079782 9.7607010640203935
leaf_count=123 201 103 101 257 128 645 144 735 371 1824 839 192 330 117
internal_value=-0.000108579 -0.0039382 0.00607979 0.0029445 -0.00343594 0.00513179 0.0101764 0.000839266 -0.00830414 -0.00569905 -0.00339797 -0.0139926 -0.000803196 0.00986983
internal_weight=537.509 238.594 35.1314 298.915 75.9321 222.983 101.667 121.316 55.9777 203.462 160.564 42.8982 25.9032 19.9544
internal_count=6110 3512 534 2598 817 1781 789 992 572 2978 2663 315 431 245
is_linear=0
shrinkage=0.04


Tree=323
num_leaves=8
num_cat=0
split_feature=167 93 50 63 57 163 64
split_gain=2.46177 2.32809 2.12364 3.34606 2.90757 1.88523 1.43515
threshold=0.10808001216681941 1.0000000180025095e-35 3.5000000000000004 689.53093949208824 -819.49999999999989 -0.1463450924546158 0.8363432649899657
decision_type=2 2 8 2 8 2 8
left_child=1 2 3 -1 -4 6 -3
right_child=-2 5 4 -5 -6 -7 -8
leaf_value=0.0019097378875048993 -0.011829179466901386 -0.0053310933955485222 0.011507978382739779 0.018877565448978745 -0.0041042108600860498 0.007347344037671481 -0.021861294659045769
leaf_weight=531.83719255402684 24.900424402207136 22.779698457568884 20.455738086253405 18.328498598188162 170.54329223930836 9.3791452720761281 13.711968805640934
leaf_count=3869 236 327 170 73 1200 76 159
internal_value=0.000301131 0.000701975 0.00124948 0.00251187 -0.00237052 -0.0079396 -0.0120132
internal_weight=811.936 787.036 741.165 550.166 190.999 45.8708 36.4917
internal_count=6110 5874 5312 3942 1370 562 486
is_linear=0
shrinkage=0.04


Tree=324
num_leaves=13
num_cat=0
split_feature=176 62 106 169 90 67 92 67 102 40 82 170
split_gain=3.27379 4.13064 4.59639 5.51665 4.78081 3.60131 3.84966 3.32093 2.57999 2.18792 2.293 1.66324
threshold=1.0000000180025095e-35 52.22083333333331 1.0000000180025095e-35 0.29340028694404596 193.50000000000003 28.992470910335388 1139.029249416051 30.579055441478442 1.0000000180025095e-35 0.84322316850134582 0.36939571150097467 0.49000000000000005
decision_type=8 10 2 10 10 10 2 10 2 2 10 10
left_child=8 2 3 -2 -4 6 -3 -7 9 10 -1 -11
right_child=1 5 4 -5 -6 7 -8 -9 -10 11 -12 -13
leaf_value=-0.0041020881502695635 -0.014962933795739689 0.018913310637566509 0.025993840275790596 0.00022950590880243125 0.0016237117392532004 -0.011202524646441257 -0.00053344737072929171 0.0063609654726085084 0.0099084695549188969 -0.0025721184039291661 -0.017047785183372587 0.013949478186388916
leaf_weight=247.58620929345489 53.178632603958249 55.638642013072968 16.438480004668236 129.06061112135649 50.640026791021228 23.044121215119958 22.508638672530651 59.589407593011856 21.806843291968107 20.787108303979039 23.356455493718386 16.695857089012861
leaf_count=1957 488 286 72 953 502 196 235 585 176 202 230 177
internal_value=-0.000112096 0.00226966 -0.000949513 -0.0042503 0.00791941 0.00724892 0.0133509 0.00136371 -0.00307384 -0.00402726 -0.005284 0.0049063
internal_weight=740.331 410.099 249.318 182.239 67.0785 160.781 78.1473 82.6335 330.232 308.426 270.943 37.483
internal_count=6059 3317 2015 1441 574 1302 521 781 2742 2566 2187 379
is_linear=0
shrinkage=0.04


Tree=325
num_leaves=10
num_cat=0
split_feature=175 56 73 73 89 90 141 173 74
split_gain=3.31538 3.959 2.85035 2.38786 4.60379 3.69483 2.18719 1.30591 1.17667
threshold=3.5000000000000004 1.5000000000000002 371.50000000000006 209.50000000000003 855.50000000000011 1055.0000000000002 0.5595275590551182 0.87367021276595758 160.50000000000003
decision_type=8 8 8 10 8 8 10 10 10
left_child=1 3 7 5 -5 -1 8 -2 -3
right_child=2 6 -4 4 -6 -7 -8 -9 -10
leaf_value=-0.0037739253527961964 -0.0098149307094624761 -0.01992179410802896 0.022446736797165853 0.015795992308166355 -0.0017870694404879459 0.0051031025235229264 0.0041550300006878097 0.010707191024958271 -0.0039971029366585222
leaf_weight=258.00215963926166 9.2570051141083258 28.473284294828773 17.764557464979589 41.166161313652992 53.964766302146018 104.52627011667937 10.716331576928495 8.60683207772672 11.169083295390008
leaf_count=2124 159 235 93 461 1016 1522 148 97 204
internal_value=-6.02951e-05 -0.000900229 0.0115592 0.000276648 0.00588604 -0.00120195 -0.0114318 1.00929e-05 -0.015693
internal_weight=543.646 508.018 35.6284 457.659 95.1309 362.528 50.3587 17.8638 39.6424
internal_count=6059 5710 349 5123 1477 3646 587 256 439
is_linear=0
shrinkage=0.04


Tree=326
num_leaves=11
num_cat=0
split_feature=177 30 176 86 62 57 153 62 179 167
split_gain=3.79979 3.57597 3.32826 3.39817 4.88377 2.91446 2.8268 2.77076 2.79166 1.13554
threshold=0.70714285714285718 -0.079682539682539674 1.0000000180025095e-35 15.500000000000002 35.874551282051279 -2316.4999999999995 0.83282581031279823 -289.16666666666657 0.34523809523809529 -0.052145234130378387
decision_type=10 10 8 10 8 10 2 8 8 2
left_child=2 6 7 5 -5 -4 -2 -1 -9 -3
right_child=1 9 3 4 -6 -7 -8 8 -10 -11
leaf_value=-0.0069371231567557567 -0.021500771309877559 0.013582093468585481 0.010790629352333747 0.0084480921267745136 -0.0052610393730217943 -0.0056333344592564673 -0.0030147329245954818 -0.00012738515109654355 0.0081403011714265717 -0.0026555708895104608
leaf_weight=31.711609490215778 31.191061049699783 10.39948207139969 17.740290112793446 103.00977288931608 68.220607485622168 222.93842849507928 23.583230022341013 98.13635996542871 191.61162600107491 16.404645735397935
leaf_count=237 210 151 120 753 521 1486 181 987 1177 236
internal_value=0.000144544 -0.00798798 0.00106156 -0.00131455 0.00297573 -0.00437482 -0.0137742 0.00410707 0.00534239 0.00383431
internal_weight=814.947 81.5784 733.369 411.909 171.23 240.679 54.7743 321.46 289.748 26.8041
internal_count=6059 778 5281 2880 1274 1606 391 2401 2164 387
is_linear=0
shrinkage=0.04


Tree=327
num_leaves=15
num_cat=0
split_feature=176 54 152 145 54 180 131 88 80 21 87 55 34 131
split_gain=2.99961 4.90177 4.5433 4.58185 3.0551 3.91263 3.02192 2.82916 2.73231 3.85151 3.19623 2.54645 2.05059 1.95351
threshold=1.0000000180025095e-35 0.22222222222222227 0.2752525252525253 2.8637886640092343 0.15869200244200246 0.26136363636363641 612.074175824176 0.66287878787878796 0.078461538461538485 0.050649350649350645 0.87867647058823539 0.10741758241758244 -0.2516447368421052 620.93333333333351
decision_type=8 10 10 8 10 8 8 8 10 8 10 8 10 10
left_child=4 2 7 -4 8 -6 -7 -2 10 -10 -1 12 -3 -13
right_child=1 11 3 -5 5 6 -8 -9 9 -11 -12 13 -14 -15
leaf_value=-0.0034695527319138198 -0.0075081103253540936 -0.021466438249406434 0.0025996477024114472 -0.025210484293119079 -0.0077897177552468883 0.023601936977116204 0.0028859944716681137 0.0071055706818614365 -0.0080187300748794377 0.010004686308333259 -0.014472850929028717 0.0057423784593856695 -0.0011955465540719613 -0.011983657429526286
leaf_weight=113.18410490453243 22.04400117136538 22.801352536305785 23.076664187014103 14.768195897340773 27.088481055572629 17.701709436252713 29.835531016811728 272.20750686340034 35.198561180382967 38.809538919478655 67.905080199241638 28.887766100466251 12.52609579823911 13.906162442639468
leaf_count=627 153 110 375 69 363 153 195 1993 587 355 462 222 236 159
internal_value=-0.000106052 0.00217218 0.00429709 -0.00857084 -0.00294452 0.00412011 0.0109686 0.00598228 -0.00502702 0.00141339 -0.00766339 -0.00677573 -0.0145648 -0.000114251
internal_weight=739.941 410.218 332.096 37.8449 329.723 74.6257 47.5372 294.252 255.097 74.0081 181.089 78.1214 35.3274 42.7939
internal_count=6059 3317 2590 444 2742 711 348 2146 2031 942 1089 727 346 381
is_linear=0
shrinkage=0.04


Tree=328
num_leaves=12
num_cat=0
split_feature=87 60 163 38 17 130 87 2 140 170 137
split_gain=3.03921 2.49838 3.48948 3.05629 3.62416 2.62182 2.56921 2.09339 2.0282 2.02368 1.32421
threshold=0.71651785714285732 -1.0000000180025095e-35 -0.52062892160147511 1.6706876913001889 0.45433384279482514 0.10912698412698414 0.81649831649831661 1.6728268309377141 1.4000259268861812 0.27429467084639503 0.3881717743726405
decision_type=8 8 2 2 10 10 10 10 8 8 10
left_child=8 2 6 7 -5 -4 -2 -3 10 -10 -1
right_child=1 3 5 4 -6 -7 -8 -9 9 -11 -12
leaf_value=-0.014248217430705784 -0.0070059319300822785 0.0009169227225495892 -0.016819292196821291 0.026107766244122019 0.00011165067981477526 0.00054679353914040773 0.025605025344616571 -0.0057922158337361798 0.0018921258628991579 0.019579516822635767 0.0071751628733319993
leaf_weight=8.0414184201508778 6.7082606423646194 269.62864135485142 44.52151560690254 14.227037921547888 20.034198519773781 19.625525515526533 6.9732057023793459 101.5090103475377 17.471810908056796 26.308909077197313 8.4127576593309623
leaf_count=68 129 2931 386 67 412 298 149 1124 136 174 185
internal_value=-5.79789e-05 -0.00112329 -0.00763951 0.000138494 0.0113976 -0.0115487 0.010091 -0.000923338 0.00833447 0.0127655 -0.00339667
internal_weight=543.462 483.227 77.8285 405.399 34.2612 64.147 13.6815 371.138 60.2349 43.7807 16.4542
internal_count=6059 5496 962 4534 479 684 278 4055 563 310 253
is_linear=0
shrinkage=0.04


Tree=329
num_leaves=12
num_cat=0
split_feature=131 176 171 121 157 107 182 71 107 107 73
split_gain=3.25806 3.76457 3.17603 2.92441 2.76013 2.59808 2.96211 2.31551 2.28324 1.76884 1.56691
threshold=422.96153846153851 1.0000000180025095e-35 0.072751322751322761 1.0000000180025095e-35 -0.4093982064611828 0.047012299311441526 0.20416666666666669 18.500000000000004 -0.00036172850016091823 0.022326202243795005 153.50000000000003
decision_type=8 8 8 2 2 10 8 10 8 8 10
left_child=3 2 9 10 -4 6 -3 8 -5 -2 -1
right_child=1 5 4 7 -6 -7 -8 -9 -10 -11 -12
leaf_value=0.010632679570015948 0.0072697353084502604 0.0043644730272879018 0.012397603236013891 -0.003224586881894895 0.00079911196792325123 0.0088707626866818667 -0.0043102694176716293 -0.00087055365311476088 -0.023528528253539079 0.022835207356697022 -0.0057081994252880285
leaf_weight=17.69940422847867 33.111841049045324 79.185424532741308 37.688039695844054 13.630518943071364 221.20076746493578 34.538654863834381 291.44099072366953 21.348168596625328 27.973293082788587 19.015326727181673 17.799382120370865
leaf_count=139 264 789 388 131 1539 239 1810 234 242 130 154
internal_value=0.000137495 0.00108057 0.00438516 -0.00664467 0.00253648 -0.00145576 -0.00244475 -0.011764 -0.0171552 0.0133084 0.00245252
internal_weight=814.632 716.181 311.016 98.4508 258.889 405.165 370.626 62.952 41.6038 52.1272 35.4988
internal_count=6059 5159 2321 900 1927 2838 2599 607 373 394 293
is_linear=0
shrinkage=0.04


Tree=330
num_leaves=14
num_cat=0
split_feature=176 54 152 20 54 90 8 107 53 33 171 86 0
split_gain=2.72247 4.62816 4.28907 4.43594 2.86326 4.65622 3.79917 3.47315 2.68835 3.43503 2.26342 2.09249 1.44629
threshold=1.0000000180025095e-35 0.22222222222222227 0.2752525252525253 1.2510914730774936 0.15869200244200246 92.500000000000014 1.0000000180025095e-35 0.067514261112905052 -0.13476800976800976 -8.0264483541430831 0.53137254901960795 14.500000000000002 1.0000000180025095e-35
decision_type=8 10 10 8 10 8 2 8 10 10 10 10 10
left_child=4 2 11 -4 5 -1 7 -6 9 -3 -7 -2 -10
right_child=1 8 3 -5 6 10 -8 -9 12 -11 -12 -13 -14
leaf_value=-0.021214206446678895 0.0087037211678080307 -0.01986461906319675 0.0031611617479880799 -0.023979212365226155 -0.0069779949861979327 -0.0019571013415605651 0.019614736696390064 0.014928090966614592 -0.0063695957424937787 0.0034053233919260095 -0.018036548550775713 0.0018676029799651027 0.010138466388158391
leaf_weight=24.090492650866508 166.99732894077897 31.796618012711406 22.083737643435597 15.682683534920214 42.065258679911494 216.33976795710623 17.815469859167933 14.826960779726504 15.355751030147077 14.124910790473221 14.065121022984384 127.60255042463541 16.597267862409353
leaf_count=87 1119 203 358 86 435 1814 190 86 137 263 130 1027 124
internal_value=-9.85613e-05 0.0020707 0.00413153 -0.00838525 -0.00280596 -0.0048273 0.00402624 -0.00107515 -0.00664038 -0.0127444 -0.00302102 0.00576584 0.0021919
internal_weight=739.444 410.241 332.366 37.7664 329.203 254.495 74.7077 56.8922 77.8745 45.9215 230.405 294.6 31.953
internal_count=6059 3317 2590 444 2742 2031 711 521 727 466 1944 2146 261
is_linear=0
shrinkage=0.04


Tree=331
num_leaves=11
num_cat=0
split_feature=170 63 148 86 73 58 135 89 170 54
split_gain=2.4088 3.61023 3.30176 3.13592 3.10658 3.26557 2.95964 2.59018 2.4729 1.75443
threshold=0.23205128205128209 509.57521455645843 0.46669547680783641 7.5000000000000009 162.50000000000003 -217.49999999999997 2.6358572752716696 217.50000000000003 0.86607142857142871 -0.076655982905982897
decision_type=8 2 8 10 10 8 10 8 10 8
left_child=3 2 -2 7 5 -5 -6 -1 -4 -9
right_child=1 -3 8 4 6 -7 -8 9 -10 -11
leaf_value=0.019746462656162558 -0.016838825938960047 0.01314837424664074 0.0018296923269325313 0.000210148836254282 0.013455133926034923 -0.017482361579851561 -0.0095939577501454338 0.0078721691783685214 -0.016772791547803225 -0.011651328065858146
leaf_weight=12.231053279712794 16.086663355119526 37.955025753006339 327.36082314420491 23.618949898518622 17.359110235236585 53.963115464895964 16.297264014370739 13.993762038648127 10.835794174112378 13.433751167729499
leaf_count=58 193 238 3647 303 254 498 355 212 156 145
internal_value=-6.01926e-05 0.00158875 0.00031119 -0.00434182 -0.00777484 -0.0121365 0.00228169 0.0051927 0.00118008 -0.00169339
internal_weight=543.135 392.238 354.283 150.897 111.238 77.5821 33.6564 39.6586 338.197 27.4275
internal_count=6059 4234 3996 1825 1410 801 609 415 3803 357
is_linear=0
shrinkage=0.04


Tree=332
num_leaves=12
num_cat=0
split_feature=177 30 176 171 86 56 173 136 153 52 57
split_gain=3.40346 3.37213 2.74795 3.95017 3.19383 3.92318 3.84773 2.87764 2.7027 2.38283 0.925827
threshold=0.70714285714285718 -0.079682539682539674 1.0000000180025095e-35 0.069047619047619066 15.500000000000002 -2.4999999999999996 0.44949494949494956 3.3008521850594632 0.83282581031279823 -0.11312656641604012 -53.499999999999993
decision_type=10 10 8 8 10 10 10 10 2 10 10
left_child=2 8 3 9 6 -6 -4 -5 -2 -1 -3
right_child=1 10 4 7 5 -7 -8 -9 -10 -11 -12
leaf_value=0.0013646827336716769 -0.020856439416182263 -0.0024648114308463719 0.013621837335505123 0.0042938426374769132 -0.0053209850651555202 0.0073505514045974201 -0.0055540077099041759 -0.0050016319958302467 -0.0027269406725643243 0.020017583818852082 0.01200945732547846
leaf_weight=16.670705486088991 30.835562888532877 15.296853691339495 17.094471368938684 199.9409918114543 58.563337977975607 112.59227680414915 223.29784036055207 71.430940419435501 23.48142783716321 33.337066255509853 11.480343155562876
leaf_count=128 210 223 104 1305 443 831 1502 727 181 241 164
internal_value=0.000132183 -0.00758912 0.000998401 0.00376573 -0.00116166 0.00299746 -0.00413133 0.00183035 -0.0132461 0.0139873 0.00387777
internal_weight=814.022 81.0942 732.928 321.38 411.548 171.156 240.392 271.372 54.317 50.0078 26.7772
internal_count=6059 778 5281 2401 2880 1274 1606 2032 391 369 387
is_linear=0
shrinkage=0.04


Tree=333
num_leaves=14
num_cat=0
split_feature=176 54 85 52 88 54 90 180 52 43 108 40 120
split_gain=2.48532 4.3738 2.97531 4.1298 2.74797 2.685 4.45507 3.67221 2.97767 2.74687 2.62034 1.72487 1.59589
threshold=1.0000000180025095e-35 0.22222222222222227 16.500000000000004 0.2110102843315185 0.84731934731934744 0.15869200244200246 92.500000000000014 0.26136363636363641 0.1055161943319838 -0.019747626188316107 -0.13614737987518308 -0.067313443405868867 0.42261904761904767
decision_type=8 10 8 8 10 10 8 8 10 2 8 2 10
left_child=5 2 3 -2 -4 6 -1 12 -8 -9 -3 -12 -7
right_child=1 10 4 -5 -6 7 8 9 -10 -11 11 -13 -14
leaf_value=-0.020735360417157428 0.0087344872482987401 0.0055342316442093011 0.0015614232408908322 -0.003422808561504999 -0.015491152177544565 -0.017691230436645826 -0.0013112530443553511 0.023576641265756423 -0.016173694958654044 0.0034090919790421476 -0.018161778753446451 -0.004086013678140884 0.0012312338243371729
leaf_weight=23.912111777812243 199.74992999061942 20.419977823272347 56.670855881646276 56.652807362377644 19.472728695720434 12.3001298122108 206.80582038871944 15.956507027149199 23.177413502708077 31.771229516714811 26.577745115384459 30.617713239043951 14.725172711536286
leaf_count=87 1576 174 452 404 158 162 1726 148 218 200 268 285 201
internal_value=-9.32874e-05 0.00197856 0.0039785 0.00603767 -0.0029179 -0.00268323 -0.00464538 0.00392807 -0.00288127 0.0105381 -0.00650646 -0.0108608 -0.00763361
internal_weight=738.81 410.162 332.546 256.403 76.1436 328.648 253.895 74.753 229.983 47.7277 77.6154 57.1955 27.0253
internal_count=6059 3317 2590 1980 610 2742 2031 711 1944 348 727 553 363
is_linear=0
shrinkage=0.04


Tree=334
num_leaves=8
num_cat=0
split_feature=152 87 54 20 146 68 119
split_gain=2.99469 3.05099 3.40091 2.73598 2.66013 2.1582 1.24715
threshold=0.75961538461538469 0.71651785714285732 0.2062447786131997 0.35741866748820633 0.31534692028485095 34.468172484599599 0.27922077922077926
decision_type=10 8 8 10 8 10 10
left_child=1 4 3 -3 -1 -4 -6
right_child=-2 2 5 -5 6 -7 -8
leaf_value=-0.0080328977763803131 0.016870029768678754 -0.0058889908583780598 0.00074840344915943385 0.0058788015438988959 0.017576823969859514 0.013022730289753868 0.0038376231458697768
leaf_weight=12.269831292331217 15.20337156113237 249.24757464136928 158.79784039035439 35.198710564523935 27.683384820818901 25.907638354226947 18.511362809687853
leaf_count=186 208 3194 1089 752 143 273 214
internal_value=-6.45439e-05 -0.000587291 -0.00166945 -0.00441029 0.00794498 0.00254168 0.0123115
internal_weight=542.82 527.616 469.152 284.446 58.4646 184.705 46.1947
internal_count=6059 5851 5308 3946 543 1362 357
is_linear=0
shrinkage=0.04


Tree=335
num_leaves=14
num_cat=0
split_feature=176 54 170 148 172 54 86 62 56 54 173 170 107
split_gain=2.5471 4.88269 4.10752 3.79179 3.38508 3.285 3.02003 4.73312 4.1539 3.23011 2.98322 2.77054 2.35007
threshold=1.0000000180025095e-35 0.11111111111111113 0.23205128205128209 6.4678540122718955 0.24068965517241384 -0.087609649122806971 15.500000000000002 35.874551282051279 -2.4999999999999996 0.071428571428571452 0.44949494949494956 0.32738095238095244 0.031338852800460955
decision_type=8 8 8 10 10 10 10 8 8 10 10 10 8
left_child=1 3 -3 5 -4 -1 10 8 -8 -9 -2 -12 -5
right_child=6 2 4 12 -6 -7 7 9 -10 -11 11 -13 -14
leaf_value=0.0053698930922326396 0.010495030410734203 0.011969210106654566 -0.0029772931920810952 -0.0030633051414590694 -0.020129052135390079 0.018473173987528711 -0.0032943390198585231 -0.010697107903192346 0.012600616573322832 0.0075062523574107066 -0.010930001076061216 -0.0022729239970097955 0.011051329840388858
leaf_weight=79.950453482568264 18.48302511498332 21.086367104202509 79.944753466174006 78.490217998623848 23.269008461385965 50.569080369547009 39.475422658026218 55.301886904984713 74.857853293418884 20.627482388168573 98.759641442447901 148.89062973484397 23.741661906242371
leaf_count=391 116 149 666 856 163 267 305 439 570 154 684 1049 250
internal_value=0.000130291 0.00265915 -0.0037123 0.00607169 -0.00701931 0.0105638 -0.00184522 0.00198988 0.0071143 -0.00569257 -0.00459167 -0.00576337 0.000270512
internal_weight=813.447 357.052 124.3 232.751 103.214 130.52 456.396 190.263 114.333 75.9294 266.133 247.65 102.232
internal_count=6059 2742 978 1764 829 658 3317 1468 875 593 1849 1733 1106
is_linear=0
shrinkage=0.04


Tree=336
num_leaves=12
num_cat=0
split_feature=53 15 83 62 67 170 73 68 100 171 83
split_gain=3.2344 3.93518 3.21568 3.95704 2.87884 3.23011 2.82277 2.19263 1.18485 1.00037 0.973989
threshold=-0.030303030303030314 -1.0351779234531591 1486.9122559322357 335.57023809523815 36.568104038329913 0.49000000000000005 105.50000000000001 28.970568104038332 1.0000000180025095e-35 0.33712121212121215 1514.5959787066499
decision_type=8 10 2 8 8 10 8 10 2 8 2
left_child=1 2 -1 -4 5 6 -2 -7 9 -3 -10
right_child=4 8 3 -5 -6 7 -8 -9 10 -11 -12
leaf_value=-0.019914253245730526 -0.006545571549447419 0.0059851016541504071 -0.0063236609289591475 0.012553395216048582 -0.010483386099662158 0.0202245951512765 0.0030634135136100018 0.0051204756650230377 -0.00055554136142124449 -0.011745688540826556 0.01075874732548834
leaf_weight=22.985552886500955 56.715125236660242 8.1525762379169482 157.12852200120687 19.019463744014502 25.656492460519075 25.240089029073715 318.02059384249151 40.708139680325985 16.754217488691211 10.468843886628745 39.765882423147559
leaf_count=156 467 126 980 106 236 130 2403 313 306 199 681
internal_value=0.000249222 -0.00318771 -0.00612738 -0.00421478 0.00227741 0.00304692 0.00159025 0.0111468 0.00455463 -0.0039717 0.00741874
internal_weight=740.615 274.275 199.134 176.148 466.34 440.684 374.736 65.9482 75.1415 18.6214 56.5201
internal_count=6103 2554 1242 1086 3549 3313 2870 443 1312 325 987
is_linear=0
shrinkage=0.04


Tree=337
num_leaves=7
num_cat=0
split_feature=133 41 143 176 139 6
split_gain=3.37748 3.1872 2.64192 2.59443 2.36878 1.58732
threshold=1.2001318971202466 1.5007399121935052 0.70074626865671652 5.5000000000000009 2.4599631446217241 0.27021475256769384
decision_type=8 2 10 10 10 8
left_child=-1 2 3 -2 -4 -3
right_child=1 5 4 -5 -6 -7
leaf_value=0.01257246413645615 0.00021936220956658009 -0.0046527298357306648 -0.010202647782291787 0.017543225428464423 0.0023533715492862002 -0.03042228091181871
leaf_weight=28.89550119265914 375.44267818331718 7.9851642064750177 73.494284919463098 13.374232594855128 34.678886413574219 7.6751528456807137
leaf_count=207 3626 191 1383 114 527 55
internal_value=-0.000492473 -0.00125581 -0.000673358 0.000863861 -0.00617435 -0.0184704
internal_weight=541.546 512.65 496.99 388.817 108.173 15.6603
internal_count=6103 5896 5650 3740 1910 246
is_linear=0
shrinkage=0.04


Tree=338
num_leaves=9
num_cat=0
split_feature=73 158 133 54 182 6 4 82
split_gain=2.95192 2.89603 3.06061 2.78522 2.54766 2.50297 1.68035 1.48897
threshold=56.500000000000007 0.8843052538571109 3.0904433675078362 -0.087609649122806971 0.29705882352941182 0.15567632850241545 -2.4999999999999996 0.05634920634920635
decision_type=8 2 10 8 8 8 2 10
left_child=-1 2 3 -2 6 -4 -3 -6
right_child=1 4 5 -5 7 -7 -8 -9
leaf_value=-0.015764022985658793 -0.0049613129772811604 0.0098437999265616489 -0.00032362281735790979 0.0015838465067438904 -0.02428044500902753 0.007510641807774927 -0.0061863707519103093 -0.0055970130524700939
leaf_weight=17.342192685231566 162.41693411394954 14.468590568751095 104.05373801663518 284.77716920897365 15.35382508300245 171.49587857536972 31.221323471516371 13.609810039401053
leaf_count=173 833 146 1492 1623 159 1143 362 172
internal_value=9.85144e-05 0.000465318 0.0012455 -0.000794601 -0.00697803 0.00455454 -0.000965162 -0.0160478
internal_weight=814.739 797.397 722.744 447.194 74.6535 275.55 45.6899 28.9636
internal_count=6103 5930 5091 2456 839 2635 508 331
is_linear=0
shrinkage=0.04


Tree=339
num_leaves=10
num_cat=0
split_feature=35 53 15 35 170 89 52 72 44
split_gain=3.15408 3.20221 3.36642 3.39561 2.94874 3.87077 2.78558 1.30576 1.12785
threshold=-46.020032792036083 -0.034904970760233904 -0.87675887525494123 -0.14431596863835236 0.49000000000000005 406.50000000000006 0.2110102843315185 20.500000000000004 3.0538670792897169
decision_type=2 8 10 2 10 10 10 8 8
left_child=7 2 3 -2 6 -6 -3 -1 -4
right_child=1 4 8 -5 5 -7 -8 -9 -10
leaf_value=0.0032629794332352559 -0.014631365726592958 0.0016630822248795711 0.0090479382502084184 -0.0030220036392762835 0.018512350358750897 -0.00028205705806203462 -0.0082172102261387544 0.018843404229824043 -0.0014966215603670883
leaf_weight=16.999948430806398 57.224019112065434 328.28119905665517 32.970467265695333 135.54952484369278 34.448474247008562 34.225826624780893 51.990195823833346 18.432867610827088 30.081168357282877
leaf_count=164 379 2498 571 873 140 320 397 224 537
internal_value=0.000239745 -0.000350277 -0.00391591 -0.00653624 0.00168129 0.0092473 0.000289007 0.0117179 0.00404121
internal_weight=740.204 704.771 255.825 192.774 448.946 68.6743 380.271 35.4328 63.0516
internal_count=6103 5715 2360 1252 3355 460 2895 388 1108
is_linear=0
shrinkage=0.04


Tree=340
num_leaves=12
num_cat=0
split_feature=169 174 0 74 129 90 68 89 89 174 174
split_gain=3.18513 5.04194 4.72654 3.34592 3.28805 3.20243 3.06994 2.88143 2.55377 2.1629 0.264391
threshold=0.41421568627450983 0.7958333333333335 6.5000000000000009 451.50000000000006 0.37171052631578955 85.500000000000014 25.964407939767288 237.50000000000003 749.50000000000011 0.77346041055718484 0.78759398496240618
decision_type=8 8 8 8 10 10 10 10 10 8 8
left_child=1 2 7 -4 8 -2 10 -1 -3 -8 -7
right_child=5 4 3 -5 -6 6 9 -9 -10 -11 -12
leaf_value=0.010652355265177143 0.0056279073163382496 0.00739288113751014 -0.0011224080357221757 -0.027738809895828515 0.020000122007685923 -0.0129833700401601 0.001702177259871194 -0.0033264592069433747 -0.00316088324412307 -0.0088827669789468319 -0.024625261450650072
leaf_weight=29.830000631511211 37.673382272012532 116.44826744310558 12.841736328788103 18.269310645759106 23.061966259032488 11.23655393254012 50.554414208047092 99.498241709545255 52.3559500137344 76.218212470412254 13.052865308709441
leaf_count=149 201 714 210 81 222 107 874 1189 828 1375 153
internal_value=-0.000484276 0.00175751 -0.00345601 -0.0171917 0.00612275 -0.00466668 -0.00726732 -2.98568e-05 0.00410843 -0.00466576 -0.020045
internal_weight=541.041 352.305 160.439 31.111 191.866 188.735 151.062 129.328 168.804 126.773 24.2894
internal_count=6103 3393 1629 291 1764 2710 2509 1338 1542 2249 260
is_linear=0
shrinkage=0.04


Tree=341
num_leaves=9
num_cat=0
split_feature=73 158 133 112 156 58 176 31
split_gain=2.83607 2.742 2.87295 3.82776 2.2339 2.34199 2.079 1.96825
threshold=56.500000000000007 0.8843052538571109 3.0904433675078362 1.0000000180025095e-35 -0.41255295798136982 -783.49999999999989 2.5000000000000004 227.85833333333335
decision_type=8 2 10 2 2 10 8 8
left_child=-1 2 3 -2 5 -3 -4 -6
right_child=1 4 6 -5 7 -7 -8 -9
leaf_value=-0.015481687842090175 -0.0020531620266304425 0.011132682452003002 0.0059158698711521763 0.0097828482231305438 -0.004896651831623881 -0.0075722792323472789 -0.0035793320576572628 -0.025917302070100103
leaf_weight=17.261298825964332 399.0589402988553 15.3384060151875 232.73709656856954 48.05866552516818 15.713608808815478 30.012762062251568 42.839342784136534 13.511133104562761
leaf_count=173 2224 160 2234 232 225 363 401 91
internal_value=0.000101526 0.000460387 0.00121929 -0.000757507 -0.00678625 -0.00109915 0.00442497 -0.015217
internal_weight=814.531 797.27 722.694 447.118 74.5759 45.3512 275.576 29.2247
internal_count=6103 5930 5091 2456 839 523 2635 316
is_linear=0
shrinkage=0.04


Tree=342
num_leaves=14
num_cat=0
split_feature=161 44 171 159 55 171 80 62 107 40 108 166 19
split_gain=3.16324 2.75354 2.50873 2.65968 2.45574 4.53283 4.79747 2.86124 4.33445 2.50753 2.18924 1.60406 0.974541
threshold=-0.12334191254657405 -4.838501970804713 0.43095238095238103 0.64136069754414948 0.040202020202020246 0.21583850931677021 0.24068965517241384 72.179924242424235 -0.011012973675507241 -0.052236241901392887 0.0028435420244932179 -0.073892911088842952 -0.53381458966565332
decision_type=2 8 10 2 8 10 10 10 8 2 8 2 10
left_child=1 11 3 -3 5 9 -7 8 -6 -2 -4 -1 -13
right_child=4 2 10 -5 7 6 -8 -9 -10 -11 -12 12 -14
leaf_value=-0.01210072460103412 0.013357518351478199 -0.00088178195946020377 -0.0054366497123750114 -0.017536390873288701 -0.0056050071515887914 -0.010909569492605223 0.0062394902133187926 0.018029501474038229 0.0068096119256559505 0.0011906879378776626 -0.024032215257965586 -0.0028956929142646953 0.011480141064330497
leaf_weight=6.6420033928006879 33.976079948246479 104.69668374955654 21.830134401097894 17.067775420844555 61.272688023746014 93.363629508763552 35.167640335857868 22.785658609122038 161.0229091886431 123.57669236510992 19.882034223526716 9.3460789509117586 28.985290586948395
leaf_count=118 293 926 249 143 519 576 394 145 1037 785 229 164 525
internal_value=0.000235805 -0.00392554 -0.00633528 -0.00335639 0.00187694 -0.000634913 -0.00619 0.00480783 0.00336896 0.00389476 -0.0147022 0.00473758 0.00793962
internal_weight=739.615 208.45 163.477 121.764 531.165 286.084 128.531 245.081 222.296 157.553 41.7122 44.9734 38.3314
internal_count=6103 2354 1547 1069 3749 2048 970 1701 1556 1078 478 807 689
is_linear=0
shrinkage=0.04


Tree=343
num_leaves=13
num_cat=0
split_feature=169 67 41 53 86 174 54 134 131 33 24 107
split_gain=3.03024 4.28421 3.17447 3.40444 4.47491 2.72967 3.49906 2.99775 1.60233 1.51629 1.24226 0.359614
threshold=0.54772727272727284 23.09240246406571 0.078047738401691727 0.35731538992408562 11.500000000000002 0.7958333333333335 -0.39940476190476187 3.2468215454838867 656.03571428571433 5.1551515900927134 41.500000000000007 -0.027324865849456034
decision_type=10 10 2 8 10 8 8 8 8 8 10 10
left_child=1 -1 3 8 -5 7 -7 -3 -2 10 -4 -11
right_child=2 5 9 4 -6 6 -8 -9 -10 11 -12 -13
leaf_value=0.015424855291582027 0.00069911827954982284 0.0045637620419701165 -0.013536326880530818 0.02600614205464449 -0.008833094354021416 -0.015194081376815998 0.003934967846626022 -0.0068591214956899207 -0.016978490916578149 -0.013835665474893274 0.012348789332216671 -0.027511767904754469
leaf_weight=29.07711623236537 13.92440653499216 49.132888072170317 6.5440452340990287 12.170294890180232 9.8669584514573199 15.410769639536737 222.86017861030996 136.71802648436278 18.01898710988462 10.004790673032405 3.880788984708488 12.760912632569669
leaf_count=157 258 757 249 189 199 261 2114 1266 266 81 129 177
internal_value=-0.000478437 0.000835848 -0.00726601 -0.00116332 0.0106141 -0.000193578 0.00263106 -0.00382032 -0.00942464 -0.0168085 -0.00348774 -0.0224208
internal_weight=540.37 453.199 87.1712 53.9806 22.0373 424.122 238.271 185.851 31.9434 33.1905 10.4248 22.7657
internal_count=6103 4555 1548 912 388 4398 2375 2023 524 636 378 258
is_linear=0
shrinkage=0.04


Tree=344
num_leaves=9
num_cat=0
split_feature=73 158 133 51 182 62 164 82
split_gain=2.70145 2.57807 2.70376 2.78029 2.42226 2.38312 1.58715 1.40324
threshold=56.500000000000007 0.8843052538571109 3.0904433675078362 -5.4999999999999991 0.29705882352941182 203.13888888888889 -0.35403387495690219 0.05634920634920635
decision_type=8 2 10 8 8 8 2 10
left_child=-1 2 3 -2 6 -4 -3 -6
right_child=1 4 5 -5 7 -7 -8 -9
leaf_value=-0.015150796782484837 0.0120743538074808 0.00590756182658469 0.0060819614555053161 -0.0015079456187119856 -0.023458447287790927 -0.0033730000656501304 -0.00874807260323281 -0.0052993840801096375
leaf_weight=17.160414354875684 24.555565632879734 25.001123128458858 223.87716774828732 422.33776698447764 15.274194713681938 51.657512433826923 20.644589986652136 13.577044419944285
leaf_count=173 139 299 2125 2317 159 510 209 172
internal_value=0.000101057 0.000450563 0.0011864 -0.000731878 -0.00657989 0.00429632 -0.000723436 -0.0154438
internal_weight=814.085 796.925 722.428 446.893 74.497 275.535 45.6457 28.8512
internal_count=6103 5930 5091 2456 839 2635 508 331
is_linear=0
shrinkage=0.04


Tree=345
num_leaves=10
num_cat=0
split_feature=35 169 55 8 178 52 147 70 152
split_gain=2.93807 3.09556 3.41191 3.88094 2.25283 3.57798 2.30181 1.31649 1.53181
threshold=-46.020032792036083 0.3465463108320252 0.30441750278706808 2.5000000000000004 0.080128205128205135 0.20856227106227113 17.986834733893563 16.500000000000004 0.081666666666666679
decision_type=2 8 10 2 10 10 10 8 10
left_child=7 2 3 -2 5 -3 -6 -1 -9
right_child=1 4 -4 -5 6 -7 -8 8 -10
leaf_value=0.0010236628489191798 -0.0061879987127010008 0.0047671825066216171 0.010047869594345456 0.014617034277968559 -0.0095805461117761375 -0.00732009709256916 0.0047269912039180472 0.026995861450642727 0.0054980615772697765
leaf_weight=13.292645208537577 242.74228434078395 301.25030433014035 25.686604909598827 14.255318488925694 48.168914437294006 43.996399372816086 27.392092227935791 11.126663664355876 11.066377241164444
leaf_count=145 2250 1986 226 140 525 285 303 119 124
internal_value=0.00023223 -0.000338538 -0.00357139 -0.00497404 0.00183176 0.00320438 -0.00437371 0.0113015 0.0170616
internal_weight=738.978 703.492 282.684 256.998 420.808 345.247 75.561 35.4857 22.193
internal_count=6103 5715 2616 2390 3099 2271 828 388 243
is_linear=0
shrinkage=0.04


Tree=346
num_leaves=9
num_cat=0
split_feature=153 130 152 40 62 53 143 182
split_gain=2.91587 3.73729 3.11957 2.65335 2.58061 4.6719 3.85929 0.865617
threshold=-0.42843387517720949 0.22474747474747478 0.93750000000000011 -0.18651231997594384 -18.248275862068962 -0.2015249243510113 0.61470985155195701 0.30384615384615393
decision_type=2 8 10 2 10 8 10 8
left_child=1 7 4 -3 5 -2 -6 -1
right_child=2 3 -4 -5 6 -7 -8 -9
leaf_value=-0.017416666250153139 0.0067395512374067495 0.0038271337172782285 0.017200824275623975 0.024785049723313246 0.0044051583399900987 -0.0075200710498066949 -0.0067436238719507779 0.0015842887738290578
leaf_weight=7.4293320383876535 44.156104160472751 19.748529674485322 12.925263116136191 19.330201130360368 161.86887970007956 197.37210863549262 70.433026879094541 6.434700209647418
leaf_count=139 342 141 184 144 1466 2162 1402 123
internal_value=-0.000473293 0.008347 -0.00145189 0.0146036 -0.00200007 -0.00488785 0.0010019 -0.00894994
internal_weight=539.698 52.9428 486.755 39.0787 473.83 241.528 232.302 13.864
internal_count=6103 547 5556 285 5372 2504 2868 262
is_linear=0
shrinkage=0.04


Tree=347
num_leaves=9
num_cat=0
split_feature=108 146 41 90 90 107 182 163
split_gain=2.41273 2.10804 2.54895 3.86163 3.52106 2.14099 2.01093 1.90241
threshold=0.56902381777763378 1.7313243203236792 -0.31407918584968847 98.500000000000014 357.50000000000006 -0.012740007770885351 0.16025641025641027 -0.35685588128498075
decision_type=10 10 2 10 8 8 10 2
left_child=1 2 3 -1 -4 -3 -7 -2
right_child=7 5 4 -5 -6 6 -8 -9
leaf_value=-0.01671505265344142 0.00061566613916945966 -0.017187797386123933 0.0061386042594474225 -0.00046069139877902477 -0.00035700567542946038 0.0052831295955396715 -0.012510541987292472 -0.018882583053124815
leaf_weight=26.556272769346833 13.544763825833799 19.318352017551661 239.99310512468219 156.86836102046072 297.96998262777925 26.557076252996922 15.071515833958982 17.719993058592081
leaf_count=106 165 184 931 1399 2738 271 174 135
internal_value=0.000100741 0.000544583 0.00115353 -0.00290272 0.00254308 -0.00653307 -0.00125446 -0.0106161
internal_weight=813.599 782.335 721.388 183.425 537.963 60.9469 41.6286 31.2648
internal_count=6103 5803 5174 1505 3669 629 445 300
is_linear=0
shrinkage=0.04


Tree=348
num_leaves=9
num_cat=0
split_feature=38 54 102 119 47 63 67 153
split_gain=3.00499 3.47098 3.8248 4.52383 3.30817 3.22176 1.19319 0.966891
threshold=1.6706876913001889 0.52414252414252427 1.0000000180025095e-35 0.35504201680672276 -21.726036467448008 288.66353961720102 31.289527720739226 0.58814998601461332
decision_type=2 10 2 10 10 2 10 2
left_child=1 2 5 -4 -2 -1 7 -6
right_child=4 -3 3 -5 6 -7 -8 -9
leaf_value=-0.0011182088003898222 -0.020067909769012959 0.016876667607072668 0.023346328509140708 -0.0028451638629056158 0.015864976930046647 0.00600567759867219 -0.0095788954152245375 -0.0031855631267290237
leaf_weight=504.92890962958336 21.145396646112204 22.113917408511043 24.618435520678759 17.394462093710899 8.7856533601880091 126.05263007432222 9.2891429383307678 6.790803985670208
leaf_count=4196 124 178 128 208 171 818 175 115
internal_value=0.000965627 0.00162784 0.00109951 0.0126418 -0.00881792 0.000309033 0.00107759 0.0077478
internal_weight=741.119 695.108 672.994 42.0129 46.011 630.982 24.8656 15.5765
internal_count=6113 5528 5350 336 585 5014 461 286
is_linear=0
shrinkage=0.04


Tree=349
num_leaves=11
num_cat=0
split_feature=57 55 85 107 85 85 54 89 39 107
split_gain=2.94035 3.92356 2.95636 2.92348 2.22075 4.35209 3.39639 3.19133 3.48867 2.5921
threshold=-251.49999999999997 0.44543650793650802 3.5000000000000004 0.058915618270429633 9.5000000000000018 19.500000000000004 0.27311577311577317 231.50000000000003 -0.015176148466912757 0.030122020285888566
decision_type=8 10 10 10 10 10 10 8 2 8
left_child=1 2 -1 -4 7 6 -6 -2 -9 -7
right_child=4 -3 3 -5 5 9 -8 8 -10 -11
leaf_value=0.017045851348669611 0.019427858907263933 -0.027434376802819443 -0.0046288741095790436 0.015033030601927582 -0.0075720326389525118 0.015371224831170689 0.0064786508966646087 0.010668419461665291 -0.0038247442600179223 -0.0012925408759097948
leaf_weight=11.021900040097533 24.231229330413043 9.3961561406031233 186.82705786265433 11.92634475417435 104.90382191259414 36.544398127123713 36.190366325899959 52.46064139995724 51.803745946846902 24.215336045250297
leaf_count=105 103 92 2469 145 1250 436 281 562 475 195
internal_value=0.000157527 -0.00342185 -0.00221175 -0.00336968 0.00254147 -7.12447e-05 -0.00393376 0.0066301 0.00348057 0.00878423
internal_weight=549.521 219.171 209.775 198.753 330.35 201.854 141.094 128.496 104.264 60.7597
internal_count=6113 2811 2719 2614 3302 2162 1531 1140 1037 631
is_linear=0
shrinkage=0.04


Tree=350
num_leaves=8
num_cat=0
split_feature=102 168 170 49 169 170 2
split_gain=4.82081 5.06776 2.62057 3.29585 3.51057 2.8749 2.42231
threshold=1.0000000180025095e-35 -0.030582865697952873 0.44222222222222224 12.500000000000002 0.29520697167755999 0.42582417582417587 6.8596851471594809
decision_type=2 2 8 10 10 10 10
left_child=2 -2 5 4 -4 6 -1
right_child=1 -3 3 -5 -6 -7 -8
leaf_value=0.0016947988627645494 0.0042970625760965853 -0.02251792262820345 -0.0090296556269732937 -0.017517719906091751 0.001135342021922688 0.015887642330089796 -0.0092725977065647499
leaf_weight=436.87277499772608 16.791473519057035 31.054471578449011 77.100253794342279 22.934623861685395 177.41882593743503 20.406587678939104 33.753808151930571
leaf_count=3224 188 191 608 195 1350 138 219
internal_value=-0.000985318 -0.013171 -0.00020791 -0.0033109 -0.00195935 0.00154451 0.000885973
internal_weight=816.333 47.8459 768.487 277.454 254.519 491.033 470.627
internal_count=6113 379 5734 2153 1958 3581 3443
is_linear=0
shrinkage=0.04


Tree=351
num_leaves=8
num_cat=0
split_feature=38 54 22 135 41 34 81
split_gain=2.84173 3.25779 3.03739 2.24683 2.81559 2.65134 1.11252
threshold=1.6706876913001889 0.52414252414252427 1.1044433622078829 5.1855542541020077 -0.30234063192511057 0.077152014652014669 0.075498575498575513
decision_type=2 10 10 10 2 8 10
left_child=1 3 -2 4 -1 -5 -4
right_child=2 -3 6 5 -6 -7 -8
leaf_value=0.0048174233796960111 -0.01904299682108308 0.016283033958499012 -0.0066792929252969535 -0.0016697866587204522 -0.0011843054548534185 0.018058694204343834 0.0098569362188345583
leaf_weight=170.63195458054543 21.860114814713597 22.303729524835944 12.576636116951706 18.301208632066846 459.35947735235095 24.801118897274137 11.460171494632958
leaf_count=1465 138 178 235 296 3471 118 212
internal_value=0.000928998 0.00157206 -0.00859733 0.0010582 0.00044314 0.00978873 0.0012037
internal_weight=741.294 695.397 45.8969 673.094 629.991 43.1023 24.0368
internal_count=6113 5528 585 5350 4936 414 447
is_linear=0
shrinkage=0.04


Tree=352
num_leaves=13
num_cat=0
split_feature=50 84 157 38 145 166 163 107 25 40 1 42
split_gain=2.90181 2.54853 3.84715 3.85002 2.86329 1.67365 2.20526 2.76469 1.73906 1.20816 1.06186 1.01656
threshold=-6.4999999999999991 1534.1760138054669 1.8838772830213852 -0.37626571802818126 0.35947277963779928 0.021875459741742685 -0.1302032478015803 -0.011236754199498098 -1.0000000180025095e-35 0.58822588933261799 1.0000000180025095e-35 0.049796836506942922
decision_type=8 2 2 2 10 2 2 10 2 2 8 2
left_child=5 2 3 -2 9 6 7 -1 -7 -3 -10 -6
right_child=1 4 -4 -5 11 8 -8 -9 10 -11 -12 -13
leaf_value=0.011212023598644377 0.0089439514661309224 -0.021011578822293021 0.019518544857690622 -0.00054769169602023699 -0.0054586852315138849 0.018534394294935225 -0.019286151523857487 -0.014011005250702507 -0.017813799519889928 4.8284039291122318e-05 0.0052843988109002775 0.0073508842574170254
leaf_weight=11.680505290627481 86.30913398694247 19.271273409016434 18.984652723185718 313.41463422589004 19.422374963760376 6.2169299488887217 25.196176734752953 14.365806081332265 5.287763464264569 5.305762216448783 5.5571095850318679 18.206557804718614
leaf_count=158 947 462 177 2616 438 91 208 234 122 177 122 361
internal_value=0.000147032 0.00125092 0.00237965 0.00151398 -0.00623234 -0.00750223 -0.0110703 -0.00262943 0.00312277 -0.0165628 -0.00636213 0.000717231
internal_weight=549.219 480.914 418.708 399.724 62.206 68.3043 51.2425 26.0463 17.0618 24.577 10.8449 37.6289
internal_count=6113 5178 3740 3563 1438 935 600 392 335 639 244 799
is_linear=0
shrinkage=0.04


Tree=353
num_leaves=14
num_cat=0
split_feature=86 39 2 91 6 90 67 0 89 87 131 169 46
split_gain=2.99409 5.4538 4.77614 3.37501 3.20494 2.82056 3.44871 3.87121 2.84164 2.68959 2.52416 1.62156 1.56713
threshold=13.500000000000002 -0.14319353672715096 2.2765229295003437 1217.4653049471692 -0.16666666666666666 2583.5000000000005 25.7864476386037 -3.9999999999999996 413.50000000000006 0.83045977011494265 760.82857142857154 0.29520697167755999 -16.146642793918542
decision_type=10 2 8 2 10 10 10 8 8 10 10 10 8
left_child=5 2 4 9 -2 6 7 -1 -8 -3 -5 -7 -13
right_child=1 3 -4 10 -6 11 8 -9 -10 -11 -12 12 -14
leaf_value=0.017588024560550482 -0.015449880738591383 0.0039423926269995151 0.0097901865389332654 -0.0053721186090105056 2.1984489060207189e-05 -0.0034368712278407226 -0.0091893184001636159 -0.0010326397664184575 -0.0023163123906612469 0.017126224119806119 0.014705348338087622 0.0022182655009602729 0.021665447666316649
leaf_weight=21.718875043094158 48.937448278069496 44.62182703986764 28.497386518865824 42.47639437764883 37.058288864791393 14.046945553272961 164.87327763065696 82.399932939559221 234.07973682694137 58.260031256824732 12.008941974490879 12.706141229718922 14.118476659059526
leaf_count=122 210 220 232 482 528 171 764 475 2102 311 143 183 170
internal_value=-0.000945747 0.00247231 -0.00413796 0.00729002 -0.00883596 -0.00265915 -0.00348625 0.00296291 -0.00517756 0.0115204 -0.000725585 0.00731375 0.0129365
internal_weight=815.804 271.86 114.493 157.367 85.9957 543.943 503.072 104.119 398.953 102.882 54.4853 40.8716 26.8246
internal_count=6113 2126 970 1156 738 3987 3463 597 2866 531 625 524 353
is_linear=0
shrinkage=0.04


Tree=354
num_leaves=9
num_cat=0
split_feature=102 119 54 74 173 63 63 2
split_gain=2.71607 4.7425 3.41832 4.23612 3.12081 3.48483 3.2785 2.71977
threshold=1.0000000180025095e-35 0.26136363636363641 0.48093681917211334 470.00000000000006 0.89181286549707617 281.79574783144494 -533.969800476508 -0.9062286105407259
decision_type=2 10 10 8 10 2 2 10
left_child=2 -2 4 -4 6 -6 -1 -3
right_child=1 7 3 -5 5 -7 -8 -9
leaf_value=0.013104033767937022 0.021915923109233387 0.0092508756918731911 -0.0026928955512958612 0.024919241431976692 0.00084714649634075204 0.013319738446687344 -0.0029411539433291784 -0.017956688061693257
leaf_weight=20.344876494258642 24.446203451603651 11.743081633001568 15.834821827709673 18.441225208342075 154.50722644291818 45.892954710870981 440.25994324684143 9.9024082124233228
leaf_count=98 125 149 220 84 1280 285 3767 105
internal_value=0.000890586 0.0101884 0.000257591 0.0123916 -0.000386357 0.00376534 -0.00220125 -0.00335106
internal_weight=741.373 46.0917 695.281 34.276 661.005 200.4 460.605 21.6455
internal_count=6113 379 5734 304 5430 1565 3865 254
is_linear=0
shrinkage=0.04


Tree=355
num_leaves=7
num_cat=0
split_feature=73 86 176 89 73 178
split_gain=3.60017 3.42322 3.10463 2.3686 1.94338 1.16374
threshold=69.500000000000014 27.500000000000004 4.5000000000000009 55.500000000000007 160.50000000000003 0.12132352941176472
decision_type=8 8 10 8 10 10
left_child=5 2 3 -2 -3 -1
right_child=1 4 -4 -5 -6 -7
leaf_value=0.019776734854984424 0.013188332578524989 -0.022728109909532366 0.017537070984705801 -0.0010664100359091204 0 0.003723135120153116
leaf_weight=17.423220731318001 18.42841868288815 16.055302832275633 14.794683728367088 459.64891391899437 9.2781421551480872 13.387483725324271
leaf_count=149 83 175 144 5284 155 123
internal_value=0.000135346 -0.00066154 8.50024e-05 -0.000486377 -0.0147134 0.0132005
internal_weight=549.016 518.205 492.872 478.077 25.3334 30.8107
internal_count=6113 5841 5511 5367 330 272
is_linear=0
shrinkage=0.04


Tree=356
num_leaves=10
num_cat=0
split_feature=102 164 53 129 0 86 171 89 172
split_gain=4.47018 4.30036 2.55897 3.3044 3.37008 2.98089 2.94839 4.55996 1.36727
threshold=1.0000000180025095e-35 -0.13936338945597246 -0.29935064935064931 0.036375661375661381 -3.9999999999999996 26.500000000000004 0.16064516129032261 301.50000000000006 0.26491228070175443
decision_type=2 2 8 8 10 10 10 10 8
left_child=2 8 6 4 -4 -5 -1 -8 -2
right_child=1 -3 3 5 -6 -7 7 -9 -10
leaf_value=0.0097678876350221003 0.0090347972013243832 -0.023746483847304965 -0.012462227599550502 0.0017635937212528514 -0.00049822615905885132 0.014581627433618278 -0.022180088971979685 -0.002694644685526949 -0.0098551233732114118
leaf_weight=15.448566306382416 11.954715576022865 25.034473486244678 49.349413258954883 430.08175857365131 151.51377569325268 30.246661752462387 26.82845663651824 64.160260390490294 10.636551298201082
leaf_count=120 126 129 448 2821 1409 227 116 593 124
internal_value=-0.000903626 -0.0126654 -0.000155765 0.000770816 -0.0034947 0.00263994 -0.00588393 -0.00864042 1.54116e-05
internal_weight=815.255 47.6257 767.629 661.192 200.863 460.328 106.437 90.9887 22.5913
internal_count=6113 379 5734 4905 1857 3048 829 709 250
is_linear=0
shrinkage=0.04


Tree=357
num_leaves=12
num_cat=0
split_feature=38 40 63 89 40 172 67 69 173 40 132
split_gain=2.66115 3.54866 4.76953 6.55342 3.62919 3.16609 3.01562 3.00279 2.88291 2.21673 1.25922
threshold=1.6706876913001889 -0.21696685815368727 203.91639699643409 942.50000000000011 -0.14529149666394089 0.45080645161290328 28.360027378507876 4.5000000000000009 0.89181286549707617 -0.092086391033674123 723.03571428571433
decision_type=2 2 2 8 2 8 8 10 10 2 8
left_child=1 2 5 -4 6 -1 -3 -2 -6 10 -9
right_child=7 4 3 -5 8 -7 -8 9 -10 -11 -12
leaf_value=-0.0015320222786034119 -0.02064649858618111 -0.023749399609233637 0.032022071710381059 0.0038155036494778543 -0.0013402384871501695 0.014703382191809649 -0.0013483318396764459 0.0016639499154939277 0.005168491091310826 0.013435353854829824 -0.019164747720303736
leaf_weight=90.958584137260914 17.953609086573124 17.223560133948922 22.860397778451443 30.556471299380064 328.21576744318008 23.271830629557371 21.056155426427722 8.712355196475988 161.55293800681829 10.841956242918966 8.2490502316504699
leaf_count=968 185 104 128 245 2487 273 149 153 1174 158 89
internal_value=0.000864065 0.00148536 0.00653707 0.0162902 -0.000124019 0.00185711 -0.0118264 -0.00836923 0.000808784 0 -0.00885759
internal_weight=741.453 695.696 167.647 53.4169 528.048 114.23 38.2797 45.757 489.769 27.8034 16.9614
internal_count=6113 5528 1614 373 3914 1241 253 585 3661 400 242
is_linear=0
shrinkage=0.04


Tree=358
num_leaves=7
num_cat=0
split_feature=73 86 176 49 174 181
split_gain=3.39839 3.22979 2.93498 2.73388 1.88411 1.29448
threshold=69.500000000000014 27.500000000000004 4.5000000000000009 -8.4999999999999982 0.75500000000000012 0.42261904761904767
decision_type=8 8 10 8 10 8
left_child=5 2 3 -2 -3 -1
right_child=1 4 -4 -5 -6 -7
leaf_value=0.021667575071817345 -0.0099582542940811775 -0.024416092680982007 0.016987601383445614 0.00047519944871796609 -0.0024264798746945217 0.0049262362067034379
leaf_weight=13.599851331673564 43.246498804539442 12.956498356536033 14.894114499911664 434.70708886813372 12.10925142187625 17.358593385666609
leaf_count=139 597 153 144 4770 177 133
internal_value=0.000128471 -0.000647776 7.37733e-05 -0.000483492 -0.0143703 0.0127911
internal_weight=548.872 517.913 492.848 477.954 25.0657 30.9584
internal_count=6113 5841 5511 5367 330 272
is_linear=0
shrinkage=0.04


Tree=359
num_leaves=12
num_cat=0
split_feature=86 39 2 108 153 57 6 67 48 158 145
split_gain=2.75016 5.15852 4.52823 3.57859 3.24957 3.24702 3.00342 2.50606 3.87621 3.56812 0.690101
threshold=13.500000000000002 -0.14319353672715096 2.2765229295003437 0.2051910683512688 0.96784137581229424 -2224.4999999999995 -0.16666666666666666 25.7864476386037 0.42819527553126219 -0.25056508003428751 1.5137499055842365
decision_type=10 2 8 8 2 8 10 10 8 2 8
left_child=5 2 6 4 -3 -1 -2 9 -9 -7 -5
right_child=1 3 -4 10 -6 7 -8 8 -10 -11 -12
leaf_value=0.012518769848158737 -0.015030570589093633 0.012439867371490282 0.0095352911406757952 0.00022310912015755527 -0.0052323813330953607 -0.01056244794608128 0 0.00073547290847822389 -0.0073170083862389556 0.0066314894770266039 -0.012130777764053588
leaf_weight=21.031788278371096 48.785013560205698 111.16105798259377 28.460706532001495 14.113002285361292 18.802416078746319 24.551536895334721 37.045061897486448 145.76215103082359 273.91264275088906 77.854951459914446 13.135042566806076
leaf_count=183 210 688 232 174 225 204 528 2111 1102 387 69
internal_value=-0.00087562 0.0024021 -0.00403309 0.00708898 0.00984744 -0.00251923 -0.00861332 -0.00315163 -0.00452035 0.00242769 -0.00587995
internal_weight=814.615 271.502 114.291 157.212 129.963 543.113 85.8301 522.081 419.675 102.406 27.248
internal_count=6113 2126 970 1156 913 3987 738 3804 3213 591 243
is_linear=0
shrinkage=0.04


Tree=360
num_leaves=7
num_cat=0
split_feature=157 171 107 74 41 27
split_gain=2.17632 2.07061 2.2619 3.63888 3.40854 2.02112
threshold=2.0272115134156397 0.68990384615384626 0.036596934507210584 146.50000000000003 -0.30234063192511057 2.5000000000000004
decision_type=2 10 8 10 2 10
left_child=1 2 3 -1 -4 -2
right_child=5 -3 4 -5 -6 -7
leaf_value=-0.0042634111919867181 -0.016792973187985883 -0.011192296618946773 0.012812390320586722 0.0030178351206275691 0.0011772776118171911 0.0043697669927415918
leaf_weight=255.02430755086243 22.337582036852837 23.924024306237698 50.346844479441643 191.11728135310113 190.52819206193089 9.7570029459893686
leaf_count=1772 217 228 375 2282 1089 174
internal_value=-0.000333667 0.000130126 0.000543009 -0.00114004 0.00366039 -0.0103613
internal_weight=743.035 710.941 687.017 446.142 240.875 32.0946
internal_count=6137 5746 5518 4054 1464 391
is_linear=0
shrinkage=0.04


Tree=361
num_leaves=11
num_cat=0
split_feature=144 31 157 165 167 39 87 83 66 37
split_gain=3.63581 4.23049 3.62282 3.10736 3.08989 4.15072 3.52083 1.51745 1.17919 0.98233
threshold=0.44636015325670503 458.67083333333335 1.8838772830213852 0.18759048415975391 0.041520783780491385 -0.29548055005106394 0.7587878787878789 1513.2522915654301 0.44643732819161286 -0.036530722668567106
decision_type=8 8 2 2 2 2 8 2 8 2
left_child=1 7 4 -4 6 -6 -2 9 -9 -1
right_child=2 -3 3 -5 5 -7 -8 8 -10 -11
leaf_value=-0.020357815325775377 0.003932797744123721 0.017986115331248102 0.020408397612167683 -0.0039204553985881527 0.024258883363098588 -0.00050089745444607976 -0.0062136627490233841 0.013670868631753947 -0.0046161634045910468 -1.3094367192874319e-05
leaf_weight=7.6272768462076783 65.059192863292992 31.935651473701 19.190136662684381 13.706449199467896 13.101852891966699 45.933418654836714 318.44602153543383 10.781524754129352 9.8783961934968811 7.1386087117716652
leaf_count=173 600 190 184 201 112 559 3507 248 208 155
internal_value=-0.000964808 0.00765772 -0.00220418 0.0103961 -0.00316667 0.00527334 -0.00448143 -0.00183639 0.00502528 -0.0112737
internal_weight=542.799 67.3615 475.437 32.8966 442.54 59.0353 383.505 35.4258 20.6599 14.7659
internal_count=6137 974 5163 385 4778 671 4107 784 456 328
is_linear=0
shrinkage=0.04


Tree=362
num_leaves=13
num_cat=0
split_feature=62 108 87 35 145 53 144 40 178 107 132 178
split_gain=2.4281 3.04615 3.04878 3.60391 2.63994 2.98993 3.52185 3.05107 2.4153 3.26966 1.56295 1.30119
threshold=210.25151515151518 -0.11700626090168952 0.82247899159663873 -14.146899597466811 0.98356521547399878 0.38133640552995401 0.72850122850122856 0.1367659419025897 0.91987179487179505 0.016216650176187678 454.33333333333343 0.36931818181818188
decision_type=10 8 10 2 10 10 8 2 10 8 10 8
left_child=4 11 10 -4 5 6 -1 -7 9 -6 -3 -2
right_child=1 2 3 -5 8 7 -8 -9 -10 -11 -12 -13
leaf_value=-0.00035678840760031252 -0.0059195100792645153 -0.016858339541103776 0.018152909485805925 -0.0016571424171393171 0.001102436323213453 -0.010467793844727132 0.0069817857652544673 0.0054255738273754619 0.0075218575557650979 -0.012160274902311365 0.00014233984262006279 -0.022301921538822968
leaf_weight=159.34274541959167 16.947793938219547 20.205699983984232 20.267059445381165 46.593345366418362 60.234030958265066 46.196470707654953 300.44743520393968 31.72566694393754 27.87803571857512 56.985135501250625 14.197100359946488 15.915618494153021
leaf_count=1526 173 104 149 353 636 299 1652 280 234 501 154 76
internal_value=0.00094741 -0.00394913 -0.000451186 0.00449732 0.00191655 0.0032094 0.00443897 -0.00398478 -0.0028501 -0.00537653 -0.00998028 -0.0143368
internal_weight=816.936 134.127 101.263 66.8604 682.81 537.712 459.79 77.9221 145.097 117.219 34.4028 32.8634
internal_count=6137 1009 760 502 5128 3757 3178 579 1371 1137 258 249
is_linear=0
shrinkage=0.04


Tree=363
num_leaves=7
num_cat=0
split_feature=157 171 54 54 70 22
split_gain=2.03875 1.98459 3.62975 2.99985 1.87127 0.7962
threshold=2.0272115134156397 0.72077922077922085 0.48093681917211334 0.2062447786131997 91.500000000000014 14.488228853998232
decision_type=2 10 10 10 8 10
left_child=1 2 3 -1 5 -2
right_child=4 -3 -4 -5 -6 -7
leaf_value=0.0010270432905728915 -0.0075686807578141313 -0.012490448831104062 0.015979414257203613 -0.006672424787605497 -0.019447961584597363 0.0093203028348116425
leaf_weight=576.66501659154892 9.4088187795132452 18.373247642070055 22.386241596192122 93.15843403711915 15.699516171589492 6.8114980403333893
leaf_count=4490 170 181 186 889 101 120
internal_value=-0.000314736 0.000133139 0.000488626 -4.91606e-05 -0.010047 -0.000230861
internal_weight=742.503 710.583 692.21 669.823 31.9198 16.2203
internal_count=6137 5746 5565 5379 391 290
is_linear=0
shrinkage=0.04


Tree=364
num_leaves=12
num_cat=0
split_feature=144 137 133 180 49 145 86 55 69 147 55
split_gain=3.40757 4.00751 3.47198 3.46969 3.45614 4.86571 3.26632 2.05073 1.04086 0.894441 0.670563
threshold=0.44636015325670503 0.51734003393495676 1.2001318971202466 0.31666666666666671 6.5000000000000009 0.36657551518100812 9.5000000000000018 1.0000000180025095e-35 20.500000000000004 12.437414308249506 -0.01781746031746034
decision_type=8 8 8 10 10 10 10 8 8 10 8
left_child=1 8 -2 7 5 -4 -6 -3 9 -1 -10
right_child=2 3 4 -5 6 -7 -8 -9 10 -11 -12
leaf_value=-0.0075452209732527736 0.010590146458707057 0.015964992166524562 -0.0085874083043173659 0.029553243835751499 0.0096696062991806619 0.00087361155507433442 -0.0068207976959972355 -0.0063161281104954659 -0.0016496514492115629 0.010726949927878015 -0.020553714736737276
leaf_weight=6.7226204294711378 30.98783409409225 12.850550066679716 213.78810032177716 15.550728205591438 56.535240486264229 145.27161237038672 27.863533346913755 11.696235854178667 5.7979413596913218 8.5781539380550367 6.3822806570678932
leaf_count=171 175 140 2267 109 571 1832 318 116 128 168 142
internal_value=-0.000929743 0.00740157 -0.0021337 0.0153309 -0.00304914 -0.00476223 0.0041859 0.00543837 -0.00422991 0.00260574 -0.0125148
internal_weight=542.025 67.5785 474.446 40.0975 443.458 359.06 84.3988 24.5468 27.481 15.3008 12.1802
internal_count=6137 974 5163 365 4988 4099 889 256 609 339 270
is_linear=0
shrinkage=0.04


Tree=365
num_leaves=11
num_cat=0
split_feature=137 62 87 134 54 133 52 108 86 37
split_gain=2.32731 3.11585 3.90834 3.74227 2.96734 2.87499 2.45083 2.35305 2.00008 2.14474
threshold=0.40556415548675617 210.25151515151518 0.76253132832080206 3.1127416035616773 -0.29935064935064931 2.3274935678617172 -0.076824709817037137 -0.11700626090168952 6.5000000000000009 -0.16464517021807618
decision_type=8 10 10 8 10 8 8 8 10 2
left_child=4 3 -3 6 -1 -5 -2 -4 -6 -10
right_child=1 2 7 5 8 -7 -8 -9 9 -11
leaf_value=-0.0089798443664693105 -0.013240419068955837 -0.022876595131730321 -0.013571294752390137 -0.0063108500825278845 0.020597969379948781 0.0042217234919662231 -0.0012856981446682551 0.0007656068885754804 0.011790597689901282 0.00032656823665282836
leaf_weight=18.390601390972733 36.298415711149573 17.598704688251019 23.27836624532938 45.57808512263 16.2822395414114 374.64005867391825 106.57108976691961 73.314448036253452 48.415564440190792 56.27685497328639
leaf_count=192 345 116 164 308 155 2389 989 536 446 497
internal_value=0.000906116 -6.23898e-05 -0.00606007 0.00115895 0.00559396 0.00306231 -0.00440782 -0.00277268 0.00788133 0.00570849
internal_weight=816.644 677.279 114.192 563.088 139.365 420.218 142.87 96.5928 120.975 104.692
internal_count=6137 4847 816 4031 1290 2697 1334 700 1098 943
is_linear=0
shrinkage=0.04


Tree=366
num_leaves=10
num_cat=0
split_feature=157 180 54 162 72 73 2 68 89
split_gain=1.93977 2.6297 1.75063 3.34995 3.10282 3.03212 2.13038 3.15186 3.09895
threshold=2.0272115134156397 0.17156862745098042 -0.34148550724637677 -0.13204246987092227 19.500000000000004 118.50000000000001 2.3367556468172475 24.933607118412052 112.50000000000001
decision_type=2 8 8 2 8 10 8 10 10
left_child=2 -2 3 4 -1 -5 7 -4 -8
right_child=1 -3 6 5 -6 -7 8 -9 -10
leaf_value=0.0076386481837888379 0.0059929362965851886 -0.017685608966988321 0.017740437872622618 0.0023077780512885571 -0.016858973503326772 0.020972071269330837 0.0066633751089087492 0.00019805365416249648 -0.0067879480607440394
leaf_weight=15.225867839530112 10.558648286387326 21.215911414474249 16.051876561716199 29.983341779559851 15.907184686511753 25.931069737300277 32.710181165486574 428.77990424074233 145.66395670548081
leaf_count=165 185 206 92 123 169 223 120 3588 1266
internal_value=-0.0002984 -0.00981346 0.000137662 0.00541991 -0.0049511 0.0112151 -0.000604442 0.000873933 -0.0042867
internal_weight=742.028 31.7746 710.253 87.0475 31.1331 55.9144 623.206 444.832 178.374
internal_count=6137 391 5746 680 334 346 5066 3680 1386
is_linear=0
shrinkage=0.04


Tree=367
num_leaves=12
num_cat=0
split_feature=158 120 53 43 55 43 170 37 107 166 174
split_gain=2.36189 2.82914 2.70751 6.20936 3.95842 2.81248 3.77544 1.84686 1.75634 1.56916 1.14301
threshold=0.98029019458975097 0.17424242424242428 -0.13476800976800976 -0.046363066584185604 1.0000000180025095e-35 -0.033152341642298688 0.38585607940446659 0.47084212053053059 -0.012740007770885351 0.080611269327515153 0.9298029556650248
decision_type=2 10 10 2 10 2 10 2 8 2 8
left_child=2 -2 3 4 -1 8 -7 -5 -4 -3 -11
right_child=1 9 5 7 -6 6 -8 -9 -10 10 -12
leaf_value=0.020138678480559322 0.030371008647365149 0.015502376714564642 -0.00066820624789327239 -0.00050939549833084181 -0.0025905901606444771 0.002044231673312513 -0.010976449328607769 -0.012724513926686571 -0.012755703953259858 0.0026415365192087622 -0.016401325878069913
leaf_weight=38.307074211537838 6.6170517392456523 10.192372498102484 26.603469803929329 137.76859481167048 17.299775891005993 138.86720483936369 46.77274782769382 22.231402802281082 73.166689760051668 17.428066846914593 5.9242033474147311
leaf_count=431 86 192 445 978 170 1505 645 206 1004 358 117
internal_value=-0.000898413 0.00830768 -0.00165544 0.00171688 0.0131112 -0.00420707 -0.0012669 -0.00228756 -0.00959106 0.00314436 -0.00258242
internal_weight=541.179 40.1617 501.017 215.607 55.6069 285.41 185.64 160 99.7702 33.5446 23.3523
internal_count=6137 753 5384 1785 601 3599 2150 1184 1449 667 475
is_linear=0
shrinkage=0.04


Tree=368
num_leaves=14
num_cat=0
split_feature=62 134 133 107 108 87 57 52 136 160 178 157 146
split_gain=2.17064 2.96353 2.86732 3.83169 2.77643 2.77918 2.46544 2.46185 2.00033 1.92814 1.65041 1.42699 1.28857
threshold=210.25151515151518 3.1127416035616773 3.5864570777184563 -0.016207371811407741 -0.11700626090168952 0.82247899159663873 1086.5000000000002 -0.09090909090909087 3.01885664255872 0.66771268201237688 0.30384615384615393 -0.083464172224733221 1.833227273505218
decision_type=10 8 8 8 8 10 10 8 8 2 8 2 8
left_child=1 7 6 -4 10 12 -3 11 -7 -9 -2 -1 -6
right_child=4 2 3 -5 5 8 -8 9 -10 -11 -12 -13 -14
leaf_value=-0.00081351969837207584 -0.0038693774998552512 0.0022696900174393607 0.012499219838289504 0.0028087688924380854 -0.0013209845347342502 0.015384528583302118 -0.0078216004802457561 0.0020879901110714945 1.970255153712846e-07 -0.010346017894962971 -0.022072798306209829 -0.016815416367136744 -0.016845882538067992
leaf_weight=14.017786353826521 15.84457455947995 138.36824460327625 92.067122504115105 224.37303853034973 16.83319466561079 17.813342548906803 52.612943477928638 112.432486878708 49.014677952975035 23.210388658568263 16.905741441994905 25.453096032142639 17.476808920502663
leaf_count=201 162 1098 585 1308 176 195 344 1194 307 200 87 198 82
internal_value=0.000869585 0.00178571 0.00333438 0.00566496 -0.00376444 -0.000424634 -0.000526178 -0.0026839 0.00429681 -8.51505e-05 -0.0137008 -0.0113424 -0.00953881
internal_weight=816.423 682.535 507.421 316.44 133.888 101.138 190.981 175.114 66.828 135.643 32.7503 39.4709 34.31
internal_count=6137 5128 3335 1893 1009 760 1442 1793 502 1394 249 399 258
is_linear=0
shrinkage=0.04


Tree=369
num_leaves=11
num_cat=0
split_feature=63 0 58 20 68 81 54 86 86 132
split_gain=1.90787 2.81482 2.38034 2.71644 2.37489 2.14044 2.01792 5.21166 4.26602 0.775111
threshold=491.24220302019933 2.5000000000000004 553.50000000000011 -0.64127132748052118 29.301848049281315 0.051315789473684217 -0.094588744588744569 8.5000000000000018 4.5000000000000009 526.87500000000011
decision_type=2 8 10 10 10 10 10 8 10 10
left_child=2 5 6 4 -4 -2 7 -1 -8 -5
right_child=1 -3 3 9 -6 -7 8 -9 -10 -11
leaf_value=-0.0049538526156494974 0.0086713395084113427 -0.015241747111987936 0.0038153845716058189 0.0066445933736094453 0.020831131727796746 -0.0080890411694514493 0.011331688418576015 0.0067429293798820277 -0.0042923509435770285 -0.0042358928540170669
leaf_weight=100.60061777196825 22.86749748699367 31.269121471792459 27.99462242051959 14.041323911398647 25.298636462539434 23.915772179141641 30.020165776833892 151.1448291093111 281.10728095471859 33.257508924230933
leaf_count=662 113 152 167 222 190 139 210 1199 2496 587
internal_value=-0.000277349 -0.00615313 0.000419109 0.00605646 0.0121646 7.15411e-05 -0.00059376 0.00205973 -0.00274693 -0.000893762
internal_weight=741.517 78.0524 663.465 100.592 53.2933 46.7833 562.873 251.745 311.127 47.2988
internal_count=6137 404 5733 1166 357 252 4567 1861 2706 809
is_linear=0
shrinkage=0.04


Tree=370
num_leaves=9
num_cat=0
split_feature=157 158 160 165 155 53 72 89
split_gain=2.54697 2.81328 3.4275 2.81 2.61962 3.0665 2.41457 1.76945
threshold=1.8838772830213852 0.36964148428558535 0.099908678819708163 0.18759048415975391 -0.47870747565650834 -0.2015249243510113 20.500000000000004 98.500000000000014
decision_type=2 2 2 2 2 8 8 10
left_child=1 4 7 -2 6 -6 -1 -3
right_child=3 2 -4 -5 5 -7 -8 -9
leaf_value=0.0021899723684243571 0.018260741518870756 0.019614939468912733 0.022947443429124803 -0.0037616471451282318 0.004594563006412887 -0.0036590003478396407 -0.01342751309617643 -0.0013971228773425933
leaf_weight=20.91023966204375 21.278060063719749 6.3174172751605502 13.713543128222225 15.159556256607173 99.157722836360335 254.75321855209768 58.878499493934214 50.349923199974
leaf_count=527 220 42 178 229 745 2445 683 1068
internal_value=-0.000871998 -0.00162 0.0057358 0.00918935 -0.00282875 -0.00133448 -0.00933344 0.00121019
internal_weight=540.518 504.081 70.3809 36.4376 433.7 353.911 79.7887 56.6673
internal_count=6137 5688 1288 449 4400 3190 1210 1110
is_linear=0
shrinkage=0.04


Tree=371
num_leaves=8
num_cat=0
split_feature=94 57 63 54 56 69 70
split_gain=2.10026 2.09561 2.78108 2.34126 1.58902 1.47309 0.658707
threshold=4.0000000000000009 2816.0000000000005 689.53093949208824 -0.090909090909090884 -1.0000000180025095e-35 58.500000000000007 20.500000000000004
decision_type=2 10 2 8 10 10 10
left_child=1 2 3 -1 -2 6 -6
right_child=4 -3 -4 -5 5 -7 -8
leaf_value=-0.0016757950782773008 0.0025221593016161886 -0.011058978707523034 0.015932532300660354 0.0030349824599972476 -0.023755456267381292 0.00025690604687026607 -0.0089289706419514378
leaf_weight=266.01761734485626 18.428131982684135 20.076046209782362 20.441027604043484 456.7712890189141 11.959157997742297 10.923466820269821 11.595613669604061
leaf_count=1960 213 145 90 3293 120 150 166
internal_value=0.000832267 0.00137169 0.00172456 0.00129853 -0.00679423 -0.0117608 -0.017199
internal_weight=816.212 763.306 743.23 722.789 52.9064 34.4782 23.5548
internal_count=6137 5488 5343 5253 649 436 286
is_linear=0
shrinkage=0.04


Tree=372
num_leaves=13
num_cat=0
split_feature=52 169 137 52 89 1 167 90 182 174 92 57
split_gain=2.21359 3.22876 2.95924 2.67 5.90278 3.32672 2.874 3.74459 3.70267 2.21996 2.19815 1.87861
threshold=-0.10903263403263395 0.60555555555555574 0.42245284889764217 0.030037593984962422 237.50000000000003 -2.4999999999999996 -0.045225080667432936 126.50000000000001 0.18465909090909094 0.77346041055718484 1252.3085588158174 407.50000000000006
decision_type=8 10 8 8 10 10 2 8 8 10 2 8
left_child=1 2 11 4 5 -2 7 -5 -8 -6 -4 -1
right_child=3 -3 10 6 9 -7 8 -9 -10 -11 -12 -13
leaf_value=0.0034700993164525663 -0.024031905337361492 0.019891044635246206 0.0013904450757624422 0.013939095079964658 -0.0059576609930662629 -0.0052980073972181052 -0.0070873983530228427 -0.0080492688218246414 0.005318010014343965 0.0035190239847400612 0.01328887333577892 -0.017289078625030267
leaf_weight=10.695288283750413 30.701594024896622 17.682331454008818 84.838163470849395 13.55776536464691 66.468274131417274 31.113095168024302 45.427229654043913 82.654306655749679 223.76470638997853 94.487274438142776 34.575015980750322 16.98572465218604
leaf_count=130 121 126 494 55 734 132 442 1086 1264 1005 400 173
internal_value=0.000121024 0.00420653 0.00218599 -0.00102533 -0.0044685 -0.0148689 0.00107482 -0.00481868 0.00319866 -0.000394745 0.00493389 -0.00935716
internal_weight=752.951 164.777 147.094 588.174 222.77 61.8147 365.404 96.2121 269.192 160.956 119.413 27.681
internal_count=6162 1323 1197 4839 1992 253 2847 1141 1706 1739 894 303
is_linear=0
shrinkage=0.04


Tree=373
num_leaves=13
num_cat=0
split_feature=175 175 39 163 69 159 68 178 58 43 68 7
split_gain=2.45689 3.08365 4.3793 2.65445 2.63676 2.46308 2.50069 1.99116 1.9073 1.84375 1.82604 1.45353
threshold=1.5000000000000002 3.5000000000000004 -0.081561256240687427 -0.21640690117087613 2.5000000000000004 -1.1531896570753266 26.443531827515404 0.60769230769230786 1.0000000180025095e-35 0.017566422272103848 28.970568104038332 -0.42678571428571421
decision_type=10 10 2 2 8 2 8 10 10 2 8 10
left_child=4 2 9 -4 7 11 -7 10 -3 -2 -1 -6
right_child=1 8 3 -5 5 6 -8 -9 -10 -11 -12 -13
leaf_value=0.00035751629861417099 -0.0027123795577475886 -0.0033878003959117993 -0.0016845139704944568 -0.020182223116294456 -0.021328703038255653 -0.0025727415029945149 0.0057692848181447598 0.010061506011366106 0.015059991593416009 0.015669822709108751 -0.017794153432797607 -0.0017482899999371158
leaf_weight=13.761771963909267 34.830384258180857 16.644311157986522 18.255306893959641 40.936092691496015 8.2169115180149692 71.876220354810357 271.44727035611868 7.8909777775406829 17.38831493537873 10.522308307699857 22.714037800207734 19.110920116305351
leaf_count=192 420 185 353 311 86 532 2856 70 155 99 435 468
internal_value=0.000431076 -0.00415743 -0.00755544 -0.0146333 0.00197432 0.00308512 0.00401464 -0.00712497 0.00614149 0.00175539 -0.0110656 -0.00825141
internal_weight=553.595 138.577 104.544 59.1914 415.018 370.651 343.323 44.3668 34.0326 45.3527 36.4758 27.3278
internal_count=6162 1523 1183 664 4639 3942 3388 697 340 519 627 554
is_linear=0
shrinkage=0.04


Tree=374
num_leaves=12
num_cat=0
split_feature=56 62 139 173 52 67 167 67 49 107 90
split_gain=2.77056 4.72369 4.47341 3.29315 3.48894 4.08228 2.49686 1.97023 2.05457 1.78049 1.6439
threshold=-2.4999999999999996 50.119047619047656 6.3480869545749661 0.84807692307692317 -0.10708313425704728 23.572895277207397 -0.050620088411997846 23.572895277207397 -4.4999999999999991 0.0055581988944249381 252.50000000000003
decision_type=10 8 8 8 8 8 2 8 10 10 10
left_child=1 2 6 7 10 -6 -1 -2 -9 -3 -5
right_child=3 9 -4 4 5 -7 -8 8 -10 -11 -12
leaf_value=0.0055219049787291422 -0.0080867506234580961 -0.024315822545537491 0.016301861089925283 -0.017314894575059452 0.017590735266571213 -0.0017688441270368557 -0.01627440166035387 0.0087355279124966059 0.0018339191592417015 -0.0059264301188910965 -0.0052919221634420534
leaf_weight=13.062125954777001 24.467306196689606 23.118202965706587 18.281219340860844 29.109580498188734 17.962538741528988 213.95786526240408 20.29062644764781 88.387780159711838 312.11923790350556 14.712972357869146 51.410268887877464
leaf_count=137 116 173 68 113 107 1644 175 708 2335 114 472
internal_value=-0.000401409 -0.00700931 0.000864029 0.000405978 -0.00270341 -0.000191748 -0.00776772 0.00269767 0.00337998 -0.0175523 -0.00982209
internal_weight=826.88 89.4651 51.634 737.415 312.44 231.92 33.3528 424.974 400.507 37.8312 80.5198
internal_count=6162 667 380 5495 2336 1751 312 3159 3043 287 585
is_linear=0
shrinkage=0.04


Tree=375
num_leaves=12
num_cat=0
split_feature=52 169 137 170 52 89 1 153 182 174 57
split_gain=2.03534 3.03517 2.79424 2.64853 2.53461 5.62838 3.19625 2.9539 2.57877 2.10465 1.79767
threshold=-0.10903263403263395 0.60555555555555574 0.42245284889764217 0.26520146520146526 0.030037593984962422 237.50000000000003 -2.4999999999999996 -0.52133970752491809 0.17028985507246377 0.77346041055718484 407.50000000000006
decision_type=8 10 8 10 8 10 10 2 8 10 8
left_child=1 2 10 -4 5 6 -2 -6 -9 -7 -1
right_child=4 -3 3 -5 7 9 -8 8 -10 -11 -12
leaf_value=0.0033609554422656912 -0.023546169125427733 0.019247816789147658 -0.004683827708707307 0.0084279283937049448 -0.015092109005635656 -0.0057948558070451961 -0.0051453608042444704 -0.0055840512545871643 0.003438729165801162 0.0034395266351672248 -0.016963730021011595
leaf_weight=10.703827477991579 30.490604177117348 17.667810060083866 33.405582355335355 86.175181539729238 16.242552876472473 66.272763529792428 31.057237766683102 60.357659738510847 288.67459051124752 94.526614567264915 16.876897646114234
leaf_count=130 121 126 253 641 189 734 132 705 1953 1005 173
internal_value=0.000117474 0.00403396 0.00207634 0.00474003 -0.000982697 -0.00434166 -0.0145237 0.00106276 0.00186122 -0.000366316 -0.00916432
internal_weight=752.451 164.829 147.161 119.581 587.622 222.347 61.5478 365.275 349.032 160.799 27.5807
internal_count=6162 1323 1197 894 4839 1992 253 2847 2658 1739 303
is_linear=0
shrinkage=0.04


Tree=376
num_leaves=6
num_cat=0
split_feature=12 57 56 177 142
split_gain=2.4314 2.40698 3.26317 3.06764 2.74295
threshold=-2.4999999999999996 2816.0000000000005 1.5000000000000002 0.45227272727272733 0.30583900226757377
decision_type=2 10 10 10 8
left_child=-1 2 4 -4 -2
right_child=1 -3 3 -5 -6
leaf_value=0.018185683180115791 -0.0068368461477804491 0.016298483620410625 -0.012282232252431621 0.0074997531810531218 0.0020975276119992643
leaf_weight=11.049297347664831 62.857821841724217 13.152893173508344 58.60197751224041 15.023369121365247 392.77080369088799
leaf_count=157 1131 162 534 263 3915
internal_value=0.000413523 1.50085e-05 -0.000415867 -0.00817248 0.000848302
internal_weight=553.456 542.407 529.254 73.6253 455.629
internal_count=6162 6005 5843 797 5046
is_linear=0
shrinkage=0.04


Tree=377
num_leaves=13
num_cat=0
split_feature=77 56 174 89 52 52 62 65 54 4 41 119
split_gain=2.88609 4.23453 3.39075 2.93285 5.5247 5.5865 3.87681 2.58232 3.26463 2.55222 1.80836 1.37671
threshold=-1.0000000180025095e-35 -2.4999999999999996 0.78759398496240618 512.50000000000011 0.016666666666666666 -0.10507913139492085 52.22083333333331 2.4337469192040744 0.12527056277056278 1.0000000180025095e-35 -0.31407918584968847 0.56385869565217395
decision_type=2 10 10 8 10 8 8 8 10 2 2 8
left_child=1 -1 9 4 5 -2 -6 11 -9 -3 -4 -5
right_child=3 2 10 7 6 -7 -8 8 -10 -11 -12 -13
leaf_value=-0.012317737848481086 -0.00293904651520434 0.002875018400300332 -0.007202841841866983 0.0026769809686440732 0.0004066185563314473 0.011204089941922384 -0.011765822367121427 -0.014153964136159913 0.00021090988854232298 0.015657119501311212 0.0038508102509211264 -0.0055458238685581179
leaf_weight=23.56295182928443 75.862936686724424 44.192778509110212 34.786981988698244 66.258896209299564 99.338687729090452 105.93889811448753 70.898841422051191 77.961140001192689 36.814010363072157 59.60798342898488 68.972966749221087 61.985309857875109
leaf_count=229 317 475 363 944 420 481 299 437 191 449 656 901
internal_value=-0.000386603 0.00339475 0.00523858 -0.00186188 0.000467653 0.00530766 -0.00469027 -0.00523275 -0.00956715 0.0103136 9.24461e-05 -0.0012941
internal_weight=826.182 231.124 207.561 595.059 352.039 181.802 170.238 243.019 114.775 103.801 103.76 128.244
internal_count=6162 2172 1943 3990 1517 798 719 2473 628 924 1019 1845
is_linear=0
shrinkage=0.04


Tree=378
num_leaves=11
num_cat=0
split_feature=52 169 63 125 52 89 1 153 182 157
split_gain=1.89482 2.88468 2.54438 3.34552 2.2979 5.29151 3.08635 2.80624 2.44995 1.87187
threshold=-0.10903263403263395 0.60555555555555574 -362.69791051586157 1.5000000000000002 0.030037593984962422 237.50000000000003 -2.4999999999999996 -0.52133970752491809 0.17028985507246377 0.29108586355764426
decision_type=8 10 2 2 8 10 10 2 8 2
left_child=1 2 -1 -4 5 6 -2 -6 -9 -7
right_child=4 -3 3 -5 7 9 -8 8 -10 -11
leaf_value=0.016969996168430458 -0.022978460138707437 0.018724710250970906 -0.0022863522065460816 0.01657138810356908 -0.014809579621714799 0.0024012787393115943 -0.0048558256979097918 -0.0054971187194330978 0.0033014098161605367 -0.0070882017440597259
leaf_weight=15.141915392130612 30.231310863047838 17.649302538484335 115.81192848086357 16.276929475367069 16.130928399041295 114.97885868884623 30.965076599270105 60.27591210231185 288.92394306510687 45.60625671595335
leaf_count=78 121 126 943 176 189 1120 132 705 1953 619
internal_value=0.00010658 0.0038845 0.00197771 0.000129459 -0.000955781 -0.00415978 -0.0140662 0.000989857 0.00176561 -0.000308549
internal_weight=751.992 164.88 147.231 132.089 587.112 221.782 61.1964 365.331 349.2 160.585
internal_count=6162 1323 1197 1119 4839 1992 253 2847 2658 1739
is_linear=0
shrinkage=0.04


Tree=379
num_leaves=13
num_cat=0
split_feature=175 170 37 85 143 139 169 170 137 163 69 154
split_gain=2.25213 3.12646 3.45771 4.23167 3.00377 2.62616 2.40027 3.1351 2.37683 2.30864 2.83141 1.95996
threshold=1.5000000000000002 0.21845174973488868 -0.72513629905426014 7.5000000000000009 0.46211251435132039 1.2647167499142715 0.060661764705882359 0.091966173361522213 0.41047433445210346 -0.32369413718586754 1.0000000180025095e-35 -0.038904927385933374
decision_type=10 8 2 8 8 10 10 10 8 2 10 2
left_child=1 6 8 -4 5 -2 -1 -8 -3 10 -6 -11
right_child=4 2 3 -5 9 -7 7 -9 -10 11 -12 -13
leaf_value=-0.017058549593514535 -0.0065013589645448299 -0.021676408391305659 -0.00062502014500632585 0.01009295297995417 0.018728921336202149 0.018966206695329748 0.0079751627574240411 -0.0074071544270365303 -0.00091029948289166691 0.0016513926007580928 -0.006057396629443176 -0.013321874997559598
leaf_weight=17.783587645739317 10.372846278361978 9.6338497679680568 94.553695044480264 153.53332580719143 10.250121126882734 14.347808766178785 34.377809504047036 51.807967878878117 53.686132490634918 17.159085233695805 20.350449495948851 65.554488399066031
leaf_count=149 145 160 882 1561 168 157 406 710 771 193 375 485
internal_value=0.000404283 0.00187872 0.00388496 0.00601386 -0.00399984 0.0083649 -0.00409104 -0.00122741 -0.00438875 -0.00676441 0.00251181 -0.0102091
internal_weight=553.411 415.376 311.407 248.087 138.035 24.7207 103.969 86.1858 63.32 113.314 30.6006 82.7136
internal_count=6162 4639 3374 2443 1523 302 1265 1116 931 1221 543 678
is_linear=0
shrinkage=0.04


Tree=380
num_leaves=13
num_cat=0
split_feature=77 55 55 43 176 155 146 55 148 107 86 52
split_gain=2.74865 4.92441 3.96609 3.14144 3.49936 2.35942 2.16629 2.16385 2.39569 1.9737 0.878133 0.84904
threshold=-1.0000000180025095e-35 -0.28621378621378618 -0.35531400966183574 -0.073993556017418402 3.5000000000000004 -0.97004782383096855 1.7313243203236792 -0.22198067632850235 19.725192778948113 0.015790272827528876 10.500000000000002 0.062645348837209305
decision_type=2 8 10 2 8 2 8 8 10 10 10 8
left_child=3 2 6 9 5 -5 -2 11 -9 10 -1 -3
right_child=1 7 -4 4 -6 -7 -8 8 -10 -11 -12 -13
leaf_value=0.024429886740724775 0.01033762359365803 -0.0067022374521917318 0.022141699526366399 0.01681197453698614 -0.016527965210776339 0.00098135713935469291 -0.0081683939701115236 -0.0011774701655123587 -0.0090877439580085081 -0.0003002156076638846 0.010618711121814546 -0.019520604748423483
leaf_weight=15.081939049065111 19.105437785387039 22.455029107630253 21.824520509690046 15.824803404510019 15.842152211815117 149.36233704164624 19.343260116875172 426.34981619752944 70.828635107725859 14.372551664710043 20.470524087548256 14.808389533311127
leaf_count=162 175 153 144 173 137 1307 82 2661 680 170 223 95
internal_value=-0.000370636 -0.00181076 0.00892795 0.00332093 0.00083531 0.00260199 0.00100563 -0.00304 -0.00232437 0.0121012 0.0170404 -0.0122255
internal_weight=825.669 594.715 60.2732 230.954 181.029 165.187 38.4487 534.442 497.178 49.925 35.5525 37.2634
internal_count=6162 3990 401 2172 1617 1480 257 3589 3341 555 385 248
is_linear=0
shrinkage=0.04


Tree=381
num_leaves=15
num_cat=0
split_feature=73 41 31 107 2 108 142 171 44 36 88 179 74 62
split_gain=2.01706 2.60903 3.15109 2.64087 2.59497 2.49196 2.78039 2.36766 2.81282 2.09673 3.46445 2.02183 1.59037 1.08483
threshold=209.50000000000003 -0.30234063192511057 -51.05833333333333 -0.010658751205400161 0.45995893223819101 -0.25542539358139033 0.35498944829665363 0.036375661375661381 47.863181800929972 0.85343029855030295 0.73993558776167478 0.51923076923076927 125.50000000000001 54.764723389355773
decision_type=10 2 10 8 8 8 8 8 8 2 8 8 10 8
left_child=1 2 3 -1 9 12 -7 -6 -9 10 -2 -11 -3 -4
right_child=4 5 13 -5 7 6 -8 8 -10 11 -12 -13 -14 -15
leaf_value=0 0.016735206471963717 -0.013493518710540086 -0.0094180009468158091 0.013859723701027652 0.0061648517232230559 0.0071077186703631754 -0.0009833699977617209 -0.0038104573897971114 -0.021370321519390254 -0.00083009010677612518 -0.007543331845415259 0.023404663092364848 0.00059086624203763625 0.0030764512094236625
leaf_weight=32.019934616982937 10.622990002855657 33.913604853674769 21.485084151849151 70.356844160705805 12.008836010470985 85.338028192520142 317.31402962096035 29.729104664176702 29.391819272190332 10.388831363990905 48.108322195708752 10.219491403549908 19.731419006362557 20.934151051566005
leaf_count=209 124 173 334 383 121 810 1996 525 125 161 606 81 197 317
internal_value=0.000101489 0.00114193 0.00580097 0.00957704 -0.00402174 -0.000341598 0.00073986 -0.00951587 -0.0127838 0.000936119 -0.00291183 0.0116221 -0.00836047 -0.00327701
internal_weight=751.562 601.093 144.796 102.377 150.469 456.297 402.652 71.1298 59.1209 79.3396 58.7313 20.6083 53.645 42.4192
internal_count=6162 4419 1243 592 1743 3176 2806 771 650 972 730 242 370 651
is_linear=0
shrinkage=0.04


Tree=382
num_leaves=6
num_cat=0
split_feature=12 82 175 143 170
split_gain=2.28849 2.38976 2.27168 3.12846 2.70122
threshold=-2.4999999999999996 0.80909090909090919 1.5000000000000002 0.46211251435132039 0.21845174973488868
decision_type=2 10 10 8 8
left_child=-1 2 4 -4 -2
right_child=1 -3 3 -5 -6
leaf_value=0.017565755963785585 -0.0046181852390604272 0.014729139626799349 0.0077724116301998228 -0.007922556270826971 0.0029652647175925605
leaf_weight=11.128783149644731 99.658161571249366 16.066039650700986 24.021549324505031 107.72581402491778 294.76524840388447
leaf_count=157 1203 218 287 1152 3145
internal_value=0.000381833 0 -0.000479435 -0.00500883 0.00103728
internal_weight=553.366 542.237 526.171 131.747 394.423
internal_count=6162 6005 5787 1439 4348
is_linear=0
shrinkage=0.04


Tree=383
num_leaves=10
num_cat=0
split_feature=55 147 90 55 173 107 52 35 73
split_gain=2.44833 3.31058 2.17943 2.1511 2.54371 3.15333 3.14208 2.41589 1.67262
threshold=-0.28621378621378618 17.843976296955777 357.50000000000006 -0.22198067632850235 0.84807692307692317 0.04375334833386902 -0.11877118824380482 -0.42735910322824106 146.50000000000003
decision_type=8 8 10 8 8 10 8 2 10
left_child=1 8 -3 7 5 -5 -6 -2 -1
right_child=3 2 -4 4 6 -7 -8 -9 -10
leaf_value=-0.014238327519264364 0.0011110136753804743 0.023028703281339821 0.0055003213558958933 0.00055027419303023016 -0.010330885763173868 0.012383969791878151 -0.0009403554655235465 -0.015986380700607265 0.0033808064010596721
leaf_weight=12.664941493421791 22.337475255131721 19.101776365190744 29.008195910602808 297.274234008044 70.779781579971313 40.088531337678432 281.39274369552732 30.27680929005146 22.291197799146175
leaf_count=128 176 66 197 2246 521 275 2113 209 231
internal_value=-0.00035106 0.00611602 0.0128278 -0.00108484 -0.00048097 0.00199482 -0.00285724 -0.00880502 -0.0031656
internal_weight=825.216 83.0661 48.11 742.15 689.535 337.363 352.173 52.6143 34.9561
internal_count=6162 622 263 5540 5155 2521 2634 385 359
is_linear=0
shrinkage=0.04


Tree=384
num_leaves=10
num_cat=0
split_feature=111 88 131 155 58 58 90 58 152
split_gain=1.88581 3.01326 3.3377 2.49274 2.38317 2.16326 2.66959 2.65648 1.45911
threshold=1.0000000180025095e-35 0.72613636363636369 703.01666666666677 1.0000000180025095e-35 1984.0000000000002 544.50000000000011 228.50000000000003 298.50000000000006 0.059714795008912663
decision_type=2 10 8 2 10 10 10 10 8
left_child=4 -2 3 -3 5 7 -7 -1 -4
right_child=1 2 8 -5 -6 6 -8 -9 -10
leaf_value=0.00055970834243830754 0.010613093334103667 0.013851510268906663 -0.0054489320020949909 -0.010940281356356048 -0.011709025808770975 0.012056640410608607 -2.4218245944392687e-05 -0.008443780761392395 -0.020831717034559692
leaf_weight=468.56018666364253 13.380150996148584 13.098015490919353 16.404519693925977 11.001854449510573 24.980853198096156 53.336208939552307 62.709547951817513 57.999149745330215 29.948035318404436
leaf_count=3627 112 153 166 104 219 252 831 477 201
internal_value=-0.000546164 -0.00616442 -0.0094827 0.00246914 0.000164526 0.000646685 0.00556679 -0.000442337 -0.0156599
internal_weight=751.419 83.8326 70.4524 24.0999 667.586 642.605 116.046 526.559 46.3526
internal_count=6142 736 624 257 5406 5187 1083 4104 367
is_linear=0
shrinkage=0.04


Tree=385
num_leaves=11
num_cat=0
split_feature=175 133 139 135 174 54 137 143 155 34
split_gain=3.314 3.85966 2.53267 3.12424 3.11422 2.60804 2.65441 2.4317 2.42533 0.946256
threshold=3.5000000000000004 4.4146666666666681 2.7948814129487052 2.4004365223717721 0.94365079365079374 -0.19999999999999998 0.4479583333333334 0.57735042735042741 -0.65400069996958143 0.11135912698412699
decision_type=10 8 10 8 8 8 8 8 2 8
left_child=2 7 3 8 -5 9 -7 -2 -1 -4
right_child=1 -3 5 4 -6 6 -8 -9 -10 -11
leaf_value=-0.00067180333012252904 0.013984821437457497 0.026497895631117419 0.0014272082659669016 -0.0025459709729361282 0.0058963163289292931 -0.0023777337641290009 0.012490975971209937 -0.013885036174333946 -0.014689553941248218 -0.018149758926891059
leaf_weight=34.332154029980302 8.7343234643340129 15.222085650078951 6.3470864249393326 248.8261915082112 96.059073355980217 27.456095408648252 59.396466184407473 9.3129152627661806 46.833817705512047 8.2540013967081887
leaf_count=508 107 84 192 2709 813 308 642 152 537 90
internal_value=0.000281098 0.0123372 -0.000497394 -0.00185494 -0.000178554 0.0051465 0.00779431 -0.000265783 -0.00886491 -0.00996546
internal_weight=560.774 33.2693 527.505 426.051 344.885 101.454 86.8526 18.0472 81.166 14.6011
internal_count=6142 343 5799 4567 3522 1232 950 259 1045 282
is_linear=0
shrinkage=0.04


Tree=386
num_leaves=13
num_cat=0
split_feature=62 130 42 35 62 75 145 178 70 58 74 158
split_gain=2.24702 4.32725 2.48335 2.08832 2.55042 1.8596 2.32338 1.91076 1.70056 1.54607 1.15445 1.15426
threshold=190.36346153846156 0.17028985507246377 -0.16045683480272041 16.49618306011428 243.01666666666671 11.500000000000002 0.41414219125406909 0.78888888888888908 21.500000000000004 -679.99999999999989 93.500000000000014 -0.11471373634738453
decision_type=8 8 2 2 8 2 10 10 8 10 10 2
left_child=2 9 8 4 -3 7 -7 -4 -1 -2 -5 -11
right_child=1 3 5 10 -6 6 -8 -9 -10 11 -12 -13
leaf_value=-0.00066838037626177672 0.015119607511769334 -0.016335793861713174 0.00062512822092797109 -0.02284962211168054 -0.0006004101253757559 0.018518313968382837 0.0018001899505226621 0.010572676759586577 -0.021552514127161887 -0.0057763770908595821 -0.0071294619300983223 0.008276354208755889
leaf_weight=13.209063548594715 17.495696304365993 20.984910361468792 541.63671107031405 18.402542246505618 67.334265543147922 22.29062482342124 32.280610557645559 31.831189908087254 11.301187150180338 18.95291955769062 15.001985635608433 16.556938678026199
leaf_count=150 176 115 3670 85 399 232 377 264 134 191 175 174
internal_value=0.000303075 -0.00370966 0.00138463 -0.00785175 -0.00450261 0.00188151 0.00887536 0.00119821 -0.0108434 0.00573459 -0.0162603 0.000768336
internal_weight=827.279 174.729 652.549 121.724 88.3192 628.039 54.5712 573.468 24.5103 53.0056 33.4045 35.5099
internal_count=6142 1315 4827 774 514 4543 609 3934 284 541 260 365
is_linear=0
shrinkage=0.04


Tree=387
num_leaves=9
num_cat=0
split_feature=137 135 62 63 0 54 58 136
split_gain=1.873 2.63864 1.98397 3.68689 2.52272 2.43178 3.08952 2.21378
threshold=0.62535654209025104 1.3342861031713624 190.36346153846156 257.60153459044733 -6.4999999999999991 0.46818181818181831 -646.99999999999989 1.5340936545157395
decision_type=10 10 10 2 10 10 8 10
left_child=2 -2 5 4 -4 6 -1 -7
right_child=1 -3 3 -5 -6 7 -8 -9
leaf_value=0.0036683264441636828 -0.0037231987142392416 0.016825814668508313 -0.012968807889974834 0.016063828798511589 0.0028424441370738015 0.017968222076231794 -0.0040687323886001228 -0.0025255921337198122
leaf_weight=100.14868057891726 17.006003415212035 21.844935540109873 18.813118141144514 27.824852241203189 86.191654119640589 17.079021144658327 446.97505556978285 15.119701093062757
leaf_count=962 136 200 165 183 737 83 3470 206
internal_value=-0.000521595 0.00791311 -0.000994999 0.00339179 -6.71207e-05 -0.00200838 -0.00264474 0.0084984
internal_weight=751.003 38.8509 712.152 132.83 105.005 579.322 547.124 32.1987
internal_count=6142 336 5806 1085 902 4721 4432 289
is_linear=0
shrinkage=0.04


Tree=388
num_leaves=13
num_cat=0
split_feature=143 103 173 173 39 0 83 141 137 90 107 73
split_gain=2.40195 3.29509 5.03098 3.46056 3.4488 3.17244 2.79302 2.55425 1.92756 2.92111 2.18542 0.519875
threshold=0.61167800453514753 1.0000000180025095e-35 0.93440860215053767 0.72570532915360519 0.07809079844137759 -3.9999999999999996 1501.5162522171158 0.87083333333333346 0.44903069742087159 133.50000000000003 0.038177349323846095 242.50000000000003
decision_type=10 2 8 8 2 10 2 10 10 8 10 8
left_child=1 2 5 6 -5 -1 -3 8 10 -10 -2 -4
right_child=7 3 11 4 -6 -7 -8 -9 9 -11 -12 -13
leaf_value=0 -0.011127534335357412 -0.012388538319622134 0.0012939115090222129 0.0059122015643386606 -0.0045802205347715017 0.019525432504008004 0.003913201917695828 -0.020000428531940683 -0.015891701532336888 0.0048852695655165765 0.0077374603422056499 -0.007785220499978214
leaf_weight=17.802412700839341 50.174352115951478 54.186165269464254 18.082654369994998 144.85850512050092 75.282956081442535 49.795090175233781 23.384627885185182 13.387963441200553 11.752557792700825 70.302210576832294 11.274067610502241 20.322619570419192
leaf_count=158 922 395 144 934 800 402 370 174 79 1477 187 100
internal_value=0.000275774 0.00191109 0.00793201 -0.000245393 0.00231052 0.0144328 -0.00746147 -0.00390503 -0.00226157 0.00172983 -0.00756583 -0.00353531
internal_weight=560.606 403.715 106.003 297.712 220.141 67.5975 77.5708 156.891 143.503 82.0548 61.4484 38.4053
internal_count=6142 3303 804 2499 1734 560 765 2839 2665 1556 1109 244
is_linear=0
shrinkage=0.04


Tree=389
num_leaves=8
num_cat=0
split_feature=73 73 91 59 107 0 176
split_gain=2.79457 2.42064 4.48486 3.34891 3.23723 2.20814 2.03997
threshold=56.500000000000007 119.50000000000001 1081.6767168336544 -1.0000000180025095e-35 0.016666666666666722 12.500000000000002 3.5000000000000004
decision_type=8 8 2 10 8 8 8
left_child=-1 2 3 -2 -4 6 -3
right_child=1 5 4 -5 -6 -7 -8
leaf_value=-0.014243182531456351 0.029122195328666448 0.00086017187358339894 0.0068091934985319239 0.004802090129316307 -0.0092173619782569965 -0.011577398094641556 -0.0071975594996850616
leaf_weight=19.647746659815311 18.12825321406126 607.92813996039331 51.706526804715395 18.547899074852467 31.639558816328645 25.517376117408276 53.78136171028018
leaf_count=190 96 4330 533 161 287 155 390
internal_value=0.000284292 0.000657538 0.00587467 0.01733 0.000664385 -0.000257926 0.000192378
internal_weight=826.897 807.249 120.022 36.6762 83.3461 687.227 661.71
internal_count=6142 5952 1077 257 820 4875 4720
is_linear=0
shrinkage=0.04


Tree=390
num_leaves=9
num_cat=0
split_feature=157 137 173 22 86 165 107 50
split_gain=1.82004 2.38452 2.26445 2.09147 2.3833 1.9493 1.30847 1.08202
threshold=1.7402854960752581 0.62535654209025104 0.85357142857142865 -0.82026314961291902 10.500000000000002 0.14014728692491593 -0.00045291192832164201 -7.4999999999999991
decision_type=2 10 10 8 10 2 8 10
left_child=1 3 -3 7 -5 -2 -7 -1
right_child=5 2 -4 4 -6 6 -8 -9
leaf_value=0.01392840183278282 -0.018179108760340845 -0.0011156334781703724 0.019162805327169193 0.00094636961338828761 -0.0042632710374987583 -0.011621352173993515 0.0070948309841983703 0.0027092373335753984
leaf_weight=15.283241245895622 17.786460781469941 15.467620112001894 18.642431158572435 289.88654356263578 270.24710773676634 9.2063588090240938 13.3851715028286 100.70979905128479
leaf_count=238 175 148 151 1678 1826 139 178 1609
internal_value=-0.000498658 -2.07048e-05 0.0101405 -0.0005505 -0.00156667 -0.00865369 -0.000616803 0.00431099
internal_weight=750.615 710.237 34.1101 676.127 560.134 40.378 22.5915 115.993
internal_count=6142 5650 299 5351 3504 492 317 1847
is_linear=0
shrinkage=0.04


Tree=391
num_leaves=12
num_cat=0
split_feature=171 175 73 56 74 180 107 108 108 2 2
split_gain=3.36595 3.46209 2.92477 2.51342 3.65829 3.00466 1.58817 2.73307 1.31885 0.33773 0.263746
threshold=0.06458333333333334 3.5000000000000004 370.50000000000006 1.5000000000000002 462.50000000000006 0.10555555555555557 -0.018395074870484748 0.066377345472574248 -0.10835314914584158 -2.2655715263518128 -1.8357289527720722
decision_type=8 10 8 8 8 8 10 10 10 10 10
left_child=6 3 -3 5 -5 -2 7 9 -8 -1 -10
right_child=1 2 -4 4 -6 -7 8 -9 10 -11 -12
leaf_value=-0.0045164399829241029 -0.004531833345207085 0.0026350634290444753 0.027178835769922673 0.0049086648740004424 -0.016826995131944741 0.00324755767701463 -0.00032118715725037316 0.014621523281400184 -0.011577782825928265 -0.017692967484113437 -0.025661674818442021
leaf_weight=7.0061128297820687 103.67296580784023 17.52425004448742 13.619319835677741 20.070579618215561 29.473632238805294 327.47189623769373 6.3653996055945781 8.7883653743192536 6.5591284306719961 7.7964882059022802 12.076469374820585
leaf_count=72 1821 237 68 385 149 2476 165 130 183 174 282
internal_value=0.000265479 0.00123075 0.0139421 0.000375802 -0.00805931 0.00136614 -0.00968145 -0.00197936 -0.0165166 -0.0122635 -0.0216485
internal_weight=560.425 511.833 31.1436 480.689 49.5442 431.145 48.592 23.591 25.001 14.8026 18.6356
internal_count=6142 5136 305 4831 534 4297 1006 376 630 246 465
is_linear=0
shrinkage=0.04


Tree=392
num_leaves=5
num_cat=0
split_feature=73 171 0 56
split_gain=2.66279 2.44238 2.25627 2.30474
threshold=56.500000000000007 0.89444444444444449 14.000000000000002 -1.0000000180025095e-35
decision_type=8 8 8 10
left_child=-1 2 3 -2
right_child=1 -3 -4 -5
leaf_value=-0.013946667027143715 -0.0020912471695154699 0.015369092443918214 -0.013809238673767153 0.0023758969289923637
leaf_weight=19.544794226065278 302.24204302951694 16.611818067729473 16.711155451834202 471.38471100479364
leaf_count=190 2207 110 104 3531
internal_value=0.000270397 0.000634054 0.000302786 0.000627636
internal_weight=826.495 806.95 790.338 773.627
internal_count=6142 5952 5842 5738
is_linear=0
shrinkage=0.04


Tree=393
num_leaves=8
num_cat=0
split_feature=157 0 174 79 172 141 175
split_gain=1.73885 1.86009 2.39925 1.85355 1.83441 2.16817 1.61225
threshold=1.7402854960752581 11.500000000000002 0.79057017543859665 0.17752100840336138 0.89444444444444449 0.21975609756097564 1.0000000180025095e-35
decision_type=2 8 8 10 8 8 10
left_child=1 4 -3 6 5 -1 -2
right_child=3 2 -4 -5 -6 -7 -8
leaf_value=0.0057560656159123041 -0.020918192919555486 0.017575436985293635 -0.00087282053546386797 0.003869173627858945 0.0090638195916219744 -0.001805779104913604 -0.00052511943884813155
leaf_weight=66.811819156631827 17.947779733687643 20.366278560832143 23.290106069296598 12.683259248733519 29.327444817870855 570.1542608756572 9.6037887316197139
leaf_count=697 218 136 134 150 144 4539 124
internal_value=-0.000477678 -1.10358e-05 0.00788959 -0.0084632 -0.00054274 -0.0010017 -0.0141471
internal_weight=750.185 709.95 43.6564 40.2348 666.294 636.966 27.5516
internal_count=6142 5650 270 492 5380 5236 342
is_linear=0
shrinkage=0.04


Tree=394
num_leaves=11
num_cat=0
split_feature=57 73 36 57 180 138 152 49 68 1
split_gain=2.64422 4.88627 3.12837 2.91211 2.48916 2.93419 2.78832 3.2554 2.11224 2.09821
threshold=969.00000000000011 357.50000000000006 -0.0062765503555599726 1519.5000000000002 0.5634920634920636 0.45795995575575904 0.75961538461538469 1.5000000000000002 26.301163586584533 -7.4999999999999991
decision_type=10 8 2 10 10 10 10 8 8 10
left_child=4 2 9 -3 6 -6 7 -1 -4 -2
right_child=1 3 8 -5 5 -7 -8 -9 -10 -11
leaf_value=-0.00017347989912931732 0.0045533125634255297 0.028116545466427716 0.021760364917919727 0.0060209584135047988 0.020807095398835802 -0.0012288577703923214 0.01613883476626158 -0.0079634184235585406 0.0013590668714487328 -0.014839534536791139
leaf_weight=270.68610185664147 12.747568387538193 18.445835886523128 10.905627705156801 20.681884509511292 16.306350141763687 21.311561372131109 12.034688223153351 125.0956793865189 26.756955346092582 25.228169802576303
leaf_count=2961 121 116 103 148 190 234 166 1324 418 361
internal_value=0.000255221 0.00564477 -0.000310843 0.0169283 -0.00113845 0.00856279 -0.00205696 -0.00265457 0.00772826 -0.00832869
internal_weight=560.2 114.766 75.6383 39.1277 445.434 37.6179 407.816 395.782 37.6626 37.9757
internal_count=6142 1267 1003 264 4875 424 4451 4285 521 482
is_linear=0
shrinkage=0.04


Tree=395
num_leaves=9
num_cat=0
split_feature=73 73 91 59 143 0 137 14
split_gain=2.53299 2.32033 4.23778 3.17305 3.17067 2.30888 2.21821 1.83132
threshold=56.500000000000007 119.50000000000001 1081.6767168336544 -1.0000000180025095e-35 0.27429467084639503 12.500000000000002 0.56396287471996021 -3.8791473912313763
decision_type=8 8 2 10 8 8 10 10
left_child=-1 2 3 -2 7 -6 -4 -3
right_child=1 4 6 -5 5 -7 -8 -9
leaf_value=-0.013646302443425268 0.028344454544582925 -0.019593355429108891 0.003640553569967953 0.0046678921910757861 0.00082846960396579521 -0.011793855967269049 -0.013327136468297932 -0.0014654449776907001
leaf_weight=19.434315651655197 18.112112376838923 19.673541255295277 69.323026340454817 18.56195530295372 627.74602198414505 23.065802399069071 13.936696715652941 16.430763658136129
leaf_count=190 96 75 688 161 4416 142 132 242
internal_value=0.000258188 0.000612053 0.00572203 0.016856 -0.000284249 0.000360638 0.000652166 -0.0116592
internal_weight=826.284 806.85 119.934 36.6741 686.916 650.812 83.2597 36.1043
internal_count=6142 5952 1077 257 4875 4558 820 317
is_linear=0
shrinkage=0.04


Tree=396
num_leaves=12
num_cat=0
split_feature=99 68 86 36 166 114 183 68 85 56 6
split_gain=3.13781 2.60851 3.2373 3.18368 2.36183 2.60709 2.10349 1.56869 1.43537 1.40366 1.36103
threshold=1.0000000180025095e-35 31.702943189596173 19.500000000000004 -0.34118676467455561 -0.076171262912956048 1.0000000180025095e-35 0.34313725490196084 34.357289527720745 6.5000000000000009 -1.0000000180025095e-35 0.1985576923076923
decision_type=2 8 10 2 2 2 8 10 10 8 8
left_child=1 2 3 -1 7 -6 -4 -3 9 -2 -10
right_child=8 4 6 -5 5 -7 -8 -9 10 -11 -12
leaf_value=0.0064782791510707019 0.0077798249421722077 -0.015714175744765808 0.00063565244307403309 -0.0023148204146190734 0.0067394224816903483 -0.0050030901182164366 -0.01637157929560459 0.0022135897421904217 -0.0020392185054231827 -0.009722129827290248 -0.019481517127377907
leaf_weight=83.892661482095718 12.040175756439565 14.87696146219969 16.750262904912233 292.87213467806578 188.66554390080273 35.036534741520882 35.03343765065074 14.611480139195917 10.758288536220787 15.680634563788773 24.023780807852745
leaf_count=779 113 169 209 1983 1628 349 204 185 228 191 155
internal_value=-0.000536923 0.000252017 -0.00164578 -0.000339637 0.00346593 0.00487731 -0.0109246 -0.00698415 -0.00904211 -0.00204455 -0.0143502
internal_weight=744.242 681.739 428.548 376.765 253.191 223.702 51.7837 29.4884 62.5029 27.7208 34.7821
internal_count=6193 5506 3175 2762 2331 1977 413 354 687 304 383
is_linear=0
shrinkage=0.04


Tree=397
num_leaves=11
num_cat=0
split_feature=87 58 89 53 90 183 172 37 174 57
split_gain=3.73778 4.44125 2.92941 2.45197 3.08756 4.00221 2.54653 3.03242 2.46097 0.873206
threshold=0.70710784313725505 -83.499999999999986 386.50000000000006 -0.13310023310023306 217.50000000000003 0.44722222222222224 0.43614130434782611 0.47084212053053059 0.7958333333333335 654.00000000000011
decision_type=8 10 10 8 8 10 10 2 10 8
left_child=1 -1 -3 6 8 -6 7 -2 -5 -4
right_child=3 2 9 4 5 -7 -8 -9 -10 -11
leaf_value=-0.0032744508756250607 0.0075771586763985878 0.033502527964188407 0.016422875261561779 -0.015449826672732732 0.0017588690098777101 -0.013722919329738839 -0.012087154915546593 -0.0064641552587846179 -0.0016526046283446929 -9.9599368291436329e-06
leaf_weight=22.07670497149229 126.93852488417178 13.31479395739734 9.9637738913297671 44.389063010923564 209.37640736438334 29.598505272530019 14.517666274681686 29.50341712217778 39.146238566376269 9.3369749002158624
leaf_count=193 1132 56 126 271 2979 594 132 352 244 114
internal_value=0.000624886 0.0104498 0.01962 -0.000478913 -0.00253307 -0.000199505 0.00337677 0.00489216 -0.00910388 0.00876587
internal_weight=548.162 54.6922 32.6155 493.47 322.51 238.975 170.96 156.442 83.5353 19.3007
internal_count=6193 489 296 5704 4088 3573 1616 1484 515 240
is_linear=0
shrinkage=0.04


Tree=398
num_leaves=11
num_cat=0
split_feature=62 132 92 90 51 133 68 54 67 52
split_gain=3.1619 4.38546 3.30185 3.24647 3.5663 3.69252 3.08018 2.82431 2.64012 3.23831
threshold=193.31197478991601 509.04545454545456 1028.510423835274 119.50000000000001 -5.4999999999999991 3.4669053098099383 28.03559206023272 -0.2607184482184482 27.357973990417523 0.14044289044289046
decision_type=8 10 2 10 10 10 8 10 10 8
left_child=3 8 -3 6 -5 -6 -1 -4 -2 -10
right_child=1 2 7 4 5 -7 -8 -9 9 -11
leaf_value=0.014619227256621315 -0.00028116482402127936 -0.013527066459579603 0.021264344246375935 0.013966894647565981 -0.0029195319557572164 0.0042384031296482279 0.00029311923522189334 0.0012782203988723235 -0.0079948431463897351 -0.026258100245291897
leaf_weight=51.840840615332127 35.211320463567972 12.792906586080788 16.976335968822241 27.399390242993832 353.01331197470427 169.9268243201077 44.622539006173611 31.534374915063381 54.224785592406988 22.002988183870912
leaf_count=164 190 99 185 228 2421 1908 177 359 308 154
internal_value=6.69968e-05 -0.00472219 0.00380818 0.00135446 0.000158804 -0.000586129 0.0080837 0.00860099 -0.00942474 -0.0135641
internal_weight=819.546 172.743 61.3036 646.803 550.34 522.94 96.4634 48.5107 111.439 76.2278
internal_count=6193 1295 643 4898 4557 4329 341 544 652 462
is_linear=0
shrinkage=0.04


Tree=399
num_leaves=9
num_cat=0
split_feature=109 54 1 143 54 81 61 53
split_gain=2.23689 2.47313 3.61125 3.87531 2.48686 4.82742 2.82801 0.697042
threshold=1.0000000180025095e-35 0.2062447786131997 19.000000000000004 0.54366895499618628 0.15869200244200246 0.27429467084639503 -1.0000000180025095e-35 0.0089285714285714263
decision_type=2 10 8 10 10 8 10 10
left_child=1 4 3 -3 6 -6 -1 -2
right_child=7 2 -4 -5 5 -7 -8 -9
leaf_value=0.009542676026046186 -0.0040505585568227686 -0.014427777963996904 0.0074225351514583225 0.00083993279313918036 -0.0035941274154320363 0.025061003646753902 -0.00055117471780192964 -0.018678070558420305
leaf_weight=47.721094911918044 10.316209558397533 64.575868386775255 28.93858614936471 44.177323738113046 17.878161378204823 18.119675586000085 499.40703700482845 12.461187036707996
leaf_count=356 138 571 152 587 212 94 3942 141
internal_value=-0.000514089 -0.00011294 -0.004917 -0.00825642 0.00102448 0.011063 0.000341376 -0.0125862
internal_weight=743.595 720.818 137.692 108.753 583.126 35.9978 547.128 22.7774
internal_count=6193 5914 1310 1158 4604 306 4298 279
is_linear=0
shrinkage=0.04


Tree=400
num_leaves=9
num_cat=0
split_feature=87 58 89 57 183 158 169 57
split_gain=3.52591 4.1901 2.73519 2.43174 2.26624 2.29384 1.89017 0.825985
threshold=0.70710784313725505 -83.499999999999986 386.50000000000006 2947.0000000000005 0.44722222222222224 0.48034198395138988 0.21240601503759401 654.00000000000011
decision_type=8 10 10 10 10 2 8 8
left_child=1 -1 -3 4 5 -2 -6 -4
right_child=3 2 7 -5 6 -7 -8 -9
leaf_value=-0.003220158027401721 -0.0010443632048863774 0.032336847819752934 0.015918028624455918 0.017740905039346472 0.00087674650450017988 0.0081944295740185007 -0.016042467133514277 -3.0325585689761435e-05
leaf_weight=22.055075567215681 392.37411622609943 13.443881664425133 10.033975272439422 10.455930677242575 16.71585245616734 47.273393732495606 26.311937194317579 9.343474808149038
leaf_count=193 3924 56 126 123 217 894 546 114
internal_value=0.000607499 0.0101323 0.0189938 -0.000466743 -0.000901165 -3.00751e-05 -0.00955348 0.00850575
internal_weight=548.008 54.8764 32.8213 493.131 482.675 439.648 43.0278 19.3775
internal_count=6193 489 296 5704 5581 4818 763 240
is_linear=0
shrinkage=0.04


Tree=401
num_leaves=12
num_cat=0
split_feature=62 132 90 51 2 52 52 62 54 148 108
split_gain=2.98869 4.16472 3.02691 3.37349 2.7987 2.63123 4.27574 2.52123 2.28769 1.93344 1.73826
threshold=193.31197478991601 509.04545454545456 119.50000000000001 -5.4999999999999991 2.5201916495550987 -0.083333333333333301 0.05199212552153732 -261.93055555555549 -0.22182539682539681 14.196591982810043 -0.0037064616335555907
decision_type=8 10 10 10 10 8 8 10 10 10 10
left_child=2 5 4 -4 -1 -2 -7 -5 9 -3 -10
right_child=1 8 3 7 -6 6 -8 -9 10 -11 -12
leaf_value=0.0024887825507515626 -0.01938609844010394 0.0017052131960934747 0.013584295131426725 -0.0073130512675341364 0.016601707568042454 0.0062630585922764468 -0.012359656380793227 0.00056663997262285895 -0.011701214893263817 0.023673945768980006 0.0054520183442212109
leaf_weight=61.034337598830462 29.043760471045971 13.389704167842867 27.395470261573792 74.926703099161386 35.401699181646109 30.703192222863436 51.363092510029674 447.72433323785663 17.063536986708641 12.004633508622645 18.776823256164789
leaf_count=228 156 133 228 627 113 173 323 3702 184 114 212
internal_value=5.76544e-05 -0.00460467 0.00130886 0.000153783 0.00780738 -0.00919688 -0.0053768 -0.000570973 0.00370962 0.0126697 -0.00275626
internal_weight=818.827 172.345 646.483 550.047 96.436 111.11 82.0663 522.651 61.2347 25.3943 35.8404
internal_count=6193 1295 4898 4557 341 652 496 4329 643 247 396
is_linear=0
shrinkage=0.04


Tree=402
num_leaves=10
num_cat=0
split_feature=99 63 54 1 141 1 37 153 108
split_gain=2.94486 2.49747 2.24836 3.37759 1.84608 1.83103 1.90804 1.84268 1.6045
threshold=1.0000000180025095e-35 622.29138242841702 0.2062447786131997 19.000000000000004 0.23205128205128209 -2.4999999999999996 0.03194093011959219 0.064932302100682376 0.0037772970972582702
decision_type=2 2 10 8 8 10 2 2 8
left_child=1 2 4 -4 -1 7 8 -2 -7
right_child=5 -3 3 -5 -6 6 -8 -9 -10
leaf_value=0.0089555401581095217 -0.024947963041944493 -0.0096862959511875412 -0.0077051061451615813 0.0082099996156076559 0.001170244234519372 0.01393131352681104 -0.014808175375484544 -0.0032092545656309235 -0.0062283607247968767
leaf_weight=53.581934241577983 15.632663000375034 37.068538995459676 92.288858501240611 26.664223358035088 471.34114212915301 11.790530648082495 12.243762778118251 10.885726904496549 11.480835057795048
leaf_count=535 133 174 1022 144 3631 125 144 158 127
internal_value=-0.000496806 0.00026563 0.000855804 -0.00408224 0.00198425 -0.00876926 -0.0026198 -0.0165379 0.00405637
internal_weight=742.978 680.945 643.876 118.953 524.923 62.0335 35.5151 26.5184 23.2714
internal_count=6193 5506 5332 1166 4166 687 396 291 252
is_linear=0
shrinkage=0.04


Tree=403
num_leaves=11
num_cat=0
split_feature=87 140 39 24 38 75 62 152 42 18
split_gain=3.34308 3.25094 2.72995 2.79968 2.45577 3.2719 2.45305 1.98412 1.857 1.41023
threshold=0.71651785714285732 3.0004167824395673 -1.1214624449539239 14.500000000000002 1.3587212939105611 2.5000000000000004 -267.53869047619042 1.0000000180025095e-35 0.017479026688816745 -0.011798876176976834
decision_type=8 8 2 8 2 2 8 8 2 10
left_child=1 8 3 9 6 -6 -4 -5 -1 -2
right_child=2 -3 4 7 5 -7 -8 -9 -10 -11
leaf_value=0.0075088075714760099 0.016588649916168288 0.015131365449634476 0.0083526058486968636 -0.002576700153122306 0.025869306010730817 0.0022387592337623154 -0.0017340868845293371 -0.022211319706614493 -0.013867070996351703 -0.0065515840247112045
leaf_weight=12.368006609380247 7.3012356841936707 44.240850504487753 42.454481314867735 13.493138927966355 12.367621345445512 32.887529779225588 341.11833465099335 22.535994407720864 11.634914842434226 7.5922009060159308
leaf_count=223 158 219 449 146 120 482 3839 208 183 166
internal_value=0.000587257 0.00880548 -0.000593497 -0.00925794 0.000449883 0.00915957 -0.000593658 -0.0151802 -0.00291292 0.00499664
internal_weight=547.994 68.2438 479.751 50.9226 428.828 45.2552 383.573 36.0291 24.0029 14.8934
internal_count=6193 625 5568 678 4890 602 4288 354 406 324
is_linear=0
shrinkage=0.04


Tree=404
num_leaves=9
num_cat=0
split_feature=57 182 0 58 57 44 89 38
split_gain=2.73809 2.50228 2.33673 2.12853 2.50195 2.08322 3.03126 1.18918
threshold=2816.0000000000005 0.23669467787114848 -2.4999999999999996 -1620.4999999999998 -1566.4999999999998 26.299095565714541 133.50000000000003 -0.073888117446591448
decision_type=8 10 10 10 8 8 10 2
left_child=1 3 -2 -1 -5 7 -7 -3
right_child=2 5 -4 4 -6 6 -8 -9
leaf_value=0.014371714763251997 -0.020718975691245329 -0.0047238755837544994 -0.0013264062706941557 -0.005893655760647089 0.0024837216859412091 0.0037595447553093742 -0.013467704294122529 0.0028313030109008426
leaf_weight=20.407845225185156 17.196957329288125 53.868736542761326 22.76697907410562 63.637951005250216 480.45477560535073 22.580834146589041 53.538526341319084 83.870684064924717
leaf_count=192 140 780 185 425 2797 70 398 1206
internal_value=5.51825e-05 0.000587353 -0.0100222 0.00198499 0.00149121 -0.0030846 -0.00834882 -0.0001218
internal_weight=818.323 778.359 39.9639 564.501 544.093 213.859 76.1194 137.739
internal_count=6193 5868 325 3414 3222 2454 468 1986
is_linear=0
shrinkage=0.04


Tree=405
num_leaves=11
num_cat=0
split_feature=99 147 133 44 51 36 1 163 145 1
split_gain=2.79761 2.41272 2.62463 3.47074 2.27098 2.82982 1.7696 1.95082 1.80578 1.07128
threshold=1.0000000180025095e-35 24.71374536887792 4.3412530381418835 13.158266585483036 -5.4999999999999991 0.58987494242713134 -2.4999999999999996 -1.0000000180025095e-35 0.42250215421774912 5.5000000000000009
decision_type=2 10 10 8 8 2 10 2 8 10
left_child=1 4 3 -3 -1 -6 8 9 -2 -8
right_child=6 2 -4 -5 5 -7 7 -9 -10 -11
leaf_value=-0.010625160117335457 -0.0033608620746350157 0.001243952942641055 0.0083007507877072405 -0.018497824690328093 0.0031632598113026751 -0.0033148311335252814 -0.016901457515942065 0.0083166711976011085 -0.024868879640487056 0.0011348305403251562
leaf_weight=24.380370080471039 11.176405947655441 23.680641250684857 14.13509653881192 33.671131471171975 443.39735124446452 141.32350678741932 12.937809312716128 14.544891435652969 15.092629153281448 7.9614333380013695
leaf_count=219 154 428 127 253 3157 1322 221 69 137 106
internal_value=-0.000481578 0.000260112 -0.00663577 -0.0104305 0.00108227 0.00159114 -0.00856673 -0.00252764 -0.0162503 -0.0102012
internal_weight=742.301 680.588 71.4869 57.3518 609.101 584.721 61.7132 35.4441 26.269 20.8992
internal_count=6193 5506 808 681 4698 4479 687 396 291 327
is_linear=0
shrinkage=0.04


Tree=406
num_leaves=8
num_cat=0
split_feature=57 160 158 73 53 119 79
split_gain=2.65824 2.33741 3.59759 4.05204 2.19268 1.62901 0.806388
threshold=2816.0000000000005 -1.1142507752776714 1.0346550258429603 400.50000000000006 -0.13310023310023306 0.40588235294117653 0.30602006688963218
decision_type=10 2 2 8 8 10 10
left_child=1 5 4 -4 -3 -1 -7
right_child=-2 2 3 -5 -6 6 -8
leaf_value=-0.023504245951633865 0.017503474952086737 0.0035021425989411599 0.0022612927756688328 0.032321337177182892 -0.0021391851423459168 0.0041028826707121494 -0.012663613605124319
leaf_weight=9.6994449254125374 13.44956900924444 170.40738372597843 18.963793351314965 10.869722040370105 307.79064980335534 9.7211114009842294 6.9946115892380467
leaf_count=218 169 1444 437 60 3419 211 235
internal_value=0.00057334 0.000111657 0.000727896 0.0139715 -0.000121593 -0.0112615 -0.00311888
internal_weight=547.896 534.447 508.032 29.8335 478.198 26.4152 16.7157
internal_count=6193 6024 5360 497 4863 664 446
is_linear=0
shrinkage=0.04


Tree=407
num_leaves=10
num_cat=0
split_feature=57 29 183 68 15 0 63 129 85
split_gain=2.60397 2.31708 2.74943 3.56022 2.24953 2.24666 2.23268 1.94425 0.672155
threshold=2816.0000000000005 2.5000000000000004 0.20714285714285716 31.796030116358661 -0.54842124038749496 -2.4999999999999996 -612.17426429776617 0.067816091954023008 10.500000000000002
decision_type=8 2 8 8 10 10 2 8 10
left_child=1 2 6 -4 7 -2 -1 -3 -6
right_child=5 4 3 -5 8 -7 -8 -9 -10
leaf_value=-0.020424540197296587 -0.020334719067384315 0.0046506447283294434 0.0036154683952125594 -0.0041115170939819623 0.0034877717857513535 -0.0012762508332116883 -0.0028230146604688762 0.020862630598913683 -0.0096174304399641083
leaf_weight=11.305611521005629 17.071337407454848 27.231547750532627 356.16750196740031 129.06118892878294 12.066473398357632 22.733481720089912 209.64660787582397 21.648802444338799 10.95189046859741
leaf_count=51 140 270 1793 937 175 185 2310 172 160
internal_value=5.03777e-05 0.000568644 -0.000129268 0.0015519 0.00735863 -0.00979702 -0.00382062 0.0121452 -0.00280509
internal_weight=817.884 778.08 706.181 485.229 71.8987 39.8048 220.952 48.8804 23.0184
internal_count=6193 5868 5091 2730 777 325 2361 442 335
is_linear=0
shrinkage=0.04


Tree=408
num_leaves=7
num_cat=0
split_feature=49 146 86 170 35 142
split_gain=2.69445 1.67779 2.33856 3.06642 2.0403 2.45613
threshold=20.500000000000004 1.7313243203236792 15.500000000000002 0.38585607940446659 -58.139691734121008 0.38688172043010755
decision_type=8 10 8 8 2 10
left_child=1 4 3 -3 -1 -6
right_child=-2 2 -4 -5 5 -7
leaf_value=0.01284124616445623 0.013358453415906026 -0.0073057430322541334 0.01904979838133021 0.015171575169165299 -8.4008953847480926e-05 -0.0058916834587239147
leaf_weight=15.44079361669719 22.09614279307425 25.577720599249005 15.02860515937209 14.288435354828833 509.50498344935477 150.34679090417922
leaf_count=161 170 308 187 139 3319 1886
internal_value=-9.00113e-05 -0.000517422 0.0061387 0.000875533 -0.00106974 -0.00141722
internal_weight=752.283 730.187 54.8948 39.8662 675.293 659.852
internal_count=6170 6000 634 447 5366 5205
is_linear=0
shrinkage=0.04


Tree=409
num_leaves=9
num_cat=0
split_feature=56 90 56 49 144 141 175 40
split_gain=3.61701 3.67983 2.74858 3.30258 2.90716 2.73576 3.17919 2.70747
threshold=1.5000000000000002 119.50000000000001 -4.4999999999999991 -4.4999999999999991 0.83503401360544227 0.58722109533468569 3.5000000000000004 -0.17378052177653164
decision_type=8 10 10 10 10 10 8 2
left_child=2 -2 -1 7 -5 6 -3 -4
right_child=1 5 3 4 -6 -7 -8 -9
leaf_value=0.016070683947310344 -0.022887226563275572 -0.014758984768977128 -0.012347769210935477 0.0042501761337966166 -0.0098660158559814564 0.013573778683366448 0.0051139977205401921 -0.00016957412694185091
leaf_weight=19.377818757668138 17.91791302524507 30.809768160805106 43.521458285860717 304.37327800132334 24.259402699768543 12.221880427561699 20.774780077859759 86.005752981640399
leaf_count=186 87 408 571 3013 456 168 231 1050
internal_value=0.000349908 -0.00736943 0.00168779 0.00104144 0.00317529 -0.00269499 -0.0067724 -0.00434005
internal_weight=559.262 81.7243 477.538 458.16 328.633 63.8064 51.5845 129.527
internal_count=6170 894 5276 5090 3469 807 639 1621
is_linear=0
shrinkage=0.04


Tree=410
num_leaves=9
num_cat=0
split_feature=90 2 166 170 13 147 0 90
split_gain=2.67689 2.3301 3.23981 3.47902 2.32099 2.18977 2.75217 2.39539
threshold=34.500000000000007 -5.9479808350444889 -0.0060431825162430746 0.37268518518518523 -1.0000000180025095e-35 13.492241021644828 2.5000000000000004 280.50000000000006
decision_type=8 10 2 10 2 8 10 8
left_child=-1 2 4 -4 -2 6 -3 -7
right_child=1 5 3 -5 -6 7 -8 -9
leaf_value=0.015132320078588064 0.0095584187581634374 -0.0057768532890632076 -0.015558631814318458 0.0011856722660538758 -0.0081947804467265035 0.0062162698876685506 0.0029213499159157002 -1.2232898504883675e-05
leaf_weight=16.929911587387323 30.575553957372904 154.68206182122231 57.0532909296453 29.645475558936596 17.771547647193074 151.65455447882414 91.826677003875375 278.1857754457742
leaf_count=59 263 1473 424 206 194 566 867 2118
internal_value=-0.000152215 -0.000491826 -0.00526962 -0.0098621 0.0029583 0.00046557 -0.0025299 0.00218997
internal_weight=828.325 811.395 135.046 86.6988 48.3471 676.349 246.509 429.84
internal_count=6170 6111 1087 630 457 5024 2340 2684
is_linear=0
shrinkage=0.04


Tree=411
num_leaves=8
num_cat=0
split_feature=49 52 52 137 41 52 79
split_gain=2.5298 2.10807 2.46855 5.82337 2.40532 3.1252 2.30019
threshold=20.500000000000004 0.20856227106227113 0.093271924154277111 0.39500034716367288 -0.26280273815506078 0.24343434343434348 0.30602006688963218
decision_type=8 8 10 10 2 8 10
left_child=1 2 6 -4 -3 -6 -1
right_child=-2 4 3 -5 5 -7 -8
leaf_value=-0.0026386511428054733 0.012937402909236997 0.004316914740861503 0.013016163054835977 -0.0026576376824462024 -0.022208459641847877 -0.0044439201197962273 0.0038797196268728542
leaf_weight=342.83342666551471 22.116597877815366 30.499094067141414 72.104131190106273 77.894385056570172 19.770904826000333 72.139741983264685 114.66022819839418
leaf_count=2703 170 228 389 872 158 419 1231
internal_value=-8.75595e-05 -0.000502123 0.000462348 0.0048998 -0.00526975 -0.00848468 -0.000995711
internal_weight=752.019 729.902 607.492 149.999 122.41 91.9106 457.494
internal_count=6170 6000 5195 1261 805 577 3934
is_linear=0
shrinkage=0.04


Tree=412
num_leaves=9
num_cat=0
split_feature=56 62 167 56 49 88 131 55
split_gain=3.40844 3.26476 3.06927 2.58727 2.76275 2.16359 2.39776 1.68057
threshold=1.5000000000000002 315.5935897435898 0.056548812181507459 -4.4999999999999991 -4.4999999999999991 0.75809822361546508 519.04166666666686 -0.35531400966183574
decision_type=8 10 2 10 10 10 10 10
left_child=1 3 5 -1 -5 -2 -7 -3
right_child=2 7 -4 4 -6 6 -8 -9
leaf_value=0.016677505504379402 -0.02426160055260395 -0.0011783062594243902 0.010660565028264594 -0.0032423836240690973 0.0038484103382443575 -0.00015176816080088415 -0.017190547190990314 -0.02028743265063291
leaf_weight=18.723928147926927 13.637605914846061 14.727504995651545 12.159063532948492 121.6941497027874 308.18918141536415 35.155384111218154 20.426131835207343 14.499810724519191
leaf_count=174 100 197 126 1514 3189 289 379 202
internal_value=0.000341594 0.00163737 -0.00717014 0.00249331 0.00183359 -0.010438 -0.006642 -0.0110821
internal_weight=559.213 477.835 81.3782 448.607 429.883 69.2191 55.5815 29.2273
internal_count=6170 5276 894 4877 4703 768 668 399
is_linear=0
shrinkage=0.04


Tree=413
num_leaves=12
num_cat=0
split_feature=2 40 108 141 108 173 38 154 171 73 40
split_gain=2.3504 3.11079 2.88578 4.35232 3.19304 2.86793 2.73249 2.48867 2.09573 2.05409 1.88851
threshold=-5.9479808350444889 -0.16935902902012742 -0.17691306024789807 0.19905660377358494 -0.14365497976541516 0.89181286549707617 -0.22458304009875377 0.098200485935358531 0.33712121212121215 224.50000000000003 0.24839846341291669
decision_type=8 2 8 10 8 8 2 2 8 8 2
left_child=1 9 3 -2 -4 -6 -5 8 -3 -1 -9
right_child=2 7 4 6 5 -7 -8 10 -10 -11 -12
leaf_value=-0.0033974415088762382 0.015847958567973858 -0.0063681982837367566 -0.013489300547094197 -0.013625900513283119 0.0022893669652599147 -0.0037382943752893695 0.0052178750291344061 -0.010709263689902096 -0.021973321878147493 0.015807782592155911 0.0079919232119822717
leaf_weight=19.843767959624529 46.368948172777891 30.203974172472954 27.037041880190372 16.864511419087648 388.5876208357513 185.80437638238072 38.554462369531393 14.479166124016045 27.121488686650991 14.598537512123583 18.539909042418003
leaf_count=227 214 194 182 194 2817 1347 411 131 165 89 199
internal_value=-0.000148891 -0.0051872 0.000748421 0.00694314 -0.000306461 0.000332954 -0.000620887 -0.00906726 -0.0140356 0.00490269 -0.000223669
internal_weight=828.004 124.787 703.217 101.788 601.429 574.392 55.419 90.3445 57.3255 34.4423 33.0191
internal_count=6170 1005 5165 819 4346 4164 605 689 359 316 330
is_linear=0
shrinkage=0.04


Tree=414
num_leaves=11
num_cat=0
split_feature=52 172 119 85 90 107 55 107 161 131
split_gain=2.12362 3.02108 2.83303 2.18329 3.44572 3.22225 3.05761 3.13289 1.5153 0.7406
threshold=0.2110102843315185 0.12632978723404256 0.80909090909090919 6.5000000000000009 617.50000000000011 0.010937996123113082 0.37631118881118891 0.0071549723677991625 -0.12334191254657405 672.09090909090912
decision_type=10 10 8 10 8 8 10 8 2 10
left_child=3 -2 9 4 5 -1 7 -5 -6 -3
right_child=1 2 -4 6 8 -7 -8 -9 -10 -11
leaf_value=0.023111935054117124 0.0048200603917961842 0.0088216278634707154 -0.017097753974497216 -0.0032013952018211393 -0.0099104874205600685 0.0050208229632209937 -0.013420336140847625 0.0031575347531952232 0.0026125095965744078 -0.0061449125359891469
leaf_weight=23.340978281572461 27.373671976849437 9.7414784263819474 39.222976243123412 230.13537865877151 21.091578915715218 48.02776856161654 26.815341835841537 266.26310930028558 50.266653859987855 9.3594507575035077
leaf_count=155 194 114 211 2136 303 243 231 2045 404 134
internal_value=-8.17013e-05 -0.00597318 -0.0110684 0.000681273 0.00504932 0.0112027 -0.000513825 0.00020494 -0.00114712 0.00144766
internal_weight=751.638 85.6976 58.3239 665.941 142.727 71.3687 523.214 496.398 71.3582 19.1009
internal_count=6170 653 459 5517 1105 398 4412 4181 707 248
is_linear=0
shrinkage=0.04


Tree=415
num_leaves=10
num_cat=0
split_feature=56 167 89 9 37 169 86 152 18
split_gain=3.22011 2.93143 2.49307 2.56276 3.41508 2.35386 1.55896 1.15058 0.851238
threshold=1.5000000000000002 0.056548812181507459 106.50000000000001 -2.4999999999999996 0.68836514728005715 0.3585714285714286 10.500000000000002 0.25403225806451618 -0.067923579688285537
decision_type=8 2 8 2 2 8 8 8 10
left_child=2 5 -1 8 -5 7 -7 -2 -4
right_child=1 -3 3 4 -6 6 -8 -9 -10
leaf_value=0.010301210273981471 -0.006345403298320145 0.010398185127461983 -0.026762822606313491 -0.00019452172119849471 0.010789939273492363 0.0079502090134639918 -0.011670990309389685 -0.020458194617124375 -0.0038441747444950404
leaf_weight=46.311990117654204 16.033238017931581 12.187353213317691 5.9629332991316915 370.12571290507913 50.544779662042856 14.512394614517691 10.119741937145589 28.145367010496557 5.1176498392596823
leaf_count=216 256 126 116 3970 813 207 138 167 161
internal_value=0.00032462 -0.00699616 0.00158117 0.000619543 0.00114301 -0.0102104 -0.000173673 -0.0156345 -0.0175377
internal_weight=559.061 80.9981 478.063 431.751 420.67 68.8107 24.6321 44.1786 11.0806
internal_count=6170 894 5276 5060 4783 768 345 423 277
is_linear=0
shrinkage=0.04


Tree=416
num_leaves=9
num_cat=0
split_feature=90 37 111 135 54 172 59 30
split_gain=2.52396 2.36599 2.99751 2.49103 1.96553 1.95002 2.91158 2.18842
threshold=34.500000000000007 -0.71543040379808676 1.0000000180025095e-35 1.416255242342199 -0.090909090909090884 0.12632978723404256 -1.4999999999999998 -0.15751879699248117
decision_type=8 2 2 8 10 8 10 8
left_child=-1 5 3 -3 -4 6 -2 -7
right_child=1 2 4 -5 -6 7 -8 -9
leaf_value=0.014698974601153028 -0.017154430764080814 0.0069415754507035398 -0.00174126096963057 -0.0032912380898373964 0.011193218392496386 -0.0045716024597368026 0.0032126813550617524 0.0096067101282493704
leaf_weight=16.92867399007082 14.377124551683663 39.956872135400772 31.303718477487564 530.8377047535032 44.327472507953644 20.781250353902578 40.51379657164216 88.430173676460981
leaf_count=59 89 301 194 3729 313 303 405 777
internal_value=-0.000142815 -0.000472995 -0.00156464 -0.00256053 0.00586068 0.00379849 -0.0022976 0.00687365
internal_weight=827.457 810.528 646.426 570.795 75.6312 164.102 54.8909 109.211
internal_count=6170 6111 4537 4030 507 1574 494 1080
is_linear=0
shrinkage=0.04


Tree=417
num_leaves=11
num_cat=0
split_feature=52 137 85 55 107 140 107 21 172 42
split_gain=2.01152 3.37779 2.07456 2.91812 2.97189 2.42859 3.42323 2.96766 1.49446 1.25032
threshold=0.2110102843315185 0.43071794871794877 6.5000000000000009 0.37631118881118891 0.0071549723677991625 1.0002779321845472 0.0012594327348425252 0.071428571428571452 0.25462962962962971 -0.0046497617887926229
decision_type=10 10 10 10 8 10 8 10 10 2
left_child=2 8 5 4 -4 6 -1 -7 -2 -3
right_child=1 9 3 -5 -6 7 -8 -9 -10 -11
leaf_value=0.019802835030005662 -0.0058662708372472974 0.013457360838217188 -0.0031251549379462972 -0.013142460840703083 0.0030690201538270223 -0.010203054103213849 0.0035231111384860167 0.01284736174309031 -0.01951276952059584 -0.002394718294574921
leaf_weight=28.216118296608329 32.983870290219784 13.408589448779823 229.90889635495842 26.697141775861382 266.41919710673392 28.654533490538597 74.161233274266124 11.782383067533372 22.237977989017963 16.859236212447286
leaf_count=218 193 120 2136 231 2045 334 371 182 144 196
internal_value=-8.18332e-05 -0.00582338 0.000659974 -0.000505548 0.000195221 0.00491618 0.00817745 -0.00329047 -0.0116466 0.00476956
internal_weight=751.329 85.4897 665.84 523.025 496.328 142.814 102.377 40.4369 55.2218 30.2678
internal_count=6170 653 5517 4412 4181 1105 589 516 337 316
is_linear=0
shrinkage=0.04


Tree=418
num_leaves=9
num_cat=0
split_feature=56 62 167 56 49 88 131 55
split_gain=3.06456 3.09362 2.8016 2.41293 2.60837 2.05422 2.31921 1.62069
threshold=1.5000000000000002 315.5935897435898 0.056548812181507459 -4.4999999999999991 -4.4999999999999991 0.75809822361546508 519.04166666666686 -0.35531400966183574
decision_type=8 10 2 10 10 10 10 10
left_child=1 3 5 -1 -5 -2 -7 -3
right_child=2 7 -4 4 -6 6 -8 -9
leaf_value=0.016016643075488963 -0.023583615865659772 -0.0011722544471039038 0.010133401679833152 -0.0032079487594689625 0.0036822083711578134 0 -0.016778002834548326 -0.019991660285829979
leaf_weight=18.858926861546934 13.404906104318796 14.720094300806524 12.217894223518668 121.56425666250288 308.86554242763668 35.023729740642011 20.089702169410884 14.339594789780675
leaf_count=174 100 197 126 1514 3189 289 379 202
internal_value=0.000313499 0.00153707 -0.00684158 0.00236711 0.00172869 -0.00999948 -0.00629845 -0.0108814
internal_weight=559.085 478.348 80.7362 449.289 430.43 68.5183 55.1134 29.0597
internal_count=6170 5276 894 4877 4703 768 668 399
is_linear=0
shrinkage=0.04


Tree=419
num_leaves=9
num_cat=0
split_feature=90 37 111 68 68 63 54 154
split_gain=2.4036 2.23022 2.82913 3.21261 2.80964 2.65052 1.86085 1.42084
threshold=34.500000000000007 -0.71543040379808676 1.0000000180025095e-35 29.557837097878167 27.87542778918549 48.070871334573788 -0.090909090909090884 0.022182314343645575
decision_type=8 2 2 8 10 2 10 2
left_child=-1 4 3 -3 7 -6 -4 -2
right_child=1 2 6 -5 5 -7 -8 -9
leaf_value=0.014345214343668276 0.021014908155262021 0.00060809986832937495 -0.001697232763276685 -0.00538527755850005 0.0066292319933636016 -0.004681638022335375 0.010888904699005098 0.0041127695236256754
leaf_weight=16.935952816158533 18.515462145209312 276.09093887545168 31.30109690874815 294.47323594987392 65.42498579248786 65.075701080262661 44.295259475708008 15.017927058041094
leaf_count=59 105 1630 194 2400 620 678 313 171
internal_value=-0.000135269 -0.000457739 -0.00151788 -0.00248565 0.00369013 0.000981015 0.00569731 0.0138415
internal_weight=827.131 810.195 646.161 570.564 164.034 130.501 75.5964 33.5334
internal_count=6170 6111 4537 4030 1574 1298 507 276
is_linear=0
shrinkage=0.04


Tree=420
num_leaves=9
num_cat=0
split_feature=154 52 2 177 171 2 82 0
split_gain=1.96412 1.88251 2.7631 2.71986 2.61387 2.39532 6.65333 2.47822
threshold=-0.901677085059715 -0.11877118824380482 1.8548939082819997 0.23303167420814483 0.21240601503759401 -5.5482546201231999 0.32795698924731187 -3.9999999999999996
decision_type=2 10 10 8 8 10 8 8
left_child=-1 2 3 -2 -4 6 -3 -7
right_child=1 5 4 -5 -6 7 -8 -9
leaf_value=0.014192044307329401 -0.0055457573493449333 -0.0060039331651653236 0.0052846609809003931 0.009838591416102823 -0.010596392390887782 0.0022167637076908916 0.013248248527864088 -0.0047196030410297379
leaf_weight=14.13684464432299 21.973384894430637 56.640862135216594 29.414964862167835 93.19872884079814 35.420684339478612 110.17215460725129 56.228762041777372 316.60238524526358
leaf_count=157 246 645 228 559 270 963 293 2722
internal_value=-6.45085e-05 -0.000366644 0.0031611 0.00686376 -0.00339019 -0.00155075 0.00360157 -0.0029233
internal_weight=733.789 719.652 180.008 115.172 64.8356 539.644 112.87 426.775
internal_count=6083 5926 1303 805 498 4623 938 3685
is_linear=0
shrinkage=0.04


Tree=421
num_leaves=13
num_cat=0
split_feature=67 50 14 35 87 55 108 49 35 49 139 79
split_gain=2.54285 3.95217 3.72719 3.34554 3.64984 3.58476 2.80139 2.75103 3.38143 2.77186 2.27623 1.16969
threshold=30.013689253935663 -1.0000000180025095e-35 -1.0000000180025095e-35 -15.139018359555164 0.78154825026511154 0.28528138528138541 0.43511454761028295 4.5000000000000009 -15.926694022944956 6.5000000000000009 2.0980185445105524 0.17519181585677754
decision_type=10 8 8 2 10 10 10 8 2 10 8 10
left_child=6 2 11 4 -3 -5 7 8 -1 -9 -4 -2
right_child=1 3 10 5 -6 -7 -8 9 -10 -11 -12 -13
leaf_value=0.013089147368265329 0.011919760687525887 -0.026557144188488865 -0.023298857281341765 0.0018722811127933686 -0.00015605691720351047 0.024464427287749779 0.016663414103798596 -0.017852946593246245 0.00094078791194223245 -0.00041519854795142119 -0.0077624107646981234 -0.00565206247654649
leaf_weight=44.034668127074838 12.069006736390294 11.578621133230625 28.062485226429999 78.182337370701134 25.588412106968462 12.221255654469131 19.007368048653007 20.32616166677326 200.65471605584025 47.082697459496558 35.77533290348947 10.295433298684655
leaf_count=463 254 129 506 942 400 119 214 192 1842 414 310 298
internal_value=-4.63078e-05 -0.00344154 -0.0100072 0.00102279 -0.00891349 0.00518253 0.00214351 0.00120244 0.00317954 -0.00588665 -0.0148769 0.00384931
internal_weight=544.878 213.773 86.2023 127.571 37.167 90.4036 331.106 312.098 244.689 67.4089 63.8378 22.3644
internal_count=6083 2958 1368 1590 529 1061 3125 2911 2305 606 816 552
is_linear=0
shrinkage=0.04


Tree=422
num_leaves=12
num_cat=0
split_feature=56 67 52 56 46 86 153 63 99 174 62
split_gain=2.62054 3.16023 3.01696 3.2351 2.71236 2.6429 3.7508 2.35537 2.54607 2.31761 1.32859
threshold=-1.4999999999999998 23.572895277207397 0.19462481962481962 -4.4999999999999991 -39.704880429166103 19.500000000000004 0.0081498572310335863 689.53093949208824 1.0000000180025095e-35 0.84105263157894739 -56.989285714285721
decision_type=10 10 8 10 10 10 2 2 2 10 10
left_child=2 10 5 -4 -5 6 -1 8 -3 -7 -2
right_child=1 7 3 4 -6 9 -8 -9 -10 -11 -12
leaf_value=-0.024816220363626306 -0.0012220349650322812 0.0006008557284172643 -0.012840100475894246 0.012327513422630602 -0.0069965629002123964 0.0045643188773613931 -0.0014285485672249204 0.01636804169015801 0.0088057087069838627 -0.013859972606875161 -0.014996439957986421
leaf_weight=27.899382557719946 21.023864161223173 517.41140600293875 17.258098687976599 37.841763444244862 15.67555947229266 28.811862014234066 18.197174444794655 16.780509982258081 67.675865225493908 16.21272649243474 24.358690436929464
leaf_count=146 120 4021 107 154 227 243 178 70 548 145 124
internal_value=9.2179e-05 0.00123418 -0.00444073 0.00172364 0.00660617 -0.00921715 -0.0158525 0.00200917 0.00156671 -0.00218355 -0.00882237
internal_weight=809.147 647.25 161.897 70.7754 53.5173 91.1211 46.0966 601.868 585.087 45.0246 45.3826
internal_count=6083 4883 1200 488 381 712 324 4639 4569 388 244
is_linear=0
shrinkage=0.04


Tree=423
num_leaves=9
num_cat=0
split_feature=154 52 2 159 100 161 139 137
split_gain=1.85849 1.78621 2.61183 2.31657 2.86828 2.27049 2.1461 1.74019
threshold=-0.901677085059715 -0.11877118824380482 1.8548939082819997 0.19077659177780187 1.0000000180025095e-35 -0.15339924184018619 0.62445795460864073 0.45439720380758125
decision_type=2 10 10 2 2 2 10 8
left_child=-1 2 5 4 -3 -2 -5 -4
right_child=1 3 7 6 -6 -7 -8 -9
leaf_value=0.013788676936243032 -0.003182465708932642 0.0027033875680673152 0.0060438823269776685 0.011994087395241394 -0.0044332662158076391 0.009814474579609123 -0.0013888474236642997 -0.0077479009288148326
leaf_weight=14.178953396156428 27.588019831106067 120.9413799289614 20.650083228945732 35.327133500948548 343.07679954916239 87.548208475112915 39.714329497888684 44.075897980481386
leaf_count=157 274 1016 199 363 2801 531 443 299
internal_value=-5.93733e-05 -0.000354044 0.00308346 -0.00150829 -0.00256706 0.00668244 0.00495999 -0.00329235
internal_weight=733.101 718.922 179.862 539.06 464.018 115.136 75.0415 64.726
internal_count=6083 5926 1303 4623 3817 805 806 498
is_linear=0
shrinkage=0.04


Tree=424
num_leaves=10
num_cat=0
split_feature=8 88 39 123 35 172 80 159 71
split_gain=2.45774 1.96818 4.23299 3.32193 3.20649 3.95656 3.87018 2.91916 0.408039
threshold=3.5000000000000004 0.90238095238095251 0.30727339764205142 1.5000000000000002 16.000001800489262 0.060661764705882359 0.17519181585677754 -0.1613708047670375 25.500000000000004
decision_type=2 8 2 2 2 10 8 2 8
left_child=1 2 7 -4 6 -6 -3 -1 -2
right_child=8 4 3 -5 5 -7 -8 -9 -10
leaf_value=-4.0204792690703811e-05 -0.022723080354302493 0.004743136217211571 -0.0091293531823965039 0.014381457116173038 0.023980943661851481 -0.0012293797019611306 -0.009769292128255315 0.0084242547589032431 -0.0067319137823102695
leaf_weight=116.69264168292284 7.0963677689433071 39.764242024160922 67.886215445585549 10.202254408970473 13.094121439382432 33.207829033955932 105.09922279790044 145.34692693408579 6.1013888986781248
leaf_count=1701 132 614 966 157 131 449 917 870 146
internal_value=-3.78709e-05 0.000396627 0.00222307 -0.00588938 -0.00283728 0.00621403 -0.00576679 0.0046614 -0.016466
internal_weight=544.491 531.293 340.128 78.0885 191.165 46.302 144.863 262.04 13.1978
internal_count=6083 5805 3694 1123 2111 580 1531 2571 278
is_linear=0
shrinkage=0.04


Tree=425
num_leaves=11
num_cat=0
split_feature=56 67 52 85 63 174 67 107 68 90
split_gain=2.50681 2.96154 2.88623 2.5973 2.23404 2.15164 1.96665 1.78435 1.33934 1.26275
threshold=-1.4999999999999998 23.572895277207397 0.19462481962481962 7.5000000000000009 689.53093949208824 0.7958333333333335 29.073237508555788 0.054703356752537131 30.542094455852162 252.50000000000003
decision_type=10 10 8 10 2 8 10 10 8 10
left_child=2 9 3 -1 7 -4 -5 -3 -7 -2
right_child=1 4 5 6 -6 8 -8 -9 -10 -11
leaf_value=-0.021529458591341474 -0.015541592740247969 0.0021410757116926689 0.0094013575915285977 -0.012421676792863042 0.015940428296535407 0.0029715008806107494 0.00077038640080344725 -0.0062852729337710932 -0.011397059963119894 -0.0020945300965343298
leaf_weight=19.831658221781254 20.903619946911931 542.44991754181683 31.156834620982409 32.216802343726158 16.761794295161963 19.291397135704756 38.861665576696396 42.359639085829258 20.286493338644505 24.364153977483511
leaf_count=173 91 4227 223 228 70 101 311 342 164 153
internal_value=8.18352e-05 0.0011988 -0.0043554 -0.00903485 0.0019486 0.00167297 -0.00527064 0.00151763 -0.00444349 -0.008549
internal_weight=808.484 646.839 161.645 90.9101 601.571 70.7347 71.0785 584.81 39.5779 45.2678
internal_count=6083 4883 1200 712 4639 488 539 4569 265 244
is_linear=0
shrinkage=0.04


Tree=426
num_leaves=13
num_cat=0
split_feature=107 159 68 160 85 159 165 168 68 38 48 19
split_gain=2.24376 2.77363 2.67813 2.60947 3.02498 4.69347 2.49733 2.27518 3.08376 3.05699 1.94242 1.24278
threshold=0.01822596322776349 0.40993578731960612 32.091718001368932 -0.4560070994046958 6.5000000000000009 -0.31939122026267802 -0.014604546574449177 0.059199808841298947 36.050650239561953 0.29736070075947985 -0.3799812854152495 -0.13147574819401439
decision_type=8 2 8 2 10 2 2 2 8 2 10 10
left_child=3 7 -3 10 5 -5 -6 8 -2 -9 -1 -12
right_child=1 2 -4 4 6 -7 -8 9 -10 -11 11 -13
leaf_value=0.010145873023160204 -0.0017095683634689993 0.020658886234044924 -0.0012314643269744085 -0.012194688199591233 -6.3821539911831414e-05 0.012654665462739269 -0.0090457978144190942 0.025642491405442135 0.010650349460519506 -0.00087777975896452044 -0.0070294764231169128 0.0034145568484273592
leaf_weight=38.685062266886234 240.48675765655935 22.911277988925576 13.847940545529125 17.283550782129169 73.370187530294061 35.342249881476164 154.44370429776609 12.449078671634199 36.282256204634905 13.979064896702765 29.620803914964199 43.904297417029738
leaf_count=218 1563 177 127 213 731 236 1134 121 228 137 491 707
internal_value=-5.66463e-05 0.00231597 0.0125452 -0.00211661 -0.00417824 0.00438104 -0.00617471 0.00103206 -4.95702e-05 0.0120212 0.00300962 -0.000804024
internal_weight=732.606 339.956 36.7592 392.65 280.44 52.6258 227.814 303.197 276.769 26.4281 112.21 73.5251
internal_count=6083 2353 304 3730 2314 449 1865 2049 1791 258 1416 1198
is_linear=0
shrinkage=0.04


Tree=427
num_leaves=15
num_cat=0
split_feature=67 50 14 35 182 52 67 164 168 133 141 0 177 38
split_gain=2.3778 3.81484 3.57629 3.15139 3.62497 2.64197 4.80921 3.55065 3.03992 3.52781 2.53806 2.24789 1.71104 1.69181
threshold=30.013689253935663 -1.0000000180025095e-35 -1.0000000180025095e-35 -15.139018359555164 0.16025641025641027 0.12102774274905427 25.575633127994525 -0.1223741675414666 0.0013513720049701766 1.2001318971202466 0.45022522522522529 -2.4999999999999996 0.14642857142857144 0.0070342429647056734
decision_type=10 8 8 2 10 10 8 2 2 8 10 10 8 2
left_child=5 2 -2 4 -3 8 13 -8 9 -1 -5 -10 -4 -7
right_child=1 3 12 10 -6 6 7 -9 11 -11 -12 -13 -14 -15
leaf_value=0.016094264288553321 0.0037424610269549824 -0.02029684695676584 -0.025684221580931272 0.0093983750167770958 0.0042142480059842082 0.0038711966756213622 0.0010749744039134142 0.022093762995953021 -0.0040448655538162705 -0.0041517374027331853 -0.0050561459698840218 0.01394997516561017 -0.010292265871953111 -0.012808954835776279
leaf_weight=13.948021197691558 22.37627655826509 19.124675631523132 16.25276717171073 63.641287387348711 17.794567037373781 21.690349783748388 19.887417808175087 37.076928051188588 15.322962751612065 172.35007990244776 26.84593219589442 34.896705247461796 46.938384784385562 16.006359016522765
leaf_count=76 552 185 204 676 344 137 331 244 210 1527 385 452 612 148
internal_value=-3.34543e-05 -0.00332548 -0.00980777 0.00105499 -0.00863051 0.00208119 0.00769092 0.0149353 -0.000178482 -0.00254742 0.00507973 0.00844859 -0.0146207 -0.00330764
internal_weight=544.153 212.974 85.5674 127.406 36.9192 331.179 94.6611 56.9643 236.518 186.298 90.4872 50.2197 63.1912 37.6967
internal_count=6083 2958 1368 1590 529 3125 860 575 2265 1603 1061 662 816 285
is_linear=0
shrinkage=0.04


Tree=428
num_leaves=11
num_cat=0
split_feature=115 76 68 42 54 133 42 58 63 152
split_gain=2.76116 2.8468 2.74307 2.54446 2.81515 2.34611 3.46193 2.29703 3.91539 1.41115
threshold=1.0000000180025095e-35 8.5000000000000018 36.135523613963045 -0.017274934049488103 -0.14248120300751876 2.7001144164759729 0.0095515136462305771 -1666.9999999999998 -490.49193251313699 0.10620300751879701
decision_type=2 2 8 2 10 8 2 10 2 10
left_child=2 3 7 -2 -5 -4 -7 9 -9 -1
right_child=1 -3 5 4 -6 6 -8 8 -10 -11
leaf_value=0.0039665083143299133 -0.019273867833694797 0.0089370498198419832 -0.021296922423642874 -0.0158898253844806 0.0020046215542209385 -0.011939020815753418 0.0090158632422762224 -0.016248503990264933 0.0017226556808083078 0.019367188316691441
leaf_weight=22.427064733579755 25.68688864633441 16.081565197557211 13.243147775530813 20.578647065907717 39.431842781603336 27.60415269061923 21.540556933730841 19.050247244536877 585.39713149890304 17.053508628159761
leaf_count=201 202 205 152 126 260 279 228 89 4192 149
internal_value=7.6374e-05 -0.00604726 0.000968909 -0.00895287 -0.00425878 -0.00696692 -0.00271779 0.0017505 0.00112706 0.0109823
internal_weight=808.095 101.779 706.316 85.6974 60.0105 62.3879 49.1447 643.928 604.447 39.4806
internal_count=6083 793 5290 588 386 659 507 4631 4281 350
is_linear=0
shrinkage=0.04


Tree=429
num_leaves=13
num_cat=0
split_feature=62 68 107 62 91 85 171 154 169 142 168 63
split_gain=2.16157 2.88101 2.78615 3.42001 2.58429 2.44482 2.43175 2.42073 2.84126 2.75643 2.34163 1.5492
threshold=-135.69696969696969 29.902806297056816 0.027029383761159157 -89.468137254901947 1610.5886206146756 12.500000000000002 0.12250000000000001 -0.20537637211622048 0.66091954022988519 0.19722222222222227 0.052702092891697111 288.66353961720102
decision_type=8 8 8 8 2 10 10 2 8 10 2 2
left_child=1 5 7 -4 11 6 -1 9 -9 -2 -5 -3
right_child=2 4 3 10 -6 -7 -8 8 -10 -11 -12 -13
leaf_value=-0.00052811824877511244 0.02214571038325365 0.0010189490496867462 0.019621226114173222 0.0015230086133465853 -0.014202103521184044 0.00055108962504670867 -0.018850084731573496 -0.0047460435066426481 0.0063122470442721484 0.00086999329685425082 0.015380486337582669 0.014955392220112327
leaf_weight=16.372650027275085 12.558874750509856 61.440557291731238 20.475879989564419 204.87853703461587 13.89389321208 27.766245827078819 41.207037752494216 218.04301690682769 43.735854778438807 35.705699309706688 20.677441699430346 15.296123852953313
leaf_count=100 121 633 140 1225 188 220 324 2042 329 441 206 114
internal_value=-5.15189e-05 -0.00390512 0.00116923 0.00434093 0.00104566 -0.00913683 -0.0137724 -0.00134708 -0.00287391 0.00678387 0.00286448 0.00397931
internal_weight=732.052 175.977 556.075 246.032 90.6306 85.3459 57.5797 310.043 261.779 48.2646 225.556 76.7367
internal_count=6083 1579 4504 1571 935 644 424 2933 2371 562 1431 747
is_linear=0
shrinkage=0.04


Tree=430
num_leaves=9
num_cat=0
split_feature=147 90 90 89 54 160 63 24
split_gain=2.02095 3.28418 2.61603 3.17067 3.75787 2.32786 3.68575 2.752
threshold=11.797435897435898 79.000000000000014 79.000000000000014 197.50000000000003 0.35749299719887961 -0.27057959323794528 -384.2440233872228 14.500000000000002
decision_type=8 10 10 10 10 2 2 10
left_child=2 -2 -1 -4 -5 7 -7 -3
right_child=1 5 3 4 -6 6 -8 -9
leaf_value=0.0062740941745443634 -0.0084875653995461903 -0.0062076448784312574 -0.024993496479222048 -0.0073150752028911569 0.012125079026521671 0.019920071978829314 0.0033238531114460307 0.0094125844413686117
leaf_weight=31.872041936032474 44.988426189869642 72.397431775927544 12.212749080732463 97.101381672546268 17.992003343999386 22.887519201263785 221.46427375171334 22.902605909854174
leaf_count=163 210 1032 122 2084 174 107 1658 533
internal_value=-2.38978e-05 0.0015411 -0.00380408 -0.00637204 -0.0041806 0.00289633 0.00496136 -0.00237425
internal_weight=543.818 384.64 159.178 127.306 115.093 339.652 244.352 95.3
internal_count=6083 3540 2543 2380 2258 3330 1765 1565
is_linear=0
shrinkage=0.04


Tree=431
num_leaves=13
num_cat=0
split_feature=56 67 67 108 134 108 159 68 68 86 1 58
split_gain=2.37891 2.78307 2.40412 3.75286 4.39818 2.54346 4.89328 3.08776 2.04095 2.61581 2.28904 1.27763
threshold=-1.4999999999999998 23.572895277207397 29.073237508555788 -0.16860146075487134 2.6156217169925946 0.01686553563922644 -0.30934376661377833 33.895961670088987 36.135523613963045 10.500000000000002 -8.9999999999999982 -153.49999999999997
decision_type=10 10 8 10 10 8 2 10 8 10 10 10
left_child=2 11 3 -1 -5 6 -4 -7 9 -3 -10 -2
right_child=1 8 5 4 -6 7 -8 -9 10 -11 -12 -13
leaf_value=0.0046398377736283436 -0.0011472257256089332 0.00023128020242975324 0.0079854592067292035 -0.022482539639330428 0.0009351110964589814 0.015785519920003269 -0.019960964134657339 -0.0049049749667121898 -0.019803899679102663 0.0058055851206304321 -0.00039476235991568271 -0.014647012493254343
leaf_weight=21.688100799918175 21.863849764689803 323.67912570014596 17.894852891564369 37.211080301553011 18.962958585470915 25.485888730734587 20.472848523408175 19.590722404420376 12.785354958847163 230.76602803915739 33.879432663321495 23.240905277431011
leaf_count=137 135 2324 165 196 191 163 132 216 115 1784 416 109
internal_value=6.52871e-05 0.00115351 -0.00426221 -0.00927118 -0.0146643 0.000442444 -0.00700408 0.00683854 0.00187982 0.00256124 -0.00605841 -0.00831339
internal_weight=807.521 646.215 161.306 77.8621 56.174 83.4443 38.3677 45.0766 601.11 554.445 46.6648 45.1048
internal_count=6083 4883 1200 524 387 676 297 379 4639 4108 531 244
is_linear=0
shrinkage=0.04


end of trees

feature_importances:
mlvl_preufc_ko_rate_w=137
diff_preufc_sub_rate=124
mlvl_preufc_sub_rate_w=119
mlvl_preufc_ko_rate_l=118
diff_age=110
diff_preufc_win_rate=106
reach_height_ratio_diff=106
diff_preufc_avg_win_seconds=102
abs_preufc_days_since_last_b=100
abs_age_b=95
abs_preufc_bouts_b=95
mlvl_preufc_finish_rate_l=92
diff_preufc_ko_rate=88
abs_preufc_days_since_last_a=84
mlvl_preufc_finish_rate_w=76
diff_reach=75
mlvl_avg_bout_seconds_l=72
age_curve_diff=71
mlvl_sub_per15_w=68
diff_preufc_career_days=65
mrate_l_sub_loss_rate=63
mlvl_avg_bout_seconds_w=62
diff_preufc_finish_rate=61
diff_preufc_days_since_last=61
abs_age_a=59
mlvl_preufc_finish_losses_l=58
mlvl_grap_def_l=57
mlvl_slpm_w=55
diff_preufc_finish_losses=54
diff_kd_def=52
abs_layoff_days_a=50
mrate_w_sub_win_rate=49
diff_preufc_bouts=47
diff_height=45
mlvl_str_acc_w=45
abs_preufc_win_rate_a=43
mlvl_td_def_l=43
mrate_w_ko_win_rate=43
diff_glicko_cons=42
mlvl_preufc_sub_rate_l=42
diff_kd_off=41
mlvl_kd_def_w=41
diff_grap_def=40
mlvl_kd_off_w=40
diff_str_def=39
diff_ctrl_off=39
abs_preufc_win_rate_b=39
diff_grap_off=37
mlvl_control_per_min_w=36
mlvl_prior_finish_rate_w=34
mlvl_td_def_w=34
mlvl_grap_off_l=34
diff_preufc_wins=33
diff_elo=32
mrate_l_ko_loss_rate=32
diff_ctrl_def=31
mlvl_finish_against_per_bout_l=30
abs_kd_per_fight_a=29
mlvl_td_per15_w=29
mlvl_ctrl_def_w=29
mlvl_sapm_w=28
abs_preufc_bouts_a=26
abs_kd_absorbed_per_fight_b=25
is_womens=25
diff_str_off=24
mlvl_grap_off_w=24
mrate_l_ko_win_rate=23
diff_preufc_losses=21
abs_layoff_days_b=21
mlvl_ctrl_def_l=21
mlvl_td_acc_w=20
mlvl_str_off_w=20
diff_sub_per15=19
abs_elo_a=19
mlvl_slpm_l=19
mlvl_td_acc_l=19
diff_kd_per_fight=18
mlvl_preufc_finish_losses_w=18
abs_glicko_cons_a=17
mlvl_td_per15_l=17
mlvl_str_off_l=17
diff_preufc_fights_last_24mo=16
mlvl_kd_off_l=16
mlvl_sapm_l=15
abs_glicko_cons_b=14
mlvl_reversals_per_fight_l=14
mlvl_kd_def_l=14
diff_control_per_min=13
abs_vertex_score_all_time_a=13
mlvl_sub_per15_l=13
mlvl_kd_absorbed_per_fight_l=13
mlvl_reversals_per_fight_w=13
mlvl_ctrl_off_w=13
diff_avg_opp_elo_career=12
abs_vertex_score_b=12
wc_strawweight=12
wc_heavyweight=12
mlvl_prior_finish_rate_l=12
mlvl_grap_def_w=12
abs_vertex_score_a=11
mlvl_control_per_min_l=11
mlvl_str_def_w=11
mlvl_str_def_l=11
diff_prior_losses_ko=10
diff_slpm=10
diff_sapm=10
diff_layoff_days=10
diff_sos_weighted_winrate=10
abs_kd_per_fight_b=10
stance_a_switch=10
mlvl_finish_against_per_bout_w=10
mlvl_str_acc_l=10
diff_avg_bout_seconds=9
diff_preufc_last3_wins=9
stance_b_orthodox=9
stance_asymmetry=9
mlvl_ctrl_off_l=9
diff_td_per15=8
diff_control_absorbed_per_min=8
wc_bantamweight=8
mlvl_prior_wins_ko_w=8
mlvl_prior_wins_sub_w=8
mrate_w_ko_loss_rate=8
mrate_l_sub_win_rate=8
diff_prior_win_rate=7
diff_td_def=7
diff_avg_opp_elo_beaten=7
abs_vertex_score_all_time_b=7
abs_prior_bouts_a=7
abs_elo_b=7
diff_prior_finish_rate=6
diff_current_streak=6
diff_prior_losses_sub=5
diff_finish_against_per_bout=5
diff_reversals_per_fight=5
diff_max_opp_elo_beaten=5
abs_current_streak_a=5
abs_kd_absorbed_per_fight_a=5
is_main_event=5
scheduled_rounds=5
mlvl_prior_losses_sub_l=5
diff_prior_wins=4
diff_prior_losses_dec=4
diff_kd_absorbed_per_fight=4
diff_avg_opp_elo_last5=4
diff_traj_td=4
wc_middleweight=4
wc_light_heavyweight=4
mlvl_prior_losses_ko_l=4
diff_prior_bouts=3
diff_prior_losses=3
diff_prior_wins_ko=3
diff_prior_wins_sub=3
diff_str_acc=3
diff_td_acc=3
diff_recent3_wins=3
diff_traj_slpm=3
diff_traj_sapm=3
stance_b_southpaw=3
diff_prior_wins_dec=2
diff_recent5_wins=2
diff_vertex_score=2
abs_prior_bouts_b=2
stance_a_orthodox=2
wc_flyweight=2
wc_featherweight=2
wc_lightweight=2
mlvl_prior_losses_ko_w=2
diff_vertex_score_all_time=1
diff_preufc_dwcs_fights=1
wc_welterweight=1
mlvl_prior_losses_sub_w=1
mlvl_kd_absorbed_per_fight_w=1

parameters:
[boosting: gbdt]
[objective: multiclass]
[metric: multi_logloss]
[tree_learner: serial]
[device_type: cpu]
[data_sample_strategy: bagging]
[data: ]
[valid: ]
[num_iterations: 144]
[learning_rate: 0.04]
[num_leaves: 15]
[num_threads: 0]
[seed: 42]
[deterministic: 1]
[force_col_wise: 0]
[force_row_wise: 1]
[histogram_pool_size: -1]
[max_depth: 4]
[min_data_in_leaf: 120]
[min_sum_hessian_in_leaf: 0.001]
[bagging_fraction: 0.7]
[pos_bagging_fraction: 1]
[neg_bagging_fraction: 1]
[bagging_freq: 4]
[bagging_seed: 400]
[bagging_by_query: 0]
[feature_fraction: 0.6]
[feature_fraction_bynode: 1]
[feature_fraction_seed: 30056]
[extra_trees: 0]
[extra_seed: 12879]
[early_stopping_round: 0]
[early_stopping_min_delta: 0]
[first_metric_only: 0]
[max_delta_step: 0]
[lambda_l1: 0.05]
[lambda_l2: 1]
[linear_lambda: 0]
[min_gain_to_split: 0]
[drop_rate: 0.1]
[max_drop: 50]
[skip_drop: 0.5]
[xgboost_dart_mode: 0]
[uniform_drop: 0]
[drop_seed: 17869]
[top_rate: 0.2]
[other_rate: 0.1]
[min_data_per_group: 100]
[max_cat_threshold: 32]
[cat_l2: 10]
[cat_smooth: 10]
[max_cat_to_onehot: 4]
[top_k: 20]
[monotone_constraints: ]
[monotone_constraints_method: basic]
[monotone_penalty: 0]
[feature_contri: ]
[forcedsplits_filename: ]
[refit_decay_rate: 0.9]
[cegb_tradeoff: 1]
[cegb_penalty_split: 0]
[cegb_penalty_feature_lazy: ]
[cegb_penalty_feature_coupled: ]
[path_smooth: 0]
[interaction_constraints: ]
[verbosity: -1]
[saved_feature_importance_type: 0]
[use_quantized_grad: 0]
[num_grad_quant_bins: 4]
[quant_train_renew_leaf: 0]
[stochastic_rounding: 1]
[linear_tree: 0]
[max_bin: 255]
[max_bin_by_feature: ]
[min_data_in_bin: 3]
[bin_construct_sample_cnt: 200000]
[data_random_seed: 175]
[is_enable_sparse: 1]
[enable_bundle: 1]
[use_missing: 1]
[zero_as_missing: 0]
[feature_pre_filter: 1]
[pre_partition: 0]
[two_round: 0]
[header: 0]
[label_column: ]
[weight_column: ]
[group_column: ]
[ignore_column: ]
[categorical_feature: ]
[forcedbins_filename: ]
[precise_float_parser: 0]
[parser_config_file: ]
[objective_seed: 16083]
[num_class: 3]
[is_unbalance: 0]
[scale_pos_weight: 1]
[sigmoid: 1]
[boost_from_average: 1]
[reg_sqrt: 0]
[alpha: 0.9]
[fair_c: 1]
[poisson_max_delta_step: 0.7]
[tweedie_variance_power: 1.5]
[lambdarank_truncation_level: 30]
[lambdarank_norm: 1]
[label_gain: ]
[lambdarank_position_bias_regularization: 0]
[eval_at: ]
[multi_error_top_k: 1]
[auc_mu_weights: ]
[num_machines: 1]
[local_listen_port: 12400]
[time_out: 120]
[machine_list_filename: ]
[machines: ]
[gpu_platform_id: -1]
[gpu_device_id: -1]
[gpu_use_dp: 0]
[num_gpu: 1]

end of parameters

pandas_categorical:[]
