fighter,date_of_birth,tuf,r2ufc,dwcs,pride,sf,wec,bmf,hof,country,gender,weightclass,peak_rank,peak_p4p,bouts,wins,win_types,losses,loss_types,streak,best_streak,total_time,mean_age,opp_age,bonus,slot,elo,peak_elo,opp_elo,debut,debut_result,prev_bout,prev_result
Jon Jones,1987-07-19,FALSE,FALSE,FALSE,FALSE,FALSE,FALSE,FALSE,NA,United States,male,"heavyweight, light heavyweight",-1,1,24,22,6 KO 6 Sub 10 Dec,1,0 KO 0 Sub 0 Dec,6,13,21408,26.8,33,9,1.8,3662,3662,3046,2008-08-09,W - Andre Gusmao,2024-11-16,W - Stipe Miocic
Khabib Nurmagomedov,1988-09-20,FALSE,FALSE,FALSE,FALSE,FALSE,FALSE,FALSE,TRUE,Russia,male,lightweight,-1,1,13,13,2 KO 5 Sub 6 Dec,0,0 KO 0 Sub 0 Dec,13,13,10315,27.3,30.4,3,4.1,3648,3648,3034,2012-01-20,W - Kamal Shalorus,2020-10-24,W - Justin Gaethje
Stipe Miocic,1982-08-19,FALSE,FALSE,FALSE,FALSE,FALSE,FALSE,FALSE,NA,"Croatia, United States",male,heavyweight,-1,2,19,14,9 KO 0 Sub 5 Dec,5,4 KO 0 Sub 1 Dec,-2,6,12942,33.7,34.6,9,1.8,3391,3603,3108,2011-10-08,W - Joey Beltran,2024-11-16,L - Jon Jones
Francis Ngannou,1986-09-05,FALSE,FALSE,FALSE,FALSE,FALSE,FALSE,FALSE,NA,"Cameroon, France",male,heavyweight,-1,4,14,12,10 KO 1 Sub 1 Dec,2,0 KO 0 Sub 2 Dec,6,6,5892,31.8,33.4,6,2.6,3613,3601,3042,2015-12-19,W - Luis Henrique Barbosa,2022-01-22,W - Ciryl Gane
Daniel Cormier,1979-03-20,FALSE,FALSE,FALSE,FALSE,TRUE,FALSE,FALSE,TRUE,United States,male,heavyweight,-1,1,15,11,3 KO 4 Sub 4 Dec,3,1 KO 0 Sub 2 Dec,-2,4,12445,37.4,34.2,5,1.5,3366,3599,3182,2013-04-20,W - Frank Mir,2020-08-15,L - Stipe Miocic
Georges St-Pierre,1981-05-19,FALSE,FALSE,FALSE,FALSE,FALSE,FALSE,FALSE,TRUE,Canada,male,"middleweight, welterweight",-1,2,22,20,5 KO 3 Sub 12 Dec,2,1 KO 1 Sub 0 Dec,13,13,20555,27.3,30.4,7,2.3,3536,3536,2918,2004-01-31,W - Karo Parisyan,2017-11-04,W - Michael Bisping
Dustin Poirier,1989-01-19,FALSE,FALSE,FALSE,FALSE,FALSE,TRUE,FALSE,NA,United States,male,lightweight,0,5,32,22,11 KO 4 Sub 7 Dec,9,3 KO 4 Sub 2 Dec,-2,4,20902,28.3,29.6,15,3.2,3284,3535,3012,2011-01-01,W - Josh Grispi,2025-07-19,L - Max Holloway
Tyron Woodley,1982-04-07,FALSE,FALSE,FALSE,FALSE,TRUE,FALSE,FALSE,NA,United States,male,welterweight,-1,6,16,9,5 KO 1 Sub 3 Dec,6,1 KO 1 Sub 4 Dec,-4,3,13201,34.4,32.1,6,2.4,3044,3487,3161,2013-02-02,W - Jay Hieron,2021-03-27,L - Vicente Luque
Chris Weidman,1984-06-17,FALSE,FALSE,FALSE,FALSE,FALSE,FALSE,FALSE,TRUE,United States,male,middleweight,-1,2,20,12,4 KO 3 Sub 5 Dec,8,7 KO 0 Sub 1 Dec,-1,9,12094,32.4,34.2,7,3.2,2785,3473,3032,2011-03-03,W - Alessio Sakara,2024-12-07,L - Eryk Anders
Glover Teixeira,1979-10-28,FALSE,FALSE,FALSE,FALSE,FALSE,TRUE,FALSE,NA,"Brazil, United States",male,light heavyweight,-1,8,23,16,6 KO 7 Sub 3 Dec,7,2 KO 1 Sub 4 Dec,-2,6,15906,37.4,31.5,10,2.5,3147,3460,2986,2012-05-26,W - Kyle Kingsbury,2023-01-21,L - Jamahal Hill
Tony Ferguson,1984-02-12,TRUE,FALSE,FALSE,FALSE,FALSE,FALSE,FALSE,NA,"Mexico, United States",male,"welterweight, lightweight",0,9,24,15,5 KO 6 Sub 4 Dec,9,2 KO 3 Sub 4 Dec,-8,12,16292,33.4,31.9,11,3.4,2727,3460,2923,2011-06-04,W - Ramsey Nijem,2024-08-03,L - Michael Chiesa
Colby Covington,1988-02-22,FALSE,FALSE,FALSE,FALSE,FALSE,FALSE,FALSE,NA,United States,male,welterweight,0,16,17,12,2 KO 3 Sub 7 Dec,5,2 KO 1 Sub 2 Dec,-2,7,17285,30.6,32.7,2,4.6,3259,3453,3054,2014-08-22,W - Anying Wang,2024-12-14,L - Joaquin Buckley
Anderson Silva,1975-04-14,FALSE,FALSE,FALSE,TRUE,FALSE,FALSE,FALSE,TRUE,Brazil,male,middleweight,-1,1,25,17,11 KO 3 Sub 3 Dec,7,4 KO 0 Sub 3 Dec,-3,16,16250,36.7,32.2,14,1.2,2790,3444,2960,2006-06-28,W - Chris Leben,2020-10-31,L - Uriah Hall
Gilbert Burns,1986-07-20,FALSE,FALSE,FALSE,FALSE,FALSE,FALSE,FALSE,NA,Brazil,male,welterweight,1,16,25,15,3 KO 5 Sub 7 Dec,10,5 KO 0 Sub 5 Dec,-5,6,18518,33.5,31.7,5,5,2929,3435,3002,2014-07-26,W - Andreas Stahl,2026-04-18,L - Mike Malott
Henry Cejudo,1987-02-09,FALSE,FALSE,FALSE,FALSE,FALSE,FALSE,FALSE,NA,United States,male,bantamweight,-1,3,16,10,4 KO 0 Sub 6 Dec,6,1 KO 0 Sub 5 Dec,-4,6,13115,32,30.7,4,3.2,2970,3433,3044,2014-12-13,W - Dustin Kimura,2025-12-06,L - Payton Talbott
Luke Rockhold,1984-10-17,FALSE,FALSE,FALSE,FALSE,TRUE,FALSE,FALSE,NA,United States,male,"middleweight, light heavyweight",-1,3,11,6,2 KO 4 Sub 0 Dec,5,4 KO 0 Sub 1 Dec,-3,5,5099,31.8,35.4,5,1.6,2956,3415,3099,2013-05-18,L - Vitor Belfort,2022-08-20,L - Paulo Costa
Jorge Masvidal,1984-11-12,FALSE,FALSE,FALSE,FALSE,TRUE,FALSE,TRUE,NA,United States,male,welterweight,3,15,22,12,6 KO 1 Sub 5 Dec,10,1 KO 0 Sub 9 Dec,-4,3,17618,32.4,31.6,7,3.5,3163,3413,3066,2013-04-20,W - Tim Means,2023-04-08,L - Gilbert Burns
Anthony Johnson,1984-03-06,FALSE,FALSE,FALSE,FALSE,FALSE,FALSE,FALSE,NA,United States,male,light heavyweight,1,16,19,13,11 KO 0 Sub 2 Dec,6,1 KO 5 Sub 0 Dec,-1,3,7039,27.9,31.7,8,3.4,3284,3394,2894,2007-06-12,W - Chad Reiner,2017-04-08,L - Daniel Cormier
Fabricio Werdum,1977-07-30,FALSE,FALSE,FALSE,TRUE,TRUE,FALSE,FALSE,NA,Brazil,male,heavyweight,-1,4,18,12,4 KO 4 Sub 4 Dec,6,3 KO 0 Sub 3 Dec,1,6,11603,36.9,33.5,4,2.4,3123,3392,2933,2007-04-21,L - Andrei Arlovski,2020-07-25,W - Alexander Gustafsson
Michael Bisping,1979-02-28,TRUE,FALSE,FALSE,FALSE,FALSE,FALSE,FALSE,TRUE,"United Kingdom, England",male,middleweight,-1,9,29,20,10 KO 0 Sub 10 Dec,9,3 KO 2 Sub 4 Dec,-2,5,21933,32.8,33.1,7,1.9,3146,3387,2851,2006-06-24,W - Josh Haynes,2017-11-25,L - Kelvin Gastelum
Jose Aldo,1986-09-09,FALSE,FALSE,FALSE,FALSE,FALSE,TRUE,FALSE,TRUE,Brazil,male,"featherweight, bantamweight",-1,1,23,14,4 KO 0 Sub 10 Dec,9,4 KO 0 Sub 5 Dec,-2,7,22783,31.5,30.6,6,2,3051,3370,3105,2011-04-30,W - Mark Hominick,2025-05-10,L - Aiemann Zahabi
Yoel Romero,1977-04-30,FALSE,FALSE,FALSE,FALSE,TRUE,FALSE,FALSE,NA,Cuba,male,middleweight,1,15,13,9,7 KO 0 Sub 2 Dec,4,0 KO 0 Sub 4 Dec,-3,8,11482,39,30.8,8,3.2,3150,3366,3105,2013-04-20,W - Clifford Starks,2020-03-07,L - Israel Adesanya
Robbie Lawler,1982-03-20,FALSE,FALSE,FALSE,TRUE,TRUE,FALSE,FALSE,TRUE,United States,male,"welterweight, middleweight",-1,4,25,15,8 KO 0 Sub 7 Dec,10,3 KO 3 Sub 4 Dec,1,5,19105,31.1,31,6,3.2,2964,3363,2902,2002-05-10,W - Aaron Riley,2023-07-08,W - Niko Price
TJ Dillashaw,1986-02-07,TRUE,FALSE,FALSE,FALSE,FALSE,FALSE,FALSE,NA,United States,male,"bantamweight, flyweight",-1,3,18,13,7 KO 1 Sub 5 Dec,5,3 KO 0 Sub 2 Dec,-1,4,13243,29.7,29.3,8,3.6,3203,3362,2909,2011-12-03,L - John Dodson,2022-10-22,L - Aljamain Sterling
Cain Velasquez,1982-07-28,FALSE,FALSE,FALSE,FALSE,TRUE,FALSE,FALSE,NA,United States,male,heavyweight,-1,3,15,12,10 KO 0 Sub 2 Dec,3,2 KO 1 Sub 0 Dec,-1,7,6662,29.5,31.2,4,2.3,3130,3354,2938,2008-04-19,W - Brad Morris,2019-02-17,L - Francis Ngannou
Demetrious Johnson,1986-08-13,FALSE,FALSE,FALSE,FALSE,FALSE,TRUE,FALSE,TRUE,United States,male,flyweight,-1,1,18,15,2 KO 5 Sub 8 Dec,2,0 KO 0 Sub 2 Dec,-1,13,20052,27.8,29.3,9,2,3164,3339,2867,2011-02-05,W - Norifumi Yamamoto,2018-08-04,L - Henry Cejudo
Donald Cerrone,1983-03-29,FALSE,FALSE,FALSE,FALSE,FALSE,TRUE,FALSE,TRUE,United States,male,welterweight,2,16,38,23,10 KO 6 Sub 7 Dec,14,8 KO 1 Sub 5 Dec,-2,8,21408,32.9,30.2,18,2.9,2714,3334,2930,2011-02-05,W - Paul Kelly,2022-07-02,L - Jim Miller
Gegard Mousasi,1985-08-01,FALSE,FALSE,FALSE,TRUE,TRUE,FALSE,FALSE,NA,"Armenia, Netherlands",male,middleweight,4,16,12,9,5 KO 1 Sub 3 Dec,3,1 KO 1 Sub 1 Dec,5,5,7207,29.9,35,4,2.3,3036,3331,2972,2013-04-06,W - Ilir Latifi,2017-04-08,W - Chris Weidman
Demian Maia,1977-11-06,FALSE,FALSE,FALSE,FALSE,FALSE,FALSE,FALSE,NA,Brazil,male,welterweight,1,16,33,22,1 KO 11 Sub 10 Dec,11,2 KO 0 Sub 9 Dec,-2,7,24580,36.1,31.4,8,3.6,3025,3331,2941,2007-10-20,W - Ryan Jensen,2021-06-12,L - Belal Muhammad
Ronaldo Souza,1979-12-07,FALSE,FALSE,FALSE,FALSE,TRUE,FALSE,FALSE,NA,Brazil,male,"middleweight, light heavyweight",1,16,16,9,4 KO 4 Sub 1 Dec,7,2 KO 1 Sub 4 Dec,-4,5,9454,37.2,31.9,7,2.3,2863,3327,3043,2013-05-18,W - Chris Camozzi,2021-05-15,L - Andre Muniz
Frankie Edgar,1981-10-16,FALSE,FALSE,FALSE,FALSE,FALSE,FALSE,FALSE,TRUE,United States,male,bantamweight,-1,9,30,18,5 KO 2 Sub 11 Dec,11,5 KO 0 Sub 6 Dec,-3,5,28632,32.5,30.2,11,2.6,2792,3322,2981,2007-02-03,W - Tyson Griffin,2022-11-12,L - Chris Gutierrez
Junior dos Santos,1984-01-30,FALSE,FALSE,FALSE,FALSE,FALSE,FALSE,FALSE,NA,Brazil,male,heavyweight,-1,16,23,15,9 KO 1 Sub 5 Dec,8,7 KO 0 Sub 1 Dec,-4,9,14820,30.6,32.1,6,2.2,2638,3317,2988,2008-10-25,W - Fabricio Werdum,2020-12-12,L - Ciryl Gane
Benson Henderson,1983-11-16,FALSE,FALSE,FALSE,FALSE,FALSE,TRUE,FALSE,NA,United States,male,"welterweight, lightweight",-1,5,14,11,0 KO 2 Sub 9 Dec,3,1 KO 1 Sub 1 Dec,2,7,15136,29.6,29.9,4,1.5,2767,3316,3044,2011-04-30,W - Mark Bocek,2015-11-28,W - Jorge Masvidal
Johny Hendricks,1983-09-12,FALSE,FALSE,FALSE,FALSE,FALSE,TRUE,FALSE,NA,United States,male,"middleweight, welterweight",-1,8,21,13,5 KO 0 Sub 8 Dec,8,3 KO 0 Sub 5 Dec,-2,6,14962,29.9,30.6,6,4.2,2737,3316,2921,2009-08-08,W - Amir Sadollah,2017-11-04,L - Paulo Costa
Anthony Pettis,1987-01-27,FALSE,FALSE,FALSE,FALSE,FALSE,TRUE,FALSE,NA,United States,male,"welterweight, lightweight",-1,5,20,11,3 KO 4 Sub 4 Dec,9,3 KO 1 Sub 5 Dec,2,5,13900,29.5,31,8,3.1,2729,3316,3058,2011-06-04,L - Clay Guida,2020-12-19,W - Alex Morono
Derek Brunson,1984-01-04,FALSE,FALSE,FALSE,FALSE,TRUE,FALSE,FALSE,NA,United States,male,middleweight,4,16,21,14,7 KO 2 Sub 5 Dec,7,6 KO 0 Sub 1 Dec,-2,5,10806,33.8,32.4,3,3.5,3186,3307,2932,2012-12-29,W - Chris Leben,2023-03-04,L - Dricus Du Plessis
Alistair Overeem,1980-05-17,FALSE,FALSE,FALSE,TRUE,TRUE,FALSE,FALSE,NA,Netherlands,male,heavyweight,1,16,20,12,9 KO 0 Sub 3 Dec,8,8 KO 0 Sub 0 Dec,-1,4,11089,36.5,33.8,2,2.2,3029,3301,2976,2011-12-30,W - Brock Lesnar,2021-02-06,L - Alexander Volkov
Michael Chiesa,1987-12-07,TRUE,FALSE,FALSE,FALSE,FALSE,FALSE,FALSE,NA,United States,male,welterweight,5,16,22,15,0 KO 9 Sub 6 Dec,7,1 KO 5 Sub 1 Dec,4,4,12159,30.9,32.1,5,4.2,3115,3300,2884,2012-06-01,W - Al Iaquinta,2026-03-28,W - Niko Price
Rory MacDonald,1989-07-22,FALSE,FALSE,FALSE,FALSE,FALSE,FALSE,FALSE,NA,Canada,male,welterweight,1,16,13,9,3 KO 1 Sub 5 Dec,4,2 KO 0 Sub 2 Dec,-2,5,10682,23.6,31.5,4,3.3,2753,3293,2965,2010-01-11,W - Mike Guymon,2016-06-18,L - Stephen Thompson
Marlon Moraes,1988-04-26,FALSE,FALSE,FALSE,FALSE,FALSE,FALSE,FALSE,NA,Brazil,male,bantamweight,1,16,11,5,2 KO 1 Sub 2 Dec,6,5 KO 0 Sub 1 Dec,-4,4,5169,31.3,31.3,3,3.3,2609,3286,3084,2017-06-03,L - Raphael Assuncao,2022-03-12,L - Song Yadong
Vitor Belfort,1977-04-01,FALSE,FALSE,FALSE,TRUE,TRUE,FALSE,FALSE,TRUE,Brazil,male,middleweight,-1,11,26,15,12 KO 2 Sub 1 Dec,10,7 KO 1 Sub 2 Dec,-1,3,8667,31.2,33.9,6,2.5,2922,3275,2837,1997-02-07,W - Tra Telligman,2018-05-12,L - Lyoto Machida
Eddie Alvarez,1984-01-11,FALSE,FALSE,FALSE,FALSE,FALSE,FALSE,FALSE,NA,United States,male,lightweight,-1,6,8,4,2 KO 0 Sub 2 Dec,3,2 KO 0 Sub 1 Dec,-1,3,5349,32.7,30.1,2,2.4,2852,3266,3186,2014-09-27,L - Donald Cerrone,2018-07-28,L - Dustin Poirier
Nate Diaz,1985-04-16,TRUE,FALSE,FALSE,FALSE,TRUE,TRUE,FALSE,NA,United States,male,welterweight,4,16,27,16,2 KO 10 Sub 4 Dec,11,2 KO 0 Sub 9 Dec,1,5,20236,27.5,29.6,16,2.8,3185,3261,2894,2007-06-23,W - Manny Gamburyan,2022-09-10,W - Tony Ferguson
Thiago Santos,1984-01-07,TRUE,FALSE,FALSE,FALSE,FALSE,FALSE,FALSE,NA,Brazil,male,light heavyweight,1,16,24,14,11 KO 0 Sub 3 Dec,10,3 KO 3 Sub 4 Dec,-2,4,14331,33.9,31,7,4.6,2788,3261,2903,2013-08-03,L - Cezar Ferreira,2022-08-06,L - Jamahal Hill
Anthony Smith,1988-07-26,FALSE,FALSE,FALSE,FALSE,TRUE,FALSE,FALSE,NA,United States,male,light heavyweight,2,16,25,13,6 KO 5 Sub 2 Dec,12,6 KO 1 Sub 5 Dec,-3,3,15572,31.8,31.9,7,4.4,2731,3258,2929,2013-06-08,L - Antonio Braga Neto,2025-04-26,L - Zhang Mingyang
Ben Askren,1984-07-18,FALSE,FALSE,FALSE,FALSE,FALSE,FALSE,FALSE,NA,United States,male,welterweight,5,16,3,1,0 KO 1 Sub 0 Dec,2,1 KO 1 Sub 0 Dec,-2,1,1039,35,37.9,1,2.3,3047,3256,3181,2019-03-02,W - Robbie Lawler,2019-10-26,L - Demian Maia
Jailton Almeida,1991-06-26,FALSE,FALSE,TRUE,FALSE,FALSE,FALSE,FALSE,NA,Brazil,male,heavyweight,5,16,11,8,3 KO 4 Sub 1 Dec,3,1 KO 0 Sub 2 Dec,-2,6,5494,32.4,34.7,4,5.5,3059,3253,2940,2022-02-05,W - Danilo Marques,2026-02-07,L - Rizvan Kuniev
Kevin Lee,1992-09-04,FALSE,FALSE,FALSE,FALSE,FALSE,FALSE,FALSE,NA,United States,male,"welterweight, lightweight",4,16,19,11,3 KO 4 Sub 4 Dec,8,1 KO 4 Sub 3 Dec,-3,5,13025,24.9,31.2,3,5.4,2848,3242,2930,2014-02-01,L - Al Iaquinta,2023-07-01,L - Rinat Fakhretdinov
Dominick Cruz,1985-03-09,FALSE,FALSE,FALSE,FALSE,FALSE,TRUE,FALSE,TRUE,United States,male,bantamweight,-1,2,10,7,1 KO 0 Sub 6 Dec,3,2 KO 0 Sub 1 Dec,-1,5,10996,32.2,30.9,5,2.9,3074,3240,3044,2011-07-02,W - Urijah Faber,2022-08-13,L - Marlon Vera
Dan Henderson,1970-08-24,FALSE,FALSE,FALSE,TRUE,TRUE,FALSE,FALSE,NA,United States,male,middleweight,-1,10,18,9,4 KO 0 Sub 5 Dec,9,3 KO 2 Sub 4 Dec,-1,4,13205,40.5,32.5,7,2.3,3026,3235,2931,1998-05-15,W - Allan Goes,2016-10-08,L - Michael Bisping
Alexander Gustafsson,1987-01-15,FALSE,FALSE,FALSE,FALSE,FALSE,FALSE,FALSE,NA,Sweden,male,"light heavyweight, heavyweight",1,13,18,10,5 KO 2 Sub 3 Dec,8,3 KO 3 Sub 2 Dec,-4,6,11188,27.7,32.8,5,3.2,2832,3232,2961,2009-11-14,W - Jared Hamman,2022-07-23,L - Nikita Krylov
Ryan Bader,1983-06-07,TRUE,FALSE,FALSE,FALSE,FALSE,FALSE,FALSE,NA,United States,male,light heavyweight,3,16,20,15,5 KO 1 Sub 9 Dec,5,3 KO 2 Sub 0 Dec,2,5,12281,29.5,33.7,2,3,3162,3230,2846,2008-12-13,W - Vinny Magalhaes,2016-11-20,W - Antonio Rogerio Nogueira
Joseph Benavidez,1984-07-31,FALSE,FALSE,FALSE,FALSE,FALSE,TRUE,FALSE,NA,United States,male,flyweight,1,16,21,15,5 KO 1 Sub 9 Dec,6,2 KO 1 Sub 3 Dec,-3,6,14412,31.3,29.5,4,4.7,2928,3230,2818,2011-03-19,W - Ian Loveland,2021-03-06,L - Askar Askarov
Lyoto Machida,1978-05-30,FALSE,FALSE,FALSE,FALSE,FALSE,FALSE,FALSE,NA,Brazil,male,middleweight,-1,16,24,16,7 KO 1 Sub 8 Dec,8,3 KO 2 Sub 3 Dec,2,8,17145,33.8,31.7,9,2.2,2845,3223,2948,2007-02-03,W - Sam Hoger,2018-05-12,W - Vitor Belfort
Zabit Magomedsharipov,1991-03-01,FALSE,FALSE,FALSE,FALSE,FALSE,FALSE,FALSE,NA,Russia,male,featherweight,2,16,6,6,0 KO 3 Sub 3 Dec,0,0 KO 0 Sub 0 Dec,6,6,4658,27.4,29.9,4,4.8,3215,3215,2792,2017-09-02,W - Mike Santiago,2019-11-09,W - Calvin Kattar
Rinat Fakhretdinov,1991-09-28,FALSE,FALSE,FALSE,FALSE,FALSE,FALSE,FALSE,NA,Russia,male,welterweight,15,16,7,6,1 KO 1 Sub 4 Dec,0,0 KO 0 Sub 0 Dec,3,3,4609,32.2,33.5,0,10,3213,3213,2923,2022-06-04,W - Andreas Michailidis,2025-09-06,W - Andreas Gustafsson
Al Iaquinta,1987-04-30,TRUE,FALSE,FALSE,FALSE,FALSE,FALSE,FALSE,NA,United States,male,lightweight,4,16,15,9,4 KO 0 Sub 5 Dec,6,1 KO 2 Sub 3 Dec,-3,5,11426,28.9,30,2,4.3,2801,3212,2869,2012-06-01,L - Michael Chiesa,2021-11-06,L - King Green
David Branch,1981-09-26,FALSE,FALSE,FALSE,FALSE,FALSE,FALSE,FALSE,NA,United States,male,middleweight,7,16,9,4,1 KO 0 Sub 3 Dec,5,2 KO 3 Sub 0 Dec,-2,2,4942,33.2,31.6,1,5.8,2824,3206,2853,2010-07-03,L - Gerald Harris,2019-03-30,L - Jack Hermansson
Chad Mendes,1985-05-01,FALSE,FALSE,FALSE,FALSE,FALSE,TRUE,FALSE,NA,United States,male,featherweight,1,16,14,9,6 KO 0 Sub 3 Dec,5,4 KO 0 Sub 1 Dec,-1,5,6979,29,29.7,5,3.6,3013,3201,2938,2011-02-05,W - Michihiro Omigawa,2018-12-29,L - Alexander Volkanovski
Chael Sonnen,1977-04-03,FALSE,FALSE,FALSE,FALSE,FALSE,TRUE,FALSE,NA,United States,male,light heavyweight,6,16,14,7,0 KO 2 Sub 5 Dec,7,3 KO 4 Sub 0 Dec,-1,3,8555,33.1,31.5,3,3.4,2812,3198,2992,2005-10-07,L - Renato Sobral,2013-11-16,L - Rashad Evans
Will Brooks,1986-10-08,FALSE,FALSE,FALSE,FALSE,FALSE,FALSE,FALSE,NA,United States,male,lightweight,11,16,4,1,0 KO 0 Sub 1 Dec,3,1 KO 2 Sub 0 Dec,-3,1,2285,30.3,30.3,0,4.8,2857,3197,2797,2016-07-08,W - Ross Pearson,2017-11-18,L - Nik Lentz
Carlos Condit,1984-04-26,FALSE,FALSE,FALSE,FALSE,FALSE,TRUE,FALSE,NA,United States,male,welterweight,0,16,19,9,5 KO 0 Sub 4 Dec,10,1 KO 3 Sub 6 Dec,-1,5,15077,30.7,31.1,7,2.6,2792,3196,2971,2009-04-01,L - Martin Kampmann,2021-07-10,L - Max Griffin
Renan Barao,1987-01-31,FALSE,FALSE,FALSE,FALSE,FALSE,TRUE,FALSE,NA,Brazil,male,"featherweight, bantamweight",-1,3,17,9,2 KO 3 Sub 4 Dec,8,3 KO 0 Sub 5 Dec,-5,7,14118,28.2,30.6,6,3.9,2496,3196,2800,2011-05-28,W - Cole Escovedo,2019-11-16,L - Douglas Silva de Andrade
Darren Till,1992-12-24,FALSE,FALSE,FALSE,FALSE,FALSE,FALSE,FALSE,NA,"United Kingdom, England",male,middleweight,2,16,12,6,2 KO 0 Sub 4 Dec,5,1 KO 3 Sub 1 Dec,-3,4,9797,25.8,31.8,4,3.1,2939,3190,3044,2015-05-30,W - Wendell Oliveira,2022-12-10,L - Dricus Du Plessis
Rashad Evans,1979-09-25,TRUE,FALSE,FALSE,FALSE,FALSE,FALSE,FALSE,TRUE,United States,male,"light heavyweight, middleweight",-1,16,23,14,6 KO 0 Sub 8 Dec,8,3 KO 0 Sub 5 Dec,-5,5,17316,31.4,32,4,2.2,2773,3189,2885,2005-11-05,W - Brad Imes,2018-06-09,L - Anthony Smith
Corey Anderson,1989-09-22,TRUE,FALSE,FALSE,FALSE,FALSE,FALSE,FALSE,NA,United States,male,light heavyweight,4,16,15,10,3 KO 0 Sub 7 Dec,5,4 KO 0 Sub 1 Dec,-1,4,9760,27.4,33.5,2,4.7,3404,3187,2826,2014-07-06,W - Matt Van Buren,2020-02-15,L - Jan Blachowicz
Andrei Arlovski,1979-02-04,FALSE,FALSE,FALSE,FALSE,TRUE,FALSE,FALSE,NA,"Belarus, United States",male,heavyweight,-1,16,42,23,9 KO 2 Sub 12 Dec,18,8 KO 3 Sub 7 Dec,-4,7,24605,35.3,31.1,3,3.9,2549,3184,2764,2000-11-17,W - Aaron Brink,2024-06-29,L - Martin Buday
Alex Oliveira,1988-02-21,FALSE,FALSE,FALSE,FALSE,FALSE,FALSE,FALSE,NA,Brazil,male,welterweight,13,16,22,11,4 KO 3 Sub 4 Dec,10,2 KO 5 Sub 3 Dec,-4,3,12623,30.2,30.9,5,5,2510,3184,2843,2015-03-21,L - Gilbert Burns,2022-03-05,L - Kevin Holland
Patchy Mix,1993-08-16,FALSE,FALSE,FALSE,FALSE,FALSE,FALSE,FALSE,NA,United States,male,bantamweight,16,16,2,0,0 KO 0 Sub 0 Dec,2,0 KO 0 Sub 2 Dec,-2,-1,1800,32,30.5,0,6,2902,3182,3070,2025-06-07,L - Mario Bautista,2025-10-04,L - Jakub Wiklacz
Pedro Munhoz,1986-09-07,FALSE,FALSE,FALSE,FALSE,FALSE,FALSE,FALSE,NA,Brazil,male,bantamweight,4,16,22,10,3 KO 3 Sub 4 Dec,10,0 KO 0 Sub 10 Dec,-3,4,15131,32.7,31,7,6.7,2814,3178,2915,2014-02-22,L - Raphael Assuncao,2024-11-02,L - Aiemann Zahabi
Andre Muniz,1990-02-17,FALSE,FALSE,TRUE,FALSE,FALSE,FALSE,FALSE,NA,Brazil,male,middleweight,10,16,10,6,0 KO 3 Sub 3 Dec,4,3 KO 1 Sub 0 Dec,-2,5,5331,32.7,33.5,1,5.9,2766,3177,2917,2019-11-16,W - Antonio Arroyo,2025-10-04,L - Edmen Shahbazyan
Antonio Rodrigo Nogueira,1976-06-02,FALSE,FALSE,FALSE,TRUE,FALSE,FALSE,FALSE,TRUE,Brazil,male,heavyweight,0,16,11,5,1 KO 2 Sub 2 Dec,6,3 KO 2 Sub 1 Dec,-3,2,5598,34.9,32.2,0,2.2,2633,3174,2818,2007-07-07,W - Heath Herring,2015-08-01,L - Stefan Struve
Muhammad Mokaev,2000-07-30,FALSE,FALSE,FALSE,FALSE,FALSE,FALSE,FALSE,NA,"United Kingdom, England, Russia",male,flyweight,6,16,7,7,0 KO 4 Sub 3 Dec,0,0 KO 0 Sub 0 Dec,7,7,5279,22.8,32,2,8.7,3174,3171,2793,2022-03-19,W - Cody Durden,2024-07-27,W - Manel Kape
Jon Fitch,1978-02-24,FALSE,FALSE,FALSE,FALSE,FALSE,FALSE,FALSE,NA,United States,male,welterweight,9,16,18,14,1 KO 3 Sub 10 Dec,3,1 KO 0 Sub 2 Dec,-1,8,14338,30.9,28.6,2,4.1,2993,3168,2794,2005-10-03,W - Brock Larson,2013-02-02,L - Demian Maia
Anthony Rocco Martin,1989-12-11,FALSE,FALSE,FALSE,FALSE,FALSE,FALSE,FALSE,NA,United States,male,welterweight,15,16,15,9,1 KO 3 Sub 5 Dec,6,0 KO 2 Sub 4 Dec,-1,4,11444,27.5,31.8,0,7.9,3057,3163,2825,2014-02-01,L - Rashid Magomedov,2020-06-06,L - Neil Magny
Chuck Liddell,1969-12-17,FALSE,FALSE,FALSE,TRUE,FALSE,FALSE,FALSE,TRUE,United States,male,light heavyweight,-1,16,23,16,10 KO 0 Sub 6 Dec,7,6 KO 0 Sub 1 Dec,-3,7,12269,34.5,NA,3,2.5,2633,3160,2640,1998-05-15,W - Noe Hernandez,2010-06-12,L - Rich Franklin
Mirko Filipovic,1974-09-10,FALSE,FALSE,FALSE,TRUE,FALSE,FALSE,FALSE,NA,Croatia,male,heavyweight,15,16,11,5,4 KO 1 Sub 0 Dec,6,4 KO 1 Sub 1 Dec,1,2,7006,35.4,31.4,2,2.5,3081,3159,2644,2007-02-03,W - Eddie Sanchez,2015-04-11,W - Gabriel Gonzaga
Hector Lombard,1978-02-02,FALSE,FALSE,FALSE,TRUE,FALSE,FALSE,FALSE,NA,Cuba,male,middleweight,5,16,12,3,2 KO 0 Sub 1 Dec,8,3 KO 0 Sub 4 Dec,-6,2,7812,37.4,34,0,4.8,2572,3159,2905,2012-07-21,L - Tim Boetsch,2018-09-22,L - Thales Leites
Jake Shields,1979-01-09,FALSE,FALSE,FALSE,FALSE,TRUE,FALSE,FALSE,NA,United States,male,welterweight,6,16,8,4,0 KO 0 Sub 4 Dec,3,1 KO 0 Sub 2 Dec,-1,2,7553,33.5,32.1,0,2.8,2674,3157,2964,2010-10-23,W - Martin Kampmann,2014-03-15,L - Hector Lombard
BJ Penn,1978-12-13,FALSE,FALSE,FALSE,FALSE,FALSE,FALSE,FALSE,TRUE,United States,male,"lightweight, featherweight",-1,16,27,12,7 KO 4 Sub 1 Dec,13,4 KO 1 Sub 8 Dec,-7,3,21376,29.9,29.9,5,2.6,2547,3154,2821,2001-05-04,W - Joey Gilbert,2019-05-11,L - Clay Guida
Ricardo Lamas,1982-05-21,FALSE,FALSE,FALSE,FALSE,FALSE,TRUE,FALSE,NA,United States,male,featherweight,2,16,17,11,4 KO 3 Sub 4 Dec,6,3 KO 0 Sub 3 Dec,1,4,10507,33.5,29.1,3,4.2,2948,3153,2892,2011-06-26,W - Matt Grice,2020-08-29,W - Bill Algeo
Nick Diaz,1983-08-02,FALSE,FALSE,FALSE,TRUE,TRUE,TRUE,FALSE,NA,United States,male,"middleweight, welterweight",3,16,15,7,4 KO 2 Sub 1 Dec,7,1 KO 0 Sub 6 Dec,-1,3,12272,25,27.8,2,4.1,2906,3149,2742,2003-09-26,W - Jeremy Jackson,2021-09-25,L - Robbie Lawler
Gilbert Melendez,1982-04-12,FALSE,FALSE,FALSE,TRUE,TRUE,TRUE,FALSE,NA,United States,male,"featherweight, lightweight",1,13,7,1,0 KO 0 Sub 1 Dec,6,0 KO 1 Sub 5 Dec,-5,1,6413,33.6,29.7,2,3,2729,3149,3028,2013-04-20,L - Benson Henderson,2019-07-06,L - Arnold Allen
Jake Ellenberger,1985-03-28,FALSE,FALSE,FALSE,FALSE,FALSE,FALSE,FALSE,NA,United States,male,welterweight,4,16,21,10,6 KO 1 Sub 3 Dec,11,7 KO 1 Sub 3 Dec,-4,6,10137,28.7,31,5,3.3,2539,3144,2876,2009-09-16,L - Carlos Condit,2018-08-25,L - Bryan Barberena
Uriah Hall,1984-07-31,TRUE,FALSE,FALSE,FALSE,FALSE,FALSE,FALSE,NA,"Jamaica, United States",male,middleweight,8,16,19,10,8 KO 0 Sub 2 Dec,9,3 KO 0 Sub 6 Dec,-2,4,11768,32.7,30.8,2,4.7,2950,3143,2862,2013-04-13,L - Kelvin Gastelum,2022-07-02,L - Andre Muniz
Thiago Alves,1983-10-03,FALSE,FALSE,FALSE,FALSE,FALSE,FALSE,FALSE,NA,Brazil,male,welterweight,11,16,27,15,8 KO 1 Sub 6 Dec,12,3 KO 3 Sub 6 Dec,-2,7,17807,28.1,30.5,4,4.9,2556,3143,2799,2005-10-03,L - Spencer Fisher,2019-12-07,L - Tim Means
Chan Sung Jung,1987-03-17,FALSE,FALSE,FALSE,FALSE,FALSE,TRUE,FALSE,NA,South Korea,male,featherweight,3,16,12,7,4 KO 2 Sub 1 Dec,5,4 KO 0 Sub 1 Dec,-2,3,9085,30.5,30,9,1.6,3090,3140,3046,2011-03-26,W - Leonard Garcia,2023-08-26,L - Max Holloway
Leonardo Santos,1980-02-05,TRUE,FALSE,FALSE,FALSE,FALSE,FALSE,FALSE,NA,Brazil,male,lightweight,16,16,11,7,2 KO 2 Sub 3 Dec,3,1 KO 1 Sub 1 Dec,-3,6,7155,37.7,29.1,2,6,2733,3140,2796,2013-06-08,W - William Macario,2022-08-20,L - Jared Gordon
Alexey Kunchenko,1984-05-02,FALSE,FALSE,FALSE,FALSE,FALSE,FALSE,FALSE,NA,Russia,male,welterweight,16,16,4,2,0 KO 0 Sub 2 Dec,2,0 KO 0 Sub 2 Dec,-2,2,3600,35,34.7,0,6.5,2701,3138,2896,2018-09-15,W - Thiago Alves,2020-03-14,L - Elizeu Zaleski dos Santos
Martin Kampmann,1982-04-17,FALSE,FALSE,FALSE,FALSE,FALSE,FALSE,FALSE,NA,Denmark,male,welterweight,6,16,17,11,2 KO 5 Sub 4 Dec,6,4 KO 0 Sub 2 Dec,-2,4,9206,27.8,29.3,5,3.4,2924,3136,2797,2006-08-17,W - Crafton Wallace,2013-08-28,L - Carlos Condit
Elizeu Zaleski dos Santos,1986-12-11,FALSE,FALSE,FALSE,FALSE,FALSE,FALSE,FALSE,NA,Brazil,male,welterweight,13,16,18,11,4 KO 1 Sub 6 Dec,6,3 KO 0 Sub 3 Dec,-2,7,12522,33.6,31.6,3,6.9,2748,3136,2833,2015-05-30,L - Nicolas Dalby,2025-08-02,L - Neil Magny
Jussier Formiga,1985-04-14,FALSE,FALSE,FALSE,FALSE,FALSE,FALSE,FALSE,NA,Brazil,male,flyweight,1,16,16,9,0 KO 3 Sub 6 Dec,7,4 KO 0 Sub 3 Dec,-3,4,10855,31.5,29.1,1,6.2,2856,3134,2820,2012-10-05,L - John Dodson,2020-06-06,L - Alex Perez
Phil Davis,1984-09-25,FALSE,FALSE,FALSE,FALSE,FALSE,FALSE,FALSE,NA,United States,male,light heavyweight,3,16,13,9,0 KO 3 Sub 6 Dec,3,0 KO 0 Sub 3 Dec,-1,5,10127,27.7,29.9,1,4,3012,3132,2811,2010-02-06,W - Brian Stann,2015-01-24,L - Ryan Bader
Cub Swanson,1983-11-02,FALSE,FALSE,FALSE,FALSE,FALSE,TRUE,FALSE,NA,United States,male,featherweight,2,16,26,16,8 KO 0 Sub 8 Dec,10,2 KO 5 Sub 3 Dec,2,6,18635,34.2,31,11,3.6,2966,3130,2855,2011-11-12,L - Ricardo Lamas,2026-04-11,W - Nate Landwehr
James Vick,1987-02-23,TRUE,FALSE,FALSE,FALSE,FALSE,FALSE,FALSE,NA,United States,male,"welterweight, lightweight",9,16,14,9,2 KO 3 Sub 4 Dec,5,4 KO 0 Sub 1 Dec,-4,5,6858,29.9,29.8,1,5.6,2523,3129,2797,2013-08-17,W - Ramsey Nijem,2019-10-12,L - Niko Price
TJ Grant,1984-02-26,FALSE,FALSE,FALSE,FALSE,FALSE,FALSE,FALSE,NA,Canada,male,lightweight,3,16,11,8,3 KO 1 Sub 4 Dec,3,0 KO 0 Sub 3 Dec,5,5,7747,27.1,31.2,3,8.4,3128,3128,2695,2009-04-18,W - Ryo Chonan,2013-05-25,W - Gray Maynard
Askar Askarov,1992-10-09,FALSE,FALSE,FALSE,FALSE,FALSE,FALSE,FALSE,NA,Russia,male,flyweight,2,16,5,3,0 KO 0 Sub 3 Dec,1,0 KO 0 Sub 1 Dec,-1,3,4500,28,30.9,0,5.6,3008,3128,2896,2019-09-21,D - Brandon Moreno,2022-03-26,L - Kai Kara-France
Raphael Assuncao,1982-07-19,FALSE,FALSE,FALSE,FALSE,FALSE,TRUE,FALSE,NA,Brazil,male,bantamweight,2,16,19,12,2 KO 1 Sub 9 Dec,7,3 KO 2 Sub 2 Dec,-1,7,13611,34.2,29.8,2,6.2,2791,3126,2838,2011-03-19,L - Erik Koch,2023-03-11,L - Davey Grant
Thales Leites,1981-09-06,FALSE,FALSE,FALSE,FALSE,FALSE,FALSE,FALSE,NA,Brazil,male,middleweight,9,16,21,13,2 KO 5 Sub 6 Dec,8,1 KO 0 Sub 7 Dec,1,5,15833,31.4,31,4,5.7,2825,3121,2763,2006-11-11,L - Martin Kampmann,2018-09-22,W - Hector Lombard
Travis Browne,1982-07-17,FALSE,FALSE,FALSE,FALSE,FALSE,FALSE,FALSE,NA,United States,male,heavyweight,3,16,17,9,7 KO 1 Sub 1 Dec,7,4 KO 1 Sub 2 Dec,-4,3,8191,31.5,33.8,7,3.7,2750,3120,2877,2010-06-19,W - James McSweeney,2017-07-08,L - Aleksei Oleinik
Damir Ismagulov,1991-02-03,FALSE,FALSE,FALSE,FALSE,FALSE,FALSE,FALSE,NA,"Kazakhstan, Russia",male,lightweight,11,16,7,5,0 KO 0 Sub 5 Dec,2,0 KO 0 Sub 2 Dec,-2,5,6300,30.1,27.2,0,7.7,2942,3118,2854,2018-12-01,W - Alex Gorgees,2023-07-01,L - Grant Dawson
Mauricio Rua,1981-11-25,FALSE,FALSE,FALSE,TRUE,FALSE,FALSE,FALSE,TRUE,Brazil,male,light heavyweight,-1,16,24,11,8 KO 0 Sub 3 Dec,12,6 KO 2 Sub 4 Dec,-3,3,15890,33,33.6,8,2.1,2588,3115,2887,2007-09-22,L - Forrest Griffin,2023-01-21,L - Ihor Potieria
Rustam Khabilov,1986-11-04,FALSE,FALSE,FALSE,FALSE,FALSE,FALSE,FALSE,NA,Russia,male,"welterweight, lightweight",11,16,13,10,2 KO 0 Sub 8 Dec,3,0 KO 1 Sub 2 Dec,1,6,10263,29.4,30.1,1,7.4,2979,3113,2806,2012-12-15,W - Vinc Pichel,2019-11-09,W - Sergey Khandozhko
John Lineker,1990-06-12,FALSE,FALSE,FALSE,FALSE,FALSE,FALSE,FALSE,NA,Brazil,male,bantamweight,2,16,16,12,6 KO 1 Sub 5 Dec,4,0 KO 1 Sub 3 Dec,-1,6,11300,25,29.5,4,5.7,2677,3113,2705,2012-05-05,L - Louis Gaudinot,2019-04-27,L - Cory Sandhagen
Ramazan Emeev,1987-05-20,FALSE,FALSE,FALSE,FALSE,FALSE,FALSE,FALSE,NA,Russia,male,welterweight,16,16,8,5,0 KO 0 Sub 5 Dec,3,1 KO 0 Sub 2 Dec,-2,3,6452,32.7,30.3,0,8.6,3120,3111,2760,2017-10-21,W - Sam Alvey,2022-06-11,L - Jack Della Maddalena
Jairzinho Rozenstruik,1988-03-17,FALSE,FALSE,FALSE,FALSE,FALSE,FALSE,FALSE,NA,Suriname,male,heavyweight,3,16,15,9,8 KO 0 Sub 1 Dec,6,2 KO 1 Sub 3 Dec,-1,4,8512,33.5,33.1,3,3.9,2931,3111,2966,2019-02-02,W - Junior Albini,2025-02-01,L - Sergei Pavlovich
Tim Kennedy,1979-09-01,FALSE,FALSE,FALSE,FALSE,TRUE,TRUE,FALSE,NA,United States,male,middleweight,5,16,5,3,1 KO 0 Sub 2 Dec,2,2 KO 0 Sub 0 Dec,-2,3,4103,35,32.1,2,2.6,2901,3110,2925,2013-07-06,W - Roger Gracie,2016-12-10,L - Kelvin Gastelum
Jimmie Rivera,1989-06-29,TRUE,FALSE,FALSE,FALSE,FALSE,FALSE,FALSE,NA,United States,male,"bantamweight, featherweight",3,16,11,7,1 KO 0 Sub 6 Dec,4,1 KO 0 Sub 3 Dec,-1,5,8222,28.6,31.2,2,5.2,2943,3107,2926,2015-07-18,W - Marcus Brimage,2021-02-27,L - Pedro Munhoz
Matt Brown,1981-01-10,TRUE,FALSE,FALSE,FALSE,FALSE,FALSE,FALSE,NA,United States,male,welterweight,5,16,30,17,13 KO 2 Sub 2 Dec,13,3 KO 5 Sub 5 Dec,1,7,16594,33.4,31.4,9,5.1,2832,3105,2738,2008-06-21,W - Matt Arroyo,2023-05-13,W - Court McGee
Gray Maynard,1979-05-09,TRUE,FALSE,FALSE,FALSE,FALSE,FALSE,FALSE,NA,United States,male,"lightweight, featherweight",3,16,20,11,1 KO 0 Sub 10 Dec,7,5 KO 0 Sub 2 Dec,-1,8,15441,32.7,29.5,3,4.7,2627,3104,2769,2007-06-23,NC - Rob Emerson,2018-10-06,L - Nik Lentz
Curtis Millender,1987-12-01,FALSE,FALSE,FALSE,FALSE,FALSE,FALSE,FALSE,NA,United States,male,welterweight,15,16,5,3,1 KO 0 Sub 2 Dec,2,0 KO 1 Sub 1 Dec,-2,3,3412,30.9,32.9,1,7.4,2610,3104,2901,2018-02-18,W - Thiago Alves,2019-04-13,L - Belal Muhammad
Gregor Gillespie,1986-11-13,FALSE,FALSE,FALSE,FALSE,FALSE,FALSE,FALSE,NA,United States,male,lightweight,8,16,8,7,4 KO 2 Sub 1 Dec,1,1 KO 0 Sub 0 Dec,1,6,3541,31.7,30.6,4,5.6,3103,3103,2808,2016-09-24,W - Glaico Franca,2021-05-08,W - Diego Ferreira
Paul Craig,1987-11-27,FALSE,FALSE,FALSE,FALSE,FALSE,FALSE,FALSE,NA,"United Kingdom, Scotland",male,"light heavyweight, middleweight",8,16,21,9,3 KO 6 Sub 0 Dec,10,6 KO 2 Sub 2 Dec,-1,4,10094,33.3,30.2,8,5.5,2712,3100,2827,2016-12-17,W - Luis Henrique da Silva,2025-09-06,L - Modestas Bukauskas
Jimi Manuwa,1980-02-18,FALSE,FALSE,FALSE,FALSE,FALSE,FALSE,FALSE,NA,"United Kingdom, England",male,light heavyweight,2,16,12,6,5 KO 0 Sub 1 Dec,6,5 KO 0 Sub 1 Dec,-4,3,5055,35.9,31.6,4,3.1,2725,3099,2904,2012-09-29,W - Kyle Kingsbury,2019-06-01,L - Aleksandar Rakic
Mark Hunt,1974-03-23,FALSE,FALSE,FALSE,TRUE,FALSE,FALSE,FALSE,NA,"Australia, Samoa",male,heavyweight,4,16,18,8,7 KO 0 Sub 1 Dec,8,4 KO 2 Sub 2 Dec,-3,4,12054,40.8,34.1,7,3,2704,3097,2900,2010-09-25,L - Sean McCorkle,2018-12-01,L - Justin Willis
Blagoy Ivanov,1986-10-09,FALSE,FALSE,FALSE,FALSE,FALSE,FALSE,FALSE,NA,Bulgaria,male,heavyweight,8,16,8,3,0 KO 0 Sub 3 Dec,5,0 KO 0 Sub 5 Dec,-2,2,7800,34,33.6,0,5,2686,3095,2959,2018-07-14,L - Junior dos Santos,2023-07-01,L - Alexandr Romanov
Ben Rothwell,1981-10-17,FALSE,FALSE,FALSE,FALSE,FALSE,FALSE,FALSE,NA,United States,male,heavyweight,4,16,17,9,4 KO 3 Sub 2 Dec,8,2 KO 1 Sub 5 Dec,-1,4,10240,34.5,34.5,3,3.1,2700,3093,2790,2009-10-24,L - Cain Velasquez,2021-11-13,L - Marcos Rogerio de Lima
Antonio Silva,1979-09-14,FALSE,FALSE,FALSE,FALSE,TRUE,FALSE,FALSE,NA,Brazil,male,heavyweight,4,16,11,3,3 KO 0 Sub 0 Dec,7,7 KO 0 Sub 0 Dec,-3,2,4036,34.8,34.8,2,2.2,2499,3093,2907,2012-05-26,L - Cain Velasquez,2016-09-24,L - Roy Nelson
Joanna Jedrzejczyk,1987-08-18,FALSE,FALSE,FALSE,FALSE,FALSE,FALSE,FALSE,TRUE,Poland,female,women's strawweight,-1,5,15,10,2 KO 0 Sub 8 Dec,5,2 KO 0 Sub 3 Dec,-2,8,16750,29.9,29.5,3,2.9,2832,3091,2797,2014-07-26,W - Juliana Lima,2022-06-11,L - Zhang Weili
Albert Duraev,1989-01-05,FALSE,FALSE,TRUE,FALSE,FALSE,FALSE,FALSE,NA,Russia,male,middleweight,16,16,4,2,0 KO 0 Sub 2 Dec,2,1 KO 1 Sub 0 Dec,-1,1,2985,33.8,31.1,0,5.2,2813,3091,2800,2021-10-30,W - Roman Kopylov,2023-07-15,L - JunYong Park
Timur Valiev,1990-01-19,TRUE,FALSE,FALSE,FALSE,FALSE,FALSE,FALSE,NA,Russia,male,"bantamweight, featherweight",16,16,4,2,0 KO 0 Sub 2 Dec,1,0 KO 0 Sub 1 Dec,-1,2,3119,31.3,30.9,1,8.2,2727,3090,2743,2020-08-22,NC - Trevin Jones,2022-03-19,L - Jack Shore
Dong Hyun Kim,1981-11-17,FALSE,FALSE,FALSE,FALSE,FALSE,FALSE,FALSE,NA,South Korea,male,welterweight,6,16,18,13,4 KO 1 Sub 8 Dec,4,3 KO 0 Sub 1 Dec,-1,4,11978,30.8,29.4,2,4.7,2933,3087,2773,2008-05-24,W - Jason Tan,2017-06-17,L - Colby Covington
Paul Felder,1984-04-25,FALSE,FALSE,FALSE,FALSE,FALSE,FALSE,FALSE,NA,United States,male,lightweight,6,16,15,9,4 KO 1 Sub 4 Dec,6,1 KO 0 Sub 5 Dec,-2,3,12377,33.1,31.8,6,4.5,3008,3086,2840,2014-10-04,W - Jason Saggo,2020-11-14,L - Rafael Dos Anjos
Omari Akhmedov,1987-10-12,FALSE,FALSE,FALSE,FALSE,FALSE,FALSE,FALSE,NA,Russia,male,middleweight,11,16,15,9,2 KO 1 Sub 6 Dec,5,2 KO 1 Sub 2 Dec,-1,3,10809,29.9,31.8,2,7.2,2784,3084,2781,2013-11-09,W - Thiago Perpetuo,2021-07-10,L - Brad Tavares
Josh Koscheck,1977-11-30,TRUE,FALSE,FALSE,FALSE,FALSE,FALSE,FALSE,NA,United States,male,welterweight,8,16,25,15,5 KO 4 Sub 6 Dec,10,3 KO 3 Sub 4 Dec,-5,5,14336,31.5,30,5,3.5,2469,3082,2758,2005-04-09,W - Chris Sanford,2015-03-21,L - Erick Silva
Jack Shore,1995-02-06,FALSE,FALSE,FALSE,FALSE,FALSE,FALSE,FALSE,NA,"United Kingdom, Wales",male,featherweight,14,16,9,6,0 KO 3 Sub 3 Dec,3,1 KO 2 Sub 0 Dec,-2,5,5869,27.2,30.1,1,8.9,2774,3080,2786,2019-09-28,W - Nohelin Hernandez,2024-11-02,L - Youssef Zalal
Damon Jackson,1988-08-08,FALSE,FALSE,FALSE,FALSE,FALSE,FALSE,FALSE,NA,United States,male,"lightweight, featherweight",16,16,14,6,1 KO 2 Sub 3 Dec,6,2 KO 2 Sub 2 Dec,-2,4,8232,32.6,30.9,2,6.7,2654,3080,2776,2014-08-30,L - Yancy Medeiros,2024-11-16,L - Jim Miller
Francisco Trinaldo,1978-08-24,TRUE,FALSE,FALSE,FALSE,FALSE,FALSE,FALSE,NA,Brazil,male,welterweight,11,16,26,18,5 KO 2 Sub 11 Dec,8,0 KO 2 Sub 6 Dec,-1,7,19329,38.4,31.1,1,6.1,2877,3079,2769,2012-06-23,W - Delson Heleno,2022-10-01,L - Randy Brown
Kenny Florian,1976-05-26,TRUE,FALSE,FALSE,FALSE,FALSE,FALSE,FALSE,NA,United States,male,"featherweight, lightweight",16,16,17,12,2 KO 8 Sub 2 Dec,5,1 KO 1 Sub 3 Dec,-1,6,11318,31.9,28,5,2.8,2891,3068,2717,2005-04-09,L - Diego Sanchez,2011-10-08,L - Jose Aldo
Rick Story,1984-08-28,FALSE,FALSE,FALSE,FALSE,FALSE,FALSE,FALSE,NA,United States,male,welterweight,9,16,19,12,2 KO 2 Sub 8 Dec,7,1 KO 1 Sub 5 Dec,-1,6,14233,27.9,28.3,2,5.7,2878,3068,2761,2009-06-13,L - John Hathaway,2016-08-20,L - Donald Cerrone
Rashid Magomedov,1984-05-14,FALSE,FALSE,FALSE,FALSE,FALSE,FALSE,FALSE,NA,Russia,male,lightweight,13,16,6,5,1 KO 0 Sub 4 Dec,1,0 KO 0 Sub 1 Dec,1,4,5397,31.2,29,0,6.3,2775,3067,2809,2014-02-01,W - Anthony Rocco Martin,2017-04-15,W - King Green
Yushin Okami,1981-07-21,FALSE,FALSE,FALSE,TRUE,FALSE,FALSE,FALSE,NA,Japan,male,"welterweight, light heavyweight",3,16,21,14,4 KO 1 Sub 9 Dec,7,3 KO 1 Sub 3 Dec,-1,4,15130,29.5,32.1,0,4.9,2664,3067,2811,2006-08-26,W - Alan Belcher,2018-12-01,L - Alexey Kunchenko
Michel Prazeres,1981-07-25,FALSE,FALSE,FALSE,FALSE,FALSE,FALSE,FALSE,NA,Brazil,male,welterweight,16,16,14,10,0 KO 3 Sub 7 Dec,4,0 KO 1 Sub 3 Dec,-2,8,10280,35.3,28.5,1,7.9,2482,3067,2735,2013-05-18,L - Paulo Thiago,2021-06-26,L - Shavkat Rakhmonov
Alex Caceres,1988-06-20,TRUE,FALSE,FALSE,FALSE,FALSE,FALSE,FALSE,NA,United States,male,featherweight,10,16,30,16,2 KO 4 Sub 10 Dec,13,1 KO 5 Sub 7 Dec,-2,5,21646,28.8,29.3,8,5.9,2823,3063,2653,2011-03-26,L - Mackens Semerzier,2024-05-11,L - Sean Woodson
Antonio Carlos Junior,1990-03-16,TRUE,FALSE,FALSE,FALSE,FALSE,FALSE,FALSE,NA,Brazil,male,middleweight,11,16,13,7,0 KO 5 Sub 2 Dec,5,1 KO 0 Sub 4 Dec,-3,5,8937,27.1,32.8,0,5.3,3004,3062,2736,2014-05-31,W - Vitor Miranda,2021-01-23,L - Brad Tavares
Ronda Rousey,1987-02-01,FALSE,FALSE,FALSE,FALSE,TRUE,FALSE,FALSE,TRUE,United States,female,women's bantamweight,-1,4,8,6,3 KO 3 Sub 0 Dec,2,2 KO 0 Sub 0 Dec,-2,6,1484,27.8,30.9,7,1.2,2790,3061,2700,2013-02-23,W - Liz Carmouche,2016-12-30,L - Amanda Nunes
Clay Guida,1981-12-08,FALSE,FALSE,FALSE,FALSE,TRUE,TRUE,FALSE,NA,United States,male,lightweight,7,16,37,18,2 KO 5 Sub 11 Dec,19,2 KO 8 Sub 9 Dec,-3,4,25397,32.9,30.7,10,5.1,2577,3061,2783,2006-10-14,W - Justin James,2024-12-07,L - Chase Hooper
Ian Heinisch,1988-08-05,FALSE,FALSE,TRUE,FALSE,FALSE,FALSE,FALSE,NA,United States,male,middleweight,9,16,7,3,1 KO 0 Sub 2 Dec,4,1 KO 0 Sub 3 Dec,-2,2,5063,31.5,31.1,0,5.1,2726,3060,2935,2018-11-17,W - Cezar Ferreira,2021-07-24,L - Nassourdine Imavov
Nate Marquardt,1979-04-20,FALSE,FALSE,FALSE,FALSE,TRUE,FALSE,FALSE,NA,United States,male,middleweight,16,16,25,13,6 KO 3 Sub 4 Dec,12,5 KO 0 Sub 7 Dec,-3,4,14355,32.4,31,4,3.7,2712,3060,2822,2005-08-06,W - Ivan Salaverry,2017-11-11,L - Cezar Ferreira
Alex Morono,1990-08-16,FALSE,FALSE,FALSE,FALSE,FALSE,FALSE,FALSE,NA,United States,male,welterweight,16,16,24,13,2 KO 2 Sub 9 Dec,10,3 KO 0 Sub 7 Dec,-4,4,17087,30.5,32.2,2,6.5,2647,3060,2763,2016-01-02,W - Kyle Noke,2026-02-07,L - Daniil Donchenko
Ilir Latifi,1982-07-28,FALSE,FALSE,FALSE,FALSE,FALSE,FALSE,FALSE,NA,"Albania, Sweden",male,heavyweight,3,16,16,9,3 KO 2 Sub 4 Dec,7,3 KO 0 Sub 4 Dec,-1,3,8938,35.1,32,1,5.1,2807,3058,2817,2013-04-06,L - Gegard Mousasi,2023-05-20,L - Rodrigo Nascimento
Quinton Jackson,1978-06-20,FALSE,FALSE,FALSE,TRUE,FALSE,FALSE,FALSE,NA,United States,male,light heavyweight,-1,16,13,8,3 KO 0 Sub 5 Dec,5,0 KO 1 Sub 4 Dec,1,3,11117,31.8,32.6,5,1.6,2780,3057,2867,2007-02-03,W - Marvin Eastman,2015-04-25,W - Fabio Maldonado
Lorenz Larkin,1986-09-03,FALSE,FALSE,FALSE,FALSE,TRUE,FALSE,FALSE,NA,United States,male,welterweight,6,16,10,5,3 KO 0 Sub 2 Dec,5,1 KO 0 Sub 4 Dec,2,2,6499,28.3,29.5,2,5.2,3151,3055,2832,2013-04-20,L - Francis Carmont,2016-08-20,W - Neil Magny
Tim Sylvia,1976-03-05,FALSE,FALSE,FALSE,FALSE,FALSE,FALSE,FALSE,NA,United States,male,heavyweight,-1,16,13,9,5 KO 0 Sub 4 Dec,4,0 KO 3 Sub 1 Dec,-1,5,8253,29.5,30.4,1,1.7,2429,3055,2761,2002-09-27,W - Wesley Correira,2008-02-02,L - Antonio Rodrigo Nogueira
Bruno Silva,1989-07-13,TRUE,FALSE,FALSE,FALSE,FALSE,FALSE,FALSE,NA,Brazil,male,middleweight,16,16,11,4,4 KO 0 Sub 0 Dec,7,1 KO 2 Sub 4 Dec,-5,3,5846,33.7,32.1,3,7,2496,3053,2787,2021-06-19,W - Wellington Turman,2025-05-10,L - Marc-Andre Barriault
Matt Hughes,1973-10-13,FALSE,FALSE,FALSE,FALSE,FALSE,FALSE,FALSE,TRUE,United States,male,welterweight,-1,16,25,18,8 KO 5 Sub 5 Dec,7,4 KO 3 Sub 0 Dec,-2,6,13376,31.8,29.9,3,2.6,2829,3049,2678,1999-09-24,W - Valeri Ignatov,2011-09-24,L - Josh Koscheck
Bryan Battle,1994-09-21,TRUE,FALSE,FALSE,FALSE,FALSE,FALSE,FALSE,NA,United States,male,welterweight,16,16,9,7,3 KO 2 Sub 2 Dec,1,0 KO 0 Sub 1 Dec,2,3,4652,28.6,30,3,6.1,2968,3048,2743,2021-08-28,W - Gilbert Urbina,2024-12-07,W - Randy Brown
Mark Munoz,1978-02-09,FALSE,FALSE,FALSE,FALSE,FALSE,TRUE,FALSE,NA,United States,male,middleweight,5,16,15,9,3 KO 1 Sub 5 Dec,6,3 KO 2 Sub 1 Dec,1,4,7831,33.9,31.1,1,3.9,2759,3048,2760,2009-03-07,L - Matt Hamill,2015-05-16,W - Luke Barnatt
Casey Kenney,1991-03-20,FALSE,FALSE,TRUE,FALSE,FALSE,FALSE,FALSE,NA,United States,male,bantamweight,14,16,8,5,0 KO 1 Sub 4 Dec,3,0 KO 0 Sub 3 Dec,-2,3,6483,29.3,28.1,1,8.8,2931,3046,2836,2019-03-30,W - Ray Borg,2021-08-07,L - Song Yadong
Frank Mir,1979-05-24,FALSE,FALSE,FALSE,FALSE,FALSE,FALSE,FALSE,NA,United States,male,heavyweight,-1,16,27,16,5 KO 8 Sub 2 Dec,11,8 KO 0 Sub 3 Dec,-2,4,9340,29.7,32.6,4,2.7,2731,3046,2717,2001-11-02,W - Roberto Traven,2016-03-19,L - Mark Hunt
Urijah Faber,1979-05-14,FALSE,FALSE,FALSE,FALSE,FALSE,TRUE,FALSE,TRUE,United States,male,bantamweight,1,13,18,11,1 KO 6 Sub 4 Dec,7,2 KO 0 Sub 5 Dec,-1,4,14733,35.4,29.6,4,2.8,2955,3044,2869,2011-03-19,W - Eddie Wineland,2019-12-14,L - Petr Yan
Josh Barnett,1977-11-10,FALSE,FALSE,FALSE,TRUE,TRUE,FALSE,FALSE,NA,United States,male,heavyweight,-1,16,10,7,3 KO 3 Sub 1 Dec,3,2 KO 1 Sub 0 Dec,1,4,5513,30.5,32.9,3,2.6,3052,3043,2795,2000-11-17,W - Gan McGee,2016-09-03,W - Andrei Arlovski
Krzysztof Jotko,1989-08-19,FALSE,FALSE,FALSE,FALSE,FALSE,FALSE,FALSE,NA,Poland,male,middleweight,9,16,17,11,1 KO 0 Sub 10 Dec,6,2 KO 2 Sub 2 Dec,-1,5,12896,28.6,31,1,6.6,3128,3042,2813,2013-12-06,W - Bruno Santos,2022-10-01,L - Brendan Allen
Myles Jury,1988-10-31,TRUE,FALSE,FALSE,FALSE,FALSE,FALSE,FALSE,NA,United States,male,featherweight,8,16,12,8,3 KO 1 Sub 4 Dec,4,1 KO 1 Sub 2 Dec,-2,6,6663,26.6,29.4,1,5.4,2746,3041,2826,2012-06-01,W - Chris Saunders,2019-02-17,L - Andre Fili
Cris Cyborg,1985-07-09,FALSE,FALSE,FALSE,FALSE,TRUE,FALSE,FALSE,NA,Brazil,female,women's featherweight,-1,9,7,6,4 KO 0 Sub 2 Dec,1,1 KO 0 Sub 0 Dec,1,5,3902,32.4,32.6,1,1.9,3220,3040,2703,2016-05-14,W - Leslie Smith,2019-07-27,W - Felicia Spencer
Yancy Medeiros,1987-09-07,FALSE,FALSE,FALSE,FALSE,TRUE,FALSE,FALSE,NA,United States,male,lightweight,15,16,15,6,2 KO 3 Sub 1 Dec,8,4 KO 1 Sub 3 Dec,-4,3,7355,29,31.1,5,6.5,2612,3040,2791,2013-04-27,L - Rustam Khabilov,2021-06-26,L - Damir Hadzovic
Alan Belcher,1984-04-24,FALSE,FALSE,FALSE,FALSE,FALSE,FALSE,FALSE,NA,United States,male,middleweight,9,16,15,9,4 KO 4 Sub 1 Dec,6,1 KO 1 Sub 4 Dec,-2,4,8258,25.2,30.3,4,4.9,2804,3036,2689,2006-08-26,L - Yushin Okami,2013-04-27,L - Michael Bisping
Carla Esparza,1987-10-10,TRUE,FALSE,FALSE,FALSE,FALSE,FALSE,FALSE,NA,United States,female,women's strawweight,-1,3,16,10,1 KO 1 Sub 8 Dec,6,2 KO 1 Sub 3 Dec,-2,6,13459,31.4,30.2,3,5.3,2788,3033,2760,2014-12-12,W - Rose Namajunas,2024-10-05,L - Tecia Pennington
John Dodson,1984-09-26,TRUE,FALSE,FALSE,FALSE,FALSE,FALSE,FALSE,NA,United States,male,bantamweight,1,16,17,10,6 KO 0 Sub 4 Dec,7,0 KO 0 Sub 7 Dec,-1,3,13905,31.4,28.8,3,4.6,2576,3033,2866,2011-12-03,W - TJ Dillashaw,2020-08-15,L - Merab Dvalishvili
Kevin Aguilar,1988-09-07,FALSE,FALSE,TRUE,FALSE,FALSE,FALSE,FALSE,NA,United States,male,"featherweight, lightweight",16,16,6,2,0 KO 0 Sub 2 Dec,4,1 KO 0 Sub 3 Dec,-4,2,4701,31.2,29.5,0,7,2617,3031,2789,2018-11-30,W - Ricky Glenn,2021-05-15,L - Tucker Lutz
Matheus Nicolau,1993-01-06,TRUE,FALSE,FALSE,FALSE,FALSE,FALSE,FALSE,NA,Brazil,male,flyweight,5,16,11,7,1 KO 1 Sub 5 Dec,4,3 KO 0 Sub 1 Dec,-3,4,7405,27.8,30.1,0,7.1,2728,3029,2775,2015-11-07,W - Bruno Korea,2024-10-19,L - Asu Almabayev
Mairbek Taisumov,1988-08-08,FALSE,FALSE,FALSE,FALSE,FALSE,FALSE,FALSE,NA,Russia,male,lightweight,15,16,9,7,5 KO 0 Sub 2 Dec,2,0 KO 0 Sub 2 Dec,-1,6,4697,27.6,30.5,3,7.3,2947,3028,2685,2014-01-04,W - Tae Hyun Bang,2019-09-07,L - Diego Ferreira
Brad Katona,1991-12-19,TRUE,FALSE,FALSE,FALSE,FALSE,FALSE,FALSE,NA,Canada,male,bantamweight,16,16,9,4,0 KO 0 Sub 4 Dec,5,1 KO 0 Sub 4 Dec,-2,2,7264,30.1,29.7,1,7.7,2655,3028,2711,2018-07-06,W - Jay Cucciniello,2025-05-10,L - Bekzat Almakhan
Ryan LaFlare,1983-10-01,FALSE,FALSE,FALSE,FALSE,FALSE,FALSE,FALSE,NA,United States,male,welterweight,12,16,10,7,0 KO 0 Sub 7 Dec,3,2 KO 0 Sub 1 Dec,-1,4,8870,32.1,32,0,6.9,2868,3025,2814,2013-04-06,W - Benny Alloway,2018-10-06,L - Anthony Rocco Martin
Vinc Pichel,1982-11-23,TRUE,FALSE,FALSE,FALSE,FALSE,FALSE,FALSE,NA,United States,male,lightweight,16,16,12,7,1 KO 0 Sub 6 Dec,5,1 KO 1 Sub 3 Dec,-3,4,8998,36.2,31.2,0,7.4,2703,3024,2744,2012-12-15,L - Rustam Khabilov,2025-03-29,L - Rafa Garcia
Cody Stamann,1989-11-09,FALSE,FALSE,FALSE,FALSE,FALSE,FALSE,FALSE,NA,United States,male,bantamweight,9,16,15,7,1 KO 0 Sub 6 Dec,7,0 KO 3 Sub 4 Dec,-3,3,10787,31.1,30.9,1,7.9,2600,3024,2853,2017-07-08,W - Terrion Ware,2024-11-09,L - Da'Mon Blackshear
Rich Franklin,1974-10-05,FALSE,FALSE,FALSE,FALSE,FALSE,FALSE,FALSE,TRUE,United States,male,"middleweight, light heavyweight",-1,16,20,14,9 KO 1 Sub 4 Dec,6,4 KO 0 Sub 2 Dec,-1,7,12144,33,33.1,3,1.8,2758,3022,2761,2003-04-25,W - Evan Tanner,2012-11-10,L - Cung Le
Marina Rodriguez,1987-04-29,FALSE,FALSE,TRUE,FALSE,FALSE,FALSE,FALSE,NA,Brazil,female,women's strawweight,3,8,15,7,2 KO 0 Sub 5 Dec,6,2 KO 0 Sub 4 Dec,-3,4,12997,34.6,32.2,2,5.4,2666,3022,2744,2018-09-22,D - Randa Markos,2025-05-03,L - Gillian Robertson
Francis Carmont,1981-10-11,FALSE,FALSE,FALSE,FALSE,FALSE,FALSE,FALSE,NA,France,male,middleweight,7,16,9,6,0 KO 2 Sub 4 Dec,3,1 KO 0 Sub 2 Dec,-3,6,6521,31.5,30,0,4.8,2703,3019,2772,2011-10-29,W - Chris Camozzi,2014-08-23,L - Thales Leites
Tim Boetsch,1981-01-28,FALSE,FALSE,FALSE,FALSE,FALSE,FALSE,FALSE,NA,United States,male,middleweight,9,16,24,12,7 KO 0 Sub 5 Dec,12,4 KO 5 Sub 3 Dec,-2,4,13004,32.5,NA,3,4.9,2739,3018,2800,2008-02-02,W - David Heath,2019-03-09,L - Omari Akhmedov
Tarec Saffiedine,1986-09-06,FALSE,FALSE,FALSE,FALSE,TRUE,FALSE,FALSE,NA,Belgium,male,welterweight,7,16,6,2,0 KO 0 Sub 2 Dec,4,1 KO 0 Sub 3 Dec,-3,1,5788,29.3,30.8,1,3,2866,3016,2997,2014-01-04,W - Hyun Gyu Lim,2017-06-17,L - Rafael Dos Anjos
Randy Couture,1963-06-22,FALSE,FALSE,FALSE,FALSE,FALSE,FALSE,FALSE,TRUE,United States,male,"light heavyweight, heavyweight",-1,16,24,16,7 KO 4 Sub 5 Dec,8,6 KO 1 Sub 1 Dec,-1,7,16919,41,NA,2,1.7,2864,3016,2712,1997-05-30,W - Tony Halme,2011-04-30,L - Lyoto Machida
Mike Pierce,1980-09-01,FALSE,FALSE,FALSE,FALSE,FALSE,TRUE,FALSE,NA,United States,male,welterweight,10,16,14,9,3 KO 1 Sub 5 Dec,5,0 KO 1 Sub 4 Dec,-2,4,10055,31.4,31.9,0,7.6,2758,3014,2746,2009-09-16,W - Brock Larson,2015-12-11,L - Ryan LaFlare
Taylor Lapilus,1992-04-08,FALSE,FALSE,FALSE,FALSE,FALSE,FALSE,FALSE,NA,France,male,bantamweight,16,16,8,6,1 KO 0 Sub 5 Dec,2,0 KO 0 Sub 2 Dec,2,2,6686,27.8,29.4,0,9.5,3108,3013,2655,2015-04-11,W - Rocky Lee,2024-09-28,W - Vince Morales
Dennis Siver,1979-01-13,FALSE,FALSE,FALSE,FALSE,FALSE,FALSE,FALSE,NA,"Germany, Russia",male,featherweight,5,16,21,12,3 KO 2 Sub 7 Dec,8,3 KO 2 Sub 3 Dec,1,4,13459,32.5,29.7,7,5.8,2784,3012,2667,2007-04-21,L - Jess Liaudin,2017-06-25,W - BJ Penn
David Teymur,1989-05-01,TRUE,FALSE,FALSE,FALSE,FALSE,FALSE,FALSE,NA,Sweden,male,lightweight,16,16,6,5,2 KO 0 Sub 3 Dec,1,0 KO 1 Sub 0 Dec,-1,5,3826,28.2,31,1,7.3,2924,3011,2778,2016-02-27,W - Martin Svensson,2019-02-02,L - Charles Oliveira
Josh Thomson,1978-09-21,FALSE,FALSE,FALSE,TRUE,TRUE,FALSE,FALSE,NA,United States,male,lightweight,3,16,7,3,2 KO 0 Sub 1 Dec,4,1 KO 0 Sub 3 Dec,-3,2,5161,31.3,28.5,1,4.6,2785,3011,2849,2003-09-26,W - Gerald Strebendt,2015-07-15,L - Tony Ferguson
Olivier Aubin-Mercier,1989-02-23,TRUE,FALSE,FALSE,FALSE,FALSE,FALSE,FALSE,NA,Canada,male,lightweight,15,16,12,7,1 KO 4 Sub 2 Dec,5,0 KO 0 Sub 5 Dec,-3,4,8776,27.7,28.8,2,6,3272,3010,2717,2014-04-16,L - Chad Laprise,2019-07-27,L - Arman Tsarukyan
Ovince Saint Preux,1983-04-08,FALSE,FALSE,FALSE,FALSE,TRUE,FALSE,FALSE,NA,"Haiti, United States",male,light heavyweight,5,16,28,15,5 KO 6 Sub 4 Dec,13,4 KO 4 Sub 5 Dec,-1,4,15426,34.9,31.8,8,4,2627,3009,2801,2013-04-27,W - Gian Villante,2024-10-05,L - Ryan Spann
Dennis Bermudez,1986-12-13,TRUE,FALSE,FALSE,FALSE,FALSE,FALSE,FALSE,NA,United States,male,"lightweight, featherweight",6,16,17,10,1 KO 2 Sub 7 Dec,7,2 KO 2 Sub 3 Dec,1,7,11827,28.3,29.3,5,4.9,2772,3007,2729,2011-12-03,L - Diego Brandao,2019-01-19,W - Te Edwards
Brett Johns,1992-02-21,FALSE,FALSE,FALSE,FALSE,FALSE,FALSE,FALSE,NA,"United Kingdom, Wales",male,bantamweight,13,16,7,5,0 KO 2 Sub 3 Dec,2,0 KO 0 Sub 2 Dec,2,3,5303,26.4,28.8,2,8.6,2735,3005,2837,2016-11-19,W - Kwan Ho Kwak,2020-07-18,W - Montel Jackson
Antonio Rogerio Nogueira,1976-06-02,FALSE,FALSE,FALSE,TRUE,FALSE,FALSE,FALSE,NA,Brazil,male,light heavyweight,5,16,13,6,4 KO 0 Sub 2 Dec,7,3 KO 0 Sub 4 Dec,-2,2,7365,38.1,32.3,0,3.2,2812,3002,2889,2009-11-21,W - Luiz Cane,2020-07-25,L - Mauricio Rua
Jared Rosholt,1986-08-04,FALSE,FALSE,FALSE,FALSE,FALSE,FALSE,FALSE,NA,United States,male,heavyweight,12,16,8,6,1 KO 0 Sub 5 Dec,2,1 KO 0 Sub 1 Dec,-1,3,6393,28.5,33.3,0,4.9,2835,3000,2722,2013-11-30,W - Walt Harris,2016-02-06,L - Roy Nelson
James Krause,1986-06-04,TRUE,FALSE,FALSE,FALSE,FALSE,TRUE,FALSE,NA,United States,male,"welterweight, middleweight",16,16,13,9,3 KO 2 Sub 4 Dec,4,1 KO 0 Sub 3 Dec,1,6,9111,30.4,30.4,4,6.6,2996,2999,2714,2013-06-15,W - Sam Stout,2020-10-17,W - Claudio Silva
Evan Dunham,1981-12-18,FALSE,FALSE,FALSE,FALSE,FALSE,FALSE,FALSE,NA,United States,male,lightweight,12,16,21,11,2 KO 1 Sub 8 Dec,9,4 KO 2 Sub 3 Dec,-3,4,13829,31.9,30.3,5,5.5,2717,2998,2781,2009-02-21,W - Per Eklund,2020-06-06,L - Herbert Burns
Diego Sanchez,1981-12-31,TRUE,FALSE,FALSE,FALSE,FALSE,FALSE,FALSE,NA,United States,male,welterweight,13,16,32,19,5 KO 1 Sub 12 Dec,13,4 KO 0 Sub 9 Dec,-1,6,23827,30.4,28.7,8,3.6,2703,2997,2789,2005-04-09,W - Kenny Florian,2020-09-26,L - Jake Matthews
Zak Cummings,1984-08-02,TRUE,FALSE,FALSE,FALSE,TRUE,FALSE,FALSE,NA,United States,male,"light heavyweight, middleweight",16,16,14,10,2 KO 4 Sub 4 Dec,4,0 KO 1 Sub 3 Dec,2,2,9687,33,32.6,1,8.7,2944,2996,2732,2013-08-28,W - Benny Alloway,2023-04-15,W - Ed Herman
Jason Knight,1992-07-14,TRUE,FALSE,FALSE,FALSE,FALSE,FALSE,FALSE,NA,United States,male,featherweight,15,16,9,4,1 KO 1 Sub 2 Dec,5,1 KO 0 Sub 4 Dec,-4,4,6874,24.9,31.1,3,6.1,2572,2995,2735,2015-12-11,L - Tatsuya Kawajiri,2018-11-03,L - Jordan Rinaldi
George Sotiropoulos,1977-07-09,TRUE,FALSE,FALSE,FALSE,FALSE,FALSE,FALSE,NA,Australia,male,lightweight,16,16,11,7,1 KO 4 Sub 2 Dec,4,2 KO 0 Sub 2 Dec,-4,7,6298,33.1,29.1,2,6.2,2432,2995,2585,2007-12-08,W - Billy Miles,2013-10-19,L - KJ Noons
Patrick Cote,1980-02-29,TRUE,FALSE,FALSE,FALSE,FALSE,FALSE,FALSE,NA,Canada,male,welterweight,16,16,21,10,4 KO 0 Sub 5 Dec,11,2 KO 3 Sub 6 Dec,-2,4,14227,30.9,31.2,3,4,2804,2994,2717,2004-10-22,L - Tito Ortiz,2017-04-08,L - Thiago Alves
Stefan Struve,1988-02-18,FALSE,FALSE,FALSE,FALSE,FALSE,FALSE,FALSE,NA,Netherlands,male,heavyweight,9,16,24,13,5 KO 6 Sub 2 Dec,11,8 KO 0 Sub 3 Dec,-2,4,11252,25.9,32.3,8,4.3,2559,2994,2728,2009-02-21,L - Junior dos Santos,2020-10-24,L - Tai Tuivasa
Forrest Griffin,1979-07-01,TRUE,FALSE,FALSE,FALSE,FALSE,FALSE,FALSE,TRUE,United States,male,light heavyweight,-1,16,15,10,1 KO 2 Sub 7 Dec,5,4 KO 0 Sub 1 Dec,1,3,10388,28.8,32.1,6,2.1,2929,2990,2747,2005-04-09,W - Stephan Bonnar,2012-07-07,W - Tito Ortiz
Chris Daukaus,1989-09-25,FALSE,FALSE,FALSE,FALSE,FALSE,FALSE,FALSE,NA,United States,male,"light heavyweight, heavyweight",7,16,8,4,4 KO 0 Sub 0 Dec,4,4 KO 0 Sub 0 Dec,-4,4,1527,32.1,35.4,3,5.2,2526,2990,2907,2020-08-15,W - Parker Porter,2023-08-12,L - Khalil Rountree Jr.
Aleksei Oleinik,1977-06-25,FALSE,FALSE,FALSE,FALSE,FALSE,FALSE,FALSE,NA,Russia,male,heavyweight,8,16,17,9,1 KO 7 Sub 1 Dec,8,5 KO 0 Sub 3 Dec,-1,2,6957,41.5,33.6,6,5.1,2667,2989,2797,2014-06-28,W - Anthony Hamilton,2022-10-01,L - Ilir Latifi
Elias Theodorou,1988-05-31,TRUE,FALSE,FALSE,FALSE,FALSE,FALSE,FALSE,NA,Canada,male,middleweight,13,16,11,8,2 KO 0 Sub 6 Dec,3,0 KO 0 Sub 3 Dec,-1,3,9228,28.5,32.4,0,5.8,2871,2988,2760,2014-04-16,W - Sheldon Westcott,2019-05-04,L - Derek Brunson
Shane Burgos,1991-03-19,FALSE,FALSE,FALSE,FALSE,FALSE,FALSE,FALSE,NA,United States,male,featherweight,9,16,11,8,2 KO 1 Sub 5 Dec,3,2 KO 0 Sub 1 Dec,2,3,8430,28.2,31.7,4,6.3,2830,2988,2822,2016-12-09,W - Tiago Trator,2022-07-16,W - Charles Jourdain
Makhmud Muradov,1990-02-08,FALSE,FALSE,FALSE,FALSE,FALSE,FALSE,FALSE,NA,"Czech Republic, Uzbekistan",male,middleweight,16,16,7,4,2 KO 0 Sub 2 Dec,2,0 KO 1 Sub 1 Dec,0,3,4748,31.7,33.2,2,7.6,3072,2987,2796,2019-09-28,W - Alessio Di Chirico,2024-02-03,NC - Aliaskhab Khizriev
Alexandr Romanov,1990-12-11,FALSE,FALSE,FALSE,FALSE,FALSE,FALSE,FALSE,NA,Moldova,male,heavyweight,12,16,10,7,1 KO 3 Sub 3 Dec,3,1 KO 1 Sub 1 Dec,1,5,5212,31.6,34.5,1,7.2,3018,2987,2799,2020-09-12,W - Roque Martinez,2024-11-02,W - Rodrigo Nascimento
Alan Jouban,1981-11-25,FALSE,FALSE,FALSE,FALSE,FALSE,FALSE,FALSE,NA,United States,male,welterweight,16,16,13,8,4 KO 0 Sub 4 Dec,5,2 KO 1 Sub 2 Dec,1,3,7020,34.9,28.2,4,4.9,2828,2986,2718,2014-08-16,W - Seth Baczynski,2020-11-21,W - Jared Gooden
Augusto Sakai,1991-05-19,FALSE,FALSE,TRUE,FALSE,FALSE,FALSE,FALSE,NA,Brazil,male,heavyweight,8,16,9,5,2 KO 0 Sub 3 Dec,4,4 KO 0 Sub 0 Dec,1,4,5975,29.5,33.1,0,4.8,2683,2986,2821,2018-09-22,W - Chase Sherman,2023-02-25,W - Don'Tale Mayes
Marcos Rogerio de Lima,1985-05-25,TRUE,FALSE,FALSE,FALSE,TRUE,FALSE,FALSE,NA,Brazil,male,heavyweight,12,16,18,11,6 KO 2 Sub 3 Dec,7,1 KO 5 Sub 1 Dec,1,2,6174,34.1,32.1,0,6.7,2882,2984,2699,2014-05-31,W - Richardson Moreira,2024-02-17,W - Junior Tafa
Philipe Lins,1985-08-17,FALSE,FALSE,FALSE,FALSE,FALSE,FALSE,FALSE,NA,Brazil,male,light heavyweight,16,16,6,4,1 KO 0 Sub 3 Dec,2,1 KO 0 Sub 1 Dec,4,4,3810,36.7,35.5,0,9.2,2983,2983,2717,2020-05-13,L - Andrei Arlovski,2024-03-09,W - Ion Cutelaba
Costas Philippou,1979-11-29,TRUE,FALSE,FALSE,FALSE,FALSE,FALSE,FALSE,NA,Cyprus,male,middleweight,5,16,10,6,3 KO 0 Sub 3 Dec,4,1 KO 0 Sub 3 Dec,-1,5,6700,33.1,30.8,0,4.7,2817,2981,2778,2011-03-19,L - Nick Catone,2015-05-16,L - Gegard Mousasi
Jonathan Pearce,1992-05-01,FALSE,FALSE,TRUE,FALSE,FALSE,FALSE,FALSE,NA,United States,male,featherweight,15,16,9,5,2 KO 1 Sub 2 Dec,4,1 KO 2 Sub 1 Dec,-3,5,5202,30.2,31.8,1,8.2,2679,2980,2745,2019-10-18,L - Joe Lauzon,2024-10-12,L - Pat Sabatini
Mark Madsen,1984-09-23,FALSE,FALSE,FALSE,FALSE,FALSE,FALSE,FALSE,NA,Denmark,male,lightweight,16,16,6,4,1 KO 0 Sub 3 Dec,2,1 KO 1 Sub 0 Dec,-2,4,3779,37,32.7,0,5.2,2793,2979,2815,2019-09-28,W - Danilo Belluardo,2023-11-11,L - Jared Gordon
Javid Basharat,1995-09-07,FALSE,FALSE,TRUE,FALSE,FALSE,FALSE,FALSE,NA,"Afghanistan, United Kingdom, England",male,bantamweight,16,16,7,4,0 KO 0 Sub 4 Dec,2,1 KO 0 Sub 1 Dec,1,3,5053,28.2,31.9,0,8.9,2800,2978,2752,2022-03-12,W - Trevin Jones,2026-02-07,W - Gianni Vazquez
Taila Santos,1993-06-22,FALSE,FALSE,TRUE,FALSE,FALSE,FALSE,FALSE,NA,Brazil,female,women's flyweight,1,8,7,4,0 KO 1 Sub 3 Dec,3,0 KO 0 Sub 3 Dec,-2,4,6289,28,31.7,1,5.7,2908,2976,2795,2019-02-02,L - Mara Borella,2023-08-26,L - Erin Blanchfield
Nik Lentz,1984-08-13,FALSE,FALSE,FALSE,FALSE,FALSE,FALSE,FALSE,NA,United States,male,"featherweight, lightweight",7,16,25,14,3 KO 2 Sub 9 Dec,9,2 KO 1 Sub 6 Dec,-3,4,18839,30,29.7,4,7.9,2859,2976,2757,2009-09-19,W - Rafaello Oliveira,2021-01-23,L - Movsar Evloev
Dan Hardy,1982-05-17,FALSE,FALSE,FALSE,FALSE,FALSE,FALSE,FALSE,NA,"United Kingdom, England",male,welterweight,16,16,10,6,2 KO 0 Sub 4 Dec,4,1 KO 1 Sub 2 Dec,2,4,7423,28.3,31.2,2,3.3,2761,2976,2788,2008-10-18,W - Akihiro Gono,2012-09-29,W - Amir Sadollah
Andrew Sanchez,1988-04-08,TRUE,FALSE,FALSE,FALSE,FALSE,FALSE,FALSE,NA,United States,male,middleweight,16,16,10,5,1 KO 0 Sub 4 Dec,5,4 KO 0 Sub 1 Dec,-2,2,7778,30.7,29.8,1,7.6,2685,2976,2773,2016-07-08,W - Khalil Rountree Jr.,2021-10-16,L - Bruno Silva
Brian Ebersole,1980-11-27,FALSE,FALSE,FALSE,FALSE,TRUE,FALSE,FALSE,NA,United States,male,welterweight,16,16,8,5,1 KO 0 Sub 4 Dec,3,1 KO 0 Sub 2 Dec,-1,4,5968,32.1,30.6,2,5.4,2492,2976,2764,2011-02-26,W - Chris Lytle,2015-06-06,L - Omari Akhmedov
Herbert Burns,1988-02-02,FALSE,FALSE,TRUE,FALSE,FALSE,FALSE,FALSE,NA,Brazil,male,featherweight,16,16,6,2,1 KO 1 Sub 0 Dec,4,4 KO 0 Sub 0 Dec,-4,2,2298,34,33.9,1,9.2,2552,2975,2785,2020-01-25,W - Nate Landwehr,2024-08-17,L - Jack Jenkins
Mike Swick,1979-06-19,TRUE,FALSE,FALSE,FALSE,FALSE,TRUE,FALSE,NA,United States,male,welterweight,16,16,15,10,5 KO 2 Sub 3 Dec,5,1 KO 1 Sub 3 Dec,-2,5,7515,29.4,28.6,2,3.8,2555,2973,2658,2005-04-09,W - Alex Schoenauer,2015-07-11,L - Alex Garcia
Mike Pyle,1975-09-18,FALSE,FALSE,FALSE,FALSE,TRUE,TRUE,FALSE,NA,United States,male,welterweight,12,16,19,10,5 KO 2 Sub 3 Dec,9,7 KO 1 Sub 1 Dec,-3,4,9008,37.4,28.9,2,6.3,2437,2973,2712,2009-05-23,L - Brock Larson,2018-03-03,L - Zak Ottow
Tatsuya Kawajiri,1978-05-08,FALSE,FALSE,FALSE,TRUE,TRUE,FALSE,FALSE,NA,Japan,male,featherweight,12,16,6,3,0 KO 1 Sub 2 Dec,3,0 KO 0 Sub 3 Dec,-2,2,4850,37.1,29.7,1,4.3,2610,2972,2820,2014-01-04,W - Sean Soriano,2016-08-06,L - Cub Swanson
Germaine de Randamie,1984-04-24,FALSE,FALSE,FALSE,FALSE,TRUE,FALSE,FALSE,NA,Netherlands,female,women's bantamweight,-1,7,10,7,3 KO 1 Sub 3 Dec,3,1 KO 0 Sub 2 Dec,-1,5,7405,33.6,29.6,2,5.4,2840,2971,2684,2013-07-27,W - Julie Kedzie,2024-04-06,L - Norma Dumont
Bill Algeo,1989-06-09,FALSE,FALSE,TRUE,FALSE,FALSE,FALSE,FALSE,NA,United States,male,featherweight,16,16,10,5,1 KO 1 Sub 3 Dec,5,2 KO 0 Sub 3 Dec,-2,2,6968,33.2,31.5,3,5.3,2671,2971,2762,2020-08-29,L - Ricardo Lamas,2024-07-20,L - Dooho Choi
Ryan Hall,1985-02-22,TRUE,FALSE,FALSE,FALSE,FALSE,FALSE,FALSE,NA,United States,male,featherweight,12,16,6,5,0 KO 1 Sub 4 Dec,1,1 KO 0 Sub 0 Dec,1,4,4053,34,33,1,7.8,2928,2970,2796,2015-12-11,W - Artem Lobov,2021-12-11,W - Darrick Minner
Alejandro Perez,1989-09-02,TRUE,FALSE,FALSE,FALSE,FALSE,FALSE,FALSE,NA,Mexico,male,"featherweight, bantamweight",12,16,13,8,2 KO 2 Sub 4 Dec,4,1 KO 1 Sub 2 Dec,-1,4,8332,28.3,30.7,2,9.2,2686,2970,2653,2014-11-15,W - Jose Alberto Quinonez,2022-02-26,L - Jonathan Martinez
Cezar Ferreira,1985-02-15,TRUE,FALSE,FALSE,FALSE,FALSE,FALSE,FALSE,NA,Brazil,male,middleweight,15,16,15,9,0 KO 3 Sub 6 Dec,6,3 KO 0 Sub 3 Dec,-2,3,9378,30.9,29.7,1,4.6,2457,2968,2710,2012-06-23,W - Sergio Moraes,2019-07-13,L - Marvin Vettori
Loik Radzhabov,1990-09-17,FALSE,FALSE,FALSE,FALSE,FALSE,FALSE,FALSE,NA,Tajikistan,male,lightweight,16,16,4,2,1 KO 0 Sub 1 Dec,2,1 KO 0 Sub 1 Dec,-1,1,2905,33.1,30.3,0,10.5,2844,2965,2860,2023-03-04,W - Esteban Ribovics,2024-07-20,L - Trey Ogden
Mike Perry,1991-09-15,FALSE,FALSE,FALSE,FALSE,FALSE,FALSE,FALSE,NA,United States,male,welterweight,15,16,15,7,4 KO 0 Sub 3 Dec,8,1 KO 1 Sub 6 Dec,-2,2,10018,27,32,4,3.9,2697,2961,2871,2016-08-20,W - Hyun Gyu Lim,2021-04-10,L - Daniel Rodriguez
Shamil Abdurakhimov,1981-09-02,FALSE,FALSE,FALSE,FALSE,FALSE,FALSE,FALSE,NA,Russia,male,heavyweight,7,16,11,5,2 KO 0 Sub 3 Dec,6,6 KO 0 Sub 0 Dec,-4,3,6242,37.2,32.2,0,7.4,2689,2961,2815,2015-04-04,L - Tim Johnson,2023-01-21,L - Jailton Almeida
Sam Alvey,1986-05-06,TRUE,FALSE,FALSE,FALSE,FALSE,FALSE,FALSE,NA,United States,male,"middleweight, light heavyweight",13,16,24,10,5 KO 1 Sub 4 Dec,13,4 KO 2 Sub 7 Dec,-4,4,13862,31.8,31.1,2,6.8,2499,2961,2767,2014-08-16,L - Tom Watson,2022-08-06,L - Michal Oleksiejczuk
Ruslan Magomedov,1986-11-26,FALSE,FALSE,FALSE,FALSE,FALSE,FALSE,FALSE,NA,Russia,male,heavyweight,12,16,3,3,0 KO 0 Sub 3 Dec,0,0 KO 0 Sub 0 Dec,3,3,2700,28.1,29,0,6.7,2728,2960,2668,2014-05-30,W - Viktor Pesta,2015-10-03,W - Shawn Jordan
Sean Sherk,1973-08-05,FALSE,FALSE,FALSE,TRUE,FALSE,FALSE,FALSE,NA,United States,male,lightweight,-1,16,12,8,1 KO 1 Sub 6 Dec,4,2 KO 0 Sub 2 Dec,1,3,11216,32.5,27.4,3,4.2,2853,2959,2718,2001-02-23,W - Tiki Ghosn,2010-09-25,W - Evan Dunham
Siyar Bahadurzada,1984-04-17,FALSE,FALSE,FALSE,FALSE,FALSE,FALSE,FALSE,NA,"Afghanistan, Netherlands",male,welterweight,16,16,8,4,3 KO 1 Sub 0 Dec,4,0 KO 0 Sub 4 Dec,-2,3,5443,32,28.6,2,7,2745,2959,2799,2012-04-14,W - Paulo Thiago,2019-09-28,L - Ismail Naurdiev
Norman Parke,1986-12-22,TRUE,FALSE,FALSE,FALSE,FALSE,FALSE,FALSE,NA,"United Kingdom, Northern Ireland",male,lightweight,16,16,9,5,1 KO 0 Sub 4 Dec,3,0 KO 0 Sub 3 Dec,-1,3,7721,27.6,31.9,0,4.7,2863,2955,2698,2012-12-14,W - Colin Fletcher,2016-02-27,L - Rustam Khabilov
Karo Parisyan,1982-08-28,FALSE,FALSE,FALSE,FALSE,FALSE,TRUE,FALSE,NA,"Armenia, United States",male,welterweight,16,16,13,8,0 KO 2 Sub 6 Dec,4,2 KO 0 Sub 2 Dec,-1,4,9057,24,27.7,1,4.5,2343,2955,2666,2003-09-26,W - Dave Strasser,2010-11-20,L - Dennis Hallman
Daniel Kelly,1977-10-31,TRUE,FALSE,FALSE,FALSE,FALSE,FALSE,FALSE,NA,Australia,male,middleweight,14,16,10,6,1 KO 1 Sub 4 Dec,4,3 KO 0 Sub 1 Dec,-3,4,5801,38.7,29.6,0,5.9,2650,2954,2742,2014-11-07,W - Luke Zachrich,2018-05-27,L - Tom Breese
Misha Cirkunov,1987-02-27,FALSE,FALSE,FALSE,FALSE,FALSE,FALSE,FALSE,NA,"Canada, Latvia",male,"light heavyweight, middleweight",7,16,13,6,1 KO 5 Sub 0 Dec,7,5 KO 1 Sub 1 Dec,-4,4,3688,31.8,29.3,1,5,2566,2954,2750,2015-08-23,W - Daniel Jolly,2022-10-15,L - Alonzo Menifield
Roy Nelson,1976-06-20,TRUE,FALSE,FALSE,FALSE,FALSE,FALSE,FALSE,NA,United States,male,heavyweight,5,16,19,9,8 KO 0 Sub 1 Dec,10,1 KO 0 Sub 9 Dec,-1,3,12153,37.1,32.7,6,2.4,2566,2954,2837,2009-12-05,W - Brendan Schaub,2017-04-15,L - Alexander Volkov
Ray Borg,1993-08-04,FALSE,FALSE,FALSE,FALSE,FALSE,FALSE,FALSE,NA,United States,male,"bantamweight, flyweight",3,16,12,7,0 KO 2 Sub 5 Dec,5,0 KO 1 Sub 4 Dec,-1,3,10408,23.6,28,2,7,2849,2952,2754,2014-04-19,L - Dustin Ortiz,2020-05-13,L - Ricky Simon
Chas Skelly,1985-05-11,FALSE,FALSE,FALSE,FALSE,FALSE,FALSE,FALSE,NA,United States,male,featherweight,16,16,12,8,2 KO 4 Sub 2 Dec,3,1 KO 0 Sub 2 Dec,2,4,6733,31.5,29.3,1,8.4,2918,2950,2714,2014-04-19,L - Mirsad Bektic,2022-02-19,W - Mark Striegl
Scott Holtzman,1983-09-30,FALSE,FALSE,FALSE,FALSE,FALSE,FALSE,FALSE,NA,United States,male,lightweight,16,16,13,7,2 KO 1 Sub 4 Dec,6,2 KO 0 Sub 4 Dec,-3,3,10042,34.9,31.9,1,8.3,2790,2948,2733,2015-08-08,W - Tony Christodoulou,2022-12-03,L - Clay Guida
Tamdan McCrory,1986-11-05,FALSE,FALSE,FALSE,FALSE,FALSE,FALSE,FALSE,NA,United States,male,middleweight,16,16,9,4,0 KO 3 Sub 1 Dec,5,2 KO 2 Sub 1 Dec,-2,1,4670,24.4,NA,0,6.9,2672,2947,2621,2007-06-12,W - Pete Spratt,2016-10-01,L - Nate Marquardt
Nate Maness,1991-06-27,FALSE,FALSE,FALSE,FALSE,FALSE,FALSE,FALSE,NA,United States,male,flyweight,16,16,7,5,2 KO 1 Sub 2 Dec,2,0 KO 1 Sub 1 Dec,2,3,3990,30.9,29.8,3,6.3,2875,2946,2753,2020-08-01,W - Johnny Munoz,2024-06-15,W - Jimmy Flick
Bryan Barberena,1989-05-03,FALSE,FALSE,FALSE,FALSE,FALSE,FALSE,FALSE,NA,"Colombia, United States",male,"middleweight, welterweight",16,16,19,9,4 KO 1 Sub 4 Dec,10,2 KO 3 Sub 5 Dec,-4,3,13355,30.4,31.4,5,6,2616,2946,2788,2014-12-13,W - Joe Ellenberger,2024-03-16,L - Gerald Meerschaert
Brad Riddell,1991-09-30,FALSE,FALSE,FALSE,FALSE,FALSE,FALSE,FALSE,NA,New Zealand,male,lightweight,12,16,7,4,0 KO 0 Sub 4 Dec,3,1 KO 2 Sub 0 Dec,-3,4,4585,29.6,29,2,5.6,2704,2945,2838,2019-10-05,W - Jamie Mullarkey,2022-11-12,L - Renato Moicano
Renato Sobral,1975-09-07,FALSE,FALSE,FALSE,FALSE,TRUE,FALSE,FALSE,NA,Brazil,male,light heavyweight,16,16,10,6,0 KO 4 Sub 2 Dec,4,3 KO 0 Sub 1 Dec,1,3,4841,29,32.8,1,3.8,2648,2945,2621,2000-11-17,W - Maurice Smith,2007-08-25,W - David Heath
Guram Kutateladze,1992-01-08,FALSE,FALSE,FALSE,FALSE,FALSE,FALSE,FALSE,NA,"Georgia, Sweden",male,lightweight,16,16,5,2,0 KO 0 Sub 2 Dec,3,1 KO 0 Sub 2 Dec,-1,1,4397,31.3,29.1,2,8.6,2830,2944,2848,2020-10-17,W - Mateusz Gamrot,2025-03-22,L - Kaue Fernandes
Ryan Jimmo,1981-11-27,TRUE,FALSE,FALSE,FALSE,FALSE,FALSE,FALSE,NA,Canada,male,light heavyweight,15,16,7,3,2 KO 0 Sub 1 Dec,4,1 KO 1 Sub 2 Dec,-2,1,3985,32,33.8,2,5.1,2556,2944,2691,2012-07-21,W - Anthony Perosh,2015-05-30,L - Francimar Barroso
Albert Tumenov,1991-12-26,FALSE,FALSE,FALSE,FALSE,FALSE,FALSE,FALSE,NA,Russia,male,welterweight,13,16,8,5,3 KO 0 Sub 2 Dec,3,0 KO 2 Sub 1 Dec,-2,5,4450,23.4,29.4,1,7.6,3066,2943,2708,2014-02-15,L - Ildemar Alcantara,2016-10-08,L - Leon Edwards
Jesse Taylor,1983-01-02,TRUE,FALSE,FALSE,FALSE,TRUE,FALSE,FALSE,NA,United States,male,"welterweight, middleweight",16,16,2,1,0 KO 1 Sub 0 Dec,1,0 KO 1 Sub 0 Dec,1,1,581,30,26.7,0,4,2618,2943,2620,2008-07-19,L - C.B. Dollaway,2017-07-07,W - Dhiego Lima
Melvin Guillard,1983-03-30,TRUE,FALSE,FALSE,FALSE,FALSE,FALSE,FALSE,NA,United States,male,lightweight,16,16,22,12,8 KO 0 Sub 4 Dec,9,1 KO 6 Sub 2 Dec,-1,5,8778,27,NA,5,4.7,2032,2942,2653,2005-11-05,W - Marcus Davis,2014-03-08,L - Michael Johnson
Eryk Anders,1987-04-21,FALSE,FALSE,FALSE,FALSE,FALSE,FALSE,FALSE,NA,United States,male,middleweight,16,16,20,10,5 KO 0 Sub 5 Dec,9,2 KO 1 Sub 6 Dec,1,2,14293,33.8,32.6,4,6,2888,2939,2774,2017-07-22,W - Rafael Natal,2026-03-14,W - Brad Tavares
Da Woon Jung,1993-12-07,FALSE,FALSE,FALSE,FALSE,FALSE,FALSE,FALSE,NA,South Korea,male,light heavyweight,16,16,9,4,2 KO 1 Sub 1 Dec,4,1 KO 1 Sub 2 Dec,-4,2,5650,28,31.2,0,7.9,2614,2939,2787,2019-08-31,W - Khadis Ibragimov,2024-09-28,L - Oumar Sy
Matt Hamill,1976-10-05,TRUE,FALSE,FALSE,FALSE,FALSE,FALSE,FALSE,NA,United States,male,light heavyweight,16,16,15,10,5 KO 0 Sub 4 Dec,5,2 KO 0 Sub 3 Dec,-1,5,9291,32.8,30.6,3,4,2505,2939,2630,2006-06-24,W - Jesse Forbes,2013-10-09,L - Thiago Silva
Gadzhimurad Antigulov,1987-01-01,FALSE,FALSE,FALSE,FALSE,FALSE,FALSE,FALSE,NA,Russia,male,light heavyweight,12,16,6,2,0 KO 2 Sub 0 Dec,4,3 KO 1 Sub 0 Dec,-4,2,1241,31.9,31.3,1,8.8,2425,2937,2714,2016-11-20,W - Marcos Rogerio de Lima,2020-10-17,L - Maxim Grishin
Kurt Holobaugh,1986-09-08,TRUE,FALSE,TRUE,FALSE,TRUE,FALSE,FALSE,NA,United States,male,lightweight,16,16,9,2,0 KO 1 Sub 1 Dec,7,1 KO 2 Sub 4 Dec,-2,1,5878,34.8,30.1,1,7.4,2617,2936,2750,2013-04-27,L - Steven Siler,2025-05-31,L - Jordan Leavitt
Joe Stevenson,1982-06-15,TRUE,FALSE,FALSE,FALSE,FALSE,FALSE,FALSE,NA,United States,male,"featherweight, lightweight",16,16,16,8,2 KO 3 Sub 3 Dec,8,1 KO 2 Sub 5 Dec,-4,4,9873,26.2,29.1,5,3.5,2180,2936,2656,2005-11-05,W - Luke Cummo,2011-06-26,L - Javier Vazquez
Davi Ramos,1986-11-05,FALSE,FALSE,FALSE,FALSE,FALSE,FALSE,FALSE,NA,Brazil,male,lightweight,16,16,7,4,0 KO 3 Sub 1 Dec,3,0 KO 0 Sub 3 Dec,-2,4,4622,32,30.3,0,8.1,2707,2935,2806,2017-03-11,L - Sergio Moraes,2020-07-18,L - Arman Tsarukyan
Pat Healy,1983-07-20,FALSE,FALSE,FALSE,FALSE,TRUE,TRUE,FALSE,NA,United States,male,lightweight,9,16,6,0,0 KO 0 Sub 0 Dec,5,0 KO 1 Sub 4 Dec,-4,0,4599,29.2,28.4,1,6.7,2456,2935,2799,2006-08-17,L - Anthony Torres,2014-07-16,L - Gleison Tibau
Gavin Tucker,1986-06-17,FALSE,FALSE,FALSE,FALSE,FALSE,FALSE,FALSE,NA,Canada,male,featherweight,16,16,7,4,0 KO 2 Sub 2 Dec,3,1 KO 1 Sub 1 Dec,-2,3,4320,33.6,29.6,1,6.3,2671,2934,2702,2017-02-19,W - Sam Sicilia,2023-08-05,L - Diego Lopes
Khama Worthy,1986-10-15,FALSE,FALSE,FALSE,FALSE,FALSE,FALSE,FALSE,NA,United States,male,lightweight,16,16,5,2,1 KO 1 Sub 0 Dec,3,3 KO 0 Sub 0 Dec,-3,2,1334,34,28.7,1,6.2,2428,2934,2745,2019-08-17,W - Devonte Smith,2021-10-23,L - Jai Herbert
Jordan Mein,1989-10-10,FALSE,FALSE,FALSE,FALSE,TRUE,FALSE,FALSE,NA,Canada,male,welterweight,13,16,9,5,2 KO 0 Sub 3 Dec,4,2 KO 0 Sub 2 Dec,2,2,5553,25.9,31.3,2,6.6,2795,2932,2768,2013-03-16,W - Dan Miller,2018-07-28,W - Alex Morono
C.B. Dollaway,1983-08-10,TRUE,FALSE,FALSE,FALSE,FALSE,FALSE,FALSE,NA,United States,male,"middleweight, light heavyweight",9,16,20,11,2 KO 2 Sub 6 Dec,9,5 KO 2 Sub 2 Dec,-1,3,9890,29.3,31.2,4,5.1,2680,2931,2683,2008-06-21,L - Amir Sadollah,2018-09-15,L - Khalid Murtazaliev
Sergio Pettis,1993-08-18,FALSE,FALSE,FALSE,FALSE,FALSE,FALSE,FALSE,NA,United States,male,"flyweight, bantamweight",2,16,14,9,0 KO 0 Sub 9 Dec,5,1 KO 1 Sub 3 Dec,1,4,12673,23,30.8,2,6.9,3064,2929,2699,2013-11-16,W - Will Campuzano,2019-09-21,W - Tyson Nam
Walt Harris,1983-06-10,FALSE,FALSE,FALSE,FALSE,FALSE,FALSE,FALSE,NA,United States,male,heavyweight,8,16,16,6,6 KO 0 Sub 0 Dec,9,5 KO 1 Sub 2 Dec,-3,2,6233,34.4,32.7,2,5.5,2762,2929,2751,2013-11-30,L - Jared Rosholt,2021-06-05,L - Marcin Tybura
Mirsad Bektic,1991-02-16,FALSE,FALSE,FALSE,FALSE,FALSE,FALSE,FALSE,NA,"Bosnia and Herzegovina, United States",male,featherweight,7,16,10,6,2 KO 1 Sub 3 Dec,4,2 KO 1 Sub 1 Dec,-3,4,6104,26.4,30.8,1,7.3,2752,2929,2784,2014-04-19,W - Chas Skelly,2020-09-19,L - Damon Jackson
Matt Wiman,1983-09-19,TRUE,FALSE,FALSE,FALSE,FALSE,FALSE,FALSE,NA,United States,male,lightweight,16,16,18,10,2 KO 3 Sub 5 Dec,8,4 KO 0 Sub 4 Dec,-3,4,10545,28.1,27.8,5,6.2,2530,2929,2645,2006-05-27,L - Spencer Fisher,2020-12-05,L - Jordan Leavitt
Rousimar Palhares,1980-02-20,FALSE,FALSE,FALSE,FALSE,FALSE,FALSE,FALSE,NA,Brazil,male,"welterweight, middleweight",16,16,12,8,0 KO 6 Sub 2 Dec,4,3 KO 0 Sub 1 Dec,1,3,4584,30.8,32.4,2,5.2,2519,2929,2748,2008-05-24,W - Ivan Salaverry,2013-10-09,W - Mike Pierce
Sergio Moraes,1982-07-23,TRUE,FALSE,FALSE,FALSE,FALSE,FALSE,FALSE,NA,Brazil,male,welterweight,16,16,14,8,1 KO 3 Sub 4 Dec,5,3 KO 0 Sub 2 Dec,-3,4,10483,34.1,29.2,1,7.2,2559,2927,2753,2012-06-23,L - Cezar Ferreira,2019-11-16,L - James Krause
Chris Camozzi,1986-11-20,TRUE,FALSE,FALSE,FALSE,FALSE,FALSE,FALSE,NA,United States,male,middleweight,16,16,19,9,2 KO 1 Sub 6 Dec,10,0 KO 4 Sub 6 Dec,-3,4,13448,27.1,31.7,1,6.9,2859,2926,2686,2010-06-19,W - James Hammortree,2017-05-28,L - Trevor Smith
Warlley Alves,1991-01-04,TRUE,FALSE,FALSE,FALSE,FALSE,FALSE,FALSE,NA,Brazil,male,"middleweight, welterweight",16,16,16,8,3 KO 3 Sub 2 Dec,8,3 KO 1 Sub 4 Dec,-4,4,9557,27.9,31.7,3,7.1,2626,2925,2766,2014-05-31,W - Marcio Alexandre Jr.,2024-05-18,L - Abus Magomedov
John Moraga,1984-03-20,FALSE,FALSE,FALSE,FALSE,FALSE,FALSE,FALSE,NA,United States,male,flyweight,4,16,14,8,2 KO 3 Sub 3 Dec,6,2 KO 1 Sub 3 Dec,-1,3,10099,31.4,28.2,2,6.4,2820,2924,2741,2012-08-04,W - Ulysses Gomez,2018-08-25,L - Deiveson Figueiredo
Brock Larson,1977-08-23,FALSE,FALSE,FALSE,FALSE,FALSE,TRUE,FALSE,NA,United States,male,welterweight,16,16,6,3,0 KO 2 Sub 1 Dec,3,1 KO 0 Sub 2 Dec,-2,3,3512,30.8,NA,1,7.3,2495,2922,2480,2005-10-03,L - Jon Fitch,2009-11-21,L - Brian Foster
Joe Solecki,1993-08-27,FALSE,FALSE,TRUE,FALSE,FALSE,FALSE,FALSE,NA,United States,male,lightweight,16,16,9,5,0 KO 2 Sub 3 Dec,4,1 KO 0 Sub 3 Dec,-3,3,6327,28.9,31.7,1,8.1,2692,2921,2784,2019-12-07,W - Matt Wiman,2025-01-11,L - Nurullo Aliev
Paul Daley,1983-02-21,FALSE,FALSE,FALSE,FALSE,TRUE,FALSE,FALSE,NA,"United Kingdom, England",male,welterweight,16,16,3,2,2 KO 0 Sub 0 Dec,1,0 KO 0 Sub 1 Dec,-1,2,1195,26.9,27.8,1,2.3,2951,2920,2866,2009-09-19,W - Martin Kampmann,2010-05-08,L - Josh Koscheck
Alan Patrick,1983-07-09,FALSE,FALSE,FALSE,FALSE,FALSE,FALSE,FALSE,NA,Brazil,male,lightweight,16,16,10,5,1 KO 0 Sub 4 Dec,4,3 KO 0 Sub 1 Dec,-1,3,6882,34.2,30.9,0,8.5,2549,2920,2708,2013-10-09,W - Garett Whiteley,2022-05-14,L - Michael Johnson
Paulo Thiago,1981-01-25,FALSE,FALSE,FALSE,FALSE,FALSE,FALSE,FALSE,NA,Brazil,male,welterweight,16,16,13,5,1 KO 1 Sub 3 Dec,8,1 KO 1 Sub 6 Dec,-3,2,8895,30.7,29.9,3,5,2542,2919,2747,2009-02-21,W - Josh Koscheck,2014-09-13,L - Sean Spencer
Brock Lesnar,1977-07-12,FALSE,FALSE,FALSE,FALSE,FALSE,FALSE,FALSE,NA,United States,male,heavyweight,-1,16,8,4,2 KO 1 Sub 1 Dec,3,2 KO 1 Sub 0 Dec,0,4,3622,33.1,34,1,1.4,2807,2917,2909,2008-02-02,L - Frank Mir,2016-07-09,NC - Mark Hunt
Dustin Ortiz,1988-12-25,FALSE,FALSE,FALSE,FALSE,TRUE,FALSE,FALSE,NA,United States,male,flyweight,6,16,14,8,4 KO 0 Sub 4 Dec,6,0 KO 1 Sub 5 Dec,-1,3,10467,27.3,28.7,1,8.1,2758,2917,2746,2013-11-09,W - Jose Maria Tome,2019-01-19,L - Joseph Benavidez
Claudio Silva,1982-09-06,FALSE,FALSE,FALSE,FALSE,FALSE,FALSE,FALSE,NA,Brazil,male,welterweight,16,16,8,5,0 KO 3 Sub 2 Dec,3,0 KO 0 Sub 3 Dec,-3,5,5683,36.2,32.6,1,7.1,2609,2917,2710,2014-03-08,W - Brad Scott,2022-07-23,L - Nicolas Dalby
Raulian Paiva,1995-10-17,FALSE,FALSE,TRUE,FALSE,FALSE,FALSE,FALSE,NA,Brazil,male,bantamweight,10,16,7,3,1 KO 0 Sub 2 Dec,4,2 KO 0 Sub 2 Dec,-2,3,4640,25,28.1,1,8.3,2688,2916,2788,2019-02-09,L - Kai Kara-France,2022-06-25,L - Sergey Morozov
Tecia Pennington,1989-08-16,TRUE,FALSE,FALSE,FALSE,FALSE,FALSE,FALSE,NA,"Puerto Rico, United States",female,women's strawweight,4,16,19,11,1 KO 1 Sub 9 Dec,8,0 KO 0 Sub 8 Dec,-1,3,15953,30.2,30.3,1,6.9,2783,2915,2657,2014-12-12,W - Angela Magana,2025-11-08,L - Denise Gomes
Brian Kelleher,1986-08-19,FALSE,FALSE,FALSE,FALSE,FALSE,FALSE,FALSE,NA,United States,male,bantamweight,15,16,17,8,2 KO 3 Sub 3 Dec,9,2 KO 5 Sub 2 Dec,-4,2,8018,33.8,30.2,5,7.6,2540,2915,2751,2017-06-03,W - Iuri Alcantara,2024-07-20,L - Cody Gibson
Miguel Baeza,1992-08-23,FALSE,FALSE,TRUE,FALSE,FALSE,FALSE,FALSE,NA,"Puerto Rico, United States",male,welterweight,16,16,7,3,2 KO 1 Sub 0 Dec,4,2 KO 0 Sub 2 Dec,-4,3,4079,28.9,31.8,3,5.3,2515,2915,2731,2019-10-12,W - Hector Aldana,2024-06-08,L - Punahele Soriano
Hakeem Dawodu,1991-07-02,FALSE,FALSE,FALSE,FALSE,FALSE,FALSE,FALSE,NA,"Canada, Jamaica, Nigeria",male,featherweight,15,16,10,6,1 KO 0 Sub 5 Dec,4,0 KO 1 Sub 3 Dec,-2,5,8088,29.1,30.3,1,6.6,2713,2914,2735,2018-03-17,L - Danny Henry,2023-08-12,L - Cub Swanson
Louis Smolka,1991-07-16,FALSE,FALSE,FALSE,FALSE,FALSE,FALSE,FALSE,NA,United States,male,bantamweight,9,16,17,8,4 KO 2 Sub 2 Dec,9,2 KO 3 Sub 4 Dec,-2,4,9588,26.3,28.8,3,7.8,2532,2914,2650,2014-01-15,W - Alp Ozkilic,2022-05-14,L - Davey Grant
Lyman Good,1985-05-26,TRUE,FALSE,FALSE,FALSE,FALSE,FALSE,FALSE,NA,"Puerto Rico, United States",male,welterweight,16,16,6,3,3 KO 0 Sub 0 Dec,3,0 KO 1 Sub 2 Dec,-1,1,3290,33.2,33.6,1,7.3,2833,2913,2813,2015-07-15,W - Andrew Craig,2020-06-20,L - Belal Muhammad
Roger Huerta,1983-05-20,FALSE,FALSE,FALSE,FALSE,FALSE,FALSE,FALSE,NA,United States,male,lightweight,16,16,8,6,3 KO 1 Sub 2 Dec,2,0 KO 0 Sub 2 Dec,-2,6,5489,24.4,29.3,3,3.4,2332,2913,2633,2006-09-23,W - Jason Dent,2009-09-16,L - Gray Maynard
Matt Mitrione,1978-07-15,TRUE,FALSE,FALSE,FALSE,FALSE,FALSE,FALSE,NA,United States,male,heavyweight,12,16,14,9,8 KO 0 Sub 1 Dec,5,2 KO 2 Sub 1 Dec,-2,5,5286,34.4,31.9,3,3.3,2674,2912,2687,2009-12-05,W - Marcus Jones,2016-01-17,L - Travis Browne
Hermes Franca,1974-08-26,FALSE,FALSE,FALSE,FALSE,FALSE,TRUE,FALSE,NA,Brazil,male,lightweight,16,16,11,6,2 KO 2 Sub 2 Dec,5,1 KO 0 Sub 4 Dec,-1,3,8973,31.7,27.9,4,5.5,2268,2912,2638,2003-04-25,W - Richard Crunkilton,2009-09-19,L - Tyson Griffin
Zubaira Tukhugov,1991-01-15,FALSE,FALSE,FALSE,FALSE,FALSE,FALSE,FALSE,NA,Russia,male,featherweight,16,16,9,5,2 KO 0 Sub 3 Dec,3,0 KO 0 Sub 3 Dec,-1,3,6762,27.5,28.8,0,9.4,2788,2911,2698,2014-02-15,W - Douglas Silva de Andrade,2023-02-11,L - Elves Brener
Josh Burkman,1980-10-04,TRUE,FALSE,FALSE,FALSE,FALSE,FALSE,FALSE,NA,United States,male,"welterweight, lightweight",16,16,19,6,1 KO 1 Sub 4 Dec,12,2 KO 5 Sub 5 Dec,-5,2,12108,30.8,29.1,2,5.9,2422,2911,2691,2005-11-05,W - Sam Morgan,2018-02-18,L - Alex Morono
Hatsu Hioki,1983-07-18,FALSE,FALSE,FALSE,TRUE,FALSE,FALSE,FALSE,NA,Japan,male,featherweight,16,16,8,3,0 KO 0 Sub 3 Dec,5,1 KO 1 Sub 3 Dec,-2,2,6525,29.9,28.9,0,5.4,2358,2911,2701,2011-10-29,W - George Roop,2015-05-09,L - Dan Hooker
Chris Lytle,1974-08-18,TRUE,FALSE,FALSE,FALSE,FALSE,TRUE,FALSE,NA,United States,male,welterweight,16,16,20,10,1 KO 6 Sub 3 Dec,10,2 KO 0 Sub 8 Dec,1,4,12959,33,NA,10,4.7,2835,2910,2602,2000-11-17,L - Ben Earwood,2011-08-14,W - Dan Hardy
Chance Rencountre,1986-12-31,FALSE,FALSE,FALSE,FALSE,FALSE,FALSE,FALSE,NA,United States,male,welterweight,16,16,4,2,0 KO 1 Sub 1 Dec,2,1 KO 0 Sub 1 Dec,-1,2,2668,32.2,29.3,0,11,2771,2910,2834,2018-06-01,L - Belal Muhammad,2019-11-02,L - Lyman Good
Iuri Alcantara,1980-08-04,FALSE,FALSE,FALSE,FALSE,FALSE,TRUE,FALSE,NA,Brazil,male,bantamweight,7,16,18,10,3 KO 2 Sub 5 Dec,7,1 KO 1 Sub 5 Dec,-1,3,10454,34.5,30.5,5,7.6,2669,2910,2680,2011-08-27,W - Felipe Arantes,2018-08-25,L - Cory Sandhagen
Devonte Smith,1993-07-30,FALSE,FALSE,TRUE,FALSE,FALSE,FALSE,FALSE,NA,United States,male,lightweight,16,16,6,3,3 KO 0 Sub 0 Dec,3,2 KO 0 Sub 1 Dec,-2,2,2419,26.9,29.7,1,8.3,2608,2910,2632,2018-11-10,W - Julian Erosa,2022-03-05,L - Ludovit Klein
Luis Pena,1993-07-05,TRUE,FALSE,FALSE,FALSE,FALSE,FALSE,FALSE,NA,"Italy, United States",male,lightweight,16,16,8,5,1 KO 1 Sub 3 Dec,3,0 KO 1 Sub 2 Dec,1,2,6159,26.2,30,1,6.6,2389,2910,2707,2018-07-06,W - Richie Smullen,2021-04-17,W - Alexander Munoz
Thomas Almeida,1991-07-31,FALSE,FALSE,FALSE,FALSE,FALSE,FALSE,FALSE,NA,Brazil,male,"bantamweight, featherweight",6,16,10,5,4 KO 0 Sub 1 Dec,5,3 KO 0 Sub 2 Dec,-4,4,5397,25.7,29.6,5,4.2,2572,2909,2721,2014-11-08,W - Tim Gorman,2021-03-27,L - Sean O'Malley
Niklas Backstrom,1989-08-22,FALSE,FALSE,FALSE,FALSE,FALSE,FALSE,FALSE,NA,Sweden,male,featherweight,16,16,3,1,0 KO 1 Sub 0 Dec,2,1 KO 0 Sub 1 Dec,-2,1,1234,25.2,30,1,5.3,2470,2908,2618,2014-05-30,W - Tom Niinimaki,2015-06-20,L - Noad Lahat
Cathal Pendred,1987-09-02,TRUE,FALSE,FALSE,FALSE,FALSE,FALSE,FALSE,NA,Ireland,male,welterweight,16,16,6,4,0 KO 1 Sub 3 Dec,2,1 KO 0 Sub 1 Dec,-2,4,4390,27.5,29.6,1,7.7,2653,2907,2596,2014-07-19,W - Mike King,2015-10-24,L - Tom Breese
Thiago Silva,1982-11-12,FALSE,FALSE,FALSE,FALSE,FALSE,FALSE,FALSE,NA,Brazil,male,light heavyweight,12,16,12,7,5 KO 1 Sub 1 Dec,3,1 KO 0 Sub 2 Dec,2,4,5776,27.4,31,2,3.1,2475,2907,2725,2007-05-26,W - James Irvin,2013-10-09,W - Matt Hamill
Aspen Ladd,1995-03-01,FALSE,FALSE,FALSE,FALSE,FALSE,FALSE,FALSE,NA,United States,female,"women's bantamweight, women's featherweight",2,9,7,4,3 KO 0 Sub 1 Dec,3,1 KO 0 Sub 2 Dec,-2,3,4608,24.8,33.8,2,5.6,2605,2904,2737,2017-10-21,W - Lina Lansberg,2022-04-09,L - Raquel Pennington
Niko Price,1989-09-29,FALSE,FALSE,FALSE,FALSE,FALSE,FALSE,FALSE,NA,United States,male,welterweight,16,16,21,8,4 KO 2 Sub 2 Dec,11,6 KO 3 Sub 2 Dec,-4,2,10217,31.3,32.7,4,6,2481,2904,2805,2016-12-30,W - Brandon Thatch,2026-03-28,L - Michael Chiesa
Matthew Semelsberger,1992-11-23,FALSE,FALSE,FALSE,FALSE,FALSE,FALSE,FALSE,NA,United States,male,welterweight,16,16,11,5,2 KO 0 Sub 3 Dec,6,2 KO 0 Sub 4 Dec,-4,2,7138,29.7,30.4,1,8.4,2529,2903,2741,2020-08-22,W - Carlton Minus,2024-11-09,L - Charles Radtke
Adriano Martins,1982-06-12,FALSE,FALSE,FALSE,FALSE,TRUE,FALSE,FALSE,NA,Brazil,male,lightweight,16,16,7,4,2 KO 1 Sub 1 Dec,3,2 KO 0 Sub 1 Dec,-2,3,3445,33,29.5,3,7.9,2497,2902,2768,2013-11-09,W - Daron Cruickshank,2017-09-09,L - Kajan Johnson
Mark Bocek,1981-10-24,FALSE,FALSE,FALSE,FALSE,FALSE,FALSE,FALSE,NA,Canada,male,lightweight,16,16,13,8,0 KO 4 Sub 4 Dec,5,1 KO 1 Sub 3 Dec,1,3,8885,28.6,27.5,2,7.6,2765,2901,2691,2007-07-07,L - Frankie Edgar,2014-04-16,W - Mike De La Torre
Danny Castillo,1979-08-25,FALSE,FALSE,FALSE,FALSE,FALSE,TRUE,FALSE,NA,United States,male,lightweight,16,16,14,7,2 KO 0 Sub 5 Dec,7,2 KO 0 Sub 5 Dec,-4,3,10408,33.8,29.6,1,7.3,2678,2901,2697,2011-03-03,W - Joe Stevenson,2015-12-19,L - Nik Lentz
Brian Stann,1980-09-24,FALSE,FALSE,FALSE,FALSE,FALSE,TRUE,FALSE,NA,United States,male,"light heavyweight, middleweight",16,16,11,6,3 KO 1 Sub 2 Dec,5,1 KO 2 Sub 2 Dec,-2,3,6634,30.4,30.2,3,4.5,2668,2901,2685,2009-04-18,L - Krzysztof Soszynski,2013-03-02,L - Wanderlei Silva
Daniel Pineda,1985-08-06,FALSE,FALSE,FALSE,FALSE,FALSE,FALSE,FALSE,NA,United States,male,featherweight,16,16,14,5,1 KO 4 Sub 0 Dec,8,2 KO 0 Sub 6 Dec,-3,2,7593,32.2,31.5,5,7.8,2641,2901,2691,2012-01-20,W - Pat Schilling,2024-10-19,L - Darren Elkins
Des Green,1989-10-11,FALSE,FALSE,FALSE,FALSE,FALSE,FALSE,FALSE,NA,United States,male,lightweight,16,16,7,4,1 KO 0 Sub 3 Dec,3,0 KO 0 Sub 3 Dec,2,2,5572,28.6,31.8,0,8,2909,2900,2831,2017-04-08,W - Josh Emmett,2019-05-18,W - Charles Jourdain
Julio Arce,1989-10-27,FALSE,FALSE,TRUE,FALSE,FALSE,FALSE,FALSE,NA,"Colombia, United States",male,bantamweight,16,16,10,6,3 KO 1 Sub 2 Dec,4,1 KO 0 Sub 3 Dec,1,2,7324,30.9,29.4,0,9.5,2681,2900,2718,2018-01-20,W - Dan Ige,2024-03-30,W - Herbert Burns
Holly Holm,1981-10-17,FALSE,FALSE,FALSE,FALSE,FALSE,FALSE,FALSE,NA,United States,female,women's bantamweight,-1,6,16,8,2 KO 0 Sub 6 Dec,7,1 KO 2 Sub 4 Dec,-1,3,15433,37.2,31.5,4,2,2784,2899,2754,2015-02-28,W - Raquel Pennington,2024-04-13,L - Kayla Harrison
Brendan Schaub,1983-03-18,TRUE,FALSE,FALSE,FALSE,FALSE,FALSE,FALSE,NA,United States,male,heavyweight,13,16,11,6,3 KO 1 Sub 2 Dec,5,4 KO 0 Sub 1 Dec,-2,4,4658,28.9,33.4,1,4.5,2757,2898,2728,2009-12-05,L - Roy Nelson,2014-12-06,L - Travis Browne
Roosevelt Roberts,1994-02-11,TRUE,FALSE,TRUE,FALSE,FALSE,FALSE,FALSE,NA,United States,male,lightweight,16,16,10,4,0 KO 2 Sub 2 Dec,5,1 KO 2 Sub 2 Dec,-3,2,5655,26.8,31.3,1,7.7,2750,2896,2758,2018-11-30,W - Darrell Horcher,2024-09-28,L - Ludovit Klein
Rafael Natal,1982-12-25,FALSE,FALSE,FALSE,FALSE,FALSE,FALSE,FALSE,NA,Brazil,male,middleweight,12,16,17,9,1 KO 1 Sub 7 Dec,7,4 KO 0 Sub 3 Dec,-3,4,12698,31,30,1,7.2,2600,2896,2690,2010-09-15,L - Rich Attonito,2017-07-22,L - Eryk Anders
James Te Huna,1981-09-29,FALSE,FALSE,FALSE,FALSE,FALSE,FALSE,FALSE,NA,New Zealand,male,"light heavyweight, middleweight",13,16,10,5,3 KO 0 Sub 2 Dec,5,2 KO 3 Sub 0 Dec,-4,4,3595,31.1,31.5,1,4.9,2501,2896,2659,2010-02-20,W - Igor Pokrajac,2016-03-19,L - Steve Bosse
John Howard,1983-03-01,FALSE,FALSE,FALSE,FALSE,FALSE,FALSE,FALSE,NA,United States,male,welterweight,16,16,14,7,2 KO 0 Sub 5 Dec,7,3 KO 0 Sub 4 Dec,-1,4,10315,29.3,29.4,2,6.3,2455,2896,2737,2009-01-31,W - Chris Wilson,2015-12-10,L - Tim Means
Cung Le,1972-05-25,FALSE,FALSE,FALSE,FALSE,TRUE,FALSE,FALSE,NA,"United States, Vietnam",male,middleweight,16,16,4,2,1 KO 0 Sub 1 Dec,2,2 KO 0 Sub 0 Dec,-1,2,2583,40.6,35.3,2,1.8,2801,2895,2805,2011-11-19,L - Wanderlei Silva,2014-08-22,L - Michael Bisping
Magomed Bibulatov,1988-08-22,FALSE,FALSE,FALSE,FALSE,FALSE,FALSE,FALSE,NA,Russia,male,flyweight,8,16,3,1,0 KO 0 Sub 1 Dec,2,1 KO 0 Sub 1 Dec,-2,1,1898,29.4,29.7,0,12,2894,2893,2645,2017-04-08,W - Jenel Lausa,2019-02-02,L - Rogerio Bontorin
Bryan Caraway,1984-08-04,TRUE,FALSE,FALSE,FALSE,TRUE,TRUE,FALSE,NA,United States,male,bantamweight,3,16,10,6,0 KO 4 Sub 2 Dec,4,1 KO 0 Sub 3 Dec,-2,2,7172,30.3,28.8,2,7.8,2853,2893,2733,2011-12-03,W - Dustin Neace,2018-11-30,L - Pedro Munhoz
Manny Bermudez,1994-07-19,FALSE,FALSE,FALSE,FALSE,FALSE,FALSE,FALSE,NA,United States,male,bantamweight,16,16,5,3,0 KO 3 Sub 0 Dec,2,0 KO 1 Sub 1 Dec,-2,3,1767,24.5,29.2,1,9.4,2728,2893,2676,2018-02-24,W - Albert Morales,2019-10-18,L - Charles Rosa
Phil Rowe,1990-07-18,FALSE,FALSE,TRUE,FALSE,FALSE,FALSE,FALSE,NA,"Jamaica, United States",male,welterweight,16,16,9,4,4 KO 0 Sub 0 Dec,5,0 KO 0 Sub 5 Dec,-2,3,7145,33.1,31.1,0,10,2675,2893,2774,2021-02-13,L - Gabe Green,2026-02-21,L - Jean-Paul Lebosnoyani
Josh Samman,1988-03-14,TRUE,FALSE,FALSE,FALSE,FALSE,FALSE,FALSE,NA,United States,male,middleweight,16,16,5,3,2 KO 1 Sub 0 Dec,2,1 KO 1 Sub 0 Dec,-2,3,2476,27,31.1,2,6.2,2633,2893,2679,2013-04-13,W - Kevin Casey,2016-07-13,L - Tim Boetsch
Rony Jason,1984-03-21,TRUE,FALSE,FALSE,FALSE,FALSE,FALSE,FALSE,NA,Brazil,male,featherweight,16,16,9,4,2 KO 1 Sub 1 Dec,4,1 KO 0 Sub 3 Dec,-2,3,4568,30.3,26.8,1,5.9,2543,2893,2666,2012-06-23,W - Godofredo Pepey,2017-03-11,L - Jeremy Kennedy
Yoshihiro Akiyama,1975-07-29,FALSE,FALSE,FALSE,FALSE,FALSE,FALSE,FALSE,NA,Japan,male,welterweight,16,16,7,2,0 KO 0 Sub 2 Dec,5,1 KO 1 Sub 3 Dec,-1,1,5492,36.6,31.7,3,2.9,2507,2893,2745,2009-07-11,W - Alan Belcher,2015-11-28,L - Alberto Mina
Ricco Rodriguez,1977-08-19,FALSE,FALSE,FALSE,TRUE,FALSE,TRUE,FALSE,NA,United States,male,heavyweight,-1,16,7,5,4 KO 1 Sub 0 Dec,2,1 KO 0 Sub 1 Dec,-2,5,4983,24.9,29.7,0,3.1,2348,2893,2548,2001-06-29,W - Andrei Arlovski,2003-11-21,L - Pedro Rizzo
Claudia Gadelha,1988-12-07,FALSE,FALSE,FALSE,FALSE,FALSE,FALSE,FALSE,NA,Brazil,female,women's strawweight,1,12,12,7,0 KO 1 Sub 6 Dec,5,0 KO 0 Sub 5 Dec,-1,2,10683,28.7,30.6,2,4.9,2672,2892,2720,2014-07-16,W - Tina Lahdemaki,2020-11-07,L - Yan Xiaonan
Roman Bogatov,1990-12-15,FALSE,FALSE,FALSE,FALSE,FALSE,FALSE,FALSE,NA,Russia,male,lightweight,16,16,1,0,0 KO 0 Sub 0 Dec,1,0 KO 0 Sub 1 Dec,-1,-1,900,29.6,40.4,0,9,2784,2889,3071,2020-07-11,L - Leonardo Santos,2020-07-11,L - Leonardo Santos
Sergey Morozov,1989-06-14,FALSE,FALSE,FALSE,FALSE,FALSE,FALSE,FALSE,NA,Kazakhstan,male,bantamweight,16,16,5,3,0 KO 0 Sub 3 Dec,2,0 KO 2 Sub 0 Dec,2,2,3723,32.6,30.3,1,11,2888,2888,2738,2021-01-20,L - Umar Nurmagomedov,2022-12-17,W - Journey Newson
Jacob Volkmann,1980-09-05,FALSE,FALSE,FALSE,FALSE,FALSE,FALSE,FALSE,NA,United States,male,lightweight,16,16,10,6,0 KO 1 Sub 5 Dec,4,0 KO 3 Sub 1 Dec,-1,5,6780,30.7,28.8,0,7.7,2707,2888,2680,2009-11-21,L - Paulo Thiago,2013-02-02,L - King Green
Luke Sanders,1985-12-12,FALSE,FALSE,FALSE,FALSE,TRUE,FALSE,FALSE,NA,United States,male,"featherweight, bantamweight",16,16,8,3,1 KO 1 Sub 1 Dec,5,1 KO 3 Sub 1 Dec,-2,1,3778,32.7,32.1,2,10.4,2518,2888,2683,2016-01-17,W - Maximo Blanco,2021-05-01,L - Felipe Colares
Viviane Araujo,1986-11-21,FALSE,FALSE,FALSE,FALSE,FALSE,FALSE,FALSE,NA,Brazil,female,women's flyweight,5,16,13,7,1 KO 0 Sub 6 Dec,6,0 KO 0 Sub 6 Dec,-1,2,12048,35.3,31.8,0,6,2785,2887,2751,2019-05-11,W - Talita Bernardo,2025-06-28,L - Tracy Cortez
Shane Carwin,1975-01-04,FALSE,FALSE,FALSE,FALSE,FALSE,TRUE,FALSE,NA,United States,male,heavyweight,0,16,6,4,4 KO 0 Sub 0 Dec,2,0 KO 1 Sub 1 Dec,-2,4,1771,34.7,NA,1,4,2726,2887,2722,2008-05-24,W - Christian Wellisch,2011-06-11,L - Junior dos Santos
Nad Narimani,1987-04-14,FALSE,FALSE,FALSE,FALSE,FALSE,FALSE,FALSE,NA,"United Kingdom, England",male,featherweight,16,16,4,2,0 KO 0 Sub 2 Dec,2,1 KO 0 Sub 1 Dec,-2,2,3282,32,29.5,0,10,2700,2887,2725,2018-07-22,W - Khalid Taha,2020-07-18,L - Grant Dawson
Chad Laprise,1986-07-23,TRUE,FALSE,FALSE,FALSE,FALSE,FALSE,FALSE,NA,Canada,male,welterweight,16,16,10,6,3 KO 0 Sub 3 Dec,4,3 KO 0 Sub 1 Dec,-2,3,5149,30,29.7,2,7,2598,2887,2648,2014-04-16,W - Olivier Aubin-Mercier,2018-12-08,L - Dhiego Lima
David Dvorak,1992-06-05,FALSE,FALSE,FALSE,FALSE,FALSE,FALSE,FALSE,NA,Czech Republic,male,flyweight,8,16,6,3,0 KO 1 Sub 2 Dec,3,0 KO 0 Sub 3 Dec,-3,3,4638,29.4,28.9,0,10.3,2579,2887,2699,2020-03-14,W - Bruno Gustavo da Silva,2023-06-10,L - Steve Erceg
Phil Hawes,1989-01-08,TRUE,FALSE,TRUE,FALSE,FALSE,FALSE,FALSE,NA,"Nigeria, United States",male,middleweight,16,16,8,4,2 KO 0 Sub 2 Dec,4,4 KO 0 Sub 0 Dec,-3,3,3324,33.2,30.2,1,7,2580,2886,2769,2020-10-24,W - Jacob Malkoun,2024-01-13,L - Brunno Ferreira
Armen Petrosyan,1990-11-03,FALSE,FALSE,TRUE,FALSE,FALSE,FALSE,FALSE,NA,Armenia,male,middleweight,16,16,7,3,0 KO 0 Sub 3 Dec,4,1 KO 2 Sub 1 Dec,-3,2,5047,32.7,30.8,0,5.4,2641,2885,2831,2022-02-26,W - Gregory Rodrigues,2025-03-08,L - Brunno Ferreira
Thiago Tavares,1984-11-08,FALSE,FALSE,FALSE,FALSE,FALSE,FALSE,FALSE,NA,Brazil,male,featherweight,15,16,18,10,1 KO 5 Sub 4 Dec,7,5 KO 0 Sub 2 Dec,-1,2,9863,26.3,28.3,6,6.1,2604,2885,2620,2007-04-05,W - Naoyuki Kotani,2016-07-08,L - Dooho Choi
Abdul Razak Alhassan,1985-08-11,FALSE,FALSE,FALSE,FALSE,FALSE,FALSE,FALSE,NA,"Ghana, United States",male,middleweight,16,16,14,6,6 KO 0 Sub 0 Dec,7,2 KO 1 Sub 4 Dec,-1,3,5277,35.2,30.1,4,5.7,2603,2885,2652,2016-11-19,W - Charlie Ward,2025-01-11,L - Cesar Almeida
Cynthia Calvillo,1987-07-13,FALSE,FALSE,FALSE,FALSE,FALSE,FALSE,FALSE,NA,"Mexico, United States",female,"women's strawweight, women's flyweight",2,10,13,6,0 KO 3 Sub 3 Dec,6,2 KO 0 Sub 4 Dec,-5,3,10006,32.4,31.3,0,4.5,2591,2885,2678,2017-03-04,W - Amanda Cooper,2023-04-08,L - Loopy Godinez
Gleison Tibau,1983-07-10,FALSE,FALSE,FALSE,FALSE,FALSE,FALSE,FALSE,NA,Brazil,male,lightweight,16,16,28,17,1 KO 4 Sub 11 Dec,11,3 KO 2 Sub 6 Dec,-2,3,18537,28.3,28.5,2,6.5,2822,2884,2666,2006-11-18,L - Nick Diaz,2018-06-01,L - Des Green
Mike Grundy,1987-03-01,FALSE,FALSE,FALSE,FALSE,FALSE,FALSE,FALSE,NA,"United Kingdom, England",male,featherweight,16,16,4,1,1 KO 0 Sub 0 Dec,3,0 KO 1 Sub 2 Dec,-3,1,2439,33.7,30.2,0,9.2,2597,2884,2776,2019-03-16,W - Nad Narimani,2022-03-19,L - Makwan Amirkhani
Matt Serra,1974-06-02,TRUE,FALSE,FALSE,FALSE,FALSE,FALSE,FALSE,TRUE,United States,male,welterweight,-1,16,14,7,2 KO 1 Sub 4 Dec,7,2 KO 0 Sub 5 Dec,-1,2,10102,31.1,28.2,2,3.9,2709,2883,2639,2001-05-04,L - Shonie Carter,2010-09-25,L - Chris Lytle
Joe Lauzon,1984-05-22,TRUE,FALSE,FALSE,FALSE,FALSE,FALSE,FALSE,NA,United States,male,lightweight,9,16,27,15,6 KO 7 Sub 2 Dec,12,5 KO 1 Sub 6 Dec,1,3,12781,28.7,NA,15,4.6,2646,2883,2708,2006-09-23,W - Jens Pulver,2019-10-18,W - Jonathan Pearce
Tom Breese,1991-09-26,FALSE,FALSE,FALSE,FALSE,FALSE,FALSE,FALSE,NA,"United Kingdom, England",male,middleweight,16,16,8,5,4 KO 0 Sub 1 Dec,3,1 KO 1 Sub 1 Dec,-1,3,3378,26.3,30.7,3,7.6,2626,2883,2752,2015-05-30,W - Luiz Dutra Jr.,2021-01-20,L - Omari Akhmedov
Chris Holdsworth,1987-10-24,TRUE,FALSE,FALSE,FALSE,FALSE,FALSE,FALSE,NA,United States,male,bantamweight,16,16,2,2,0 KO 1 Sub 1 Dec,0,0 KO 0 Sub 0 Dec,2,2,1330,26.3,28.6,1,5.5,2882,2882,2667,2013-11-30,W - Davey Grant,2014-05-24,W - Chico Camus
Joe Soto,1987-03-22,FALSE,FALSE,FALSE,FALSE,FALSE,FALSE,FALSE,NA,United States,male,bantamweight,14,16,8,3,0 KO 2 Sub 1 Dec,5,3 KO 1 Sub 1 Dec,-2,3,4249,29.4,30,0,7.4,2642,2882,2713,2014-08-30,L - TJ Dillashaw,2018-02-03,L - Iuri Alcantara
Johnny Case,1989-06-28,FALSE,FALSE,FALSE,FALSE,FALSE,FALSE,FALSE,NA,United States,male,lightweight,16,16,6,4,1 KO 1 Sub 2 Dec,2,0 KO 1 Sub 1 Dec,-2,4,4753,26.3,28.1,1,8.7,2580,2882,2642,2014-09-20,W - Kazuki Tokudome,2017-06-25,L - Anthony Rocco Martin
Cheick Kongo,1975-05-17,FALSE,FALSE,FALSE,FALSE,FALSE,FALSE,FALSE,NA,France,male,heavyweight,16,16,18,11,6 KO 1 Sub 4 Dec,6,2 KO 1 Sub 3 Dec,-1,3,9806,34.2,31.9,1,3.7,3043,2881,2630,2006-07-08,W - Gilbert Aldana,2013-04-27,L - Roy Nelson
Enrique Barzola,1989-04-28,TRUE,FALSE,FALSE,FALSE,FALSE,FALSE,FALSE,NA,Peru,male,"bantamweight, featherweight",16,16,10,6,0 KO 0 Sub 6 Dec,3,0 KO 0 Sub 3 Dec,0,4,9000,28.9,29,0,8.8,2880,2881,2652,2015-11-21,W - Horacio Gutierrez,2020-03-14,D - Rani Yahya
Justin Willis,1987-07-19,FALSE,FALSE,FALSE,FALSE,FALSE,FALSE,FALSE,NA,United States,male,heavyweight,9,16,5,4,1 KO 0 Sub 3 Dec,1,0 KO 0 Sub 1 Dec,-1,4,3753,30.8,31.7,0,5.4,2817,2881,2723,2017-07-16,W - James Mulheron,2019-03-23,L - Curtis Blaydes
Spencer Fisher,1976-05-09,FALSE,FALSE,FALSE,FALSE,FALSE,FALSE,FALSE,NA,United States,male,lightweight,16,16,17,9,3 KO 2 Sub 4 Dec,8,3 KO 0 Sub 5 Dec,-3,3,12057,32.3,NA,3,5.1,2423,2881,2612,2005-10-03,W - Thiago Alves,2012-06-22,L - Sam Stout
Erik Koch,1988-10-04,FALSE,FALSE,FALSE,FALSE,FALSE,TRUE,FALSE,NA,United States,male,"welterweight, lightweight",8,16,10,5,2 KO 1 Sub 2 Dec,5,2 KO 0 Sub 3 Dec,1,2,5871,26.2,29.8,1,7,2652,2880,2674,2011-03-19,W - Raphael Assuncao,2019-07-27,W - Kyle Stewart
Ben Nguyen,1988-08-03,FALSE,FALSE,FALSE,FALSE,FALSE,FALSE,FALSE,NA,"United States, Vietnam",male,flyweight,8,16,7,4,1 KO 2 Sub 1 Dec,3,1 KO 1 Sub 1 Dec,-2,2,3587,28.4,29.1,1,9,2628,2880,2709,2015-05-09,W - Alp Ozkilic,2018-12-01,L - Wilson Reis
Jennifer Maia,1988-10-06,FALSE,FALSE,FALSE,FALSE,FALSE,FALSE,FALSE,NA,Brazil,female,women's flyweight,2,16,12,6,0 KO 1 Sub 5 Dec,6,0 KO 0 Sub 6 Dec,-1,2,10769,32.4,33.1,1,6.7,2783,2879,2745,2018-07-14,L - Liz Carmouche,2023-10-14,L - Viviane Araujo
Ross Pearson,1984-09-26,TRUE,FALSE,FALSE,FALSE,FALSE,FALSE,FALSE,NA,"United Kingdom, England",male,lightweight,14,16,26,12,5 KO 0 Sub 7 Dec,13,4 KO 1 Sub 8 Dec,-2,3,18165,29.6,30.9,4,4.5,2419,2879,2719,2009-06-20,W - Andre Winner,2019-03-30,L - Des Green
Devin Clark,1990-04-12,FALSE,FALSE,FALSE,FALSE,FALSE,FALSE,FALSE,NA,United States,male,light heavyweight,16,16,17,8,1 KO 0 Sub 7 Dec,9,3 KO 4 Sub 2 Dec,-2,2,11626,29.9,30.7,0,7.7,2507,2877,2734,2016-07-13,L - Alex Nicholson,2024-02-10,L - Marcin Prachnio
Magnus Cedenblad,1982-04-10,FALSE,FALSE,FALSE,FALSE,FALSE,FALSE,FALSE,NA,Sweden,male,middleweight,16,16,6,4,1 KO 2 Sub 1 Dec,2,1 KO 1 Sub 0 Dec,-1,4,2817,32.5,29.1,1,7.5,2719,2876,2642,2012-04-14,L - Francis Carmont,2016-11-19,L - Jack Marshman
Christos Giagos,1990-01-23,FALSE,FALSE,FALSE,FALSE,FALSE,FALSE,FALSE,NA,"Greece, United States",male,lightweight,16,16,14,6,1 KO 2 Sub 3 Dec,8,2 KO 4 Sub 2 Dec,-2,2,6979,29.9,29.4,2,7.5,2660,2876,2734,2014-10-25,L - Gilbert Burns,2024-04-06,L - Ignacio Bahamondes
Kyung Ho Kang,1987-09-09,FALSE,FALSE,FALSE,FALSE,FALSE,FALSE,FALSE,NA,South Korea,male,bantamweight,16,16,14,8,0 KO 4 Sub 4 Dec,5,0 KO 0 Sub 5 Dec,-2,3,10510,31.4,29.2,1,8.3,2621,2876,2651,2013-03-02,NC - Alex Caceres,2024-06-22,L - Muin Gafurov
Trevin Giles,1992-08-06,FALSE,FALSE,FALSE,FALSE,FALSE,FALSE,FALSE,NA,United States,male,welterweight,16,16,14,7,3 KO 0 Sub 4 Dec,7,3 KO 3 Sub 1 Dec,-3,3,9220,28.7,29.6,1,7.8,2575,2876,2750,2017-07-08,W - James Bochnovic,2024-11-02,L - Mike Malott
Ali Bagautinov,1985-06-12,FALSE,FALSE,FALSE,FALSE,FALSE,FALSE,FALSE,NA,Russia,male,flyweight,4,16,7,4,1 KO 0 Sub 3 Dec,3,0 KO 0 Sub 3 Dec,-1,3,6808,29.6,27.9,0,5.6,2958,2875,2780,2013-09-04,W - Marcos Vinicius,2016-11-19,L - Kyoji Horiguchi
Tyson Griffin,1984-04-20,FALSE,FALSE,FALSE,FALSE,TRUE,FALSE,FALSE,NA,United States,male,"featherweight, lightweight",16,16,14,8,1 KO 1 Sub 6 Dec,6,2 KO 0 Sub 4 Dec,-1,4,9845,24.9,28,6,5.8,2584,2875,2651,2006-09-23,W - David Lee,2011-10-29,L - Bart Palaszewski
Michael McDonald,1991-01-15,FALSE,FALSE,FALSE,FALSE,FALSE,TRUE,FALSE,NA,United States,male,bantamweight,2,16,9,6,2 KO 2 Sub 2 Dec,3,1 KO 2 Sub 0 Dec,-1,4,4808,22.3,30,5,5,2925,2874,2730,2011-03-26,W - Edwin Figueroa,2016-07-13,L - John Lineker
Stevie Ray,1990-03-25,FALSE,FALSE,FALSE,FALSE,FALSE,FALSE,FALSE,NA,"United Kingdom, Scotland",male,lightweight,16,16,11,7,2 KO 0 Sub 5 Dec,4,2 KO 0 Sub 2 Dec,1,3,7219,27.2,31.3,1,6.8,2748,2872,2732,2015-04-11,W - Marcin Bandel,2019-10-26,W - Michael Johnson
Jose Torres,1992-08-02,FALSE,FALSE,FALSE,FALSE,FALSE,FALSE,FALSE,NA,United States,male,flyweight,16,16,2,1,1 KO 0 Sub 0 Dec,1,1 KO 0 Sub 0 Dec,-1,1,691,25.9,25.7,0,11,2702,2872,2780,2018-06-01,W - Jarred Brooks,2018-08-04,L - Alex Perez
William Knight,1988-04-03,FALSE,FALSE,TRUE,FALSE,FALSE,FALSE,FALSE,NA,"Jamaica, United States",male,"light heavyweight, heavyweight",16,16,7,3,1 KO 0 Sub 2 Dec,4,1 KO 0 Sub 3 Dec,-3,2,5539,33.6,31.1,1,9.6,2507,2872,2689,2020-09-26,W - Aleksa Camur,2023-02-18,L - Marcin Prachnio
Tito Ortiz,1975-01-23,FALSE,FALSE,FALSE,FALSE,FALSE,FALSE,FALSE,TRUE,United States,male,light heavyweight,-1,16,27,15,8 KO 2 Sub 5 Dec,11,4 KO 2 Sub 5 Dec,-3,6,18109,29.7,NA,6,1.9,2971,2871,2673,1997-05-30,W - Wes Albritton,2012-07-07,L - Forrest Griffin
Ben Saunders,1983-04-13,TRUE,FALSE,FALSE,FALSE,FALSE,FALSE,FALSE,NA,United States,male,welterweight,16,16,19,9,3 KO 3 Sub 3 Dec,10,7 KO 1 Sub 2 Dec,-4,3,9027,31.2,32.2,3,6.8,2464,2871,2685,2007-12-08,W - Daniel Barrera,2019-12-14,L - Matt Brown
Pedro Rizzo,1974-05-03,FALSE,FALSE,FALSE,TRUE,FALSE,FALSE,FALSE,NA,Brazil,male,heavyweight,16,16,14,9,6 KO 1 Sub 2 Dec,5,2 KO 0 Sub 3 Dec,2,4,10159,26.9,32,0,3.3,2530,2870,2609,1998-10-16,W - Tank Abbott,2003-11-21,W - Ricco Rodriguez
Bartosz Fabinski,1986-04-26,FALSE,FALSE,FALSE,FALSE,FALSE,FALSE,FALSE,NA,Poland,male,"middleweight, welterweight",16,16,6,3,0 KO 0 Sub 3 Dec,3,0 KO 3 Sub 0 Dec,-3,3,3044,32.1,32.1,0,6.8,2465,2870,2754,2015-04-11,W - Garreth McLellan,2021-04-17,L - Gerald Meerschaert
Wilson Reis,1985-01-06,FALSE,FALSE,FALSE,FALSE,FALSE,FALSE,FALSE,NA,Brazil,male,flyweight,3,16,13,7,0 KO 2 Sub 5 Dec,6,2 KO 1 Sub 3 Dec,-1,3,8909,31.4,30,0,7.2,2568,2869,2740,2013-09-21,W - Ivan Menjivar,2019-04-13,L - Alexandre Pantoja
Brandon Thatch,1985-07-11,FALSE,FALSE,FALSE,FALSE,TRUE,FALSE,FALSE,NA,United States,male,welterweight,16,16,6,2,1 KO 1 Sub 0 Dec,4,0 KO 4 Sub 0 Dec,-4,2,2646,29.7,30.1,2,5.3,2540,2868,2778,2013-08-28,W - Justin Edwards,2016-12-30,L - Niko Price
Jason High,1981-10-12,FALSE,FALSE,FALSE,FALSE,TRUE,FALSE,FALSE,NA,United States,male,"lightweight, welterweight",16,16,5,2,0 KO 1 Sub 1 Dec,3,1 KO 1 Sub 1 Dec,-1,2,2488,31.3,30.2,0,7.8,2679,2866,2722,2010-03-31,L - Charlie Brenneman,2014-06-07,L - Rafael Dos Anjos
Karl Roberson,1990-10-04,FALSE,FALSE,TRUE,FALSE,FALSE,FALSE,FALSE,NA,United States,male,"light heavyweight, middleweight",16,16,10,4,0 KO 2 Sub 2 Dec,6,2 KO 4 Sub 0 Dec,-4,2,4964,29.2,29.3,0,6.6,2516,2866,2768,2017-11-11,W - Darren Stewart,2022-07-09,L - Kennedy Nzechukwu
Ricardo Ramos,1995-08-01,FALSE,FALSE,FALSE,FALSE,FALSE,FALSE,FALSE,NA,Brazil,male,featherweight,16,16,15,8,2 KO 1 Sub 5 Dec,7,2 KO 3 Sub 2 Dec,-2,3,8242,25.9,30.6,3,7.7,2507,2866,2708,2017-02-04,W - Michinori Tanaka,2025-10-11,L - Kaan Ofli
Andre Fialho,1994-04-07,FALSE,FALSE,FALSE,FALSE,FALSE,FALSE,FALSE,NA,Portugal,male,welterweight,16,16,7,2,2 KO 0 Sub 0 Dec,5,4 KO 0 Sub 1 Dec,-4,2,3671,28.5,31.7,3,4.9,2401,2865,2818,2022-01-22,L - Michel Pereira,2023-09-23,L - Tim Means
Saidyokub Kakhramonov,1995-11-14,FALSE,FALSE,FALSE,FALSE,FALSE,FALSE,FALSE,NA,Uzbekistan,male,bantamweight,16,16,3,2,0 KO 1 Sub 1 Dec,1,0 KO 1 Sub 0 Dec,-1,2,2309,26.5,30.6,0,8,2852,2864,2848,2021-08-21,W - Trevin Jones,2022-12-17,L - Said Nurmagomedov
Rafael Alves,1990-11-14,FALSE,FALSE,TRUE,FALSE,FALSE,FALSE,FALSE,NA,Brazil,male,lightweight,16,16,4,1,0 KO 1 Sub 0 Dec,3,1 KO 0 Sub 2 Dec,-2,1,2598,31.4,28.7,0,9.8,2711,2864,2844,2021-05-22,L - Damir Ismagulov,2023-02-25,L - Nurullo Aliev
Alexander Yakovlev,1984-07-18,FALSE,FALSE,FALSE,FALSE,FALSE,FALSE,FALSE,NA,Russia,male,"lightweight, welterweight",16,16,9,3,1 KO 1 Sub 1 Dec,6,0 KO 2 Sub 4 Dec,-2,2,5951,32.6,30.4,0,8.3,2501,2864,2751,2014-05-31,L - Demian Maia,2020-10-24,L - Joel Alvarez
Takeya Mizugaki,1983-12-16,FALSE,FALSE,FALSE,FALSE,FALSE,TRUE,FALSE,NA,Japan,male,bantamweight,5,16,14,8,1 KO 0 Sub 7 Dec,6,3 KO 1 Sub 2 Dec,-2,5,9694,29.9,29.7,0,7.2,2485,2863,2690,2011-03-03,W - Reuben Duran,2016-12-17,L - Eddie Wineland
Martin Buday,1991-11-11,FALSE,FALSE,TRUE,FALSE,FALSE,FALSE,FALSE,NA,Slovakia,male,heavyweight,12,16,8,7,0 KO 1 Sub 6 Dec,1,1 KO 0 Sub 0 Dec,3,4,5802,32,35,0,10.2,2757,2862,2611,2022-04-16,W - Chris Barnett,2025-07-26,W - Marcus Buchecha
Claude Patrick,1980-06-14,FALSE,FALSE,FALSE,FALSE,FALSE,FALSE,FALSE,NA,Canada,male,welterweight,16,16,4,3,0 KO 1 Sub 2 Dec,1,0 KO 0 Sub 1 Dec,-1,3,3108,30.7,31,0,6.8,2839,2861,2698,2010-06-12,W - Ricardo Funch,2011-12-10,L - Brian Ebersole
Victor Hugo,1992-11-22,FALSE,FALSE,TRUE,FALSE,FALSE,FALSE,FALSE,NA,Brazil,male,"featherweight, bantamweight",16,16,2,1,0 KO 0 Sub 1 Dec,1,0 KO 0 Sub 1 Dec,-1,1,1800,31.6,29.5,0,10,2670,2860,2870,2024-04-06,W - Pedro Falcao,2024-10-26,L - Farid Basharat
Darrick Minner,1990-04-28,FALSE,FALSE,TRUE,FALSE,FALSE,FALSE,FALSE,NA,United States,male,featherweight,16,16,6,2,0 KO 1 Sub 1 Dec,4,2 KO 1 Sub 1 Dec,-3,2,2845,31.1,31,0,6.2,2585,2860,2801,2020-02-29,L - Grant Dawson,2022-11-05,L - Shayilan Nuerdanbieke
Makwan Amirkhani,1988-11-08,FALSE,FALSE,FALSE,FALSE,FALSE,FALSE,FALSE,NA,"Finland, Iran",male,featherweight,16,16,14,7,1 KO 4 Sub 2 Dec,7,3 KO 1 Sub 3 Dec,-2,3,7729,30.7,28.9,3,6.4,2560,2860,2720,2015-01-24,W - Andy Ogle,2023-03-18,L - Jack Shore
Gabriel Gonzaga,1979-05-18,FALSE,FALSE,FALSE,FALSE,FALSE,FALSE,FALSE,NA,Brazil,male,heavyweight,11,16,22,12,7 KO 4 Sub 1 Dec,10,8 KO 0 Sub 2 Dec,-1,4,8255,31.6,32.2,3,4,2580,2859,2704,2005-11-19,W - Kevin Jordan,2016-04-10,L - Derrick Lewis
Erick Silva,1984-06-21,FALSE,FALSE,FALSE,FALSE,FALSE,FALSE,FALSE,NA,Brazil,male,welterweight,14,16,15,7,2 KO 5 Sub 0 Dec,8,4 KO 0 Sub 3 Dec,-2,2,6365,30.1,30.6,7,4.8,2553,2859,2727,2011-08-27,W - Luis Ramos,2017-12-16,L - Jordan Mein
George Sullivan,1981-03-13,FALSE,FALSE,FALSE,FALSE,FALSE,FALSE,FALSE,NA,United States,male,welterweight,16,16,7,3,1 KO 0 Sub 2 Dec,4,1 KO 3 Sub 0 Dec,-3,2,3941,34.9,28.8,0,9.6,2473,2859,2672,2014-01-25,W - Mike Rhodes,2018-08-25,L - Mickey Gall
Matthew Lopez,1987-01-21,FALSE,FALSE,FALSE,FALSE,FALSE,FALSE,FALSE,NA,United States,male,bantamweight,13,16,6,2,1 KO 0 Sub 1 Dec,4,2 KO 1 Sub 1 Dec,-3,2,4068,30.6,32.3,0,9.3,2657,2858,2838,2016-07-13,L - Rani Yahya,2018-12-08,L - Brad Katona
Joe Duffy,1988-02-18,TRUE,FALSE,FALSE,FALSE,FALSE,FALSE,FALSE,NA,Ireland,male,lightweight,16,16,8,4,1 KO 2 Sub 1 Dec,4,1 KO 1 Sub 2 Dec,-3,2,3761,29.1,30.5,1,6.9,2542,2858,2697,2015-03-14,W - Jake Lindsey,2020-07-18,L - Joel Alvarez
Efrain Escudero,1986-01-15,TRUE,FALSE,FALSE,FALSE,FALSE,FALSE,FALSE,NA,Mexico,male,lightweight,16,16,12,5,1 KO 1 Sub 3 Dec,7,0 KO 2 Sub 5 Dec,-2,2,8934,26.6,27,0,6,2459,2858,2653,2008-12-13,W - Phillipe Nover,2016-04-23,L - Kevin Lee
Livinha Souza,1991-03-11,FALSE,FALSE,FALSE,FALSE,FALSE,FALSE,FALSE,NA,Brazil,female,women's strawweight,15,16,6,3,0 KO 1 Sub 2 Dec,3,1 KO 0 Sub 2 Dec,-2,2,3900,29,33.4,0,11,2458,2858,2512,2018-09-22,W - Alex Chambers,2021-10-23,L - Randa Markos
Sheymon Moraes,1990-10-11,FALSE,FALSE,FALSE,FALSE,FALSE,FALSE,FALSE,NA,Brazil,male,featherweight,16,16,5,2,0 KO 0 Sub 2 Dec,3,1 KO 1 Sub 1 Dec,-2,2,3757,28,27,0,7,2875,2857,2830,2017-11-25,L - Zabit Magomedsharipov,2019-07-13,L - Andre Fili
Tom Duquesnoy,1993-06-21,FALSE,FALSE,FALSE,FALSE,FALSE,FALSE,FALSE,NA,France,male,bantamweight,16,16,3,2,1 KO 0 Sub 1 Dec,1,0 KO 0 Sub 1 Dec,1,1,2128,24.3,31.8,0,5,2857,2857,2656,2017-04-15,W - Patrick Williams,2018-03-17,W - Terrion Ware
John Hathaway,1987-07-01,FALSE,FALSE,FALSE,FALSE,FALSE,FALSE,FALSE,NA,"United Kingdom, England",male,welterweight,16,16,9,7,1 KO 0 Sub 6 Dec,2,1 KO 0 Sub 1 Dec,-1,4,7238,23.6,NA,0,5.8,2804,2857,2610,2009-01-17,W - Tom Egan,2014-03-01,L - Dong Hyun Kim
Alexis Davis,1984-10-04,FALSE,FALSE,FALSE,FALSE,TRUE,FALSE,FALSE,NA,Canada,female,women's bantamweight,2,16,14,8,0 KO 1 Sub 7 Dec,6,1 KO 1 Sub 4 Dec,1,3,10800,32.8,30.5,0,6.9,2606,2857,2640,2013-06-15,W - Rosi Sexton,2022-02-05,W - Julija Stoliarenko
Josh Culibao,1994-05-24,FALSE,FALSE,FALSE,FALSE,FALSE,FALSE,FALSE,NA,"Australia, Philippines",male,featherweight,16,16,8,3,0 KO 1 Sub 2 Dec,4,1 KO 0 Sub 3 Dec,-3,3,6303,28.1,28.2,0,7.5,2635,2856,2699,2020-02-22,L - Jalin Turner,2024-08-17,L - Ricardo Ramos
Vinny Magalhaes,1984-07-02,TRUE,FALSE,FALSE,FALSE,FALSE,FALSE,FALSE,NA,Brazil,male,light heavyweight,16,16,5,1,0 KO 1 Sub 0 Dec,4,2 KO 0 Sub 2 Dec,-2,1,2326,27.1,31.5,0,6,2627,2856,2662,2008-12-13,L - Ryan Bader,2013-08-03,L - Anthony Perosh
Maxim Grishin,1984-05-02,FALSE,FALSE,FALSE,FALSE,FALSE,FALSE,FALSE,NA,Russia,male,"light heavyweight, heavyweight",16,16,5,2,1 KO 0 Sub 1 Dec,3,0 KO 0 Sub 3 Dec,-1,1,4198,37.3,34.6,0,11.2,2602,2856,2768,2020-07-11,L - Marcin Tybura,2023-06-03,L - Philipe Lins
Ricardo Almeida,1976-11-29,FALSE,FALSE,FALSE,TRUE,FALSE,FALSE,FALSE,NA,United States,male,welterweight,16,16,11,6,0 KO 3 Sub 3 Dec,5,1 KO 1 Sub 2 Dec,-1,3,6801,30.7,30.2,0,5.8,2741,2855,2644,2001-05-04,L - Matt Lindland,2011-03-19,L - Mike Pyle
Ed Herman,1980-10-02,TRUE,FALSE,FALSE,FALSE,TRUE,FALSE,FALSE,NA,United States,male,light heavyweight,16,16,26,13,4 KO 5 Sub 4 Dec,12,4 KO 2 Sub 6 Dec,-2,3,15483,32.7,31,6,6,2664,2855,2660,2006-06-24,L - Kendall Grove,2023-04-15,L - Zak Cummings
Karl Williams,1990-01-06,FALSE,FALSE,TRUE,FALSE,FALSE,FALSE,FALSE,NA,"United States, U.S. Virgin Islands",male,heavyweight,16,16,4,3,0 KO 0 Sub 3 Dec,1,0 KO 0 Sub 1 Dec,-1,3,3600,33.8,31.9,0,6,2449,2855,2646,2023-03-11,W - Lukasz Brzeski,2024-08-10,L - Jhonata Diniz
Steven Siler,1987-02-15,TRUE,FALSE,FALSE,FALSE,FALSE,FALSE,FALSE,NA,United States,male,featherweight,16,16,9,5,1 KO 1 Sub 3 Dec,4,1 KO 0 Sub 3 Dec,-3,3,5694,26.1,29.1,0,9.1,2339,2855,2613,2011-12-03,W - Josh Clopton,2014-07-26,L - Noad Lahat
Jordan Johnson,1988-11-18,FALSE,FALSE,FALSE,FALSE,FALSE,FALSE,FALSE,NA,United States,male,"middleweight, light heavyweight",15,16,4,4,0 KO 1 Sub 3 Dec,0,0 KO 0 Sub 0 Dec,4,4,3042,29,30,0,9,2793,2854,2642,2017-01-28,W - Luis Henrique da Silva,2018-09-15,W - Adam Yandiev
Zach Makovsky,1983-04-19,FALSE,FALSE,FALSE,FALSE,FALSE,FALSE,FALSE,NA,United States,male,flyweight,6,16,7,3,0 KO 0 Sub 3 Dec,4,0 KO 0 Sub 4 Dec,-3,2,6300,31.9,29.8,0,7.9,2647,2854,2727,2013-12-14,W - Scott Jorgensen,2016-12-10,L - Dustin Ortiz
Ricky Glenn,1989-04-12,FALSE,FALSE,FALSE,FALSE,FALSE,FALSE,FALSE,NA,United States,male,"welterweight, lightweight",16,16,11,4,1 KO 0 Sub 3 Dec,6,2 KO 0 Sub 4 Dec,-3,2,7488,30.9,32.1,1,6.5,2560,2854,2799,2016-09-17,L - Evan Dunham,2024-08-17,L - Song Kenan
Kurt Pellegrino,1979-05-07,FALSE,FALSE,FALSE,FALSE,FALSE,TRUE,FALSE,NA,United States,male,lightweight,16,16,12,7,1 KO 4 Sub 2 Dec,5,0 KO 2 Sub 3 Dec,-2,4,7437,29.3,27.1,2,5.9,2555,2854,2608,2006-07-08,L - Drew Fickett,2011-03-19,L - Gleison Tibau
Oskar Piechota,1990-01-24,FALSE,FALSE,FALSE,FALSE,FALSE,FALSE,FALSE,NA,Poland,male,middleweight,16,16,6,2,1 KO 0 Sub 1 Dec,3,1 KO 2 Sub 0 Dec,0,2,2962,29,30,0,9,2542,2853,2645,2017-10-21,W - Jonathan Wilson,2020-06-20,NC - Marc-Andre Barriault
Jeremy Horn,1975-08-25,FALSE,FALSE,FALSE,TRUE,FALSE,TRUE,FALSE,NA,United States,male,middleweight,16,16,13,6,2 KO 3 Sub 1 Dec,7,1 KO 5 Sub 1 Dec,-3,4,6647,27.5,30.3,0,4.2,2468,2853,2473,1998-05-15,L - Frank Shamrock,2009-01-17,L - Rousimar Palhares
Danny Henry,1988-07-17,FALSE,FALSE,FALSE,FALSE,FALSE,FALSE,FALSE,NA,"United Kingdom, Scotland",male,featherweight,16,16,4,2,0 KO 1 Sub 1 Dec,2,0 KO 2 Sub 0 Dec,-2,2,1211,30.3,28.9,1,8.8,2653,2852,2744,2017-07-16,W - Daniel Teymur,2020-07-11,L - Makwan Amirkhani
Michael Trizano,1991-12-31,TRUE,FALSE,FALSE,FALSE,FALSE,FALSE,FALSE,NA,United States,male,featherweight,16,16,7,4,1 KO 0 Sub 3 Dec,3,1 KO 1 Sub 1 Dec,1,2,4993,28.8,27.4,1,6.9,2752,2851,2767,2018-07-06,W - Joe Giannetti,2022-11-12,W - SeungWoo Choi
Cole Miller,1984-04-26,TRUE,FALSE,FALSE,FALSE,FALSE,FALSE,FALSE,NA,United States,male,featherweight,16,16,20,10,1 KO 7 Sub 2 Dec,9,2 KO 0 Sub 7 Dec,-2,2,12109,27.6,27.2,5,7,2431,2851,2582,2007-06-23,W - Andy Wang,2016-12-17,L - Mizuto Hirota
Rodrigo Nascimento,1992-11-26,FALSE,FALSE,TRUE,FALSE,FALSE,FALSE,FALSE,NA,Brazil,male,heavyweight,14,16,8,4,0 KO 1 Sub 3 Dec,3,2 KO 0 Sub 1 Dec,-2,3,5108,29.8,33.7,0,7.1,2645,2849,2741,2020-05-16,W - Don'Tale Mayes,2024-11-02,L - Alexandr Romanov
Nordine Taleb,1981-06-10,TRUE,FALSE,FALSE,FALSE,FALSE,FALSE,FALSE,NA,France,male,welterweight,16,16,12,7,2 KO 0 Sub 5 Dec,5,2 KO 2 Sub 1 Dec,-1,3,7431,35.6,31.2,1,7.9,2645,2849,2692,2014-04-16,W - Vik Grujic,2019-09-07,L - Muslim Salikhov
SeungWoo Choi,1992-11-03,FALSE,FALSE,FALSE,FALSE,FALSE,FALSE,FALSE,NA,South Korea,male,featherweight,16,16,11,4,1 KO 0 Sub 3 Dec,7,3 KO 2 Sub 2 Dec,-2,3,6481,29.2,29,1,7.2,2516,2847,2696,2019-04-20,L - Movsar Evloev,2025-03-15,L - Kevin Vallejos
Takanori Gomi,1978-09-22,FALSE,FALSE,FALSE,TRUE,FALSE,FALSE,FALSE,NA,Japan,male,lightweight,16,16,13,4,2 KO 0 Sub 2 Dec,9,4 KO 4 Sub 1 Dec,-5,2,5360,35,31,3,4.8,2436,2847,2727,2010-03-31,L - Kenny Florian,2017-09-22,L - Dong Hyun Ma
Khalid Murtazaliev,1993-07-15,FALSE,FALSE,FALSE,FALSE,FALSE,FALSE,FALSE,NA,Russia,male,middleweight,16,16,1,1,1 KO 0 Sub 0 Dec,0,0 KO 0 Sub 0 Dec,1,1,600,25.2,35.1,0,5,2783,2846,2864,2018-09-15,W - C.B. Dollaway,2018-09-15,W - C.B. Dollaway
Paul Sass,1988-08-04,FALSE,FALSE,FALSE,FALSE,FALSE,FALSE,FALSE,NA,"United Kingdom, England",male,lightweight,16,16,5,3,0 KO 3 Sub 0 Dec,2,0 KO 1 Sub 1 Dec,-2,3,1707,23.6,28.9,2,7.2,2651,2845,2669,2010-10-16,W - Mark Holst,2013-02-16,L - Danny Castillo
Klidson Abreu,1992-12-24,FALSE,FALSE,FALSE,FALSE,FALSE,FALSE,FALSE,NA,Brazil,male,light heavyweight,16,16,4,1,0 KO 0 Sub 1 Dec,2,0 KO 0 Sub 2 Dec,0,1,2811,26.8,29.6,0,7.2,2473,2844,2724,2019-02-23,L - Magomed Ankalaev,2020-05-30,NC - Jamahal Hill
Diego Brandao,1987-05-27,TRUE,FALSE,FALSE,FALSE,FALSE,FALSE,FALSE,NA,Brazil,male,featherweight,14,16,10,6,2 KO 2 Sub 2 Dec,4,2 KO 1 Sub 1 Dec,-1,3,4762,26.6,27.2,3,5.7,2875,2843,2658,2011-12-03,W - Dennis Bermudez,2016-01-02,L - Brian Ortega
Tucker Lutz,1994-07-12,FALSE,FALSE,TRUE,FALSE,FALSE,FALSE,FALSE,NA,United States,male,featherweight,16,16,4,1,0 KO 0 Sub 1 Dec,3,0 KO 1 Sub 2 Dec,-3,1,3170,28,33.2,0,7.5,2568,2843,2763,2021-05-15,W - Kevin Aguilar,2023-07-15,L - Melsik Baghdasaryan
Marc Diakiese,1993-03-16,FALSE,FALSE,FALSE,FALSE,FALSE,FALSE,FALSE,NA,"DR Congo, United Kingdom, England",male,lightweight,16,16,15,8,2 KO 0 Sub 6 Dec,7,0 KO 3 Sub 4 Dec,1,3,10926,26.9,29.5,2,7.7,2790,2842,2665,2016-10-08,W - Lukasz Sajewski,2023-11-04,W - Kaue Fernandes
Magomed Mustafaev,1988-08-02,FALSE,FALSE,FALSE,FALSE,FALSE,FALSE,FALSE,NA,Russia,male,lightweight,16,16,5,3,3 KO 0 Sub 0 Dec,2,0 KO 1 Sub 1 Dec,-1,2,2175,29,27.4,1,8.6,2731,2842,2701,2015-06-20,W - Piotr Hallmann,2020-02-22,L - Brad Riddell
Emil Weber Meek,1988-08-20,FALSE,FALSE,FALSE,FALSE,FALSE,FALSE,FALSE,NA,Norway,male,welterweight,16,16,4,1,0 KO 0 Sub 1 Dec,3,0 KO 0 Sub 3 Dec,-3,1,3600,29.8,28.9,0,6,2579,2841,2869,2016-12-10,W - Jordan Mein,2020-02-22,L - Jake Matthews
John Makdessi,1985-05-03,FALSE,FALSE,FALSE,FALSE,FALSE,FALSE,FALSE,NA,"Canada, Lebanon",male,lightweight,16,16,20,11,3 KO 0 Sub 8 Dec,9,2 KO 1 Sub 6 Dec,-2,3,14563,30.9,29.7,1,7.8,2539,2841,2666,2010-12-11,W - Pat Audinwood,2023-09-09,L - Jamie Mullarkey
Dan Miller,1981-06-30,FALSE,FALSE,FALSE,FALSE,FALSE,FALSE,FALSE,NA,United States,male,"middleweight, welterweight",16,16,13,6,0 KO 4 Sub 2 Dec,7,1 KO 0 Sub 6 Dec,-2,3,8837,29.4,30.1,1,6.7,2503,2841,2675,2008-09-17,W - Rob Kimmons,2015-07-12,L - Trevor Smith
Jeremy Kennedy,1992-09-16,FALSE,FALSE,FALSE,FALSE,FALSE,FALSE,FALSE,NA,Canada,male,featherweight,16,16,4,3,0 KO 0 Sub 3 Dec,1,1 KO 0 Sub 0 Dec,-1,3,3297,24.7,31.7,0,9.5,2868,2840,2707,2016-08-27,W - Alex Ricci,2018-02-10,L - Alexander Volkanovski
Tony Gravely,1991-09-28,FALSE,FALSE,TRUE,FALSE,FALSE,FALSE,FALSE,NA,United States,male,bantamweight,16,16,8,4,2 KO 0 Sub 2 Dec,4,1 KO 1 Sub 2 Dec,-2,2,5262,30,30.6,2,9.2,2729,2840,2713,2020-01-25,L - Brett Johns,2023-03-11,L - Victor Henry
Roan Carneiro,1978-06-02,FALSE,FALSE,FALSE,FALSE,FALSE,FALSE,FALSE,NA,Brazil,male,"welterweight, middleweight",13,16,9,4,1 KO 1 Sub 2 Dec,5,1 KO 2 Sub 2 Dec,-1,1,5268,33.2,32.1,0,6.6,2607,2839,2707,2007-04-05,W - Rich Clementi,2017-02-11,L - Ryan LaFlare
Jason Lambert,1977-09-23,FALSE,FALSE,FALSE,FALSE,FALSE,TRUE,FALSE,NA,United States,male,"middleweight, light heavyweight",16,16,8,4,3 KO 1 Sub 0 Dec,4,3 KO 1 Sub 0 Dec,-3,3,2673,29.5,29.3,2,6.5,2388,2839,2579,2006-03-04,W - Rob MacDonald,2008-09-06,L - Jason MacDonald
Dustin Hazelett,1986-04-29,FALSE,FALSE,FALSE,FALSE,FALSE,FALSE,FALSE,NA,United States,male,"lightweight, welterweight",16,16,10,5,0 KO 4 Sub 1 Dec,5,3 KO 2 Sub 0 Dec,-3,3,3264,22.3,NA,3,5.8,2510,2836,2616,2006-10-10,L - Tony DeSouza,2010-12-11,L - Mark Bocek
Travis Lutter,1973-05-12,TRUE,FALSE,FALSE,FALSE,FALSE,FALSE,FALSE,NA,United States,male,middleweight,16,16,6,2,1 KO 1 Sub 0 Dec,4,1 KO 2 Sub 1 Dec,-2,1,2788,33,32.2,1,3.8,2748,2835,2725,2004-10-22,W - Marvin Eastman,2008-04-19,L - Rich Franklin
Mounir Lazzez,1987-11-16,FALSE,FALSE,FALSE,FALSE,FALSE,FALSE,FALSE,NA,Tunisia,male,welterweight,16,16,4,2,0 KO 0 Sub 2 Dec,2,1 KO 1 Sub 0 Dec,-1,1,2004,33.9,29.9,1,5.5,2683,2835,2756,2020-07-15,W - Abdul Razak Alhassan,2023-01-21,L - Gabriel Bonfim
Eddie Gordon,1983-07-22,TRUE,FALSE,FALSE,FALSE,FALSE,FALSE,FALSE,NA,Jamaica,male,middleweight,16,16,4,1,1 KO 0 Sub 0 Dec,3,1 KO 1 Sub 1 Dec,-3,1,2336,31.5,26.3,0,6,2287,2835,2653,2014-07-06,W - Dhiego Lima,2015-06-27,L - Antonio Carlos Junior
Peter Sobotta,1987-01-11,FALSE,FALSE,FALSE,FALSE,FALSE,FALSE,FALSE,NA,Germany,male,welterweight,16,16,10,4,1 KO 1 Sub 2 Dec,6,2 KO 0 Sub 4 Dec,-2,2,7046,27.9,31,0,5.8,2664,2834,2659,2009-06-13,L - Paul Taylor,2020-07-25,L - Alex Oliveira
Kenny Robertson,1984-02-14,FALSE,FALSE,FALSE,FALSE,FALSE,FALSE,FALSE,NA,United States,male,welterweight,16,16,9,4,1 KO 2 Sub 1 Dec,5,1 KO 0 Sub 4 Dec,-2,3,5273,29.9,32.6,2,7.1,2568,2834,2654,2011-02-05,L - Mike Pierce,2016-09-17,L - Roan Carneiro
Jimmy Flick,1990-09-07,FALSE,FALSE,TRUE,FALSE,FALSE,FALSE,FALSE,NA,United States,male,flyweight,16,16,6,2,0 KO 2 Sub 0 Dec,4,2 KO 0 Sub 2 Dec,-2,1,3011,32.9,31.8,1,9.2,2506,2834,2667,2020-12-19,W - Cody Durden,2025-04-26,L - Matt Schnell
Danny Roberts,1987-07-14,FALSE,FALSE,FALSE,FALSE,FALSE,FALSE,FALSE,NA,"United Kingdom, England",male,welterweight,16,16,14,7,3 KO 1 Sub 3 Dec,7,5 KO 1 Sub 1 Dec,-3,2,7635,31.8,30.9,3,6.8,2433,2832,2707,2015-12-10,W - Nathan Coy,2023-07-22,L - Jonny Parsons
Tim Johnson,1985-03-13,FALSE,FALSE,FALSE,FALSE,FALSE,FALSE,FALSE,NA,United States,male,heavyweight,12,16,7,4,1 KO 0 Sub 3 Dec,3,1 KO 0 Sub 2 Dec,1,1,4968,31.5,29.6,1,6,2760,2831,2735,2015-04-04,W - Shamil Abdurakhimov,2018-02-03,W - Marcelo Golm
Lauren Murphy,1983-07-27,TRUE,FALSE,FALSE,FALSE,FALSE,FALSE,FALSE,NA,United States,female,women's flyweight,2,12,15,8,2 KO 1 Sub 5 Dec,7,1 KO 0 Sub 6 Dec,-2,5,13152,36,33,1,7.1,2668,2829,2681,2014-08-16,L - Sara McMann,2025-07-12,L - Eduarda Moura
Hacran Dias,1984-05-16,FALSE,FALSE,FALSE,FALSE,FALSE,FALSE,FALSE,NA,Brazil,male,"lightweight, featherweight",10,16,8,3,0 KO 0 Sub 3 Dec,5,0 KO 0 Sub 5 Dec,-3,2,7200,30.8,29.7,0,5.9,2652,2829,2818,2012-06-23,W - Iuri Alcantara,2017-10-28,L - Jared Gordon
Ramsey Nijem,1988-04-01,TRUE,FALSE,FALSE,FALSE,FALSE,FALSE,FALSE,NA,"Palestine, United States",male,lightweight,16,16,10,5,2 KO 0 Sub 3 Dec,5,3 KO 1 Sub 1 Dec,-2,3,5076,25.2,27.2,2,6.8,2595,2828,2658,2011-06-04,L - Tony Ferguson,2015-07-25,L - Andrew Holbrook
Jonathan Brookins,1985-08-13,TRUE,FALSE,FALSE,FALSE,FALSE,TRUE,FALSE,NA,United States,male,featherweight,16,16,5,2,1 KO 0 Sub 1 Dec,3,0 KO 2 Sub 1 Dec,-2,1,2609,26.4,24.7,0,3.6,2319,2828,2658,2010-12-04,W - Michael Johnson,2012-12-15,L - Dustin Poirier
Vladimir Matyushenko,1971-01-04,FALSE,FALSE,FALSE,FALSE,FALSE,FALSE,FALSE,NA,Belarus,male,light heavyweight,16,16,12,7,2 KO 1 Sub 4 Dec,5,3 KO 1 Sub 1 Dec,-2,2,5924,36.6,28,0,5.2,2538,2827,2616,2001-06-29,W - Yuki Kondo,2013-01-26,L - Ryan Bader
Tristan Connelly,1985-12-12,FALSE,FALSE,FALSE,FALSE,FALSE,FALSE,FALSE,NA,Canada,male,featherweight,16,16,3,1,0 KO 0 Sub 1 Dec,2,0 KO 0 Sub 2 Dec,-2,1,2700,35.2,31.5,0,6,2601,2826,2690,2019-09-14,W - Michel Pereira,2022-04-30,L - Darren Elkins
Jay Hieron,1976-07-29,FALSE,FALSE,FALSE,FALSE,TRUE,TRUE,FALSE,NA,United States,male,welterweight,16,16,4,0,0 KO 0 Sub 0 Dec,4,3 KO 0 Sub 1 Dec,-4,-1,1703,32.4,26.9,0,6,2715,2825,2802,2004-06-19,L - Georges St-Pierre,2013-02-02,L - Tyron Woodley
Chris Leben,1980-07-21,TRUE,FALSE,FALSE,FALSE,FALSE,TRUE,FALSE,NA,United States,male,middleweight,16,16,22,12,7 KO 2 Sub 3 Dec,10,4 KO 2 Sub 4 Dec,-4,5,11935,28.4,29.7,5,3.2,2527,2825,2606,2005-04-09,W - Jason Thacker,2013-12-28,L - Uriah Hall
Matt Lindland,1970-05-17,FALSE,FALSE,FALSE,FALSE,TRUE,FALSE,FALSE,NA,United States,male,middleweight,16,16,12,9,3 KO 1 Sub 4 Dec,3,2 KO 1 Sub 0 Dec,2,4,7018,32.7,29.7,0,4.6,2499,2825,2482,2000-12-16,W - Yoji Anjo,2005-08-20,W - Joe Doerksen
Austin Hubbard,1991-12-22,TRUE,FALSE,FALSE,FALSE,FALSE,FALSE,FALSE,NA,United States,male,lightweight,16,16,12,4,1 KO 0 Sub 3 Dec,8,0 KO 2 Sub 6 Dec,-3,1,9390,30.3,30.6,0,8.2,2662,2824,2740,2019-05-18,L - Davi Ramos,2025-08-23,L - Rongzhu
David Loiseau,1979-12-17,FALSE,FALSE,FALSE,FALSE,FALSE,FALSE,FALSE,NA,Canada,male,middleweight,16,16,9,4,4 KO 0 Sub 0 Dec,5,1 KO 0 Sub 4 Dec,-4,3,6267,26.3,30.8,0,5.2,2419,2824,2581,2003-04-25,W - Mark Weir,2010-06-12,L - Mario Miranda
Chris Wade,1987-09-30,FALSE,FALSE,FALSE,FALSE,FALSE,FALSE,FALSE,NA,United States,male,lightweight,16,16,7,5,0 KO 2 Sub 3 Dec,2,0 KO 0 Sub 2 Dec,1,4,4842,28.2,27.4,0,8,2844,2822,2606,2014-08-30,W - Cain Carrizosa,2017-07-22,W - Frankie Perez
Lucas Almeida,1991-01-31,FALSE,FALSE,TRUE,FALSE,FALSE,FALSE,FALSE,NA,Brazil,male,featherweight,16,16,6,2,1 KO 0 Sub 1 Dec,4,2 KO 1 Sub 1 Dec,-2,1,3177,33.1,29.2,1,5.8,2539,2822,2693,2022-06-04,W - Michael Trizano,2025-10-11,L - Michael Aswell Jr.
Wanderlei Silva,1976-07-03,FALSE,FALSE,FALSE,TRUE,FALSE,FALSE,FALSE,TRUE,Brazil,male,"light heavyweight, middleweight",16,16,12,5,4 KO 0 Sub 1 Dec,7,3 KO 0 Sub 4 Dec,1,1,7318,31.2,32.2,7,2.1,2631,2821,2708,1998-10-16,L - Vitor Belfort,2013-03-02,W - Brian Stann
Rogerio Bontorin,1992-04-25,FALSE,FALSE,TRUE,FALSE,FALSE,FALSE,FALSE,NA,Brazil,male,flyweight,6,16,6,2,1 KO 0 Sub 1 Dec,3,1 KO 0 Sub 2 Dec,-1,2,4071,28.3,28.2,0,7.2,2487,2821,2740,2019-02-02,W - Magomed Bibulatov,2022-01-15,L - Brandon Royval
Mark Coleman,1964-12-20,FALSE,FALSE,FALSE,TRUE,FALSE,FALSE,FALSE,TRUE,United States,male,light heavyweight,-1,16,12,7,1 KO 5 Sub 1 Dec,5,2 KO 1 Sub 2 Dec,-1,6,6702,35.3,NA,1,3,2734,2820,2475,1996-07-12,W - Moti Horenstein,2010-02-06,L - Randy Couture
Eddie Wineland,1984-06-26,FALSE,FALSE,FALSE,FALSE,FALSE,TRUE,FALSE,NA,United States,male,bantamweight,4,16,16,6,5 KO 0 Sub 1 Dec,10,5 KO 0 Sub 5 Dec,-3,2,9060,31.7,31.5,2,6.7,2533,2820,2777,2011-03-19,L - Urijah Faber,2022-06-18,L - Cody Stamann
Mac Danzig,1980-01-02,TRUE,FALSE,FALSE,TRUE,FALSE,TRUE,FALSE,NA,United States,male,lightweight,16,16,13,5,1 KO 2 Sub 2 Dec,8,1 KO 2 Sub 5 Dec,-3,2,8451,30.7,27.6,4,5.1,2529,2820,2641,2007-12-08,W - Thomas Speer,2013-12-14,L - Joe Lauzon
Nina Nunes,1985-12-03,FALSE,FALSE,FALSE,FALSE,FALSE,FALSE,FALSE,NA,United States,female,"women's flyweight, women's strawweight",3,11,9,5,0 KO 1 Sub 4 Dec,4,0 KO 1 Sub 3 Dec,1,4,7407,32.6,31,0,7.7,2682,2819,2633,2014-11-08,L - Juliana Lima,2022-08-13,W - Cynthia Calvillo
Marcus Davis,1973-08-24,TRUE,FALSE,FALSE,FALSE,FALSE,FALSE,FALSE,NA,United States,male,"lightweight, welterweight",16,16,15,9,3 KO 4 Sub 2 Dec,6,3 KO 1 Sub 2 Dec,-2,6,7861,34.9,28.9,5,5.7,2365,2819,2567,2005-11-05,L - Melvin Guillard,2011-01-01,L - Jeremy Stephens
Mike Russow,1976-11-09,FALSE,FALSE,FALSE,TRUE,FALSE,FALSE,FALSE,NA,United States,male,heavyweight,16,16,6,4,2 KO 0 Sub 2 Dec,2,2 KO 0 Sub 0 Dec,-2,4,3828,34.6,31.4,1,5.7,2596,2818,2611,2009-08-29,W - Justin McCully,2013-01-26,L - Shawn Jordan
Brandon Vera,1977-10-10,FALSE,FALSE,FALSE,FALSE,FALSE,TRUE,FALSE,NA,United States,male,"heavyweight, light heavyweight",16,16,16,8,4 KO 1 Sub 3 Dec,7,4 KO 0 Sub 3 Dec,-2,4,9674,31.4,NA,0,3.5,2560,2816,2655,2005-10-03,W - Fabiano Scherner,2013-08-31,L - Ben Rothwell
Mitch Gagnon,1984-10-10,FALSE,FALSE,FALSE,FALSE,FALSE,FALSE,FALSE,NA,Canada,male,bantamweight,13,16,8,4,0 KO 3 Sub 1 Dec,4,0 KO 2 Sub 2 Dec,-3,4,4672,30.1,28.2,2,8.9,2525,2816,2635,2012-07-21,L - Bryan Caraway,2019-05-04,L - Cole Smith
Luke Barnatt,1988-04-13,TRUE,FALSE,FALSE,FALSE,FALSE,FALSE,FALSE,NA,"United Kingdom, England",male,middleweight,16,16,6,3,1 KO 1 Sub 1 Dec,3,0 KO 0 Sub 3 Dec,-3,3,4296,26,28.9,1,5.8,2407,2816,2617,2013-04-13,W - Collin Hart,2015-05-16,L - Mark Munoz
Juan Espino,1980-10-09,TRUE,FALSE,FALSE,FALSE,FALSE,FALSE,FALSE,NA,Spain,male,heavyweight,16,16,3,2,0 KO 2 Sub 0 Dec,1,0 KO 0 Sub 1 Dec,-1,2,1109,39.5,30.7,1,6,2788,2815,2681,2018-11-30,W - Justin Frazier,2021-04-17,L - Alexandr Romanov
Michelle Waterson-Gomez,1986-01-06,FALSE,FALSE,FALSE,FALSE,TRUE,FALSE,FALSE,NA,United States,female,women's strawweight,6,16,15,6,0 KO 2 Sub 4 Dec,9,1 KO 2 Sub 6 Dec,-5,3,13096,34,31.4,2,3.9,2465,2815,2687,2015-07-12,W - Angela Magana,2024-06-29,L - Gillian Robertson
Liz Carmouche,1984-02-19,FALSE,FALSE,FALSE,FALSE,TRUE,FALSE,FALSE,NA,United States,female,women's flyweight,2,16,10,5,1 KO 0 Sub 4 Dec,5,0 KO 1 Sub 4 Dec,-1,2,8626,32.1,28.3,0,5,3046,2813,2694,2013-02-23,L - Ronda Rousey,2019-08-10,L - Valentina Shevchenko
Adlan Amagov,1986-10-30,FALSE,FALSE,FALSE,FALSE,TRUE,FALSE,FALSE,NA,Russia,male,welterweight,16,16,2,2,1 KO 0 Sub 1 Dec,0,0 KO 0 Sub 0 Dec,2,2,1080,26.7,25.4,0,9.5,2865,2813,2635,2013-04-06,W - Chris Spang,2013-10-19,W - TJ Waldburger
Tom Lawlor,1983-05-15,TRUE,FALSE,FALSE,FALSE,FALSE,FALSE,FALSE,NA,United States,male,"light heavyweight, middleweight",15,16,11,6,2 KO 2 Sub 2 Dec,5,0 KO 2 Sub 3 Dec,-1,2,5854,28.6,29.7,4,6.5,2654,2813,2636,2008-12-13,W - Kyle Kingsbury,2016-03-05,L - Corey Anderson
Trevor Smith,1981-01-05,FALSE,FALSE,FALSE,FALSE,TRUE,FALSE,FALSE,NA,United States,male,middleweight,16,16,12,5,0 KO 0 Sub 5 Dec,7,3 KO 0 Sub 4 Dec,-3,2,9025,35.2,30.1,1,8.4,2623,2813,2758,2013-07-27,L - Ed Herman,2019-12-07,L - Makhmud Muradov
Shane Roller,1979-07-14,FALSE,FALSE,FALSE,FALSE,FALSE,TRUE,FALSE,NA,United States,male,lightweight,16,16,6,2,1 KO 0 Sub 1 Dec,4,1 KO 2 Sub 1 Dec,-1,1,3210,32.4,28.8,1,7.8,2549,2812,2664,2011-03-03,W - Thiago Tavares,2012-10-05,L - Jacob Volkmann
Rhys McKee,1995-09-10,FALSE,FALSE,FALSE,FALSE,FALSE,FALSE,FALSE,NA,"United Kingdom, Northern Ireland",male,welterweight,16,16,6,1,1 KO 0 Sub 0 Dec,5,2 KO 0 Sub 3 Dec,-1,1,3911,27.7,30.2,1,7,2742,2811,2734,2020-07-25,L - Khamzat Chimaev,2025-09-06,L - Axel Sola
Greg Hardy,1988-07-28,FALSE,FALSE,TRUE,FALSE,FALSE,FALSE,FALSE,NA,United States,male,heavyweight,16,16,10,4,3 KO 0 Sub 1 Dec,5,3 KO 0 Sub 1 Dec,-3,2,4474,31.8,31,0,3.3,2598,2811,2692,2019-01-19,L - Allen Crowder,2022-03-05,L - Serghei Spivac
Carlo Prater,1981-06-25,FALSE,FALSE,FALSE,FALSE,TRUE,TRUE,FALSE,NA,Brazil,male,"lightweight, welterweight",16,16,3,1,0 KO 0 Sub 0 Dec,2,0 KO 0 Sub 2 Dec,-2,1,1829,30.9,28.7,0,6.7,2256,2811,2624,2012-01-14,W - Erick Silva,2012-10-05,L - Marcus LeVesseur
Jack Marshman,1989-12-19,FALSE,FALSE,FALSE,FALSE,FALSE,FALSE,FALSE,NA,"United Kingdom, Wales",male,middleweight,16,16,8,3,1 KO 0 Sub 2 Dec,5,1 KO 2 Sub 2 Dec,-2,1,4895,28.5,30.5,1,6.9,2520,2810,2735,2016-11-19,W - Magnus Cedenblad,2020-10-31,L - Sean Strickland
Martin Bravo,1993-09-21,TRUE,FALSE,FALSE,FALSE,FALSE,FALSE,FALSE,NA,Mexico,male,featherweight,16,16,4,1,1 KO 0 Sub 0 Dec,3,2 KO 0 Sub 1 Dec,-3,1,1732,24.4,25.7,1,4.2,2412,2809,2583,2016-11-05,W - Claudio Puelles,2019-09-21,L - Steven Peterson
Scott Jorgensen,1982-09-17,FALSE,FALSE,FALSE,FALSE,FALSE,TRUE,FALSE,NA,United States,male,"bantamweight, flyweight",7,16,12,4,1 KO 1 Sub 2 Dec,8,2 KO 3 Sub 3 Dec,-3,2,7647,30.9,29.6,4,6.7,2366,2809,2607,2011-06-04,W - Ken Stone,2015-11-21,L - Alejandro Perez
Pannie Kianzad,1991-12-08,TRUE,FALSE,FALSE,FALSE,FALSE,FALSE,FALSE,NA,Sweden,female,women's bantamweight,6,16,11,5,0 KO 0 Sub 5 Dec,6,0 KO 2 Sub 4 Dec,-3,4,8765,29.7,33.4,0,8.8,2473,2808,2605,2018-11-30,L - Macy Chiasson,2024-08-10,L - Karol Rosa
Jordan Espinosa,1989-11-08,FALSE,FALSE,TRUE,FALSE,FALSE,FALSE,FALSE,NA,United States,male,"flyweight, bantamweight",8,16,6,2,0 KO 0 Sub 2 Dec,4,0 KO 2 Sub 2 Dec,-2,1,3836,30.3,29,0,7.7,2396,2808,2706,2019-03-23,W - Eric Shelton,2021-03-06,L - Tim Elliott
Jeff Molina,1997-07-17,FALSE,FALSE,TRUE,FALSE,FALSE,FALSE,FALSE,NA,United States,male,flyweight,13,16,3,3,1 KO 0 Sub 2 Dec,0,0 KO 0 Sub 0 Dec,3,3,2146,24.3,29,1,12,2789,2807,2609,2021-04-24,W - Aoriqileng,2022-06-04,W - Zhalgas Zhumagulov
Sage Northcutt,1996-03-01,FALSE,FALSE,FALSE,FALSE,FALSE,FALSE,FALSE,NA,United States,male,"welterweight, lightweight",16,16,8,6,2 KO 1 Sub 3 Dec,2,0 KO 2 Sub 0 Dec,3,3,4477,20.8,29.5,0,5.6,2668,2807,2587,2015-10-03,W - Francisco Trevino,2018-07-14,W - Zak Ottow
Soa Palelei,1977-07-12,FALSE,FALSE,FALSE,TRUE,FALSE,FALSE,FALSE,NA,Australia,male,heavyweight,14,16,7,4,4 KO 0 Sub 0 Dec,3,2 KO 0 Sub 1 Dec,-1,3,3597,36,30.3,0,4.9,2638,2807,2593,2007-12-29,L - Eddie Sanchez,2015-08-01,L - Antonio Silva
Brian Bowles,1980-06-22,FALSE,FALSE,FALSE,FALSE,FALSE,TRUE,FALSE,NA,United States,male,bantamweight,6,16,4,2,0 KO 1 Sub 1 Dec,2,1 KO 1 Sub 0 Dec,-2,2,1900,31.5,30,1,6.5,2567,2807,2593,2011-03-03,W - Damacio Page,2013-05-25,L - George Roop
Kevin Jousset,1993-05-02,FALSE,FALSE,FALSE,FALSE,FALSE,FALSE,FALSE,NA,France,male,welterweight,16,16,4,2,0 KO 1 Sub 1 Dec,2,1 KO 0 Sub 1 Dec,-2,2,2616,31,30.8,0,8.2,2507,2806,2687,2023-09-09,W - Kiefer Crosbie,2025-02-08,L - Jonathan Micallef
Dwight Grant,1984-09-14,FALSE,FALSE,TRUE,FALSE,FALSE,FALSE,FALSE,NA,United States,male,"middleweight, welterweight",16,16,8,3,1 KO 0 Sub 2 Dec,5,2 KO 0 Sub 3 Dec,-3,2,5498,36,32.7,2,6.2,2503,2806,2710,2018-12-15,L - Zak Ottow,2022-07-16,L - Dustin Stoltzfus
Yves Edwards,1976-09-30,FALSE,FALSE,FALSE,TRUE,TRUE,TRUE,FALSE,NA,"Bahamas, United States",male,lightweight,16,16,21,10,5 KO 2 Sub 3 Dec,10,2 KO 3 Sub 5 Dec,-2,6,12258,31.7,28,4,6.4,2389,2806,2501,2001-09-28,L - Matt Serra,2014-11-22,L - Akbarh Arreola
Cat Zingano,1982-07-01,FALSE,FALSE,FALSE,FALSE,FALSE,FALSE,FALSE,NA,United States,female,"women's featherweight, women's bantamweight",1,16,7,3,2 KO 0 Sub 1 Dec,4,1 KO 1 Sub 2 Dec,-1,2,4231,34,29.2,1,4.7,2728,2805,2711,2013-04-13,W - Miesha Tate,2018-12-29,L - Megan Anderson
Dave Herman,1984-10-03,FALSE,FALSE,FALSE,FALSE,FALSE,FALSE,FALSE,NA,United States,male,heavyweight,16,16,5,1,1 KO 0 Sub 0 Dec,4,3 KO 1 Sub 0 Dec,-4,1,1670,27.7,33.2,1,3.8,2631,2803,2688,2011-06-11,W - John Olav Einemo,2013-07-06,L - Gabriel Gonzaga
Blake Bilder,1990-07-12,FALSE,FALSE,TRUE,FALSE,FALSE,FALSE,FALSE,NA,United States,male,featherweight,16,16,3,1,0 KO 0 Sub 1 Dec,2,0 KO 0 Sub 2 Dec,-2,1,2700,33,30,0,10.3,2583,2803,2634,2023-02-11,W - Shane Young,2024-02-03,L - JeongYeong Lee
Tom Niinimaki,1982-07-25,FALSE,FALSE,FALSE,FALSE,FALSE,FALSE,FALSE,NA,Finland,male,featherweight,16,16,4,1,0 KO 0 Sub 1 Dec,3,0 KO 3 Sub 0 Dec,-3,1,1820,31.9,27.2,0,6.2,2543,2803,2706,2013-11-30,W - Rani Yahya,2014-12-20,L - Renato Moicano
Hunter Azure,1992-03-02,TRUE,FALSE,TRUE,FALSE,FALSE,FALSE,FALSE,NA,United States,male,"bantamweight, featherweight",16,16,4,2,0 KO 0 Sub 2 Dec,2,1 KO 0 Sub 1 Dec,-1,1,3220,28.3,29.8,1,8.8,2627,2802,2789,2019-09-14,W - Brad Katona,2021-04-10,L - Jack Shore
Gabriel Benitez,1988-06-15,TRUE,FALSE,FALSE,FALSE,FALSE,FALSE,FALSE,NA,Mexico,male,lightweight,16,16,15,7,3 KO 2 Sub 2 Dec,8,4 KO 1 Sub 3 Dec,-2,2,8346,31,28.9,3,7.4,2508,2802,2635,2014-11-15,W - H. Brown Morrison,2024-04-27,L - Maheshate
Ian McCall,1984-05-07,FALSE,FALSE,FALSE,FALSE,FALSE,TRUE,FALSE,NA,United States,male,flyweight,3,16,6,2,0 KO 0 Sub 2 Dec,3,0 KO 0 Sub 3 Dec,-1,2,5400,29.1,28.9,2,4.8,2500,2802,2740,2012-03-02,D - Demetrious Johnson,2015-01-31,L - John Lineker
Caio Magalhaes,1987-12-14,FALSE,FALSE,FALSE,FALSE,FALSE,FALSE,FALSE,NA,Brazil,male,middleweight,16,16,7,4,2 KO 1 Sub 1 Dec,3,0 KO 1 Sub 2 Dec,-2,4,3416,26.5,30.7,0,8.4,2331,2802,2610,2012-06-08,L - Buddy Roberts,2016-09-10,L - Brad Tavares
Abubakar Nurmagomedov,1989-11-13,FALSE,FALSE,FALSE,FALSE,FALSE,FALSE,FALSE,NA,Russia,male,welterweight,16,16,4,2,0 KO 0 Sub 2 Dec,2,0 KO 1 Sub 1 Dec,-1,2,2870,32,30.7,0,8,2801,2801,2715,2019-11-09,L - David Zawada,2023-06-03,L - Elizeu Zaleski dos Santos
Evan Tanner,1971-02-11,FALSE,FALSE,FALSE,FALSE,FALSE,FALSE,FALSE,NA,United States,male,middleweight,-1,16,17,11,5 KO 4 Sub 2 Dec,6,5 KO 0 Sub 1 Dec,-2,4,7356,32.6,28.3,0,3.9,2576,2801,2519,1999-01-08,W - Darrel Gholar,2008-06-21,L - Kendall Grove
Daniel Roberts,1980-08-05,FALSE,FALSE,FALSE,FALSE,FALSE,FALSE,FALSE,NA,United States,male,welterweight,16,16,7,3,0 KO 2 Sub 1 Dec,4,1 KO 0 Sub 3 Dec,-3,3,4019,30.5,31.2,1,8.4,2350,2801,2644,2010-03-21,L - John Howard,2012-01-20,L - Charlie Brenneman
Yoshiyuki Yoshida,1974-05-10,FALSE,FALSE,FALSE,FALSE,FALSE,FALSE,FALSE,NA,Japan,male,welterweight,16,16,5,2,0 KO 2 Sub 0 Dec,3,2 KO 0 Sub 1 Dec,-2,1,1276,35,30.5,0,7,2685,2800,2622,2008-05-24,W - War Machine,2010-05-08,L - Mike Guymon
Erik Perez,1989-11-19,FALSE,FALSE,FALSE,FALSE,FALSE,FALSE,FALSE,NA,Mexico,male,bantamweight,9,16,9,7,2 KO 1 Sub 4 Dec,2,0 KO 1 Sub 1 Dec,3,3,5417,24.5,29,0,7,2611,2800,2564,2012-06-01,W - John Albert,2016-11-05,W - Felipe Arantes
Josefine Knutsson,1996-01-16,FALSE,TRUE,TRUE,FALSE,FALSE,FALSE,FALSE,NA,Sweden,female,women's strawweight,16,16,3,2,0 KO 0 Sub 2 Dec,1,0 KO 0 Sub 1 Dec,-1,2,2700,28.3,29.6,0,11.7,2441,2800,2535,2023-09-16,W - Marnic Mann,2024-12-14,L - Piera Rodriguez
Ange Loosa,1993-03-18,FALSE,FALSE,TRUE,FALSE,FALSE,FALSE,FALSE,NA,"DR Congo, Switzerland",male,welterweight,16,16,6,2,0 KO 0 Sub 2 Dec,3,1 KO 0 Sub 2 Dec,-2,2,4803,30.6,29.9,0,6.8,2636,2798,2789,2022-04-16,L - Mounir Lazzez,2025-06-14,L - Phil Rowe
Shawn Jordan,1984-10-21,FALSE,FALSE,FALSE,FALSE,TRUE,FALSE,FALSE,NA,United States,male,heavyweight,16,16,10,6,6 KO 0 Sub 0 Dec,4,2 KO 0 Sub 2 Dec,-1,3,4394,29.2,33.3,3,5.8,2590,2798,2652,2012-03-02,W - Oli Thompson,2015-10-03,L - Ruslan Magomedov
Preston Parsons,1995-07-15,FALSE,FALSE,FALSE,FALSE,FALSE,FALSE,FALSE,NA,United States,male,welterweight,16,16,6,2,0 KO 0 Sub 2 Dec,4,2 KO 0 Sub 2 Dec,-2,1,3900,27.9,29.5,0,8.2,2583,2798,2742,2021-07-17,L - Daniel Rodriguez,2025-01-11,L - Jacobe Smith
Patrick Cummins,1980-11-16,FALSE,FALSE,FALSE,FALSE,TRUE,FALSE,FALSE,NA,United States,male,light heavyweight,9,16,13,6,2 KO 0 Sub 4 Dec,7,5 KO 1 Sub 1 Dec,-3,3,7009,35.5,33.2,0,6.5,2496,2798,2765,2014-02-22,L - Daniel Cormier,2019-05-18,L - Ed Herman
Nick Hein,1984-04-24,FALSE,FALSE,FALSE,FALSE,FALSE,FALSE,FALSE,NA,Germany,male,lightweight,16,16,8,4,0 KO 0 Sub 4 Dec,4,1 KO 1 Sub 2 Dec,-3,3,6251,32.4,28.8,0,6.8,2473,2798,2593,2014-05-30,W - Drew Dober,2019-06-01,L - Frank Camacho
Reginaldo Vieira,1982-11-26,TRUE,FALSE,FALSE,FALSE,FALSE,FALSE,FALSE,NA,Brazil,male,bantamweight,16,16,3,1,0 KO 0 Sub 1 Dec,2,0 KO 1 Sub 1 Dec,-2,1,2284,33.5,30.1,0,8,2707,2797,2592,2015-08-01,W - Dileno Lopes,2017-02-19,L - Aiemann Zahabi
Abel Trujillo,1983-09-18,FALSE,FALSE,FALSE,FALSE,FALSE,FALSE,FALSE,NA,United States,male,lightweight,16,16,11,6,3 KO 1 Sub 1 Dec,4,0 KO 2 Sub 2 Dec,-2,3,6191,31.4,30.1,2,7.5,2567,2797,2669,2012-12-08,W - Marcus LeVesseur,2017-12-16,L - John Makdessi
Darrell Horcher,1987-07-28,FALSE,FALSE,FALSE,FALSE,FALSE,FALSE,FALSE,NA,United States,male,lightweight,16,16,4,1,0 KO 0 Sub 1 Dec,3,1 KO 1 Sub 1 Dec,-2,1,2608,30.1,29,0,7,2492,2797,2742,2016-04-16,L - Khabib Nurmagomedov,2018-11-30,L - Roosevelt Roberts
Marcin Held,1992-01-18,FALSE,FALSE,FALSE,FALSE,FALSE,FALSE,FALSE,NA,Poland,male,lightweight,16,16,4,1,0 KO 0 Sub 1 Dec,3,1 KO 0 Sub 2 Dec,1,1,3307,25.2,30.1,0,5.2,2914,2796,2655,2016-11-05,L - Diego Sanchez,2017-10-21,W - Nasrat Haqparast
Johnny Eduardo,1978-08-03,FALSE,FALSE,FALSE,FALSE,FALSE,FALSE,FALSE,NA,Brazil,male,bantamweight,7,16,8,3,2 KO 0 Sub 1 Dec,5,1 KO 3 Sub 1 Dec,-3,2,4149,37.5,30.4,1,9.8,2532,2796,2703,2011-08-27,L - Raphael Assuncao,2021-10-02,L - Alejandro Perez
Kamuela Kirk,1994-04-13,FALSE,FALSE,TRUE,FALSE,FALSE,FALSE,FALSE,NA,United States,male,"lightweight, featherweight",16,16,3,1,0 KO 0 Sub 1 Dec,2,0 KO 1 Sub 1 Dec,-2,1,2382,28.1,31.1,0,10.7,2448,2796,2767,2021-06-05,W - Makwan Amirkhani,2023-07-08,L - Esteban Ribovics
Julian Marquez,1990-05-08,FALSE,FALSE,TRUE,FALSE,FALSE,FALSE,FALSE,NA,"Cuba, United States",male,middleweight,16,16,8,3,0 KO 3 Sub 0 Dec,5,4 KO 0 Sub 1 Dec,-4,2,3701,31.4,30.6,3,5.1,2408,2796,2607,2017-12-16,W - Darren Stewart,2025-03-01,L - Cody Brundage
Nicolae Negumereanu,1994-09-04,FALSE,FALSE,FALSE,FALSE,FALSE,FALSE,FALSE,NA,Romania,male,light heavyweight,16,16,6,4,2 KO 0 Sub 2 Dec,2,1 KO 0 Sub 1 Dec,-1,4,3515,27,30.6,0,9.3,2667,2795,2621,2019-03-16,L - Saparbeg Safarov,2022-11-12,L - Carlos Ulberg
Frankie Saenz,1980-08-12,FALSE,FALSE,FALSE,FALSE,FALSE,FALSE,FALSE,NA,United States,male,bantamweight,11,16,10,5,0 KO 0 Sub 5 Dec,5,3 KO 0 Sub 2 Dec,-2,3,7756,36.5,30.6,1,7.7,2508,2795,2628,2014-08-16,W - Nolan Ticman,2020-08-01,L - Jonathan Martinez
Din Thomas,1976-09-28,TRUE,FALSE,FALSE,FALSE,FALSE,FALSE,FALSE,NA,United States,male,lightweight,16,16,9,5,0 KO 2 Sub 3 Dec,4,1 KO 1 Sub 2 Dec,-2,4,5888,28.4,27,1,5.1,2469,2795,2507,2001-06-29,L - BJ Penn,2008-04-02,L - Josh Neer
Francimar Barroso,1980-02-28,FALSE,FALSE,FALSE,FALSE,FALSE,FALSE,FALSE,NA,Brazil,male,light heavyweight,16,16,9,4,0 KO 0 Sub 4 Dec,4,0 KO 1 Sub 3 Dec,-2,2,6885,36,28.2,0,8.2,2888,2794,2629,2013-08-03,W - Ednaldo Oliveira,2018-01-20,L - Gian Villante
Todd Duffee,1985-12-06,FALSE,FALSE,FALSE,FALSE,FALSE,FALSE,FALSE,NA,United States,male,heavyweight,16,16,6,3,3 KO 0 Sub 0 Dec,2,2 KO 0 Sub 0 Dec,0,2,1232,27.9,31.4,1,5,2698,2794,2699,2009-08-29,W - Tim Hague,2019-09-14,NC - Jeff Hughes
Leandro Silva,1985-11-11,TRUE,FALSE,FALSE,FALSE,FALSE,FALSE,FALSE,NA,Brazil,male,lightweight,16,16,8,3,0 KO 1 Sub 2 Dec,4,0 KO 0 Sub 4 Dec,-2,2,6120,29.5,30.6,1,8.1,2663,2794,2659,2013-06-08,L - Ildemar Alcantara,2016-09-03,L - Rustam Khabilov
Josh Neer,1983-03-24,FALSE,FALSE,FALSE,FALSE,FALSE,FALSE,FALSE,NA,United States,male,welterweight,16,16,15,6,1 KO 3 Sub 2 Dec,9,2 KO 2 Sub 5 Dec,-3,2,8998,26,28,3,4.2,2420,2794,2640,2005-08-06,L - Drew Fickett,2013-02-23,L - Court McGee
Jose Alberto Quinonez,1990-07-28,TRUE,FALSE,FALSE,FALSE,FALSE,FALSE,FALSE,NA,Mexico,male,bantamweight,16,16,9,5,0 KO 1 Sub 4 Dec,4,2 KO 1 Sub 1 Dec,-2,4,5677,27.5,26,0,8,2663,2793,2640,2014-11-15,L - Alejandro Perez,2020-12-05,L - Louis Smolka
Sara McMann,1980-09-24,FALSE,FALSE,FALSE,FALSE,FALSE,FALSE,FALSE,NA,United States,female,women's bantamweight,3,16,13,7,1 KO 2 Sub 4 Dec,6,1 KO 4 Sub 1 Dec,1,3,7426,36.4,30.1,1,6.3,2668,2792,2652,2013-04-27,W - Sheila Gaff,2022-03-26,W - Karol Rosa
Sijara Eubanks,1985-04-27,TRUE,FALSE,FALSE,FALSE,FALSE,FALSE,FALSE,NA,United States,female,"women's flyweight, women's bantamweight",1,16,10,5,1 KO 0 Sub 4 Dec,5,1 KO 0 Sub 4 Dec,-1,2,8074,34.9,30.8,1,7.6,2519,2792,2582,2018-06-01,W - Lauren Murphy,2021-12-18,L - Melissa Gatto
Arjan Bhullar,1986-05-13,FALSE,FALSE,FALSE,FALSE,FALSE,FALSE,FALSE,NA,"Canada, India",male,heavyweight,16,16,4,3,0 KO 0 Sub 3 Dec,1,0 KO 1 Sub 0 Dec,2,2,3119,32.2,25.9,0,11.2,2731,2791,2615,2017-09-09,W - Luis Henrique Barbosa,2019-05-04,W - Juan Adams
Manny Gamburyan,1981-05-08,TRUE,FALSE,FALSE,FALSE,FALSE,TRUE,FALSE,NA,"Armenia, United States",male,bantamweight,16,16,15,6,0 KO 3 Sub 3 Dec,8,3 KO 1 Sub 4 Dec,-2,2,8713,30.8,30.3,0,7.7,2615,2791,2604,2007-06-23,L - Nate Diaz,2016-11-20,L - Johnny Eduardo
Tom Watson,1982-07-13,FALSE,FALSE,FALSE,FALSE,FALSE,FALSE,FALSE,NA,"United Kingdom, England",male,middleweight,16,16,7,2,1 KO 0 Sub 1 Dec,5,0 KO 0 Sub 5 Dec,-2,1,5982,31.6,29.9,2,8.1,2555,2791,2687,2012-09-29,L - Brad Tavares,2015-08-08,L - Chris Camozzi
Shamil Gamzatov,1990-08-09,FALSE,FALSE,FALSE,FALSE,FALSE,FALSE,FALSE,NA,Russia,male,light heavyweight,16,16,2,1,0 KO 0 Sub 1 Dec,1,1 KO 0 Sub 0 Dec,-1,1,1111,30.2,26.8,0,8.5,2666,2790,2773,2019-11-09,W - Klidson Abreu,2021-10-30,L - Michal Oleksiejczuk
Abu Azaitar,1986-03-10,FALSE,FALSE,FALSE,FALSE,FALSE,FALSE,FALSE,NA,"Germany, Morocco",male,middleweight,16,16,3,1,0 KO 0 Sub 1 Dec,2,1 KO 0 Sub 1 Dec,-2,1,2696,35,32.9,0,7.3,2512,2790,2565,2018-07-22,W - Vitor Miranda,2023-10-21,L - Sedriques Dumas
Andrew Craig,1986-01-15,FALSE,FALSE,FALSE,FALSE,FALSE,FALSE,FALSE,NA,United States,male,"welterweight, middleweight",16,16,7,3,1 KO 0 Sub 2 Dec,4,1 KO 1 Sub 2 Dec,-3,2,5141,27.5,29.2,1,7.4,2434,2790,2636,2012-03-02,W - Kyle Noke,2015-07-15,L - Lyman Good
Chris Wilson,1977-06-07,FALSE,FALSE,FALSE,FALSE,FALSE,FALSE,FALSE,NA,United States,male,welterweight,16,16,4,1,0 KO 0 Sub 1 Dec,3,0 KO 1 Sub 2 Dec,-2,1,3435,31.5,29.2,1,7,2344,2790,2689,2008-03-01,L - Jon Fitch,2009-09-16,L - Mike Pyle
Jorge Rivera,1972-02-28,TRUE,FALSE,FALSE,FALSE,FALSE,FALSE,FALSE,NA,United States,male,middleweight,16,16,15,8,5 KO 0 Sub 3 Dec,7,3 KO 3 Sub 1 Dec,1,3,6940,35.8,28.7,0,4.9,2676,2789,2585,2003-09-26,W - David Loiseau,2012-01-20,W - Eric Schafer
Diego Nunes,1982-11-30,FALSE,FALSE,FALSE,FALSE,FALSE,TRUE,FALSE,NA,Brazil,male,featherweight,16,16,6,3,0 KO 0 Sub 3 Dec,3,0 KO 0 Sub 3 Dec,-1,1,5400,29.2,32,1,6.8,2627,2789,2754,2011-01-01,W - Mike Brown,2013-01-19,L - Nik Lentz
Anthony Perosh,1972-10-05,FALSE,FALSE,FALSE,FALSE,FALSE,FALSE,FALSE,NA,Australia,male,light heavyweight,16,16,12,5,2 KO 3 Sub 0 Dec,7,5 KO 0 Sub 2 Dec,-2,3,3994,39.3,NA,1,6.2,2504,2789,2632,2006-07-08,L - Jeff Monson,2015-11-14,L - Gian Villante
Geraldo de Freitas,1991-09-30,FALSE,FALSE,FALSE,FALSE,FALSE,FALSE,FALSE,NA,Brazil,male,"bantamweight, featherweight",16,16,3,1,0 KO 0 Sub 1 Dec,2,0 KO 0 Sub 2 Dec,-2,1,2700,28.1,27.4,0,9.7,2658,2788,2697,2019-02-02,W - Felipe Colares,2020-11-14,L - Tony Gravely
Mike Easton,1984-01-25,FALSE,FALSE,FALSE,FALSE,FALSE,FALSE,FALSE,NA,United States,male,bantamweight,6,16,7,3,1 KO 0 Sub 2 Dec,4,0 KO 0 Sub 4 Dec,-4,3,5992,28.9,30,1,5.3,2395,2788,2649,2011-10-01,W - Byron Bloodworth,2014-06-14,L - Yves Jabouin
Dmitriy Sosnovskiy,1989-07-06,FALSE,FALSE,FALSE,FALSE,FALSE,FALSE,FALSE,NA,Russia,male,heavyweight,16,16,1,1,0 KO 1 Sub 0 Dec,0,0 KO 0 Sub 0 Dec,1,1,569,28.7,34.3,0,10,2787,2787,2763,2018-03-17,W - Mark Godbeer,2018-03-17,W - Mark Godbeer
Jonathan Goulet,1979-07-13,FALSE,FALSE,FALSE,FALSE,FALSE,FALSE,FALSE,NA,Canada,male,welterweight,16,16,9,4,2 KO 1 Sub 1 Dec,5,3 KO 2 Sub 0 Dec,-2,2,3025,28,28.5,2,5.6,2432,2787,2590,2005-10-03,W - Jay Hieron,2010-05-08,L - Marcus Davis
Edimilson Souza,1984-10-17,FALSE,FALSE,FALSE,FALSE,FALSE,FALSE,FALSE,NA,Brazil,male,featherweight,16,16,4,3,2 KO 0 Sub 1 Dec,1,0 KO 1 Sub 0 Dec,-1,3,1999,30,29.4,2,8.5,2699,2786,2658,2013-09-04,W - Felipe Arantes,2015-11-07,L - Chas Skelly
Chris Gruetzemacher,1986-06-16,TRUE,FALSE,FALSE,FALSE,TRUE,FALSE,FALSE,NA,United States,male,lightweight,16,16,7,3,1 KO 0 Sub 2 Dec,4,1 KO 3 Sub 0 Dec,-1,1,4382,32.6,30.1,1,8.4,2696,2786,2760,2015-12-11,W - Abner Lloveras,2021-12-04,L - Claudio Puelles
Tyson Nam,1983-10-06,FALSE,FALSE,FALSE,FALSE,FALSE,FALSE,FALSE,NA,United States,male,flyweight,13,16,8,3,3 KO 0 Sub 0 Dec,5,0 KO 1 Sub 4 Dec,-2,2,4528,37.7,28.7,1,10.1,2638,2786,2671,2019-09-21,L - Sergio Pettis,2023-07-15,L - Azat Maksum
David Zawada,1990-08-01,FALSE,FALSE,FALSE,FALSE,FALSE,FALSE,FALSE,NA,"Germany, Poland",male,welterweight,16,16,5,1,0 KO 1 Sub 0 Dec,4,1 KO 0 Sub 3 Dec,-2,1,3717,29.4,31.3,2,6,2372,2786,2819,2018-07-22,L - Danny Roberts,2021-09-04,L - Alex Morono
Omar Morales,1985-10-17,FALSE,FALSE,TRUE,FALSE,FALSE,FALSE,FALSE,NA,Venezuela,male,"lightweight, featherweight",16,16,7,3,0 KO 0 Sub 3 Dec,4,1 KO 1 Sub 2 Dec,-3,2,5496,35.6,30.2,0,9.3,2520,2785,2636,2019-12-21,W - Dong Hyun Ma,2023-03-18,L - Chris Duncan
Denis Kang,1977-09-17,FALSE,FALSE,FALSE,TRUE,FALSE,FALSE,FALSE,NA,Canada,male,middleweight,16,16,3,1,0 KO 0 Sub 1 Dec,2,1 KO 1 Sub 0 Dec,-1,1,2040,31.7,27.5,1,4.7,2508,2785,2705,2009-01-17,L - Alan Belcher,2009-11-14,L - Michael Bisping
Eric Spicely,1986-09-29,TRUE,FALSE,FALSE,FALSE,FALSE,FALSE,FALSE,NA,United States,male,middleweight,16,16,7,2,0 KO 2 Sub 0 Dec,5,2 KO 2 Sub 1 Dec,-4,2,2749,30.9,29.2,2,7.1,2457,2785,2668,2016-07-13,L - Sam Alvey,2019-06-22,L - Deron Winn
Nico Musoke,1986-04-05,FALSE,FALSE,FALSE,FALSE,FALSE,FALSE,FALSE,NA,Sweden,male,welterweight,16,16,6,3,0 KO 1 Sub 2 Dec,3,1 KO 0 Sub 2 Dec,-2,2,4664,28.7,27.7,1,5.3,2690,2784,2708,2013-10-26,W - Alessio Sakara,2017-05-28,L - Bojan Velickovic
Jorge Santiago,1980-10-09,FALSE,FALSE,FALSE,FALSE,TRUE,FALSE,FALSE,NA,Brazil,male,"welterweight, middleweight",16,16,6,1,1 KO 0 Sub 0 Dec,5,3 KO 0 Sub 2 Dec,-5,1,3602,28.6,27.3,1,5.2,2544,2784,2650,2006-06-28,W - Justin Levens,2013-02-16,L - Gunnar Nelson
Alex Garcia,1987-07-14,FALSE,FALSE,FALSE,FALSE,FALSE,FALSE,FALSE,NA,Dominican Republic,male,welterweight,16,16,10,5,2 KO 1 Sub 2 Dec,5,1 KO 0 Sub 4 Dec,-2,2,7024,28.9,31.6,1,7.1,2498,2784,2697,2013-12-06,W - Ben Wall,2018-10-27,L - Court McGee
Justin Ledet,1988-09-28,FALSE,FALSE,FALSE,FALSE,FALSE,FALSE,FALSE,NA,United States,male,light heavyweight,15,16,7,3,0 KO 1 Sub 2 Dec,4,2 KO 0 Sub 2 Dec,-4,3,3909,29.8,29.4,1,8.9,2449,2784,2676,2016-08-06,W - Chase Sherman,2020-10-31,L - Dustin Jacoby
Charles Byrd,1983-10-11,FALSE,FALSE,TRUE,FALSE,FALSE,FALSE,FALSE,NA,United States,male,middleweight,16,16,4,1,0 KO 1 Sub 0 Dec,3,3 KO 0 Sub 0 Dec,-3,1,1083,35.3,27.8,0,8.2,2438,2784,2621,2018-03-17,W - John Phillips,2020-06-06,L - Maki Pitolo
Daniel Omielanczuk,1982-08-31,FALSE,FALSE,FALSE,FALSE,FALSE,FALSE,FALSE,NA,Poland,male,heavyweight,13,16,9,4,2 KO 0 Sub 2 Dec,5,0 KO 1 Sub 4 Dec,-3,3,6438,33.2,32.8,0,7.6,2412,2784,2685,2013-09-21,W - Nandor Guelmino,2017-07-08,L - Curtis Blaydes
Nate Quarry,1972-03-18,FALSE,FALSE,FALSE,FALSE,FALSE,FALSE,FALSE,NA,United States,male,middleweight,16,16,10,7,5 KO 0 Sub 2 Dec,3,2 KO 1 Sub 0 Dec,-1,3,3603,35.4,31.3,1,4.5,2647,2783,2525,2005-04-09,W - Lodune Sincaid,2010-03-31,L - Jorge Rivera
Justin Scoggins,1992-05-02,FALSE,FALSE,FALSE,FALSE,FALSE,FALSE,FALSE,NA,United States,male,"flyweight, bantamweight",11,16,9,4,1 KO 0 Sub 3 Dec,5,0 KO 3 Sub 2 Dec,-3,2,6044,23.4,28,0,8.7,2583,2783,2638,2013-12-06,W - Richie Vaculik,2018-07-14,L - Said Nurmagomedov
Kajan Johnson,1984-04-21,TRUE,FALSE,FALSE,FALSE,FALSE,FALSE,FALSE,NA,Canada,male,lightweight,16,16,7,4,1 KO 0 Sub 3 Dec,3,1 KO 1 Sub 1 Dec,-2,4,5253,32.7,30.3,1,8.6,2782,2782,2710,2014-06-14,L - Tae Hyun Bang,2018-09-15,L - Rustam Khabilov
Luis Henrique da Silva,1989-07-13,FALSE,FALSE,TRUE,FALSE,FALSE,FALSE,FALSE,NA,Brazil,male,light heavyweight,16,16,6,2,1 KO 1 Sub 0 Dec,4,2 KO 1 Sub 1 Dec,-4,2,2760,27.5,30.2,1,6.2,2501,2782,2582,2016-06-04,W - Jonathan Wilson,2017-09-22,L - Gokhan Saki
Kendall Grove,1982-11-12,TRUE,FALSE,FALSE,FALSE,FALSE,FALSE,FALSE,NA,United States,male,middleweight,16,16,13,7,1 KO 3 Sub 3 Dec,6,3 KO 0 Sub 3 Dec,-2,3,7387,26.1,29.5,2,4.8,2686,2781,2619,2006-06-24,W - Ed Herman,2011-05-28,L - Tim Boetsch
Sergey Khandozhko,1992-05-19,FALSE,FALSE,FALSE,FALSE,FALSE,FALSE,FALSE,NA,Russia,male,welterweight,16,16,3,2,1 KO 0 Sub 1 Dec,1,0 KO 0 Sub 1 Dec,1,1,2355,28.1,32.7,1,6.7,2780,2780,2760,2019-06-01,W - Rostem Akman,2022-04-23,W - Dwight Grant
Don Madge,1990-11-12,FALSE,FALSE,FALSE,FALSE,FALSE,FALSE,FALSE,NA,South Africa,male,lightweight,16,16,2,2,1 KO 0 Sub 1 Dec,0,0 KO 0 Sub 0 Dec,2,2,1214,28.4,25.3,1,12,2744,2780,2664,2018-10-27,W - Te Edwards,2019-09-07,W - Fares Ziam
Jake Hadley,1996-08-03,FALSE,FALSE,TRUE,FALSE,FALSE,FALSE,FALSE,NA,"United Kingdom, England",male,"bantamweight, flyweight",16,16,7,3,1 KO 1 Sub 1 Dec,4,0 KO 0 Sub 4 Dec,-1,2,5020,27.1,30.8,1,8.7,2604,2780,2641,2022-05-14,L - Allan Nascimento,2024-10-19,L - Cameron Smotherman
Francisco Rivera Jr.,1981-10-08,FALSE,FALSE,FALSE,FALSE,FALSE,TRUE,FALSE,NA,United States,male,bantamweight,10,16,11,4,3 KO 0 Sub 1 Dec,6,0 KO 3 Sub 3 Dec,-3,2,6119,32.5,29.8,1,7.2,2495,2780,2640,2011-06-04,L - Reuben Duran,2016-07-30,L - Erik Perez
Bart Palaszewski,1983-05-30,FALSE,FALSE,FALSE,FALSE,FALSE,TRUE,FALSE,NA,Poland,male,featherweight,16,16,4,1,1 KO 0 Sub 0 Dec,3,0 KO 1 Sub 2 Dec,-3,1,2228,29.1,28.7,2,8,2470,2779,2704,2011-10-29,W - Tyson Griffin,2013-04-13,L - Cole Miller
Dennis Hallman,1975-12-02,FALSE,FALSE,FALSE,FALSE,TRUE,FALSE,FALSE,NA,United States,male,welterweight,16,16,9,4,1 KO 2 Sub 1 Dec,5,3 KO 0 Sub 2 Dec,1,2,5023,31.6,28.8,0,6.1,2241,2779,2673,2000-12-16,W - Matt Hughes,2011-12-10,W - John Makdessi
Elias Silverio,1986-09-22,FALSE,FALSE,FALSE,FALSE,FALSE,FALSE,FALSE,NA,Brazil,male,lightweight,16,16,5,3,0 KO 1 Sub 2 Dec,2,1 KO 0 Sub 1 Dec,-2,3,4458,27.8,30.7,0,7.8,2771,2778,2615,2013-09-04,W - Joao Zeferino,2015-08-23,L - Shane Campbell
Sam Stout,1984-04-23,FALSE,FALSE,FALSE,FALSE,FALSE,FALSE,FALSE,NA,Canada,male,"lightweight, welterweight",16,16,20,9,1 KO 0 Sub 8 Dec,11,3 KO 2 Sub 6 Dec,-3,2,14302,26.7,28.7,6,5.8,2398,2778,2601,2006-03-04,W - Spencer Fisher,2015-08-23,L - Frankie Perez
Wilson Gouveia,1978-10-03,FALSE,FALSE,FALSE,FALSE,FALSE,FALSE,FALSE,NA,Brazil,male,"middleweight, light heavyweight",16,16,10,6,1 KO 5 Sub 0 Dec,4,3 KO 0 Sub 1 Dec,-2,4,3995,29.3,29.2,4,5,2647,2777,2571,2006-06-24,L - Keith Jardine,2009-12-12,L - Alan Belcher
Maximo Blanco,1983-10-16,FALSE,FALSE,FALSE,FALSE,TRUE,FALSE,FALSE,NA,Venezuela,male,featherweight,16,16,9,4,1 KO 0 Sub 3 Dec,5,0 KO 2 Sub 2 Dec,-2,3,4778,30.8,28,0,8.9,2615,2777,2620,2012-04-21,L - Marcus Brimage,2016-09-17,L - Chas Skelly
Bojan Velickovic,1988-12-18,TRUE,FALSE,FALSE,FALSE,FALSE,FALSE,FALSE,NA,Serbia,male,welterweight,16,16,6,2,1 KO 0 Sub 1 Dec,3,0 KO 0 Sub 3 Dec,-2,1,5377,28.2,27.2,1,9.2,2586,2777,2667,2016-04-10,W - Alessio Di Chirico,2017-11-18,L - Jake Matthews
Spike Carlyle,1993-05-06,FALSE,FALSE,FALSE,FALSE,FALSE,FALSE,FALSE,NA,United States,male,featherweight,16,16,3,1,1 KO 0 Sub 0 Dec,2,0 KO 0 Sub 2 Dec,-2,1,1885,27.1,31.1,0,6,2565,2777,2702,2020-02-29,W - Aalon Cruz,2020-11-28,L - Bill Algeo
Charlie Brenneman,1981-02-09,FALSE,FALSE,FALSE,FALSE,FALSE,FALSE,FALSE,NA,United States,male,lightweight,16,16,11,4,0 KO 0 Sub 4 Dec,7,4 KO 3 Sub 0 Dec,-5,2,5108,31.2,29.2,0,7.6,2384,2777,2628,2010-03-31,W - Jason High,2014-11-08,L - Leandro Silva
John Maguire,1983-05-19,FALSE,FALSE,FALSE,FALSE,FALSE,FALSE,FALSE,NA,United Kingdom,male,"lightweight, welterweight",16,16,5,2,0 KO 1 Sub 1 Dec,3,0 KO 0 Sub 3 Dec,-3,2,4180,29.3,27.6,1,7.2,2327,2777,2576,2011-11-05,W - Justin Edwards,2013-06-15,L - Mitch Clarke
Piotr Hallmann,1987-08-25,FALSE,FALSE,FALSE,FALSE,FALSE,FALSE,FALSE,NA,Poland,male,lightweight,16,16,6,2,0 KO 2 Sub 0 Dec,4,2 KO 0 Sub 2 Dec,-3,1,4236,27,30.8,3,5.3,2659,2776,2700,2013-09-04,W - Francisco Trinaldo,2015-11-07,L - Alex Oliveira
Dhiego Lima,1989-01-31,TRUE,FALSE,FALSE,FALSE,FALSE,FALSE,FALSE,NA,Brazil,male,welterweight,16,16,11,4,1 KO 0 Sub 3 Dec,7,4 KO 1 Sub 2 Dec,-2,3,5715,28.8,32.8,0,7.1,2613,2776,2676,2014-07-06,L - Eddie Gordon,2021-06-19,L - Matt Brown
Kyle Noke,1980-03-18,TRUE,FALSE,FALSE,FALSE,FALSE,FALSE,FALSE,NA,Australia,male,welterweight,16,16,12,6,3 KO 2 Sub 1 Dec,6,0 KO 2 Sub 4 Dec,-3,3,6500,33.5,29,2,6.5,2467,2776,2628,2010-06-19,W - Josh Bryant,2016-11-26,L - Omari Akhmedov
Jarred Brooks,1993-05-02,FALSE,FALSE,FALSE,FALSE,FALSE,FALSE,FALSE,NA,United States,male,flyweight,16,16,4,2,0 KO 0 Sub 2 Dec,2,1 KO 0 Sub 1 Dec,1,1,3175,24.8,28.7,0,11.8,2661,2775,2754,2017-07-29,W - Eric Shelton,2018-09-08,W - Roberto Sanchez
Darren Stewart,1990-12-30,FALSE,FALSE,FALSE,FALSE,FALSE,FALSE,FALSE,NA,"United Kingdom, England",male,"light heavyweight, middleweight",16,16,14,5,2 KO 1 Sub 2 Dec,7,1 KO 2 Sub 4 Dec,-2,3,7703,28.3,31,3,7.5,2579,2775,2702,2016-11-20,NC - Francimar Barroso,2021-08-28,L - Dustin Jacoby
Victor Altamirano,1991-01-23,FALSE,FALSE,TRUE,FALSE,FALSE,FALSE,FALSE,NA,Mexico,male,flyweight,16,16,6,2,1 KO 0 Sub 1 Dec,4,0 KO 0 Sub 4 Dec,-3,2,4719,32.3,29.5,1,10,2478,2775,2580,2022-02-26,L - Carlos Hernandez,2024-09-28,L - Daniel Barez
Takashi Sato,1990-06-09,FALSE,FALSE,FALSE,FALSE,FALSE,FALSE,FALSE,NA,Japan,male,welterweight,16,16,7,2,2 KO 0 Sub 0 Dec,5,1 KO 2 Sub 2 Dec,-4,1,3553,30.8,31.8,0,6.9,2282,2774,2776,2019-04-27,W - Ben Saunders,2023-05-20,L - Themba Gorimbo
Mike Wilkinson,1987-09-15,TRUE,FALSE,FALSE,FALSE,FALSE,FALSE,FALSE,NA,"United Kingdom, England",male,featherweight,16,16,4,2,1 KO 0 Sub 1 Dec,2,0 KO 1 Sub 1 Dec,-1,1,1963,26.6,26.2,1,6,2262,2774,2712,2012-12-14,W - Brendan Loughnane,2016-02-27,L - Makwan Amirkhani
Drew Fickett,1979-12-14,FALSE,FALSE,FALSE,FALSE,TRUE,FALSE,FALSE,NA,United States,male,welterweight,16,16,7,4,1 KO 2 Sub 1 Dec,3,1 KO 1 Sub 1 Dec,1,2,3790,26.2,24.5,0,5.9,2123,2774,2648,2005-02-05,L - Nick Diaz,2007-04-05,W - Keita Nakamura
Hyun Gyu Lim,1985-01-16,FALSE,FALSE,FALSE,FALSE,FALSE,FALSE,FALSE,NA,South Korea,male,welterweight,16,16,7,3,3 KO 0 Sub 0 Dec,4,2 KO 0 Sub 2 Dec,-3,2,3858,30,27.3,2,6.7,2544,2773,2611,2013-03-02,W - Marcelo Guimaraes,2017-09-22,L - Daichi Abe
Stephan Bonnar,1977-04-04,TRUE,FALSE,FALSE,FALSE,FALSE,FALSE,FALSE,NA,United States,male,light heavyweight,16,16,15,8,2 KO 2 Sub 4 Dec,7,2 KO 0 Sub 5 Dec,-1,3,10403,31.2,30.6,1,3.4,2747,2772,2662,2005-04-09,L - Forrest Griffin,2012-10-13,L - Anderson Silva
Adam Wieczorek,1992-02-05,FALSE,FALSE,FALSE,FALSE,FALSE,FALSE,FALSE,NA,Poland,male,heavyweight,16,16,3,2,0 KO 1 Sub 1 Dec,1,0 KO 0 Sub 1 Dec,-1,2,2219,26.2,34.3,1,12.3,2730,2772,2571,2017-11-18,W - Anthony Hamilton,2018-11-03,L - Marcos Rogerio de Lima
Aaron Simpson,1974-07-20,FALSE,FALSE,FALSE,FALSE,FALSE,TRUE,FALSE,NA,United States,male,"welterweight, middleweight",16,16,11,7,2 KO 0 Sub 5 Dec,4,2 KO 0 Sub 2 Dec,-1,3,7603,36.6,29,2,6.5,2635,2772,2608,2009-04-01,W - Tim McKenzie,2012-10-05,L - Mike Pierce
Vitor Miranda,1979-03-10,TRUE,FALSE,FALSE,FALSE,FALSE,FALSE,FALSE,NA,Brazil,male,middleweight,16,16,7,3,3 KO 0 Sub 0 Dec,4,0 KO 0 Sub 4 Dec,-3,3,4726,37,28.2,1,7,2515,2771,2648,2014-05-31,L - Antonio Carlos Junior,2018-07-22,L - Abu Azaitar
Kay Hansen,1999-08-14,FALSE,FALSE,FALSE,FALSE,FALSE,FALSE,FALSE,NA,United States,female,"women's flyweight, women's strawweight",16,16,4,1,0 KO 1 Sub 0 Dec,3,0 KO 0 Sub 3 Dec,-3,1,3446,21.8,29.7,1,9,2498,2771,2650,2020-06-27,W - Jinh Yu Frey,2022-04-09,L - Piera Rodriguez
Tyson Pedro,1991-09-17,FALSE,FALSE,FALSE,FALSE,FALSE,FALSE,FALSE,NA,"Australia, Samoa",male,light heavyweight,12,16,11,6,4 KO 2 Sub 0 Dec,5,1 KO 1 Sub 3 Dec,-1,2,4740,28.6,31.7,1,4.8,2675,2770,2707,2016-11-26,W - Khalil Rountree Jr.,2024-03-02,L - Vitor Petrino
Terry Martin,1980-10-10,FALSE,FALSE,FALSE,FALSE,TRUE,TRUE,FALSE,NA,United States,male,middleweight,16,16,6,2,2 KO 0 Sub 0 Dec,4,3 KO 0 Sub 1 Dec,-2,2,2640,26.3,31.8,1,5.7,2258,2770,2534,2005-08-20,L - James Irvin,2008-02-02,L - Marvin Eastman
Sean Pierson,1976-03-10,FALSE,FALSE,FALSE,FALSE,FALSE,FALSE,FALSE,NA,Canada,male,welterweight,16,16,6,4,0 KO 0 Sub 4 Dec,2,1 KO 0 Sub 1 Dec,3,3,4662,36,27.1,0,8.7,2769,2769,2676,2010-12-11,W - Matt Riddle,2013-06-15,W - Kenny Robertson
Brianna Fortino,1993-08-04,FALSE,FALSE,FALSE,FALSE,FALSE,FALSE,FALSE,NA,United States,female,women's strawweight,14,16,2,1,0 KO 0 Sub 1 Dec,1,0 KO 0 Sub 1 Dec,-1,1,1800,26.4,29.6,0,9,2611,2769,2696,2019-07-13,W - Livinha Souza,2020-06-20,L - Tecia Pennington
Maryna Moroz,1991-09-08,FALSE,FALSE,FALSE,FALSE,FALSE,FALSE,FALSE,NA,Ukraine,female,women's flyweight,7,16,12,6,0 KO 2 Sub 4 Dec,6,0 KO 1 Sub 5 Dec,-3,3,8996,27.6,29.2,3,8.4,2554,2769,2605,2015-04-11,W - Joanne Wood,2024-03-09,L - Joanne Wood
Jeff Monson,1971-01-18,FALSE,FALSE,FALSE,TRUE,TRUE,FALSE,FALSE,NA,United States,male,heavyweight,16,16,7,4,1 KO 1 Sub 2 Dec,3,1 KO 0 Sub 2 Dec,-1,3,5117,33.2,30.8,1,5.4,2314,2769,2570,2000-09-22,W - Tim Lajcik,2006-11-18,L - Tim Sylvia
Kron Gracie,1988-07-11,FALSE,FALSE,FALSE,FALSE,FALSE,FALSE,FALSE,NA,"Brazil, United States",male,featherweight,16,16,4,1,0 KO 1 Sub 0 Dec,3,1 KO 0 Sub 2 Dec,-3,1,2565,33.3,31.1,2,3.8,2570,2768,2799,2019-02-17,W - Alex Caceres,2024-12-07,L - Bryce Mitchell
Felipe Arantes,1988-02-09,FALSE,FALSE,FALSE,FALSE,FALSE,FALSE,FALSE,NA,Brazil,male,"bantamweight, featherweight",16,16,12,5,1 KO 2 Sub 2 Dec,6,1 KO 0 Sub 5 Dec,-3,2,8671,26.7,30,1,8.9,2509,2768,2635,2011-08-27,L - Iuri Alcantara,2018-06-23,L - Song Yadong
Ronnie Lawrence,1992-06-13,FALSE,FALSE,TRUE,FALSE,FALSE,FALSE,FALSE,NA,United States,male,bantamweight,16,16,4,2,1 KO 0 Sub 1 Dec,1,0 KO 0 Sub 1 Dec,0,2,2698,29.9,28.4,1,10,2666,2767,2656,2021-02-27,W - Vince Cachero,2023-06-17,NC - Dan Argueta
Lina Lansberg,1982-03-13,FALSE,FALSE,FALSE,FALSE,FALSE,FALSE,FALSE,NA,Sweden,female,women's bantamweight,10,16,11,4,0 KO 0 Sub 4 Dec,7,2 KO 1 Sub 4 Dec,-4,2,8687,37.5,30,0,8.6,2439,2767,2624,2016-09-24,L - Cris Cyborg,2023-02-18,L - Mayra Bueno Silva
Andrea Lee,1989-02-11,FALSE,FALSE,FALSE,FALSE,FALSE,FALSE,FALSE,NA,United States,female,women's flyweight,6,16,14,5,1 KO 1 Sub 3 Dec,9,0 KO 0 Sub 9 Dec,-6,3,11992,32.6,30.9,2,7.4,2386,2767,2608,2018-05-19,W - Veronica Hardy,2025-03-01,L - JJ Aldrich
Luan Chagas,1993-06-17,FALSE,FALSE,FALSE,FALSE,FALSE,FALSE,FALSE,NA,Brazil,male,welterweight,16,16,4,1,0 KO 1 Sub 0 Dec,2,1 KO 1 Sub 0 Dec,-1,1,2785,23.7,33.3,1,10.2,2697,2766,2784,2016-05-14,D - Sergio Moraes,2018-04-21,L - Siyar Bahadurzada
Tsuyoshi Kosaka,1970-03-06,FALSE,FALSE,FALSE,TRUE,FALSE,FALSE,FALSE,NA,Japan,male,heavyweight,16,16,6,3,1 KO 0 Sub 2 Dec,3,3 KO 0 Sub 0 Dec,-2,2,4437,29.5,28.6,0,3.7,2490,2766,2548,1998-03-13,W - Kimo Leopoldo,2002-05-10,L - Ricco Rodriguez
Maheshate,1999-12-01,FALSE,FALSE,TRUE,FALSE,FALSE,FALSE,FALSE,NA,China,male,lightweight,16,16,6,2,1 KO 0 Sub 1 Dec,4,1 KO 0 Sub 3 Dec,-2,1,4131,24,30.4,1,9.2,2414,2766,2641,2022-06-11,W - Steve Garcia,2025-08-23,L - Gauge Young
Gian Villante,1985-08-18,FALSE,FALSE,FALSE,FALSE,TRUE,FALSE,FALSE,NA,United States,male,heavyweight,12,16,18,7,4 KO 0 Sub 3 Dec,11,4 KO 1 Sub 6 Dec,-4,2,12070,31.5,33.2,3,5.8,2341,2766,2667,2013-04-27,L - Ovince Saint Preux,2021-11-06,L - Chris Barnett
Terry Etim,1986-01-11,FALSE,FALSE,FALSE,FALSE,FALSE,FALSE,FALSE,NA,"United Kingdom, England",male,lightweight,16,16,11,6,1 KO 4 Sub 1 Dec,5,1 KO 1 Sub 3 Dec,-2,4,6349,23.8,26.7,5,6.4,2468,2765,2530,2007-04-21,W - Matt Grice,2013-02-16,L - Renee Forte
Derrick Krantz,1988-01-13,FALSE,FALSE,FALSE,FALSE,FALSE,FALSE,FALSE,NA,United States,male,welterweight,16,16,2,0,0 KO 0 Sub 0 Dec,2,1 KO 0 Sub 1 Dec,-2,-1,1132,31.5,28.5,0,4,2651,2764,2768,2019-05-18,L - Vicente Luque,2019-08-31,L - Song Kenan
Marcin Prachnio,1988-07-14,FALSE,FALSE,FALSE,FALSE,FALSE,FALSE,FALSE,NA,Poland,male,light heavyweight,16,16,11,4,1 KO 0 Sub 3 Dec,7,3 KO 3 Sub 1 Dec,-2,2,6440,33.6,31.7,1,8.6,2583,2764,2690,2018-02-24,L - Sam Alvey,2025-07-19,L - Jimmy Crute
Miguel Torres,1981-01-18,FALSE,FALSE,FALSE,FALSE,FALSE,TRUE,FALSE,NA,United States,male,bantamweight,16,16,4,2,0 KO 0 Sub 2 Dec,2,1 KO 0 Sub 1 Dec,-1,1,2898,30.6,25.5,0,6.2,2521,2764,2627,2011-02-05,W - Antonio Banuelos,2012-04-21,L - Michael McDonald
Keith Jardine,1975-10-31,TRUE,FALSE,FALSE,FALSE,TRUE,FALSE,FALSE,NA,United States,male,light heavyweight,16,16,13,6,2 KO 0 Sub 4 Dec,7,4 KO 0 Sub 3 Dec,-4,2,7998,32.1,30.5,3,3.2,2493,2764,2671,2005-11-05,W - Kerry Schall,2010-06-19,L - Matt Hamill
Mark Godbeer,1983-11-22,FALSE,FALSE,FALSE,FALSE,FALSE,FALSE,FALSE,NA,"United Kingdom, England",male,heavyweight,16,16,4,2,0 KO 0 Sub 1 Dec,2,0 KO 2 Sub 0 Dec,-1,2,1874,33.6,29.5,0,8.8,2513,2763,2646,2016-11-19,L - Justin Ledet,2018-03-17,L - Dmitriy Sosnovskiy
Brad Pickett,1978-09-24,FALSE,FALSE,FALSE,FALSE,FALSE,TRUE,FALSE,NA,"United Kingdom, England",male,bantamweight,5,16,14,5,1 KO 1 Sub 3 Dec,9,2 KO 3 Sub 4 Dec,-3,2,9115,35.8,29.9,5,4.1,2416,2763,2678,2011-11-05,L - Renan Barao,2017-03-18,L - Marlon Vera
Paul Buentello,1974-01-16,FALSE,FALSE,FALSE,FALSE,TRUE,FALSE,FALSE,NA,United States,male,heavyweight,16,16,6,3,2 KO 1 Sub 0 Dec,3,1 KO 1 Sub 1 Dec,-2,2,2492,33,28.8,0,4.3,2592,2762,2627,2005-02-05,W - Justin Eilers,2010-03-21,L - Cheick Kongo
Jared Gooden,1993-12-05,FALSE,FALSE,FALSE,FALSE,FALSE,FALSE,FALSE,NA,United States,male,welterweight,16,16,7,2,1 KO 1 Sub 0 Dec,5,0 KO 0 Sub 5 Dec,-1,1,4939,28.6,32.7,1,7,2481,2762,2742,2020-11-21,L - Alan Jouban,2024-10-12,L - Chidi Njokuani
Seth Baczynski,1981-10-26,TRUE,FALSE,FALSE,FALSE,FALSE,FALSE,FALSE,NA,United States,male,welterweight,16,16,11,5,1 KO 2 Sub 2 Dec,6,3 KO 0 Sub 3 Dec,-3,4,6034,31.2,28.5,2,7.9,2255,2762,2601,2010-06-19,L - Brad Tavares,2015-04-11,L - Leon Edwards
Nicco Montano,1988-12-16,TRUE,FALSE,FALSE,FALSE,FALSE,FALSE,FALSE,NA,United States,female,"women's bantamweight, women's flyweight",-1,16,2,1,0 KO 0 Sub 1 Dec,1,0 KO 0 Sub 1 Dec,-1,1,2400,29.8,32.5,1,4.5,2652,2761,2647,2017-12-01,W - Roxanne Modafferi,2019-07-13,L - Julianna Pena
Cory McKenna,1999-07-11,FALSE,FALSE,TRUE,FALSE,FALSE,FALSE,FALSE,NA,"United Kingdom, Wales",female,women's strawweight,16,16,6,3,0 KO 1 Sub 2 Dec,3,0 KO 1 Sub 2 Dec,-2,2,4061,23.4,27.3,0,8.8,2563,2761,2556,2020-11-14,W - Kay Hansen,2024-10-12,L - Julia Polastri
Jason Brilz,1975-07-07,FALSE,FALSE,FALSE,FALSE,FALSE,FALSE,FALSE,NA,United States,male,light heavyweight,16,16,7,3,1 KO 0 Sub 2 Dec,4,2 KO 0 Sub 2 Dec,-3,2,4171,34.7,31.6,1,7.4,2636,2759,2633,2008-09-17,W - Brad Morris,2011-11-19,L - Ryan Bader
Mohammed Usman,1989-04-01,TRUE,FALSE,FALSE,FALSE,FALSE,FALSE,FALSE,NA,"Nigeria, United States",male,heavyweight,16,16,6,4,1 KO 0 Sub 3 Dec,2,0 KO 0 Sub 2 Dec,1,3,4836,34.7,31,1,9.5,2619,2759,2586,2022-08-06,W - Zac Pauga,2025-06-21,W - Hamdy Abdelwahab
Justin Tafa,1993-12-13,FALSE,FALSE,FALSE,FALSE,FALSE,FALSE,FALSE,NA,"Australia, Samoa",male,heavyweight,16,16,10,4,4 KO 0 Sub 0 Dec,5,2 KO 0 Sub 3 Dec,-2,2,3274,28.4,31.6,2,4.2,2540,2759,2601,2019-10-05,L - Yorgan De Castro,2025-02-08,L - Tallison Teixeira
Jordan Wright,1991-10-07,FALSE,FALSE,TRUE,FALSE,FALSE,FALSE,FALSE,NA,United States,male,"light heavyweight, middleweight",16,16,7,2,2 KO 0 Sub 0 Dec,5,3 KO 1 Sub 1 Dec,-4,1,2109,30.1,31.9,1,5.9,2504,2757,2665,2020-08-22,W - Ike Villanueva,2023-02-18,L - Zac Pauga
Justin Jaynes,1989-08-10,FALSE,FALSE,FALSE,FALSE,FALSE,FALSE,FALSE,NA,United States,male,"featherweight, lightweight",16,16,5,1,1 KO 0 Sub 0 Dec,4,2 KO 1 Sub 1 Dec,-4,1,2408,31.3,32,1,8.4,2346,2757,2645,2020-06-20,W - Frank Camacho,2021-06-26,L - Charles Rosa
Benito Lopez,1994-04-06,FALSE,FALSE,TRUE,FALSE,FALSE,FALSE,FALSE,NA,United States,male,bantamweight,16,16,4,2,0 KO 0 Sub 2 Dec,2,0 KO 2 Sub 0 Dec,-1,1,2283,25.6,27.3,0,8.2,2668,2756,2700,2017-12-09,W - Albert Morales,2022-11-05,L - Mario Bautista
Ihor Potieria,1996-05-29,FALSE,FALSE,TRUE,FALSE,FALSE,FALSE,FALSE,NA,Ukraine,male,"middleweight, light heavyweight",16,16,8,2,1 KO 0 Sub 1 Dec,6,4 KO 1 Sub 1 Dec,-3,1,3482,27.5,32.6,1,7,2530,2755,2768,2022-07-30,L - Nicolae Negumereanu,2025-01-11,L - Marco Tulio
Mike Ricci,1986-03-18,TRUE,FALSE,FALSE,FALSE,FALSE,FALSE,FALSE,NA,Canada,male,"lightweight, welterweight",16,16,3,1,0 KO 0 Sub 1 Dec,2,0 KO 0 Sub 2 Dec,-1,1,2700,27.1,26.8,0,4.3,2709,2754,2691,2012-12-15,L - Colton Smith,2013-09-21,L - Myles Jury
Chris Fishgold,1992-06-06,FALSE,FALSE,FALSE,FALSE,FALSE,FALSE,FALSE,NA,"United Kingdom, England",male,featherweight,16,16,4,1,0 KO 1 Sub 0 Dec,3,1 KO 1 Sub 1 Dec,-2,1,2086,27.1,31,0,7.2,2522,2754,2685,2018-10-27,L - Calvin Kattar,2020-07-15,L - Jared Gordon
Joe Riggs,1982-09-23,FALSE,FALSE,FALSE,FALSE,TRUE,TRUE,FALSE,NA,United States,male,"middleweight, welterweight",16,16,12,5,1 KO 2 Sub 1 Dec,7,2 KO 4 Sub 1 Dec,-1,1,4005,26.4,29.9,1,5.1,2705,2752,2677,2004-08-21,W - Joe Doerksen,2016-02-21,L - Chris Camozzi
Joe Doerksen,1977-10-09,FALSE,FALSE,FALSE,FALSE,FALSE,TRUE,FALSE,NA,Canada,male,middleweight,16,16,9,2,0 KO 2 Sub 0 Dec,7,2 KO 2 Sub 3 Dec,-2,1,5532,30,28.1,0,5.3,2649,2752,2619,2004-08-21,L - Joe Riggs,2010-12-11,L - Dan Miller
Batgerel Danaa,1989-07-04,FALSE,FALSE,FALSE,FALSE,FALSE,FALSE,FALSE,NA,Mongolia,male,bantamweight,16,16,7,3,3 KO 0 Sub 0 Dec,4,2 KO 0 Sub 2 Dec,-3,3,3467,32.1,31,2,9.7,2501,2752,2609,2019-08-31,L - Alatengheili,2023-04-22,L - Brady Hiestand
Charles Rosa,1986-08-24,FALSE,FALSE,FALSE,FALSE,FALSE,FALSE,FALSE,NA,United States,male,"featherweight, lightweight",16,16,13,5,0 KO 2 Sub 3 Dec,8,1 KO 0 Sub 7 Dec,-3,1,10768,32.4,29.1,4,7.8,2376,2752,2697,2014-10-03,L - Dennis Siver,2022-07-23,L - Nathaniel Wood
Jason Saggo,1985-11-23,FALSE,FALSE,FALSE,FALSE,FALSE,FALSE,FALSE,NA,Canada,male,lightweight,16,16,6,3,2 KO 0 Sub 1 Dec,3,1 KO 0 Sub 2 Dec,-2,2,3863,30.2,30.1,0,9.7,2691,2751,2717,2014-06-14,W - Josh Shockley,2017-09-16,L - Gilbert Burns
Yanal Ashmouz,1995-03-31,FALSE,FALSE,FALSE,FALSE,FALSE,FALSE,FALSE,NA,Israel,male,lightweight,16,16,4,2,1 KO 0 Sub 1 Dec,2,0 KO 0 Sub 2 Dec,-1,1,2775,29,28,0,9.5,2631,2751,2701,2023-03-18,W - Sam Patterson,2025-06-07,L - Quillan Salkilld
Colton Smith,1987-08-14,TRUE,FALSE,FALSE,FALSE,FALSE,FALSE,FALSE,NA,United States,male,"lightweight, welterweight",16,16,4,1,0 KO 0 Sub 1 Dec,3,1 KO 2 Sub 0 Dec,-3,1,1980,26.1,26.1,0,5.5,2556,2751,2763,2012-12-15,W - Mike Ricci,2014-06-28,L - Diego Ferreira
Jason Witt,1986-11-07,FALSE,FALSE,FALSE,FALSE,FALSE,FALSE,FALSE,NA,United States,male,welterweight,16,16,6,2,0 KO 1 Sub 1 Dec,4,4 KO 0 Sub 0 Dec,-2,1,1957,34.6,31.4,1,9.3,2501,2751,2633,2020-06-27,L - Takashi Sato,2022-08-13,L - Josh Quinlan
Levan Makashvili,1989-01-07,FALSE,FALSE,FALSE,FALSE,FALSE,FALSE,FALSE,NA,Georgia,male,featherweight,16,16,3,1,0 KO 0 Sub 1 Dec,1,0 KO 0 Sub 1 Dec,0,1,2700,26.6,29.3,0,7.7,2363,2751,2605,2015-05-16,W - Mark Eddiva,2016-01-30,D - Damon Jackson
Alberto Mina,1982-05-02,FALSE,FALSE,FALSE,FALSE,FALSE,FALSE,FALSE,NA,Brazil,male,welterweight,16,16,4,3,2 KO 0 Sub 1 Dec,1,0 KO 0 Sub 1 Dec,-1,3,2434,34,35.2,1,6.5,2723,2750,2643,2014-08-22,W - Shinsho Anzai,2018-05-12,L - Ramazan Emeev
Felicia Spencer,1990-11-29,FALSE,FALSE,FALSE,FALSE,FALSE,FALSE,FALSE,NA,Canada,female,women's featherweight,16,16,6,3,2 KO 1 Sub 0 Dec,3,0 KO 0 Sub 3 Dec,1,1,4586,29.6,31.4,0,2.5,2686,2750,2701,2019-05-18,W - Megan Anderson,2021-11-13,W - Leah Letson
Jessin Ayari,1992-05-31,FALSE,FALSE,FALSE,FALSE,FALSE,FALSE,FALSE,NA,"Germany, Tunisia",male,"lightweight, welterweight",16,16,4,1,0 KO 0 Sub 1 Dec,3,1 KO 0 Sub 2 Dec,-3,1,2772,26,27.6,0,10,2661,2750,2660,2016-09-03,W - Jim Wallhead,2020-10-03,L - Luigi Vendramini
Luana Carolina,1993-06-11,FALSE,FALSE,TRUE,FALSE,FALSE,FALSE,FALSE,NA,Brazil,female,"women's bantamweight, women's flyweight",15,16,10,6,1 KO 0 Sub 5 Dec,4,1 KO 1 Sub 2 Dec,-1,3,7992,29.2,30.9,0,9,2610,2749,2540,2019-05-11,W - Priscila Cachoeira,2025-09-28,L - Michelle Montague
Austin Lingo,1994-07-10,FALSE,FALSE,FALSE,FALSE,FALSE,FALSE,FALSE,NA,United States,male,featherweight,16,16,5,2,0 KO 0 Sub 2 Dec,3,0 KO 1 Sub 2 Dec,-2,2,4151,27.4,28.2,0,8.2,2566,2749,2669,2020-02-08,L - Youssef Zalal,2023-07-15,L - Melquizael Costa
Tonya Evinger,1981-06-04,TRUE,FALSE,FALSE,FALSE,FALSE,FALSE,FALSE,NA,United States,female,"women's bantamweight, women's featherweight",11,16,3,0,0 KO 0 Sub 0 Dec,3,2 KO 0 Sub 1 Dec,-3,-1,1822,37.2,31,0,6,2493,2749,2707,2017-07-29,L - Cris Cyborg,2019-06-01,L - Lina Lansberg
William Macario,1991-07-01,TRUE,FALSE,FALSE,FALSE,FALSE,FALSE,FALSE,NA,Brazil,male,welterweight,16,16,4,1,0 KO 0 Sub 1 Dec,3,2 KO 1 Sub 0 Dec,-2,1,2437,22.8,30.1,0,6.5,2490,2749,2660,2013-06-08,L - Leonardo Santos,2015-02-22,L - Matt Dwyer
Dustin Kimura,1989-05-21,FALSE,FALSE,FALSE,FALSE,FALSE,FALSE,FALSE,NA,United States,male,bantamweight,16,16,5,2,0 KO 2 Sub 0 Dec,3,0 KO 1 Sub 2 Dec,-2,1,2888,24.6,28.7,0,9.6,2458,2749,2583,2013-02-02,W - Chico Camus,2014-12-13,L - Henry Cejudo
Junior Albini,1991-03-15,FALSE,FALSE,FALSE,FALSE,FALSE,FALSE,FALSE,NA,Brazil,male,heavyweight,11,16,5,1,1 KO 0 Sub 0 Dec,4,2 KO 1 Sub 1 Dec,-4,1,1748,27.3,35.2,1,8.6,2407,2749,2687,2017-07-22,W - Tim Johnson,2019-06-29,L - Maurice Greene
Che Mills,1982-09-29,TRUE,FALSE,FALSE,FALSE,FALSE,FALSE,FALSE,NA,"United Kingdom, England",male,welterweight,16,16,4,2,2 KO 0 Sub 0 Dec,1,1 KO 0 Sub 0 Dec,0,1,1528,29.8,28.2,1,5.8,2300,2749,2650,2011-11-05,W - Chris Cope,2013-02-16,NC - Matt Riddle
Abdul-Kerim Edilov,1991-11-25,FALSE,FALSE,FALSE,FALSE,FALSE,FALSE,FALSE,NA,Russia,male,light heavyweight,16,16,1,1,1 KO 0 Sub 0 Dec,0,0 KO 0 Sub 0 Dec,1,1,452,25.8,37.4,0,11,2748,2748,2365,2017-09-02,W - Bojan Mihajlovic,2017-09-02,W - Bojan Mihajlovic
Roberto Sanchez,1986-03-05,FALSE,FALSE,FALSE,FALSE,FALSE,FALSE,FALSE,NA,United States,male,flyweight,16,16,3,1,0 KO 1 Sub 0 Dec,2,0 KO 1 Sub 1 Dec,-1,1,1246,32,25,0,11,2687,2748,2680,2017-08-05,L - Joseph Morales,2018-09-08,L - Jarred Brooks
Gerald Harris,1979-11-19,TRUE,FALSE,FALSE,FALSE,FALSE,FALSE,FALSE,NA,United States,male,middleweight,16,16,4,3,3 KO 0 Sub 0 Dec,1,0 KO 0 Sub 1 Dec,-1,3,2748,30.5,28.7,2,8,2585,2748,2501,2010-01-11,W - John Salter,2010-11-20,L - Maiquel Falcao
Dong Yi Yang,1984-12-07,FALSE,FALSE,FALSE,FALSE,FALSE,FALSE,FALSE,NA,South Korea,male,middleweight,16,16,5,2,2 KO 0 Sub 0 Dec,3,0 KO 0 Sub 3 Dec,1,1,3697,27.5,26.5,0,6.6,2568,2747,2602,2010-10-23,L - Chris Camozzi,2015-11-28,W - Jake Collier
Nick Ring,1979-02-10,TRUE,FALSE,FALSE,FALSE,FALSE,FALSE,FALSE,NA,Canada,male,middleweight,16,16,6,3,0 KO 1 Sub 2 Dec,3,0 KO 0 Sub 3 Dec,-2,2,5313,33.2,28,0,7,2470,2747,2605,2011-02-26,W - Riki Fukuda,2013-12-06,L - Caio Magalhaes
Mitch Clarke,1985-11-24,FALSE,FALSE,FALSE,FALSE,FALSE,FALSE,FALSE,NA,Canada,male,lightweight,16,16,7,2,0 KO 1 Sub 1 Dec,5,2 KO 1 Sub 2 Dec,-3,2,4234,28.6,28.3,1,8.3,2442,2747,2669,2011-12-10,L - John Cholish,2017-09-09,L - Alex White
Mike Guymon,1974-09-17,FALSE,FALSE,FALSE,FALSE,FALSE,FALSE,FALSE,NA,United States,male,welterweight,16,16,4,1,0 KO 0 Sub 1 Dec,3,0 KO 3 Sub 0 Dec,-2,1,1442,35.9,28.8,0,8.2,2659,2746,2624,2010-01-11,L - Rory MacDonald,2011-01-22,L - DaMarques Johnson
Tafon Nchukwi,1994-10-14,FALSE,FALSE,TRUE,FALSE,FALSE,FALSE,FALSE,NA,Cameroon,male,light heavyweight,16,16,6,2,0 KO 0 Sub 2 Dec,4,2 KO 0 Sub 2 Dec,-3,1,4319,27.3,31.9,0,8.5,2583,2746,2615,2020-12-19,W - Jamie Pickett,2023-08-12,L - AJ Dobson
Glaico Franca,1991-02-28,TRUE,FALSE,FALSE,FALSE,FALSE,FALSE,FALSE,NA,Brazil,male,lightweight,16,16,3,1,0 KO 1 Sub 0 Dec,2,0 KO 0 Sub 2 Dec,-2,1,2686,25,30.8,0,8.3,2569,2746,2776,2015-08-01,W - Fernando Bruno,2016-09-24,L - Gregor Gillespie
Ariane da Silva,1994-01-26,FALSE,FALSE,FALSE,FALSE,FALSE,FALSE,FALSE,NA,Brazil,female,women's flyweight,11,16,14,6,0 KO 2 Sub 4 Dec,8,3 KO 1 Sub 4 Dec,-3,3,9619,28.1,30.6,2,6.9,2647,2745,2622,2019-01-19,L - Joanne Wood,2025-06-07,L - Wang Cong
Godofredo Pepey,1987-07-02,TRUE,FALSE,FALSE,FALSE,FALSE,FALSE,FALSE,NA,Brazil,male,featherweight,16,16,11,5,1 KO 3 Sub 1 Dec,6,3 KO 0 Sub 3 Dec,-2,3,4886,27.6,28.4,3,7,2592,2745,2642,2012-06-23,L - Rony Jason,2018-01-27,L - Mirsad Bektic
Sean O'Connell,1983-09-02,TRUE,FALSE,FALSE,FALSE,FALSE,FALSE,FALSE,NA,United States,male,light heavyweight,16,16,7,2,2 KO 0 Sub 0 Dec,5,3 KO 0 Sub 2 Dec,-3,2,3340,31.8,32.6,3,6.9,2930,2744,2686,2014-04-16,L - Ryan Jimmo,2016-12-09,L - Corey Anderson
Emily Ducote,1994-01-01,FALSE,FALSE,FALSE,FALSE,FALSE,FALSE,FALSE,NA,United States,female,women's strawweight,13,16,5,2,0 KO 0 Sub 2 Dec,3,0 KO 0 Sub 3 Dec,-1,1,4500,29.4,35.7,0,9.2,2586,2744,2559,2022-07-16,W - Jessica Penne,2024-05-18,L - Vanessa Demopoulos
Akira Corassani,1982-08-27,TRUE,FALSE,FALSE,FALSE,FALSE,FALSE,FALSE,NA,Sweden,male,featherweight,16,16,6,3,0 KO 0 Sub 2 Dec,3,3 KO 0 Sub 0 Dec,-3,3,2564,31.4,26.3,1,5.2,2488,2744,2676,2012-09-29,W - Andy Ogle,2015-01-24,L - Sam Sicilia
Amir Sadollah,1980-08-27,TRUE,FALSE,FALSE,FALSE,FALSE,FALSE,FALSE,NA,United States,male,welterweight,16,16,11,6,0 KO 2 Sub 4 Dec,5,1 KO 0 Sub 4 Dec,-2,2,7918,30.4,29.5,0,3.5,2441,2744,2533,2008-06-21,W - C.B. Dollaway,2014-09-20,L - Yoshihiro Akiyama
Luiz Cane,1981-04-02,FALSE,FALSE,FALSE,FALSE,FALSE,FALSE,FALSE,NA,Brazil,male,"middleweight, light heavyweight",16,16,9,4,3 KO 0 Sub 1 Dec,5,3 KO 0 Sub 1 Dec,-2,3,3230,28.8,29.3,1,6.6,2436,2744,2653,2007-12-29,L - James Irvin,2012-10-13,L - Chris Camozzi
Eddie Sanchez,1982-11-04,FALSE,FALSE,FALSE,FALSE,FALSE,FALSE,FALSE,NA,United States,male,heavyweight,16,16,6,3,3 KO 0 Sub 0 Dec,3,2 KO 0 Sub 1 Dec,-2,2,3181,24.9,NA,1,6.5,2322,2744,2582,2006-09-23,W - Mario Neto,2008-12-10,L - Justin McCully
Eric Shelton,1991-02-02,TRUE,FALSE,FALSE,FALSE,FALSE,FALSE,FALSE,NA,United States,male,flyweight,10,16,6,2,0 KO 0 Sub 2 Dec,4,0 KO 0 Sub 4 Dec,-1,1,5400,27,26.6,0,11.3,2740,2743,2690,2017-01-28,L - Alexandre Pantoja,2019-03-23,L - Jordan Espinosa
Jason MacDonald,1975-06-03,FALSE,FALSE,FALSE,FALSE,FALSE,FALSE,FALSE,NA,Canada,male,middleweight,16,16,14,6,2 KO 4 Sub 0 Dec,8,4 KO 3 Sub 1 Dec,-2,2,5026,33.6,29.8,4,5.8,2408,2743,2621,2006-10-10,W - Ed Herman,2012-05-15,L - Tom Lawlor
Christian Aguilera,1991-11-25,FALSE,FALSE,FALSE,FALSE,FALSE,FALSE,FALSE,NA,United States,male,welterweight,16,16,3,1,1 KO 0 Sub 0 Dec,2,0 KO 2 Sub 0 Dec,-2,1,638,28.9,30.7,0,9,2649,2742,2875,2020-06-13,W - Anthony Ivy,2021-05-08,L - Carlston Harris
Mayra Bueno Silva,1991-08-22,FALSE,FALSE,TRUE,FALSE,FALSE,FALSE,FALSE,NA,Brazil,female,"women's bantamweight, women's flyweight",2,14,14,5,0 KO 4 Sub 1 Dec,7,1 KO 0 Sub 6 Dec,-5,3,9662,31.2,32.2,4,6.5,2476,2742,2654,2018-09-22,W - Gillian Robertson,2026-04-25,L - Michelle Montague
Jessica Eye,1986-07-27,FALSE,FALSE,FALSE,FALSE,FALSE,FALSE,FALSE,NA,United States,female,women's flyweight,1,12,16,5,1 KO 0 Sub 4 Dec,10,1 KO 0 Sub 9 Dec,-4,3,13916,31.4,30.9,0,6.3,2461,2742,2674,2013-10-19,NC - Sarah Kaufman,2022-07-02,L - Maycee Barber
Impa Kasanganay,1994-01-17,FALSE,FALSE,TRUE,FALSE,FALSE,FALSE,FALSE,NA,"DR Congo, United States",male,"welterweight, middleweight",16,16,4,2,0 KO 1 Sub 1 Dec,2,2 KO 0 Sub 0 Dec,-1,1,1807,27.1,30.6,0,9.8,3068,2741,2661,2020-08-29,W - Maki Pitolo,2021-09-18,L - Carlston Harris
Steve Bosse,1981-07-29,FALSE,FALSE,FALSE,FALSE,FALSE,FALSE,FALSE,NA,Canada,male,"light heavyweight, middleweight",16,16,3,2,1 KO 0 Sub 1 Dec,1,1 KO 0 Sub 0 Dec,2,2,981,34.5,32.9,1,4,2741,2741,2607,2015-06-27,L - Thiago Santos,2016-06-18,W - Sean O'Connell
Ronny Markes,1988-04-21,FALSE,FALSE,FALSE,FALSE,FALSE,FALSE,FALSE,NA,Brazil,male,middleweight,16,16,5,3,0 KO 0 Sub 3 Dec,2,2 KO 0 Sub 0 Dec,-2,3,3452,24.7,31.5,0,5.4,2486,2741,2557,2011-08-14,W - Karlos Vemola,2014-03-23,L - Thiago Santos
Tomasz Drwal,1982-01-22,FALSE,FALSE,FALSE,FALSE,FALSE,FALSE,FALSE,NA,Poland,male,middleweight,16,16,6,3,2 KO 1 Sub 0 Dec,3,1 KO 1 Sub 1 Dec,-2,3,2281,27.4,29.8,0,7.7,2595,2740,2551,2007-09-08,L - Thiago Silva,2010-09-15,L - David Branch
TJ Waldburger,1988-04-25,FALSE,FALSE,FALSE,FALSE,FALSE,FALSE,FALSE,NA,United States,male,welterweight,16,16,8,4,0 KO 3 Sub 1 Dec,4,3 KO 0 Sub 1 Dec,-2,2,3569,24.1,30.4,2,7.9,2588,2740,2680,2010-09-15,W - David Mitchell,2014-02-22,L - Mike Pyle
Tony Sims,1985-10-14,FALSE,FALSE,FALSE,FALSE,FALSE,FALSE,FALSE,NA,United States,male,"lightweight, welterweight",16,16,3,1,1 KO 0 Sub 0 Dec,2,0 KO 1 Sub 1 Dec,-2,1,1261,29.9,27.8,0,6,2534,2740,2639,2015-06-27,W - Steve Montgomery,2016-01-02,L - Abel Trujillo
Malcolm Gordon,1990-05-19,FALSE,FALSE,FALSE,FALSE,FALSE,FALSE,FALSE,NA,"Canada, Jamaica",male,flyweight,16,16,7,2,1 KO 0 Sub 1 Dec,5,2 KO 3 Sub 0 Dec,-3,2,2612,31.8,27.9,0,10.9,2482,2740,2657,2020-07-18,L - Amir Albazi,2024-01-20,L - Jimmy Flick
Mike Brown,1975-09-08,FALSE,FALSE,FALSE,FALSE,FALSE,TRUE,FALSE,NA,United States,male,featherweight,16,16,6,2,0 KO 0 Sub 2 Dec,4,1 KO 1 Sub 2 Dec,-1,2,3861,35,27,0,9.3,2646,2739,2582,2004-04-02,L - Genki Sudo,2013-08-17,L - Steven Siler
Reza Madadi,1978-06-20,FALSE,FALSE,FALSE,FALSE,FALSE,FALSE,FALSE,NA,"Iran, Sweden",male,lightweight,16,16,7,3,1 KO 2 Sub 0 Dec,4,0 KO 0 Sub 4 Dec,-2,1,5397,36.5,29.9,1,7.9,2606,2739,2630,2012-04-14,W - Yoislandy Izquierdo,2017-05-28,L - Joaquim Silva
Andre Soukhamthath,1988-10-23,FALSE,FALSE,FALSE,FALSE,FALSE,FALSE,FALSE,NA,United States,male,bantamweight,16,16,7,2,1 KO 0 Sub 1 Dec,5,0 KO 0 Sub 5 Dec,-2,1,5766,29.6,26.3,1,7.1,2343,2739,2634,2017-03-04,L - Albert Morales,2019-08-31,L - Sumudaerji
Viktoriia Dudakova,1999-01-26,FALSE,FALSE,TRUE,FALSE,FALSE,FALSE,FALSE,NA,Russia,female,women's strawweight,16,16,4,2,1 KO 0 Sub 1 Dec,2,1 KO 0 Sub 1 Dec,-2,2,2401,25.2,31.5,0,11,2530,2738,2434,2023-07-15,W - Istela Nunes,2025-01-11,L - Fatima Kline
Daron Cruickshank,1985-06-11,TRUE,FALSE,FALSE,FALSE,FALSE,FALSE,FALSE,NA,United States,male,lightweight,16,16,13,6,3 KO 0 Sub 3 Dec,6,0 KO 4 Sub 2 Dec,-3,2,7959,28.8,30.5,0,7.2,2489,2738,2635,2012-06-01,W - Chris Tickle,2016-01-17,L - Paul Felder
Dalcha Lungiambula,1987-07-31,FALSE,FALSE,FALSE,FALSE,FALSE,FALSE,FALSE,NA,DR Congo,male,middleweight,16,16,7,2,1 KO 0 Sub 1 Dec,5,3 KO 1 Sub 1 Dec,-4,1,4201,33.8,29.3,0,9,2413,2738,2653,2019-06-29,W - Dequan Townsend,2022-12-10,L - Edmen Shahbazyan
Jose Johnson,1995-05-20,FALSE,FALSE,TRUE,FALSE,FALSE,FALSE,FALSE,NA,United States,male,"flyweight, bantamweight",16,16,4,1,0 KO 1 Sub 0 Dec,3,0 KO 2 Sub 1 Dec,-2,1,2140,28.9,32.9,0,8,2490,2737,2711,2023-08-12,L - Da'Mon Blackshear,2025-01-11,L - Felipe Bunes
Luis Saldana,1991-01-27,FALSE,FALSE,TRUE,FALSE,FALSE,FALSE,FALSE,NA,United States,male,featherweight,16,16,4,2,0 KO 0 Sub 2 Dec,1,0 KO 0 Sub 1 Dec,0,1,3600,30.9,28.6,0,9.5,2698,2736,2628,2021-04-10,W - Jordan Griffin,2022-08-20,D - Sean Woodson
Mark Hominick,1982-07-22,FALSE,FALSE,FALSE,FALSE,FALSE,TRUE,FALSE,NA,Canada,male,featherweight,16,16,7,3,1 KO 1 Sub 1 Dec,4,1 KO 0 Sub 3 Dec,-4,3,4707,27.8,28.5,2,4.3,2389,2736,2584,2006-03-04,W - Yves Edwards,2012-11-17,L - Pablo Garza
Pingyuan Liu,1993-02-13,FALSE,FALSE,FALSE,FALSE,FALSE,FALSE,FALSE,NA,China,male,bantamweight,16,16,4,2,0 KO 0 Sub 2 Dec,2,1 KO 0 Sub 1 Dec,-2,2,3534,26.1,29,0,9.5,2587,2735,2605,2018-07-22,W - Damian Stasiak,2019-12-21,L - Kyung Ho Kang
Cyrille Diabate,1973-10-06,FALSE,FALSE,FALSE,TRUE,FALSE,FALSE,FALSE,NA,France,male,light heavyweight,16,16,8,4,1 KO 1 Sub 2 Dec,4,1 KO 3 Sub 0 Dec,-2,2,3509,38.3,30.7,0,5.9,2495,2735,2583,2010-05-29,W - Luiz Cane,2014-03-08,L - Ilir Latifi
Fabricio Camoes,1978-12-23,FALSE,FALSE,FALSE,FALSE,TRUE,FALSE,FALSE,NA,Brazil,male,lightweight,16,16,6,1,0 KO 1 Sub 0 Dec,4,0 KO 3 Sub 1 Dec,-3,1,3081,33.3,29.3,0,7,2472,2735,2646,2009-11-21,D - Caol Uno,2014-10-25,L - Anthony Rocco Martin
Shane Young,1993-07-31,FALSE,FALSE,FALSE,FALSE,FALSE,FALSE,FALSE,NA,New Zealand,male,featherweight,16,16,7,2,1 KO 0 Sub 1 Dec,5,1 KO 1 Sub 3 Dec,-4,2,4315,27,30.2,1,8.6,2410,2735,2682,2017-11-18,L - Alexander Volkanovski,2023-09-09,L - Gabriel Miranda
Gan McGee,1976-11-20,FALSE,FALSE,FALSE,TRUE,FALSE,TRUE,FALSE,NA,United States,male,heavyweight,16,16,4,2,2 KO 0 Sub 0 Dec,2,2 KO 0 Sub 0 Dec,-1,2,1277,25.7,25.7,0,4.2,2370,2735,2636,2000-11-17,L - Josh Barnett,2003-09-26,L - Tim Sylvia
Artem Lobov,1986-08-11,TRUE,FALSE,FALSE,FALSE,FALSE,FALSE,FALSE,NA,"Ireland, Russia",male,featherweight,16,16,7,2,0 KO 0 Sub 2 Dec,5,0 KO 0 Sub 5 Dec,-3,2,6900,30.5,28.6,1,5.3,2560,2734,2669,2015-12-11,L - Ryan Hall,2018-10-27,L - Michael Johnson
KJ Noons,1982-12-07,FALSE,FALSE,FALSE,FALSE,TRUE,FALSE,FALSE,NA,United States,male,"lightweight, welterweight",16,16,6,2,1 KO 0 Sub 1 Dec,3,0 KO 1 Sub 2 Dec,-2,2,3226,31.7,31.4,1,5.5,2516,2734,2681,2013-05-25,L - Donald Cerrone,2016-02-06,L - Josh Burkman
Rameau Thierry Sokoudjou,1984-04-18,FALSE,FALSE,FALSE,TRUE,TRUE,TRUE,FALSE,NA,Cameroon,male,light heavyweight,16,16,3,1,1 KO 0 Sub 0 Dec,2,1 KO 1 Sub 0 Dec,-1,1,1415,24.1,28.7,0,4.7,2510,2734,2675,2007-12-29,L - Lyoto Machida,2008-10-18,L - Luiz Cane
Justin Salas,1982-03-13,FALSE,FALSE,FALSE,FALSE,FALSE,FALSE,FALSE,NA,United States,male,lightweight,16,16,7,3,1 KO 0 Sub 2 Dec,4,3 KO 1 Sub 0 Dec,-2,1,2963,31.7,28.9,0,9.1,2452,2734,2655,2012-02-15,W - Anton Kuivanen,2016-03-05,L - Jason Saggo
Zhalgas Zhumagulov,1988-08-29,FALSE,FALSE,FALSE,FALSE,FALSE,FALSE,FALSE,NA,Kazakhstan,male,flyweight,16,16,7,1,0 KO 1 Sub 0 Dec,6,1 KO 0 Sub 5 Dec,-4,1,4864,33.3,26.4,0,9.9,2816,2733,2686,2020-07-11,L - Raulian Paiva,2023-06-24,L - Joshua Van
Antonio McKee,1970-03-12,FALSE,FALSE,FALSE,FALSE,FALSE,FALSE,FALSE,NA,United States,male,lightweight,16,16,1,0,0 KO 0 Sub 0 Dec,1,0 KO 0 Sub 1 Dec,-1,-1,900,40.8,30.3,0,11,2652,2733,2676,2011-01-01,L - Jacob Volkmann,2011-01-01,L - Jacob Volkmann
Felice Herrig,1984-09-18,TRUE,FALSE,FALSE,FALSE,FALSE,FALSE,FALSE,NA,United States,female,women's strawweight,8,16,10,5,0 KO 2 Sub 3 Dec,5,0 KO 2 Sub 3 Dec,-4,4,6649,33.2,29.6,1,5.3,2360,2733,2539,2014-12-12,W - Lisa Ellis,2022-06-04,L - Karolina Kowalkiewicz
Dylan Andrews,1979-11-15,TRUE,FALSE,FALSE,FALSE,FALSE,FALSE,FALSE,NA,Australia,male,middleweight,16,16,5,2,2 KO 0 Sub 0 Dec,3,2 KO 1 Sub 0 Dec,-3,2,2224,34.3,28.7,0,7.2,2246,2732,2486,2013-04-13,W - Jimmy Quinlan,2015-05-09,L - Brad Scott
James Moontasri,1988-04-10,FALSE,FALSE,FALSE,FALSE,FALSE,FALSE,FALSE,NA,United States,male,welterweight,16,16,6,2,1 KO 1 Sub 0 Dec,4,0 KO 1 Sub 3 Dec,-2,1,3561,27.5,26.7,0,8.3,2572,2731,2703,2014-06-28,L - Joe Ellenberger,2016-12-17,L - Alex Morono
Felipe Silva,1984-08-05,FALSE,FALSE,FALSE,FALSE,FALSE,FALSE,FALSE,NA,Brazil,male,lightweight,16,16,3,1,1 KO 0 Sub 0 Dec,2,1 KO 1 Sub 0 Dec,-2,1,900,33,26.9,0,9,2387,2731,2665,2016-08-27,W - Shane Campbell,2018-05-19,L - Claudio Puelles
Danny Barlow,1995-08-02,FALSE,FALSE,TRUE,FALSE,FALSE,FALSE,FALSE,NA,United States,male,"middleweight, welterweight",16,16,4,2,1 KO 0 Sub 1 Dec,2,1 KO 0 Sub 1 Dec,-2,2,2668,29.3,30.7,0,7,2494,2730,2644,2024-02-17,W - Josh Quinlan,2025-10-18,L - Djorden Santos
Parker Porter,1985-04-22,FALSE,FALSE,FALSE,FALSE,FALSE,FALSE,FALSE,NA,United States,male,heavyweight,16,16,8,4,1 KO 0 Sub 3 Dec,4,3 KO 1 Sub 0 Dec,-1,3,3523,36.9,31.1,0,5.8,2423,2730,2537,2020-08-15,L - Chris Daukaus,2023-08-26,L - Junior Tafa
Phil De Fries,1986-04-21,FALSE,FALSE,FALSE,FALSE,FALSE,FALSE,FALSE,NA,"United Kingdom, England",male,heavyweight,16,16,5,2,0 KO 1 Sub 1 Dec,3,3 KO 0 Sub 0 Dec,-2,1,1642,26.3,30.5,0,6.4,3235,2729,2551,2011-11-05,W - Rob Broughton,2013-04-06,L - Matt Mitrione
Azat Maksum,1995-02-02,FALSE,FALSE,FALSE,FALSE,FALSE,FALSE,FALSE,NA,Kazakhstan,male,flyweight,16,16,4,1,0 KO 0 Sub 1 Dec,3,0 KO 0 Sub 3 Dec,-3,1,3600,29.6,33.4,1,10.5,2453,2729,2690,2023-07-15,W - Tyson Nam,2025-10-25,L - Mitch Raposo
Frank Shamrock,1972-12-08,FALSE,FALSE,FALSE,FALSE,TRUE,TRUE,FALSE,NA,United States,male,"middleweight, light heavyweight",-1,16,5,5,1 KO 4 Sub 0 Dec,0,0 KO 0 Sub 0 Dec,5,5,2674,25.7,28.6,0,1.6,2443,2729,2425,1997-12-21,W - Kevin Jackson,1999-09-24,W - Tito Ortiz
Akihiro Gono,1974-10-07,FALSE,FALSE,FALSE,TRUE,FALSE,FALSE,FALSE,NA,Japan,male,welterweight,16,16,3,1,0 KO 1 Sub 0 Dec,2,0 KO 0 Sub 2 Dec,-2,1,2299,33.8,26.1,1,7,2399,2729,2786,2007-11-17,W - Tamdan McCrory,2009-01-31,L - Jon Fitch
Igor Pokrajac,1979-01-02,FALSE,FALSE,FALSE,FALSE,FALSE,FALSE,FALSE,NA,Croatia,male,light heavyweight,16,16,13,4,2 KO 1 Sub 1 Dec,8,2 KO 2 Sub 4 Dec,-4,3,7261,33.4,32.3,0,6.3,2337,2729,2604,2009-09-19,L - Vladimir Matyushenko,2016-04-10,L - Jan Blachowicz
Trevin Jones,1990-08-04,FALSE,FALSE,FALSE,FALSE,FALSE,FALSE,FALSE,NA,"Guam, United States",male,bantamweight,16,16,6,1,1 KO 0 Sub 0 Dec,4,0 KO 1 Sub 3 Dec,-4,1,4338,31.3,29.6,0,7.7,2589,2728,2800,2020-08-22,NC - Timur Valiev,2023-03-04,L - Cody Garbrandt
Cole Smith,1989-04-05,FALSE,FALSE,FALSE,FALSE,FALSE,FALSE,FALSE,NA,Canada,male,bantamweight,16,16,3,1,0 KO 0 Sub 1 Dec,2,0 KO 0 Sub 2 Dec,-2,1,2700,30.6,29.5,0,9,2539,2728,2679,2019-05-04,W - Mitch Gagnon,2020-09-05,L - Hunter Azure
Naoyuki Kotani,1981-12-08,FALSE,FALSE,FALSE,TRUE,FALSE,FALSE,FALSE,NA,Japan,male,lightweight,16,16,5,0,0 KO 0 Sub 0 Dec,5,2 KO 1 Sub 2 Dec,-5,-1,3231,30.1,28.3,0,7.4,2041,2728,2549,2007-04-05,L - Thiago Tavares,2015-09-26,L - Kajan Johnson
Sultan Aliev,1984-09-17,FALSE,FALSE,FALSE,FALSE,FALSE,FALSE,FALSE,NA,Russia,male,welterweight,16,16,4,2,0 KO 0 Sub 2 Dec,2,2 KO 0 Sub 0 Dec,1,1,2562,32.7,30.3,0,9,2727,2727,2730,2015-01-24,L - Kenny Robertson,2019-04-20,W - Keita Nakamura
Rafael Cavalcante,1980-04-05,FALSE,FALSE,FALSE,FALSE,TRUE,FALSE,FALSE,NA,Brazil,male,light heavyweight,9,16,5,1,0 KO 1 Sub 0 Dec,4,2 KO 0 Sub 2 Dec,-3,1,2792,34.4,32.8,1,4.2,2592,2727,2764,2013-06-08,L - Thiago Silva,2016-02-06,L - Ovince Saint Preux
Alessio Sakara,1981-09-02,FALSE,FALSE,FALSE,FALSE,FALSE,FALSE,FALSE,NA,Italy,male,middleweight,16,16,15,6,4 KO 0 Sub 2 Dec,8,4 KO 2 Sub 1 Dec,-4,3,4535,27.3,29.7,1,5,2452,2727,2544,2005-10-07,NC - Ron Faircloth,2013-10-26,L - Nico Musoke
Jim Alers,1986-10-14,FALSE,FALSE,FALSE,FALSE,FALSE,FALSE,FALSE,NA,United States,male,featherweight,16,16,4,1,0 KO 0 Sub 1 Dec,2,1 KO 0 Sub 1 Dec,-1,1,2803,28.7,27.8,1,8.8,2443,2727,2674,2014-04-11,W - Alan Omer,2016-07-23,L - Jason Knight
Nick Maximov,1997-12-23,FALSE,FALSE,TRUE,FALSE,FALSE,FALSE,FALSE,NA,United States,male,middleweight,16,16,4,2,0 KO 0 Sub 2 Dec,2,0 KO 1 Sub 1 Dec,-2,2,2776,24.3,28.7,0,7.8,2673,2726,2639,2021-09-25,W - Cody Brundage,2022-10-15,L - Jacob Malkoun
Antonina Shevchenko,1984-11-20,FALSE,FALSE,TRUE,FALSE,FALSE,FALSE,FALSE,NA,"Kyrgyzstan, Peru",female,women's flyweight,11,16,8,4,1 KO 1 Sub 2 Dec,4,1 KO 1 Sub 2 Dec,1,1,5732,35.7,30.1,2,7,2560,2726,2608,2018-11-30,W - Ji Yeon Kim,2022-07-09,W - Cortney Casey
Juan Adams,1992-01-16,FALSE,FALSE,TRUE,FALSE,FALSE,FALSE,FALSE,NA,United States,male,heavyweight,16,16,4,1,1 KO 0 Sub 0 Dec,3,2 KO 0 Sub 1 Dec,-3,1,1722,27.4,32.4,0,7.2,2554,2726,2489,2018-12-15,W - Chris De La Rocha,2020-02-08,L - Justin Tafa
John Cholish,1983-12-17,FALSE,FALSE,FALSE,FALSE,TRUE,FALSE,FALSE,NA,United States,male,lightweight,16,16,3,1,1 KO 0 Sub 0 Dec,2,0 KO 1 Sub 1 Dec,-2,1,1930,28.6,29.5,0,9.3,2544,2726,2629,2011-12-10,W - Mitch Clarke,2013-05-18,L - Gleison Tibau
Viscardi Andrade,1984-03-08,TRUE,FALSE,FALSE,FALSE,FALSE,FALSE,FALSE,NA,Brazil,male,welterweight,16,16,4,3,1 KO 0 Sub 2 Dec,1,0 KO 0 Sub 1 Dec,2,2,2796,30.8,29.9,0,9.2,2672,2725,2537,2013-08-03,W - Bristol Marunde,2016-03-19,W - Richard Walsh
Joe Giannetti,1995-07-05,TRUE,FALSE,FALSE,FALSE,FALSE,FALSE,FALSE,NA,United States,male,lightweight,16,16,1,0,0 KO 0 Sub 0 Dec,1,0 KO 0 Sub 1 Dec,-1,-1,900,23,26.5,0,2,2634,2725,2751,2018-07-06,L - Michael Trizano,2018-07-06,L - Michael Trizano
Jordan Griffin,1990-02-28,FALSE,FALSE,TRUE,FALSE,FALSE,FALSE,FALSE,NA,United States,male,featherweight,16,16,5,1,0 KO 1 Sub 0 Dec,4,0 KO 0 Sub 4 Dec,-2,1,4118,30,29.1,1,10.2,2519,2725,2698,2018-12-15,L - Dan Ige,2021-04-10,L - Luis Saldana
Wesley Correira,1978-11-11,FALSE,FALSE,FALSE,FALSE,FALSE,TRUE,FALSE,NA,United States,male,heavyweight,16,16,4,2,2 KO 0 Sub 0 Dec,2,2 KO 0 Sub 0 Dec,-1,2,1318,24.7,30.5,0,3.2,2245,2725,2510,2002-09-27,L - Tim Sylvia,2004-04-02,L - Andrei Arlovski
Clifford Starks,1981-04-25,FALSE,FALSE,FALSE,FALSE,FALSE,FALSE,FALSE,NA,United States,male,middleweight,16,16,3,1,0 KO 0 Sub 1 Dec,2,1 KO 1 Sub 0 Dec,-2,1,1395,31.1,30.3,0,9.3,2617,2724,2524,2011-10-29,W - Dustin Jacoby,2013-04-20,L - Yoel Romero
Bobby Moffett,1990-06-01,FALSE,FALSE,TRUE,FALSE,FALSE,FALSE,FALSE,NA,United States,male,featherweight,16,16,3,0,0 KO 0 Sub 0 Dec,2,0 KO 0 Sub 2 Dec,-2,0,2263,28.8,29.4,1,7,2780,2723,2784,2018-11-10,NC - Chas Skelly,2019-08-10,L - Enrique Barzola
Andre Ewell,1988-01-21,FALSE,FALSE,FALSE,FALSE,FALSE,FALSE,FALSE,NA,United States,male,"featherweight, bantamweight",16,16,9,4,0 KO 0 Sub 4 Dec,5,2 KO 1 Sub 2 Dec,-3,2,7574,32.2,29.2,0,8.9,2499,2723,2720,2018-09-22,W - Renan Barao,2021-12-18,L - Charles Jourdain
Teruto Ishihara,1991-07-23,TRUE,FALSE,FALSE,FALSE,FALSE,FALSE,FALSE,NA,Japan,male,bantamweight,16,16,9,3,2 KO 0 Sub 1 Dec,5,1 KO 1 Sub 3 Dec,-3,2,5433,25.8,29.6,1,8.1,2445,2723,2633,2015-09-26,D - Mizuto Hirota,2019-02-09,L - Kyung Ho Kang
Kiichi Kunimoto,1981-05-01,FALSE,FALSE,FALSE,FALSE,FALSE,FALSE,FALSE,NA,Japan,male,welterweight,16,16,5,3,0 KO 1 Sub 1 Dec,2,0 KO 1 Sub 1 Dec,-2,3,2831,33.8,29.5,1,5.4,2386,2723,2649,2014-01-04,W - Luiz Dutra Jr.,2017-06-10,L - Zak Ottow
Natan Levy,1991-09-30,FALSE,FALSE,TRUE,FALSE,FALSE,FALSE,FALSE,NA,Israel,male,lightweight,16,16,4,2,0 KO 0 Sub 2 Dec,2,0 KO 1 Sub 1 Dec,-1,2,3103,31.1,30.7,0,9,2652,2722,2650,2021-11-20,L - Rafa Garcia,2024-03-16,L - Mike Davis
Dan Argueta,1993-08-13,TRUE,FALSE,FALSE,FALSE,FALSE,FALSE,FALSE,NA,United States,male,bantamweight,16,16,6,1,0 KO 0 Sub 1 Dec,4,0 KO 1 Sub 3 Dec,-3,1,4339,30,28.7,0,9.5,2504,2722,2740,2022-06-04,L - Damon Jackson,2024-10-12,L - Cody Haddon
Sarah Frota,1987-04-14,FALSE,FALSE,TRUE,FALSE,FALSE,FALSE,FALSE,NA,Brazil,female,women's flyweight,16,16,2,0,0 KO 0 Sub 0 Dec,2,1 KO 0 Sub 1 Dec,-2,-1,1453,32,26,0,8,2432,2722,2686,2019-02-02,L - Livinha Souza,2019-07-27,L - Gillian Robertson
Andreas Michailidis,1988-07-18,FALSE,FALSE,FALSE,FALSE,FALSE,FALSE,FALSE,NA,Greece,male,"welterweight, middleweight",16,16,4,1,0 KO 0 Sub 1 Dec,3,2 KO 0 Sub 1 Dec,-2,1,2418,33,30.2,0,9.2,2330,2722,2621,2020-07-15,L - Modestas Bukauskas,2022-06-04,L - Rinat Fakhretdinov
Scott Askham,1988-05-20,FALSE,FALSE,FALSE,FALSE,FALSE,FALSE,FALSE,NA,"United Kingdom, England",male,middleweight,16,16,6,2,2 KO 0 Sub 0 Dec,4,0 KO 0 Sub 4 Dec,-2,1,4057,27.6,28.3,1,8,2759,2721,2613,2014-10-03,L - Magnus Cedenblad,2017-03-18,L - Brad Scott
Humberto Bandenay,1994-09-04,FALSE,FALSE,FALSE,FALSE,FALSE,FALSE,FALSE,NA,Peru,male,featherweight,16,16,4,1,1 KO 0 Sub 0 Dec,3,1 KO 0 Sub 2 Dec,-3,1,1865,23.9,27.8,1,6.5,2621,2721,2616,2017-08-05,W - Martin Bravo,2019-08-10,L - Eduardo Garagorri
Phillip Miller,1979-02-20,FALSE,FALSE,FALSE,FALSE,FALSE,FALSE,FALSE,NA,United States,male,"middleweight, light heavyweight",16,16,2,2,0 KO 1 Sub 1 Dec,0,0 KO 0 Sub 0 Dec,2,2,1490,23.6,30.2,0,6.5,2737,2720,2338,2002-07-13,W - James Zikic,2002-11-22,W - Mark Weir
Jonny Parsons,1991-09-06,FALSE,FALSE,TRUE,FALSE,FALSE,FALSE,FALSE,NA,United States,male,welterweight,16,16,1,1,1 KO 0 Sub 0 Dec,0,0 KO 0 Sub 0 Dec,1,1,597,31.9,36,1,8,2720,2720,2652,2023-07-22,W - Danny Roberts,2023-07-22,W - Danny Roberts
Damian Stasiak,1990-02-20,FALSE,FALSE,FALSE,FALSE,FALSE,FALSE,FALSE,NA,Poland,male,bantamweight,16,16,6,2,0 KO 2 Sub 0 Dec,4,1 KO 0 Sub 3 Dec,-3,2,4491,26.9,29.3,1,8.5,2666,2720,2659,2015-04-11,L - Yaotzin Meza,2018-07-22,L - Pingyuan Liu
Maurice Greene,1986-07-05,TRUE,FALSE,FALSE,FALSE,FALSE,FALSE,FALSE,NA,United States,male,heavyweight,13,16,8,4,1 KO 2 Sub 1 Dec,4,2 KO 1 Sub 1 Dec,-2,3,4057,33.5,33.4,0,6.6,2541,2720,2662,2018-11-30,W - Michel Batista,2021-05-08,L - Marcos Rogerio de Lima
Rodrigo Damm,1980-02-03,TRUE,FALSE,FALSE,FALSE,TRUE,FALSE,FALSE,NA,Brazil,male,lightweight,16,16,7,3,0 KO 1 Sub 2 Dec,4,1 KO 0 Sub 3 Dec,-3,2,5378,33.8,30.5,1,7.6,2485,2720,2618,2012-06-23,W - Anistavio Medeiros,2015-01-03,L - Evan Dunham
Anton Turkalj,1996-06-10,FALSE,FALSE,TRUE,FALSE,FALSE,FALSE,FALSE,NA,Sweden,male,light heavyweight,16,16,4,0,0 KO 0 Sub 0 Dec,4,2 KO 1 Sub 1 Dec,-4,-1,1991,27,29.2,2,7.2,2456,2720,2731,2022-09-10,L - Jailton Almeida,2024-03-30,L - Ibo Aslan
Miranda Granger,1992-04-13,FALSE,FALSE,FALSE,FALSE,FALSE,FALSE,FALSE,NA,United States,female,women's strawweight,16,16,4,1,0 KO 0 Sub 1 Dec,3,0 KO 2 Sub 1 Dec,-3,1,2386,28.5,29,0,9,2375,2720,2513,2019-08-03,W - Hannah Goldy,2022-08-06,L - Cory McKenna
Kamal Shalorus,1977-08-27,FALSE,FALSE,FALSE,FALSE,FALSE,TRUE,FALSE,NA,Iran,male,lightweight,16,16,3,0,0 KO 0 Sub 0 Dec,3,1 KO 2 Sub 0 Dec,-3,-1,1563,34.2,26.1,0,6.3,2556,2719,2825,2011-03-19,L - Jim Miller,2012-05-15,L - Rafael Dos Anjos
Michinori Tanaka,1990-10-04,FALSE,FALSE,FALSE,FALSE,FALSE,FALSE,FALSE,NA,Japan,male,bantamweight,16,16,5,2,0 KO 0 Sub 2 Dec,3,0 KO 0 Sub 3 Dec,-2,1,4500,25,28,1,9.6,2674,2718,2633,2014-06-14,W - Roland Delorme,2017-02-04,L - Ricardo Ramos
Keita Nakamura,1984-05-22,FALSE,FALSE,FALSE,FALSE,FALSE,FALSE,FALSE,NA,Japan,male,welterweight,16,16,11,4,0 KO 2 Sub 2 Dec,7,0 KO 0 Sub 7 Dec,-1,1,9436,30.3,29.1,1,7.2,2626,2718,2639,2006-12-13,L - Brock Larson,2019-04-20,L - Sultan Aliev
Molly McCann,1990-05-04,FALSE,FALSE,FALSE,FALSE,FALSE,FALSE,FALSE,NA,"United Kingdom, England",female,women's strawweight,14,16,14,7,2 KO 1 Sub 4 Dec,7,0 KO 4 Sub 3 Dec,-2,3,8572,31.5,27.6,4,6.9,2403,2718,2531,2018-05-27,L - Gillian Robertson,2025-03-22,L - Alexia Thainara
Dan Severn,1958-06-08,FALSE,FALSE,FALSE,TRUE,FALSE,TRUE,FALSE,TRUE,United States,male,"heavyweight, openweight",-1,16,13,9,1 KO 5 Sub 3 Dec,4,0 KO 4 Sub 0 Dec,-2,4,3191,37.6,NA,0,3.2,2353,2718,2404,1994-12-16,W - Anthony Macias,2000-09-22,L - Pedro Rizzo
James Irvin,1978-09-12,FALSE,FALSE,FALSE,FALSE,TRUE,TRUE,FALSE,NA,United States,male,"light heavyweight, middleweight",16,16,10,4,3 KO 0 Sub 0 Dec,6,4 KO 2 Sub 0 Dec,-3,2,1726,29,29,2,5.4,2269,2718,2535,2005-02-05,L - Mike Kyle,2010-08-01,L - Igor Pokrajac
Deron Winn,1989-06-13,FALSE,FALSE,FALSE,FALSE,FALSE,FALSE,FALSE,NA,United States,male,middleweight,16,16,5,2,0 KO 0 Sub 2 Dec,3,1 KO 1 Sub 1 Dec,-1,1,3998,31.1,31.7,1,9.2,2634,2717,2702,2019-06-22,W - Eric Spicely,2022-06-18,L - Phil Hawes
Don'Tale Mayes,1992-01-16,FALSE,FALSE,TRUE,FALSE,FALSE,FALSE,FALSE,NA,United States,male,heavyweight,14,16,12,4,2 KO 0 Sub 2 Dec,7,0 KO 3 Sub 4 Dec,-3,2,8991,30.9,31.9,0,8.1,2460,2717,2625,2019-10-26,L - Ciryl Gane,2025-05-03,L - Thomas Petersen
Clint Hester,1986-11-21,TRUE,FALSE,FALSE,FALSE,FALSE,FALSE,FALSE,NA,United States,male,"light heavyweight, middleweight",16,16,7,4,2 KO 0 Sub 2 Dec,3,2 KO 1 Sub 0 Dec,-3,4,4429,27.8,29.3,1,7.9,2415,2717,2588,2013-04-13,W - Bristol Marunde,2016-04-23,L - Marcos Rogerio de Lima
Brok Weaver,1991-12-05,FALSE,FALSE,TRUE,FALSE,FALSE,FALSE,FALSE,NA,United States,male,lightweight,16,16,3,1,0 KO 0 Sub 0 Dec,2,0 KO 2 Sub 0 Dec,-2,1,1308,28.5,28.7,0,6,2548,2716,2664,2020-02-15,W - Rodrigo Vargas,2020-09-12,L - Jalin Turner
Jamal Pogues,1995-12-01,FALSE,FALSE,TRUE,FALSE,FALSE,FALSE,FALSE,NA,United States,male,heavyweight,16,16,4,2,0 KO 0 Sub 2 Dec,2,0 KO 0 Sub 2 Dec,-1,1,3600,28,30.6,0,9.2,2516,2716,2511,2023-02-18,W - Josh Parisian,2025-02-01,L - Hamdy Abdelwahab
Josh Quinlan,1993-02-06,FALSE,FALSE,TRUE,FALSE,FALSE,FALSE,FALSE,NA,United States,male,welterweight,16,16,4,1,1 KO 0 Sub 0 Dec,3,1 KO 0 Sub 2 Dec,-3,1,2607,30.5,32,0,8.5,2347,2716,2588,2022-08-13,W - Jason Witt,2024-06-15,L - Adam Fugitt
Travis Wiuff,1978-03-15,FALSE,FALSE,FALSE,TRUE,FALSE,FALSE,FALSE,NA,United States,male,"light heavyweight, heavyweight",16,16,2,0,0 KO 0 Sub 0 Dec,2,0 KO 2 Sub 0 Dec,-2,-1,574,25.9,30.7,0,4.5,2465,2715,2729,2002-11-22,L - Vladimir Matyushenko,2005-04-16,L - Renato Sobral
Darko Stosic,1992-02-09,FALSE,FALSE,FALSE,FALSE,FALSE,FALSE,FALSE,NA,Serbia,male,light heavyweight,16,16,4,1,1 KO 0 Sub 0 Dec,3,0 KO 0 Sub 3 Dec,-3,1,2893,27.3,28.1,0,8.5,2750,2714,2598,2018-07-22,W - Jeremy Kimball,2020-01-25,L - Jamahal Hill
Caolan Loughran,1996-05-18,FALSE,FALSE,FALSE,FALSE,FALSE,FALSE,FALSE,NA,Ireland,male,bantamweight,16,16,4,2,0 KO 0 Sub 2 Dec,2,0 KO 0 Sub 2 Dec,1,1,3600,28,29.7,0,10,2573,2714,2670,2023-09-02,L - Taylor Lapilus,2025-03-22,W - Nathan Fletcher
George Roop,1981-11-10,TRUE,FALSE,FALSE,FALSE,FALSE,TRUE,FALSE,NA,United States,male,bantamweight,16,16,13,5,2 KO 0 Sub 3 Dec,8,4 KO 1 Sub 3 Dec,-2,2,8125,30.4,28.6,0,7.8,2491,2714,2609,2008-12-13,L - Shane Nelson,2015-09-26,L - Takeya Mizugaki
Sam Sicilia,1986-02-01,TRUE,FALSE,FALSE,FALSE,FALSE,FALSE,FALSE,NA,United States,male,featherweight,16,16,12,5,3 KO 0 Sub 2 Dec,7,2 KO 3 Sub 2 Dec,-3,2,6222,28.6,29.7,0,6.9,2421,2713,2566,2012-06-01,W - Cristiano Marcello,2017-02-19,L - Gavin Tucker
Dean Lister,1976-02-13,FALSE,FALSE,FALSE,TRUE,FALSE,FALSE,FALSE,NA,United States,male,middleweight,16,16,6,4,0 KO 2 Sub 2 Dec,2,0 KO 0 Sub 2 Dec,-1,2,3972,31.5,29.1,0,5.3,2606,2712,2546,2006-05-27,W - Alessio Sakara,2008-12-27,L - Yushin Okami
Marion Reneau,1977-06-20,FALSE,FALSE,FALSE,FALSE,FALSE,FALSE,FALSE,NA,United States,female,women's bantamweight,6,16,13,5,2 KO 2 Sub 1 Dec,7,1 KO 0 Sub 6 Dec,-5,2,10224,40.4,30.8,1,6.3,2363,2712,2551,2015-01-03,W - Alexis Dufresne,2021-07-17,L - Miesha Tate
Ryan Janes,1981-08-22,FALSE,FALSE,FALSE,FALSE,FALSE,FALSE,FALSE,NA,Canada,male,middleweight,16,16,4,2,1 KO 0 Sub 1 Dec,2,0 KO 1 Sub 1 Dec,1,1,2552,35.7,29.4,0,8.5,2711,2711,2737,2016-12-09,W - Keith Berish,2017-12-01,W - Andrew Sanchez
Steven Peterson,1990-05-29,FALSE,FALSE,TRUE,FALSE,FALSE,FALSE,FALSE,NA,United States,male,featherweight,16,16,8,3,1 KO 0 Sub 2 Dec,5,0 KO 0 Sub 5 Dec,-2,2,6691,29.8,28.3,2,7.2,2563,2711,2637,2018-02-18,L - Brandon Davis,2023-03-25,L - Lucas Alexander
Joanne Wood,1985-12-23,TRUE,FALSE,FALSE,FALSE,FALSE,FALSE,FALSE,NA,"United Kingdom, Scotland",female,women's flyweight,3,16,17,9,1 KO 1 Sub 7 Dec,8,0 KO 5 Sub 3 Dec,2,2,11231,33.3,30,1,6.5,2631,2710,2649,2014-12-12,W - Seo Hee Ham,2024-03-09,W - Maryna Moroz
Joe Proctor,1985-08-10,TRUE,FALSE,FALSE,FALSE,FALSE,FALSE,FALSE,NA,United States,male,"welterweight, lightweight",16,16,8,4,2 KO 1 Sub 1 Dec,4,2 KO 1 Sub 1 Dec,-2,2,3925,29.1,29.5,0,7.8,2545,2710,2601,2012-06-01,W - Jeremy Larsen,2017-04-22,L - Bryan Barberena
Marcus Aurelio,1973-08-18,FALSE,FALSE,FALSE,TRUE,FALSE,FALSE,FALSE,NA,Brazil,male,lightweight,16,16,6,2,1 KO 1 Sub 0 Dec,4,0 KO 0 Sub 4 Dec,-3,2,3885,34.8,28.1,0,8.3,2504,2710,2576,2007-08-25,L - Clay Guida,2009-08-29,L - Evan Dunham
Gustavo Lopez,1989-06-27,FALSE,FALSE,FALSE,FALSE,FALSE,FALSE,FALSE,NA,United States,male,bantamweight,16,16,4,1,0 KO 1 Sub 0 Dec,2,1 KO 0 Sub 1 Dec,0,1,2590,31.6,30.2,0,8.5,2480,2710,2733,2020-06-13,L - Merab Dvalishvili,2021-09-18,D - Alatengheili
Robbie Peralta,1986-03-14,FALSE,FALSE,FALSE,FALSE,TRUE,FALSE,FALSE,NA,United States,male,featherweight,16,16,8,4,2 KO 0 Sub 2 Dec,3,0 KO 1 Sub 2 Dec,-2,2,5216,27.3,30.6,0,7.8,2416,2710,2608,2011-09-17,W - Mike Lullo,2015-04-04,L - Clay Guida
Felipe Bunes,1989-10-26,FALSE,FALSE,FALSE,FALSE,FALSE,FALSE,FALSE,NA,Brazil,male,flyweight,16,16,4,1,0 KO 1 Sub 0 Dec,3,1 KO 0 Sub 2 Dec,-2,1,2495,35.4,27.7,0,8.2,2622,2709,2768,2024-01-13,L - Joshua Van,2026-02-28,L - Edgar Chairez
Roger Gracie,1981-09-26,FALSE,FALSE,FALSE,FALSE,TRUE,FALSE,FALSE,NA,Brazil,male,middleweight,16,16,1,0,0 KO 0 Sub 0 Dec,1,0 KO 0 Sub 1 Dec,-1,-1,900,31.8,33.8,0,3,2821,2708,2871,2013-07-06,L - Tim Kennedy,2013-07-06,L - Tim Kennedy
Jim Wallhead,1984-03-14,FALSE,FALSE,FALSE,FALSE,FALSE,FALSE,FALSE,NA,"United Kingdom, England",male,welterweight,16,16,2,0,0 KO 0 Sub 0 Dec,2,0 KO 1 Sub 1 Dec,-2,-1,1488,32.8,24.1,0,8,2728,2708,2669,2016-09-03,L - Jessin Ayari,2017-06-03,L - Luan Chagas
Jeff Hughes,1988-05-17,FALSE,FALSE,TRUE,FALSE,FALSE,FALSE,FALSE,NA,United States,male,heavyweight,16,16,4,0,0 KO 0 Sub 0 Dec,3,0 KO 1 Sub 2 Dec,-2,0,2271,31.5,34.3,0,8.5,2513,2708,2650,2019-03-09,L - Maurice Greene,2020-09-26,L - Juan Espino
Mike De La Torre,1986-09-22,FALSE,FALSE,FALSE,FALSE,FALSE,FALSE,FALSE,NA,United States,male,featherweight,16,16,7,2,1 KO 0 Sub 1 Dec,4,2 KO 1 Sub 1 Dec,-2,1,2487,28.9,29.7,0,7.3,2326,2708,2687,2014-04-16,L - Mark Bocek,2017-04-08,L - Myles Jury
Jake O'Brien,1984-09-25,FALSE,FALSE,FALSE,FALSE,FALSE,TRUE,FALSE,NA,United States,male,"light heavyweight, heavyweight",16,16,7,4,1 KO 0 Sub 3 Dec,3,2 KO 1 Sub 0 Dec,-1,3,4194,23.3,28.5,0,6.3,2651,2707,2556,2006-08-17,W - Kristof Midoux,2009-07-11,L - Jon Jones
Yan Cabral,1983-05-13,TRUE,FALSE,FALSE,FALSE,FALSE,FALSE,FALSE,NA,Brazil,male,lightweight,16,16,5,2,0 KO 1 Sub 1 Dec,3,1 KO 0 Sub 2 Dec,-2,1,3902,31.7,32.2,0,8.4,2630,2707,2667,2013-10-09,W - David Mitchell,2016-05-08,L - Reza Madadi
Fabio Maldonado,1980-03-17,FALSE,FALSE,FALSE,FALSE,FALSE,FALSE,FALSE,NA,Brazil,male,"light heavyweight, heavyweight",12,16,11,5,2 KO 0 Sub 3 Dec,6,2 KO 0 Sub 4 Dec,-2,3,8129,33.3,31.1,2,4.7,2592,2707,2634,2010-10-16,W - James McSweeney,2015-11-07,L - Corey Anderson
Jeka Saragih,1995-01-01,FALSE,TRUE,FALSE,FALSE,FALSE,FALSE,FALSE,NA,Indonesia,male,"featherweight, lightweight",16,16,4,1,1 KO 0 Sub 0 Dec,3,2 KO 1 Sub 0 Dec,-2,1,752,29.2,30.8,1,9.2,2483,2707,2570,2023-02-04,L - Anshul Jubli,2025-06-07,L - JooSang Yoo
Khusein Askhabov,1995-02-13,FALSE,FALSE,FALSE,FALSE,FALSE,FALSE,FALSE,NA,"United Arab Emirates, Russia",male,featherweight,16,16,1,0,0 KO 0 Sub 0 Dec,1,0 KO 0 Sub 1 Dec,-1,-1,900,28,33.6,0,8,2706,2706,2687,2023-02-18,L - Jamall Emmers,2023-02-18,L - Jamall Emmers
Julia Avila,1988-05-11,FALSE,FALSE,FALSE,FALSE,FALSE,FALSE,FALSE,NA,United States,female,women's bantamweight,11,16,6,3,1 KO 1 Sub 1 Dec,3,0 KO 1 Sub 2 Dec,-2,2,4256,33.5,31.3,0,9.5,2469,2706,2566,2019-07-06,W - Pannie Kianzad,2025-02-15,L - Jacqueline Cavalcanti
Nick Thompson,1981-06-23,FALSE,FALSE,FALSE,FALSE,TRUE,FALSE,FALSE,NA,United States,male,welterweight,16,16,2,1,0 KO 0 Sub 1 Dec,1,0 KO 1 Sub 0 Dec,-1,1,1184,24.6,23.8,0,7,2405,2706,2690,2005-11-19,W - Keith Wisniewski,2006-04-15,L - Karo Parisyan
Azunna Anyanwu,1981-08-05,FALSE,FALSE,TRUE,FALSE,FALSE,FALSE,FALSE,NA,United States,male,heavyweight,16,16,1,0,0 KO 0 Sub 0 Dec,1,0 KO 0 Sub 1 Dec,-1,-1,900,36.1,29,0,6,2647,2705,2758,2017-09-16,L - Justin Ledet,2017-09-16,L - Justin Ledet
Isaac Dulgarian,1996-07-04,FALSE,FALSE,FALSE,FALSE,FALSE,FALSE,FALSE,NA,"Armenia, United States",male,featherweight,16,16,4,2,1 KO 1 Sub 0 Dec,2,0 KO 1 Sub 1 Dec,-1,1,1968,28.1,27.2,0,6,2639,2705,2679,2023-08-12,W - Francis Marshall,2025-11-01,L - Yadier del Valle
Falaniko Vitale,1974-07-14,FALSE,FALSE,FALSE,FALSE,TRUE,FALSE,FALSE,NA,United States,male,middleweight,16,16,2,1,1 KO 0 Sub 0 Dec,1,1 KO 0 Sub 0 Dec,-1,1,979,29.1,33.3,0,4.5,2485,2705,2662,2003-06-06,W - Matt Lindland,2003-11-21,L - Matt Lindland
Craig White,1990-07-01,FALSE,FALSE,FALSE,FALSE,FALSE,FALSE,FALSE,NA,"United Kingdom, England",male,welterweight,16,16,2,0,0 KO 0 Sub 0 Dec,2,1 KO 0 Sub 1 Dec,-2,-1,1172,28,33.8,0,6,2453,2705,2926,2018-05-27,L - Neil Magny,2018-09-08,L - Diego Sanchez
Jamie Varner,1984-10-12,FALSE,FALSE,FALSE,FALSE,FALSE,TRUE,FALSE,NA,United States,male,lightweight,16,16,9,3,1 KO 1 Sub 1 Dec,6,2 KO 3 Sub 1 Dec,-4,2,4536,27.3,29.5,3,6.2,2369,2705,2690,2006-08-26,L - Hermes Franca,2014-12-13,L - Drew Dober
Heath Herring,1978-03-02,FALSE,FALSE,FALSE,TRUE,FALSE,FALSE,FALSE,NA,United States,male,heavyweight,16,16,5,2,0 KO 0 Sub 2 Dec,3,0 KO 0 Sub 3 Dec,-1,1,4500,29.6,29.5,0,3.2,2359,2705,2638,2007-01-25,L - Jake O'Brien,2008-08-09,L - Brock Lesnar
Mike Graves,1991-01-08,TRUE,FALSE,FALSE,FALSE,FALSE,FALSE,FALSE,NA,United States,male,welterweight,16,16,3,2,0 KO 1 Sub 1 Dec,0,0 KO 0 Sub 0 Dec,0,2,2251,25.1,25.7,0,7,2854,2704,2680,2015-07-12,W - Vicente Luque,2016-07-30,D - Bojan Velickovic
Alessio Di Chirico,1989-12-12,FALSE,FALSE,FALSE,FALSE,FALSE,FALSE,FALSE,NA,Italy,male,middleweight,16,16,11,4,2 KO 0 Sub 2 Dec,7,2 KO 1 Sub 4 Dec,-2,2,6786,29.3,30.6,2,7.2,2496,2704,2705,2016-04-10,L - Bojan Velickovic,2022-09-03,L - Roman Kopylov
Joe Ellenberger,1985-03-28,FALSE,FALSE,FALSE,FALSE,FALSE,FALSE,FALSE,NA,United States,male,lightweight,16,16,2,1,0 KO 0 Sub 1 Dec,1,1 KO 0 Sub 0 Dec,-1,1,1704,29.5,25.9,0,7.5,2583,2703,2633,2014-06-28,W - James Moontasri,2014-12-13,L - Bryan Barberena
Dominique Steele,1988-01-25,FALSE,FALSE,FALSE,FALSE,TRUE,FALSE,FALSE,NA,United States,male,welterweight,16,16,5,1,1 KO 0 Sub 0 Dec,4,1 KO 0 Sub 3 Dec,-3,1,3370,28.3,29.6,2,9,2548,2703,2648,2015-07-25,L - Zak Cummings,2017-06-10,L - Luke Jumeau
Chase Sherman,1989-11-16,FALSE,FALSE,FALSE,FALSE,FALSE,FALSE,FALSE,NA,United States,male,heavyweight,16,16,15,4,3 KO 0 Sub 1 Dec,11,3 KO 2 Sub 6 Dec,-2,2,9620,30.1,33.5,2,6.4,2462,2703,2655,2016-08-06,L - Justin Ledet,2023-05-13,L - Karl Williams
Mike Santiago,1989-07-28,FALSE,FALSE,TRUE,FALSE,FALSE,FALSE,FALSE,NA,United States,male,featherweight,16,16,3,0,0 KO 0 Sub 0 Dec,3,1 KO 1 Sub 1 Dec,-3,-1,1512,28.5,25.7,0,11.3,2425,2703,2675,2017-09-02,L - Zabit Magomedsharipov,2018-06-09,L - Dan Ige
Viviane Pereira,1993-08-28,FALSE,FALSE,FALSE,FALSE,FALSE,FALSE,FALSE,NA,Brazil,female,women's strawweight,16,16,4,2,0 KO 0 Sub 2 Dec,2,0 KO 0 Sub 2 Dec,-2,2,3600,24,29.4,0,9,2365,2703,2522,2016-12-10,W - Valerie Letourneau,2018-06-23,L - Yan Xiaonan
Hector Sandoval,1986-07-19,FALSE,FALSE,FALSE,FALSE,FALSE,FALSE,FALSE,NA,"Mexico, United States",male,flyweight,16,16,4,2,1 KO 0 Sub 1 Dec,2,1 KO 1 Sub 0 Dec,-1,2,1288,30.6,31.2,0,10.5,2601,2702,2593,2016-07-30,L - Wilson Reis,2017-08-05,L - Dustin Ortiz
Roxanne Modafferi,1982-09-24,TRUE,FALSE,FALSE,FALSE,TRUE,FALSE,FALSE,NA,United States,female,women's flyweight,3,16,12,4,1 KO 0 Sub 3 Dec,8,0 KO 0 Sub 8 Dec,-3,1,11012,36.8,30.7,1,6,2562,2702,2662,2013-11-30,L - Raquel Pennington,2022-02-12,L - Casey O'Neill
Viacheslav Borshchev,1992-01-08,FALSE,FALSE,TRUE,FALSE,FALSE,FALSE,FALSE,NA,Russia,male,lightweight,16,16,10,3,2 KO 0 Sub 1 Dec,6,0 KO 2 Sub 4 Dec,-3,1,6619,32,27,3,7.7,2438,2702,2683,2022-01-15,W - Dakota Bush,2025-11-15,L - Matheus Camilo
Steve Cantwell,1986-12-08,FALSE,FALSE,FALSE,FALSE,FALSE,TRUE,FALSE,NA,United States,male,"middleweight, light heavyweight",16,16,6,1,0 KO 1 Sub 0 Dec,5,0 KO 0 Sub 5 Dec,-5,1,4744,23.6,30.2,1,6.7,2228,2702,2463,2008-12-10,W - Razak Al-Hassan,2012-02-25,L - Riki Fukuda
Megan Anderson,1990-02-11,FALSE,FALSE,FALSE,FALSE,FALSE,FALSE,FALSE,NA,Australia,female,women's featherweight,16,16,6,3,2 KO 1 Sub 0 Dec,3,0 KO 2 Sub 1 Dec,-1,2,1736,29.5,32.8,1,4.7,2691,2701,2699,2018-06-09,L - Holly Holm,2021-03-06,L - Amanda Nunes
Jimy Hettes,1987-06-09,FALSE,FALSE,FALSE,FALSE,FALSE,FALSE,FALSE,NA,United States,male,featherweight,16,16,6,3,0 KO 2 Sub 1 Dec,3,2 KO 0 Sub 1 Dec,-2,2,3806,25.8,27.5,0,8.7,2526,2701,2570,2011-08-14,W - Alex Caceres,2015-04-18,L - Diego Brandao
Chris Tuchscherer,1975-09-08,FALSE,FALSE,FALSE,FALSE,FALSE,FALSE,FALSE,NA,United States,male,heavyweight,16,16,4,1,0 KO 0 Sub 1 Dec,3,3 KO 0 Sub 0 Dec,-2,1,1515,34.7,30.3,0,8.5,2443,2701,2562,2009-08-29,L - Gabriel Gonzaga,2011-02-26,L - Mark Hunt
Carlos Eduardo Rocha,1981-07-12,FALSE,FALSE,FALSE,FALSE,FALSE,FALSE,FALSE,NA,Brazil,male,welterweight,16,16,3,1,0 KO 1 Sub 0 Dec,2,0 KO 0 Sub 2 Dec,-2,1,1941,29.9,28.9,0,6.3,2357,2701,2771,2010-11-13,W - Kris McCray,2012-06-08,L - Mike Pierce
Brad Blackburn,1977-05-25,FALSE,FALSE,FALSE,FALSE,FALSE,FALSE,FALSE,NA,United States,male,welterweight,16,16,5,3,1 KO 0 Sub 2 Dec,2,1 KO 0 Sub 1 Dec,-2,3,3877,32.1,29,0,7.8,2270,2701,2566,2008-07-19,W - James Giboo,2010-04-10,L - DaMarques Johnson
DaMarques Johnson,1982-06-28,TRUE,FALSE,FALSE,FALSE,FALSE,FALSE,FALSE,NA,United States,male,welterweight,16,16,10,4,2 KO 2 Sub 0 Dec,6,2 KO 4 Sub 0 Dec,-3,2,3811,28.7,29.9,2,6,2199,2701,2605,2009-06-20,L - James Wilks,2012-09-29,L - Gunnar Nelson
Yohan Lainesse,1992-08-14,FALSE,FALSE,TRUE,FALSE,FALSE,FALSE,FALSE,NA,Canada,male,welterweight,16,16,4,1,0 KO 0 Sub 1 Dec,3,1 KO 2 Sub 0 Dec,-2,1,1820,30.4,29.2,0,9,2678,2700,2647,2022-04-30,L - Gabe Green,2024-01-20,L - Sam Patterson
Nate Loughran,1980-07-28,FALSE,FALSE,FALSE,FALSE,FALSE,FALSE,FALSE,NA,United States,male,middleweight,16,16,2,1,0 KO 1 Sub 0 Dec,1,1 KO 0 Sub 0 Dec,-1,1,861,28.2,28.6,0,6,2494,2700,2470,2008-07-19,W - Johnny Rees,2008-12-10,L - Tim Credeur
Zak Ottow,1986-12-22,FALSE,FALSE,FALSE,FALSE,FALSE,FALSE,FALSE,NA,United States,male,welterweight,16,16,8,4,1 KO 0 Sub 3 Dec,4,3 KO 0 Sub 1 Dec,-1,1,4638,31,33,0,6.2,2493,2699,2701,2016-10-01,W - Josh Burkman,2019-03-09,L - Alex Morono
Ivan Salaverry,1971-01-11,FALSE,FALSE,FALSE,FALSE,FALSE,FALSE,FALSE,NA,Canada,male,middleweight,16,16,7,3,1 KO 2 Sub 0 Dec,4,1 KO 1 Sub 2 Dec,-3,2,3085,34.2,27.8,0,5,2307,2699,2535,2002-05-10,W - Andrey Semenov,2008-05-24,L - Rousimar Palhares
Frank Trigg,1972-05-07,FALSE,FALSE,FALSE,TRUE,TRUE,FALSE,FALSE,NA,United States,male,welterweight,16,16,7,2,2 KO 0 Sub 0 Dec,5,2 KO 3 Sub 0 Dec,-4,2,1642,33.9,30.4,0,3.4,2610,2698,2746,2003-11-21,L - Matt Hughes,2010-02-06,L - Matt Serra
Kyle Kingsbury,1982-03-22,TRUE,FALSE,FALSE,FALSE,FALSE,FALSE,FALSE,NA,United States,male,light heavyweight,16,16,9,4,1 KO 0 Sub 3 Dec,5,1 KO 1 Sub 3 Dec,-4,4,6134,29.3,31,2,7.4,2395,2698,2577,2008-12-13,L - Tom Lawlor,2014-07-26,L - Patrick Cummins
Tiago Trator,1987-03-12,FALSE,FALSE,FALSE,FALSE,FALSE,FALSE,FALSE,NA,Brazil,male,featherweight,16,16,4,2,0 KO 0 Sub 2 Dec,2,1 KO 0 Sub 1 Dec,-1,1,2879,28.4,27,0,9,2388,2698,2564,2014-07-26,W - Akbarh Arreola,2016-12-09,L - Shane Burgos
Robert Drysdale,1981-10-05,FALSE,FALSE,FALSE,FALSE,FALSE,FALSE,FALSE,NA,United States,male,light heavyweight,16,16,1,0,NA,0,NA,0,0,123,32.8,28.6,0,11,2752,2697,2612,2014-07-06,NC - Keith Berish,2014-07-06,NC - Keith Berish
Matt Riddle,1986-01-14,TRUE,FALSE,FALSE,FALSE,FALSE,FALSE,FALSE,NA,United States,male,welterweight,16,16,12,7,1 KO 0 Sub 5 Dec,3,1 KO 0 Sub 2 Dec,0,3,10014,24.9,28.7,1,7.8,2661,2697,2536,2008-06-21,W - Dante Rivera,2013-02-16,NC - Che Mills
Markus Perez,1990-06-22,TRUE,FALSE,FALSE,FALSE,FALSE,FALSE,FALSE,NA,Brazil,male,middleweight,16,16,7,2,0 KO 2 Sub 0 Dec,5,1 KO 0 Sub 4 Dec,-3,1,4437,28.9,28.4,0,7.6,2477,2697,2688,2017-12-09,L - Eryk Anders,2021-01-20,L - Dalcha Lungiambula
Jordan Rinaldi,1987-09-25,TRUE,FALSE,FALSE,FALSE,FALSE,FALSE,FALSE,NA,United States,male,"featherweight, lightweight",16,16,5,2,0 KO 1 Sub 1 Dec,3,1 KO 0 Sub 2 Dec,-1,1,3107,30.3,28.5,0,7.2,2633,2696,2669,2016-05-29,L - Abel Trujillo,2019-03-16,L - Arnold Allen
Leslie Smith,1982-08-17,FALSE,FALSE,FALSE,FALSE,FALSE,FALSE,FALSE,NA,United States,female,women's bantamweight,9,16,7,4,2 KO 0 Sub 2 Dec,3,2 KO 0 Sub 1 Dec,2,2,3788,33.2,29.2,1,8.1,2626,2696,2577,2014-04-16,L - Sarah Kaufman,2017-07-16,W - Amanda Lemos
Tim Credeur,1977-07-09,TRUE,FALSE,FALSE,FALSE,FALSE,FALSE,FALSE,NA,United States,male,middleweight,16,16,5,3,2 KO 1 Sub 0 Dec,2,1 KO 0 Sub 1 Dec,-2,3,2187,32.1,29.1,1,5.2,2465,2696,2534,2008-07-19,W - Cale Yarbrough,2011-06-04,L - Ed Herman
Tim Hague,1983-05-09,FALSE,FALSE,FALSE,FALSE,FALSE,FALSE,FALSE,NA,Canada,male,heavyweight,16,16,5,1,0 KO 1 Sub 0 Dec,4,2 KO 0 Sub 2 Dec,-4,1,2088,26.8,29.8,0,7.4,2386,2696,2575,2009-05-23,W - Pat Barry,2011-01-22,L - Matt Mitrione
Guan Wang,1986-03-14,FALSE,FALSE,FALSE,FALSE,FALSE,FALSE,FALSE,NA,China,male,featherweight,16,16,1,1,0 KO 0 Sub 1 Dec,0,0 KO 0 Sub 0 Dec,1,1,900,31.7,29.4,0,3,2695,2695,2690,2017-11-25,W - Alex Caceres,2017-11-25,W - Alex Caceres
Royce Gracie,1966-12-12,FALSE,FALSE,FALSE,TRUE,FALSE,FALSE,FALSE,TRUE,Brazil,male,openweight,-1,16,13,11,0 KO 11 Sub 0 Dec,1,1 KO 0 Sub 0 Dec,-1,11,2911,28.4,32.2,0,3.9,2676,2695,2284,1993-11-12,W - Art Jimmerson,2006-05-27,L - Matt Hughes
Neil Seery,1979-08-30,FALSE,FALSE,FALSE,FALSE,FALSE,FALSE,FALSE,NA,Ireland,male,flyweight,15,16,7,3,0 KO 1 Sub 2 Dec,4,0 KO 1 Sub 3 Dec,-2,2,5803,35.9,28.7,1,7.7,2554,2695,2653,2014-03-08,L - Brad Pickett,2017-07-16,L - Alexandre Pantoja
Jens Pulver,1974-12-06,FALSE,FALSE,FALSE,TRUE,FALSE,TRUE,FALSE,TRUE,United States,male,lightweight,-1,16,9,6,2 KO 0 Sub 4 Dec,2,1 KO 1 Sub 0 Dec,-2,6,7016,27.3,NA,0,3.2,2123,2693,2411,1999-09-24,D - Alfonso Alcarez,2007-06-23,L - BJ Penn
Alexander Munoz,1990-02-27,FALSE,FALSE,TRUE,FALSE,FALSE,FALSE,FALSE,NA,United States,male,lightweight,16,16,3,1,0 KO 0 Sub 1 Dec,2,0 KO 0 Sub 2 Dec,1,1,2700,31.7,28.8,0,8.3,2692,2692,2650,2020-08-08,L - Nasrat Haqparast,2023-07-15,W - Carl Deaton
Russell Doane,1986-08-13,FALSE,FALSE,FALSE,FALSE,FALSE,FALSE,FALSE,NA,United States,male,"bantamweight, featherweight",16,16,8,3,1 KO 1 Sub 1 Dec,5,0 KO 3 Sub 2 Dec,-1,2,4690,29.3,30.8,1,7.5,2613,2692,2679,2014-01-04,W - Leandro Issa,2018-02-24,L - Rani Yahya
Kanako Murata,1993-08-10,FALSE,FALSE,FALSE,FALSE,FALSE,FALSE,FALSE,NA,Japan,female,women's strawweight,16,16,3,1,0 KO 0 Sub 1 Dec,2,1 KO 0 Sub 1 Dec,-2,1,2400,28.4,34.5,0,7.3,2436,2692,2498,2020-11-14,W - Randa Markos,2023-10-07,L - Vanessa Demopoulos
Augusto Montano,1984-10-25,FALSE,FALSE,FALSE,FALSE,FALSE,FALSE,FALSE,NA,Mexico,male,welterweight,16,16,3,1,1 KO 0 Sub 0 Dec,2,1 KO 0 Sub 1 Dec,-2,1,2049,30.9,27.6,0,7.3,2568,2691,2679,2014-11-15,W - Chris Heatherly,2016-09-17,L - Belal Muhammad
Forrest Petz,1975-09-22,FALSE,FALSE,FALSE,FALSE,FALSE,FALSE,FALSE,NA,United States,male,welterweight,16,16,7,2,0 KO 0 Sub 2 Dec,5,1 KO 1 Sub 3 Dec,-3,1,4865,32.4,28.4,0,8.1,2694,2690,2522,2006-08-17,W - Sam Morgan,2010-09-15,L - Brian Foster
Felipe Colares,1994-03-31,FALSE,FALSE,FALSE,FALSE,FALSE,FALSE,FALSE,NA,Brazil,male,"featherweight, bantamweight",16,16,6,2,0 KO 0 Sub 2 Dec,4,1 KO 0 Sub 3 Dec,-2,1,5280,26.5,28.9,0,9.8,2579,2690,2699,2019-02-02,L - Geraldo de Freitas,2022-05-21,L - Chase Hooper
Stanislav Nedkov,1981-12-09,FALSE,FALSE,FALSE,FALSE,FALSE,FALSE,FALSE,NA,Bulgaria,male,"light heavyweight, middleweight",16,16,4,1,1 KO 0 Sub 0 Dec,2,1 KO 1 Sub 0 Dec,-2,1,1624,31.2,28.5,1,6.2,2477,2690,2659,2011-08-27,W - Luiz Cane,2015-01-24,L - Nikita Krylov
Khalid Taha,1992-02-15,FALSE,FALSE,FALSE,FALSE,FALSE,FALSE,FALSE,NA,"Germany, Lebanon",male,bantamweight,16,16,6,1,1 KO 0 Sub 0 Dec,4,1 KO 0 Sub 3 Dec,-3,1,3700,28.3,30.2,1,8.5,2581,2689,2762,2018-07-22,L - Nad Narimani,2022-09-03,L - Cristian Quinonez
Kevin Casey,1981-06-15,TRUE,FALSE,FALSE,FALSE,TRUE,FALSE,FALSE,NA,United States,male,middleweight,16,16,7,1,0 KO 0 Sub 1 Dec,3,3 KO 0 Sub 0 Dec,-1,1,3722,34,29.4,0,8.3,2471,2689,2667,2013-04-13,L - Josh Samman,2016-08-27,L - Sam Alvey
Luigi Fioravanti,1981-01-22,FALSE,FALSE,FALSE,FALSE,FALSE,FALSE,FALSE,NA,United States,male,welterweight,16,16,9,4,2 KO 0 Sub 2 Dec,5,2 KO 1 Sub 2 Dec,-1,2,5750,26.6,28.9,1,5.7,2425,2688,2576,2006-04-06,L - Chris Leben,2009-02-07,L - Anthony Johnson
James Head,1984-02-09,FALSE,FALSE,FALSE,FALSE,FALSE,FALSE,FALSE,NA,United States,male,welterweight,16,16,5,2,0 KO 1 Sub 1 Dec,3,1 KO 2 Sub 0 Dec,-2,2,2202,28.5,33.4,0,7,2563,2687,2757,2011-06-11,L - Nick Ring,2013-08-28,L - Jason High
Kevin Burns,1980-03-03,FALSE,FALSE,FALSE,FALSE,FALSE,FALSE,FALSE,NA,United States,male,welterweight,16,16,5,2,1 KO 1 Sub 0 Dec,3,2 KO 0 Sub 1 Dec,-3,2,3170,28.9,28,2,6.2,2321,2687,2507,2008-06-07,W - Roan Carneiro,2009-12-12,L - TJ Grant
Joey Beltran,1981-12-08,FALSE,FALSE,FALSE,FALSE,TRUE,FALSE,FALSE,NA,United States,male,light heavyweight,16,16,10,3,2 KO 0 Sub 1 Dec,6,1 KO 0 Sub 5 Dec,-1,2,7641,29.7,31.2,2,7.1,2535,2686,2545,2010-02-06,W - Rolles Gracie,2013-10-09,L - Fabio Maldonado
Ivan Menjivar,1982-05-30,FALSE,FALSE,FALSE,FALSE,FALSE,TRUE,FALSE,NA,"Canada, El Salvador",male,"featherweight, bantamweight",9,16,9,4,1 KO 2 Sub 1 Dec,5,0 KO 1 Sub 4 Dec,-3,3,5253,29.4,28.9,2,6.7,2419,2686,2531,2004-06-19,L - Matt Serra,2014-03-01,L - Hatsu Hioki
Ildemar Alcantara,1982-11-17,FALSE,FALSE,FALSE,FALSE,FALSE,FALSE,FALSE,NA,Brazil,male,"middleweight, welterweight",16,16,7,4,0 KO 1 Sub 3 Dec,3,0 KO 0 Sub 3 Dec,-1,2,5859,31.3,29,1,9.1,2281,2686,2500,2013-01-19,W - Wagner Prado,2015-07-15,L - Kevin Casey
Mateus Mendonca,1999-01-17,FALSE,FALSE,TRUE,FALSE,FALSE,FALSE,FALSE,NA,Brazil,male,"flyweight, bantamweight",16,16,3,0,0 KO 0 Sub 0 Dec,3,1 KO 0 Sub 2 Dec,-3,-1,2080,24.6,29.2,0,6.7,2578,2685,2768,2023-01-14,L - Javid Basharat,2024-02-24,L - Jesus Aguilar
Chico Camus,1985-01-26,FALSE,FALSE,FALSE,FALSE,FALSE,FALSE,FALSE,NA,United States,male,flyweight,13,16,8,3,0 KO 0 Sub 3 Dec,4,0 KO 1 Sub 3 Dec,-2,1,7010,29.2,28,0,6.9,2685,2684,2650,2012-08-11,W - Dustin Pague,2015-09-26,L - Kyoji Horiguchi
Jake Collier,1988-10-23,FALSE,FALSE,FALSE,FALSE,FALSE,FALSE,FALSE,NA,United States,male,heavyweight,16,16,14,5,1 KO 1 Sub 3 Dec,9,4 KO 0 Sub 5 Dec,-4,1,8910,30.8,32.5,2,8.6,2347,2684,2628,2014-12-20,L - Vitor Miranda,2023-09-23,L - Mohammed Usman
Nathan Fletcher,1998-01-03,TRUE,FALSE,FALSE,FALSE,FALSE,FALSE,FALSE,NA,"United Kingdom, England",male,"bantamweight, featherweight",16,16,3,1,0 KO 1 Sub 0 Dec,2,1 KO 0 Sub 1 Dec,-2,1,1336,27.2,29,0,10.3,2546,2683,2663,2024-09-07,W - Zygimantas Ramaska,2025-08-02,L - Rinya Nakamura
Polo Reyes,1984-11-07,TRUE,FALSE,FALSE,FALSE,FALSE,FALSE,FALSE,NA,Mexico,male,"featherweight, lightweight",16,16,8,4,3 KO 0 Sub 1 Dec,4,4 KO 0 Sub 0 Dec,-3,3,2639,33,29.9,3,9.2,2409,2683,2632,2015-11-21,W - Cesar Arzamendia,2019-09-21,L - Kyle Nelson
Ivan Jorge,1980-11-07,FALSE,FALSE,FALSE,FALSE,FALSE,FALSE,FALSE,NA,Brazil,male,lightweight,16,16,4,2,0 KO 0 Sub 2 Dec,2,0 KO 1 Sub 1 Dec,-1,1,2885,33.8,29.6,0,7.8,2364,2683,2540,2013-09-04,W - Keith Wisniewski,2015-07-18,L - Joe Duffy
Magomed Gadzhiyasulov,1993-11-04,FALSE,FALSE,TRUE,FALSE,FALSE,FALSE,FALSE,NA,"Bahrain, Russia",male,light heavyweight,16,16,2,1,0 KO 0 Sub 1 Dec,1,0 KO 0 Sub 1 Dec,-1,1,1800,30.9,29.8,0,11,2563,2682,2574,2024-06-22,W - Brendson Ribeiro,2025-01-11,L - Bruno Lopes
Chris Cariaso,1981-05-27,FALSE,FALSE,FALSE,FALSE,TRUE,TRUE,FALSE,NA,United States,male,flyweight,7,16,13,7,1 KO 0 Sub 6 Dec,6,0 KO 2 Sub 4 Dec,-3,3,10691,31.9,26.6,0,8.6,2478,2681,2572,2011-01-22,W - Will Campuzano,2015-10-03,L - Sergio Pettis
Pete Williams,1975-07-10,FALSE,FALSE,FALSE,FALSE,FALSE,FALSE,FALSE,NA,United States,male,heavyweight,16,16,8,3,1 KO 2 Sub 0 Dec,5,2 KO 1 Sub 2 Dec,-4,2,4634,24.6,27.7,0,3.9,2315,2681,2512,1998-05-15,W - Mark Coleman,2002-03-22,L - Frank Mir
Rob Kimmons,1981-01-30,FALSE,FALSE,FALSE,FALSE,FALSE,TRUE,FALSE,NA,United States,male,middleweight,16,16,7,3,0 KO 2 Sub 1 Dec,4,2 KO 2 Sub 0 Dec,-2,1,3032,28.8,29.3,1,9.4,2455,2680,2469,2008-06-21,W - Rob Yundt,2011-03-03,L - Dong Yi Yang
Chris Beal,1985-08-06,TRUE,FALSE,FALSE,FALSE,FALSE,FALSE,FALSE,NA,United States,male,"bantamweight, flyweight",16,16,5,2,1 KO 0 Sub 1 Dec,3,0 KO 1 Sub 2 Dec,-3,2,3930,29.6,32.1,1,9.8,2222,2680,2511,2014-04-26,W - Patrick Williams,2016-06-18,L - Joe Soto
Tony Kelley,1987-01-21,FALSE,FALSE,FALSE,FALSE,FALSE,FALSE,FALSE,NA,United States,male,"bantamweight, featherweight",16,16,4,2,1 KO 0 Sub 1 Dec,2,1 KO 0 Sub 1 Dec,-1,2,2584,34.4,27.9,1,10,2630,2679,2653,2020-08-15,L - Kai Kamaka III,2022-06-18,L - Adrian Yanez
Josh Sampo,1984-07-24,FALSE,FALSE,FALSE,FALSE,FALSE,FALSE,FALSE,NA,United States,male,flyweight,16,16,4,1,0 KO 1 Sub 0 Dec,3,0 KO 1 Sub 2 Dec,-3,1,2557,29.9,26.1,1,10,2374,2678,2565,2013-11-30,W - Ryan Benoit,2015-05-23,L - Justin Scoggins
Shane Campbell,1987-01-21,FALSE,FALSE,FALSE,FALSE,FALSE,FALSE,FALSE,NA,Canada,male,lightweight,16,16,5,1,0 KO 0 Sub 1 Dec,4,2 KO 1 Sub 1 Dec,-3,1,2648,29,29.7,0,7.8,2842,2677,2666,2015-04-25,L - John Makdessi,2016-08-27,L - Felipe Silva
Matt Bessette,1984-12-28,FALSE,FALSE,TRUE,FALSE,FALSE,FALSE,FALSE,NA,United States,male,featherweight,16,16,2,0,0 KO 0 Sub 0 Dec,2,0 KO 0 Sub 2 Dec,-2,-1,1800,33.3,28.4,0,10.5,2670,2677,2602,2018-01-20,L - Enrique Barzola,2018-07-06,L - Steven Peterson
Laureano Staropoli,1993-02-27,FALSE,FALSE,FALSE,FALSE,FALSE,FALSE,FALSE,NA,Argentina,male,"middleweight, welterweight",16,16,6,2,0 KO 0 Sub 2 Dec,4,0 KO 0 Sub 4 Dec,-4,2,5400,27.2,34,1,6.3,2630,2677,2614,2018-11-17,W - Hector Aldana,2021-10-23,L - Jamie Pickett
Leandro Issa,1983-09-19,FALSE,FALSE,FALSE,FALSE,FALSE,FALSE,FALSE,NA,Brazil,male,bantamweight,16,16,5,2,0 KO 2 Sub 0 Dec,3,0 KO 1 Sub 2 Dec,-2,2,3781,31.4,28,1,9.2,2486,2677,2549,2014-01-04,L - Russell Doane,2016-09-03,L - Taylor Lapilus
Hernani Perpetuo,1985-05-24,FALSE,FALSE,FALSE,FALSE,FALSE,FALSE,FALSE,NA,Brazil,male,welterweight,16,16,2,0,0 KO 0 Sub 0 Dec,2,0 KO 0 Sub 2 Dec,-2,-1,1800,29,27.5,0,8.5,2458,2677,2710,2014-04-19,L - Jordan Mein,2014-07-26,L - Tim Means
Josh Grispi,1988-10-14,FALSE,FALSE,FALSE,FALSE,FALSE,TRUE,FALSE,NA,United States,male,featherweight,16,16,4,0,0 KO 0 Sub 0 Dec,4,1 KO 1 Sub 2 Dec,-4,-1,2789,23.3,25.9,0,7.5,2339,2677,2482,2011-01-01,L - Dustin Poirier,2013-02-16,L - Andy Ogle
Jesse Ronson,1985-12-24,FALSE,FALSE,FALSE,FALSE,FALSE,FALSE,FALSE,NA,Canada,male,"lightweight, welterweight",16,16,6,0,0 KO 0 Sub 0 Dec,5,1 KO 1 Sub 3 Dec,-2,0,3946,32,31.1,0,8.7,2721,2676,2646,2013-09-21,L - Michel Prazeres,2022-10-01,L - Joaquim Silva
Carlos Hernandez,1993-10-25,FALSE,FALSE,TRUE,FALSE,FALSE,FALSE,FALSE,NA,United States,male,flyweight,16,16,7,3,0 KO 0 Sub 3 Dec,4,1 KO 2 Sub 1 Dec,-1,1,4296,30.1,27.9,0,10.1,2561,2676,2715,2022-02-26,W - Victor Altamirano,2025-05-17,L - HyunSung Park
Anthony Hamilton,1980-04-14,FALSE,FALSE,FALSE,FALSE,FALSE,FALSE,FALSE,NA,United States,male,heavyweight,16,16,10,3,2 KO 0 Sub 1 Dec,7,3 KO 2 Sub 2 Dec,-4,1,3773,35.9,32,0,8,2508,2676,2610,2014-06-28,L - Aleksei Oleinik,2017-11-18,L - Adam Wieczorek
Lucas Alexander,1995-07-28,FALSE,FALSE,FALSE,FALSE,FALSE,FALSE,FALSE,NA,Brazil,male,featherweight,16,16,4,1,0 KO 0 Sub 1 Dec,3,2 KO 1 Sub 0 Dec,-2,1,1675,28.2,29.7,0,9,2484,2676,2705,2022-10-15,L - Joanderson Brito,2025-02-01,L - Bogdan Grad
Jeremy Kimball,1991-03-01,FALSE,FALSE,FALSE,FALSE,FALSE,FALSE,FALSE,NA,United States,male,light heavyweight,16,16,4,1,1 KO 0 Sub 0 Dec,3,2 KO 1 Sub 0 Dec,-2,1,640,26.6,29.7,1,11.8,2629,2675,2617,2017-01-28,L - Marcos Rogerio de Lima,2018-07-22,L - Darko Stosic
James Wilks,1978-04-05,TRUE,FALSE,FALSE,FALSE,FALSE,FALSE,FALSE,NA,"United Kingdom, England",male,welterweight,16,16,4,2,0 KO 1 Sub 1 Dec,2,1 KO 0 Sub 1 Dec,-1,1,2841,31.9,27.4,0,5,2517,2675,2545,2009-06-20,W - DaMarques Johnson,2010-10-16,L - Claude Patrick
Rich Clementi,1976-03-31,TRUE,FALSE,FALSE,FALSE,FALSE,FALSE,FALSE,NA,United States,male,lightweight,16,16,10,5,0 KO 3 Sub 2 Dec,5,0 KO 3 Sub 2 Dec,-2,4,6571,31.2,26.4,0,6.6,2404,2675,2445,2003-02-28,L - Yves Edwards,2009-02-07,L - Gleison Tibau
Alex da Silva,1996-02-04,FALSE,FALSE,FALSE,FALSE,FALSE,FALSE,FALSE,NA,Brazil,male,lightweight,16,16,4,1,0 KO 0 Sub 1 Dec,3,0 KO 1 Sub 2 Dec,-2,1,3190,24.4,31.6,0,8.5,2659,2674,2712,2019-04-20,L - Alexander Yakovlev,2022-06-04,L - Joe Solecki
Jesse Lennox,1982-03-10,FALSE,FALSE,FALSE,FALSE,FALSE,TRUE,FALSE,NA,United States,male,welterweight,16,16,3,1,1 KO 0 Sub 0 Dec,2,0 KO 1 Sub 1 Dec,-2,1,2601,27.8,28.7,0,9.3,2494,2674,2529,2009-08-08,W - Danillo Villefort,2010-06-12,L - Mike Pyle
Rolando Bedoya,1997-01-13,FALSE,FALSE,FALSE,FALSE,FALSE,FALSE,FALSE,NA,Peru,male,"lightweight, welterweight",16,16,4,0,0 KO 0 Sub 0 Dec,4,0 KO 0 Sub 4 Dec,-4,-1,3600,27.3,32.5,0,9.5,2421,2674,2703,2023-05-06,L - Khaos Williams,2025-09-28,L - Jamie Mullarkey
Marco Beltran,1986-05-18,TRUE,FALSE,FALSE,FALSE,FALSE,FALSE,FALSE,NA,Mexico,male,"flyweight, bantamweight",16,16,6,3,0 KO 1 Sub 2 Dec,3,1 KO 1 Sub 1 Dec,-3,3,3881,30.2,29.4,0,10.2,2343,2674,2611,2014-11-15,W - Marlon Vera,2017-10-07,L - Matt Schnell
Sean Spencer,1987-06-25,FALSE,FALSE,FALSE,FALSE,FALSE,FALSE,FALSE,NA,United States,male,welterweight,16,16,8,3,0 KO 0 Sub 3 Dec,5,1 KO 2 Sub 2 Dec,-3,2,6447,27.2,29.3,1,8.8,2293,2674,2598,2013-01-26,L - Rafael Natal,2016-09-10,L - Yancy Medeiros
Matt Sayles,1994-02-21,FALSE,FALSE,TRUE,FALSE,FALSE,FALSE,FALSE,NA,United States,male,"lightweight, featherweight",16,16,4,1,0 KO 1 Sub 0 Dec,3,0 KO 2 Sub 1 Dec,-2,1,2381,25.8,26.9,0,10.2,2536,2673,2693,2018-08-04,L - Sheymon Moraes,2021-12-18,L - Jordan Leavitt
David Heath,1976-02-10,FALSE,FALSE,FALSE,FALSE,FALSE,FALSE,FALSE,NA,United States,male,light heavyweight,16,16,5,2,0 KO 1 Sub 1 Dec,3,1 KO 1 Sub 1 Dec,-3,2,2754,31.2,29,0,6.6,2485,2673,2594,2006-08-26,W - Cory Walmsley,2008-02-02,L - Tim Boetsch
Raphael Pessoa,1989-03-09,FALSE,FALSE,FALSE,FALSE,FALSE,FALSE,FALSE,NA,Brazil,male,heavyweight,16,16,3,1,0 KO 0 Sub 1 Dec,2,1 KO 1 Sub 0 Dec,-1,1,1608,30.8,29.9,0,10.3,2495,2672,2663,2019-08-10,L - Ciryl Gane,2020-07-25,L - Tanner Boser
Tony DeSouza,1974-07-26,FALSE,FALSE,FALSE,FALSE,FALSE,FALSE,FALSE,NA,Peru,male,welterweight,16,16,6,3,0 KO 2 Sub 1 Dec,3,3 KO 0 Sub 0 Dec,-2,2,2402,29.8,26.4,0,7.2,2453,2672,2502,2001-05-04,W - Steve Berger,2007-12-29,L - Roan Carneiro
Jonathan Wilson,1987-07-17,FALSE,FALSE,FALSE,FALSE,FALSE,FALSE,FALSE,NA,United States,male,"middleweight, light heavyweight",16,16,4,1,1 KO 0 Sub 0 Dec,3,1 KO 0 Sub 2 Dec,-3,1,2401,29.1,26.3,0,9,2406,2672,2614,2015-08-08,W - Chris Dempsey,2017-10-21,L - Oskar Piechota
Mark De La Rosa,1994-08-31,FALSE,FALSE,FALSE,FALSE,FALSE,FALSE,FALSE,NA,United States,male,"bantamweight, flyweight",13,16,7,2,0 KO 1 Sub 1 Dec,5,1 KO 1 Sub 3 Dec,-4,2,5003,24.6,27.5,0,9.7,2402,2672,2667,2017-12-30,L - Tim Elliott,2020-06-13,L - Jordan Espinosa
Tamires Vidal,1998-07-27,FALSE,FALSE,FALSE,FALSE,FALSE,FALSE,FALSE,NA,Brazil,female,women's bantamweight,16,16,4,1,1 KO 0 Sub 0 Dec,3,1 KO 1 Sub 1 Dec,-3,1,2596,25.4,31.4,0,9.5,2283,2672,2419,2022-11-05,W - Ramona Pascual,2024-10-19,L - Joselyne Edwards
Anthony Njokuani,1980-03-01,FALSE,FALSE,FALSE,FALSE,FALSE,TRUE,FALSE,NA,"Nigeria, United States",male,lightweight,16,16,8,3,1 KO 0 Sub 2 Dec,5,0 KO 0 Sub 5 Dec,-2,1,6772,32.6,29.1,1,8.4,2275,2672,2615,2011-03-19,L - Edson Barboza,2014-10-04,L - Daron Cruickshank
Aleksa Camur,1995-09-25,FALSE,FALSE,TRUE,FALSE,FALSE,FALSE,FALSE,NA,"Serbia, United States",male,light heavyweight,16,16,4,1,0 KO 0 Sub 1 Dec,3,0 KO 0 Sub 3 Dec,-3,1,3600,25.7,30.6,0,7.8,2432,2671,2586,2020-01-18,W - Justin Ledet,2023-08-05,L - Tanner Boser
Lucas Martins,1988-11-11,FALSE,FALSE,FALSE,FALSE,FALSE,FALSE,FALSE,NA,Brazil,male,featherweight,16,16,7,4,2 KO 1 Sub 1 Dec,3,1 KO 1 Sub 1 Dec,1,3,3699,25.6,28.1,2,8.6,2591,2670,2607,2013-01-19,L - Edson Barboza,2016-04-10,W - Robert Whiteford
John Alessio,1979-07-05,FALSE,FALSE,FALSE,TRUE,FALSE,TRUE,FALSE,NA,Canada,male,"lightweight, welterweight",16,16,5,0,0 KO 0 Sub 0 Dec,5,0 KO 1 Sub 4 Dec,-5,-1,4003,28.2,28.6,0,6,2551,2670,2636,2000-06-09,L - Pat Miletich,2012-07-07,L - Shane Roller
Luan Lacerda,1993-01-07,FALSE,FALSE,FALSE,FALSE,FALSE,FALSE,FALSE,NA,Brazil,male,bantamweight,16,16,4,1,0 KO 1 Sub 0 Dec,3,1 KO 0 Sub 2 Dec,-1,1,2869,31.6,31.8,0,12,2541,2670,2634,2023-01-21,L - Cody Stamann,2026-03-14,L - Hecher Sosa
Sirwan Kakai,1989-10-03,TRUE,FALSE,FALSE,FALSE,FALSE,FALSE,FALSE,NA,Sweden,male,bantamweight,16,16,2,1,0 KO 0 Sub 1 Dec,1,0 KO 0 Sub 1 Dec,-1,1,1800,25.8,32.5,0,9.5,2501,2670,2545,2015-06-27,W - Danny Martinez,2015-08-08,L - Frankie Saenz
Kazuhiro Nakamura,1979-07-16,FALSE,FALSE,FALSE,TRUE,FALSE,FALSE,FALSE,NA,Japan,male,light heavyweight,16,16,2,0,0 KO 0 Sub 0 Dec,2,1 KO 0 Sub 1 Dec,-2,-1,1200,28.5,26.7,0,5.5,2497,2670,2721,2007-09-22,L - Lyoto Machida,2008-05-24,L - Rameau Thierry Sokoudjou
Francisco Trevino,1981-12-17,FALSE,FALSE,FALSE,FALSE,FALSE,FALSE,FALSE,NA,United States,male,lightweight,16,16,3,1,0 KO 0 Sub 1 Dec,2,1 KO 0 Sub 1 Dec,-2,1,1857,33.2,24.2,0,9.7,2474,2670,2526,2014-03-15,W - Renee Forte,2015-10-03,L - Sage Northcutt
Josh Stansbury,1984-11-19,TRUE,FALSE,FALSE,FALSE,FALSE,FALSE,FALSE,NA,United States,male,light heavyweight,16,16,3,1,0 KO 0 Sub 1 Dec,2,1 KO 0 Sub 1 Dec,-2,1,1881,32.1,27,0,11.3,2390,2670,2617,2016-07-08,W - Cory Hendricks,2017-06-25,L - Jeremy Kimball
Mariya Agapova,1997-04-07,FALSE,FALSE,TRUE,FALSE,FALSE,FALSE,FALSE,NA,Kazakhstan,female,women's flyweight,16,16,6,2,0 KO 2 Sub 0 Dec,4,1 KO 3 Sub 0 Dec,-3,1,2366,24.8,27.7,0,7.3,2376,2670,2482,2020-06-13,W - Hannah Cifers,2024-07-13,L - Luana Santos
TJ Brown,1990-05-22,FALSE,FALSE,TRUE,FALSE,FALSE,FALSE,FALSE,NA,United States,male,featherweight,16,16,8,3,0 KO 1 Sub 2 Dec,5,0 KO 3 Sub 2 Dec,-2,2,6082,31.7,32.8,2,8.4,2562,2669,2647,2020-02-29,L - Jordan Griffin,2023-10-14,L - Darren Elkins
Cortney Casey,1987-05-05,FALSE,FALSE,FALSE,FALSE,FALSE,FALSE,FALSE,NA,United States,female,women's flyweight,10,16,15,6,1 KO 2 Sub 3 Dec,9,0 KO 1 Sub 8 Dec,-1,2,11418,31.3,30.5,3,7.3,2525,2669,2572,2015-07-18,L - Joanne Wood,2022-07-09,L - Antonina Shevchenko
Krzysztof Soszynski,1977-08-02,TRUE,FALSE,FALSE,FALSE,TRUE,FALSE,FALSE,NA,Poland,male,light heavyweight,16,16,9,6,2 KO 2 Sub 2 Dec,3,2 KO 0 Sub 1 Dec,-1,3,4824,32.7,30.1,3,5.8,2523,2669,2486,2008-12-13,W - Shane Primm,2011-12-10,L - Igor Pokrajac
Maiquel Falcao,1981-03-08,FALSE,FALSE,FALSE,FALSE,FALSE,FALSE,FALSE,NA,Brazil,male,middleweight,16,16,1,1,0 KO 0 Sub 1 Dec,0,0 KO 0 Sub 0 Dec,1,1,900,29.7,31,0,3,2238,2669,2748,2010-11-20,W - Gerald Harris,2010-11-20,W - Gerald Harris
Rob Wilkinson,1992-02-22,FALSE,FALSE,FALSE,FALSE,FALSE,FALSE,FALSE,NA,Australia,male,middleweight,16,16,2,0,0 KO 0 Sub 0 Dec,2,2 KO 0 Sub 0 Dec,-2,-1,1007,25.7,31,0,4.5,2790,2668,2794,2017-09-02,L - Siyar Bahadurzada,2018-02-10,L - Israel Adesanya
Yosdenis Cedeno,1985-02-12,FALSE,FALSE,FALSE,FALSE,FALSE,FALSE,FALSE,NA,"Cuba, United States",male,lightweight,16,16,4,1,1 KO 0 Sub 0 Dec,3,0 KO 0 Sub 3 Dec,-2,1,3000,29.6,29.7,0,8.8,2389,2668,2596,2014-02-22,L - Ernest Chavez,2015-07-11,L - Cody Pfister
Jamie Pickett,1988-08-29,FALSE,FALSE,TRUE,FALSE,FALSE,FALSE,FALSE,NA,United States,male,middleweight,16,16,9,2,0 KO 0 Sub 2 Dec,7,2 KO 2 Sub 3 Dec,-5,2,5629,33.8,29.8,0,6.9,2329,2668,2622,2020-12-19,L - Tafon Nchukwi,2024-03-02,L - Eryk Anders
Poliana Botelho,1988-12-15,FALSE,FALSE,FALSE,FALSE,FALSE,FALSE,FALSE,NA,Brazil,female,women's flyweight,14,16,7,3,1 KO 0 Sub 2 Dec,4,0 KO 2 Sub 2 Dec,-3,2,4216,30.9,28.7,0,7.7,2565,2667,2522,2017-10-07,W - Pearl Gonzalez,2022-06-04,L - Karine Silva
Quang Le,1991-10-18,FALSE,FALSE,FALSE,FALSE,FALSE,FALSE,FALSE,NA,"United States, Vietnam",male,bantamweight,16,16,4,1,0 KO 1 Sub 0 Dec,3,2 KO 0 Sub 1 Dec,-1,1,2170,33.3,28.4,1,8,2557,2667,2720,2024-08-10,L - Chris Gutierrez,2025-09-13,L - Santiago Luna
Gadzhi Omargadzhiev,1993-02-24,FALSE,FALSE,TRUE,FALSE,FALSE,FALSE,FALSE,NA,Russia,male,"welterweight, middleweight",16,16,2,0,0 KO 0 Sub 0 Dec,2,0 KO 0 Sub 2 Dec,-2,-1,1736,29.4,31.1,0,5.5,2547,2667,2718,2022-04-16,L - Caio Borralho,2022-10-22,L - Abubakar Nurmagomedov
Dave Menne,1974-07-29,FALSE,FALSE,FALSE,FALSE,FALSE,FALSE,FALSE,NA,United States,male,"welterweight, middleweight",-1,16,6,2,0 KO 0 Sub 2 Dec,4,3 KO 0 Sub 1 Dec,-4,2,3946,28.8,30.3,0,4.5,2443,2667,2483,2000-03-10,W - Fabiano Iha,2006-12-13,L - Luigi Fioravanti
Joachim Christensen,1978-11-07,FALSE,FALSE,FALSE,FALSE,FALSE,FALSE,FALSE,NA,Denmark,male,light heavyweight,16,16,4,1,1 KO 0 Sub 0 Dec,3,1 KO 2 Sub 0 Dec,-2,1,1478,38.3,30.5,0,8,2411,2667,2648,2016-10-01,L - Luis Henrique da Silva,2017-06-25,L - Dominick Reyes
Clay Collard,1993-03-10,FALSE,FALSE,FALSE,FALSE,FALSE,FALSE,FALSE,NA,United States,male,featherweight,16,16,4,1,0 KO 0 Sub 1 Dec,3,1 KO 0 Sub 2 Dec,-2,1,3527,22,26.1,0,8.8,2704,2666,2570,2014-08-23,L - Max Holloway,2015-09-05,L - Tiago Trator
T.J. Laramie,1997-10-15,FALSE,FALSE,TRUE,FALSE,FALSE,FALSE,FALSE,NA,Canada,male,featherweight,16,16,2,0,0 KO 0 Sub 0 Dec,2,0 KO 1 Sub 1 Dec,-2,-1,952,23.7,30.9,0,8,2637,2666,2794,2020-09-19,L - Darrick Minner,2022-04-16,L - Pat Sabatini
Kevin Randleman,1971-08-10,FALSE,FALSE,FALSE,TRUE,TRUE,FALSE,FALSE,TRUE,United States,male,"light heavyweight, heavyweight",-1,16,7,4,0 KO 0 Sub 4 Dec,3,2 KO 0 Sub 1 Dec,1,2,6991,28.8,31,0,2.4,2224,2666,2543,1999-03-05,W - Maurice Smith,2002-01-11,W - Renato Sobral
Javier Vazquez,1977-04-27,FALSE,FALSE,FALSE,FALSE,FALSE,TRUE,FALSE,NA,Cuba,male,featherweight,16,16,1,1,0 KO 0 Sub 1 Dec,0,0 KO 0 Sub 0 Dec,1,1,900,34.2,29,0,6,2665,2665,2516,2011-06-26,W - Joe Stevenson,2011-06-26,W - Joe Stevenson
Antoni Hardonk,1976-02-05,FALSE,FALSE,FALSE,FALSE,FALSE,FALSE,FALSE,NA,Netherlands,male,heavyweight,16,16,8,4,4 KO 0 Sub 0 Dec,4,2 KO 1 Sub 1 Dec,-2,3,3072,32.2,32.4,1,6.9,2460,2665,2552,2006-11-18,W - Sherman Pendergarst,2009-10-24,L - Pat Barry
Jessica Aguilar,1982-05-08,FALSE,FALSE,FALSE,FALSE,FALSE,FALSE,FALSE,NA,Mexico,female,women's strawweight,10,16,5,1,0 KO 0 Sub 1 Dec,4,0 KO 1 Sub 3 Dec,-2,1,3821,35.6,30,0,9,2440,2665,2617,2015-08-01,L - Claudia Gadelha,2019-03-30,L - Marina Rodriguez
Mike Rodriguez,1988-11-28,FALSE,FALSE,TRUE,FALSE,FALSE,FALSE,FALSE,NA,United States,male,light heavyweight,16,16,8,2,2 KO 0 Sub 0 Dec,5,1 KO 2 Sub 2 Dec,-3,1,4513,31.2,30.7,0,6.1,2432,2665,2638,2018-04-07,L - Devin Clark,2021-09-18,L - Tafon Nchukwi
Marcin Wrzosek,1987-10-14,TRUE,FALSE,FALSE,FALSE,FALSE,FALSE,FALSE,NA,Poland,male,lightweight,16,16,1,0,0 KO 0 Sub 0 Dec,1,0 KO 0 Sub 1 Dec,-1,-1,900,28.2,26.4,0,6,2658,2664,2712,2015-12-11,L - Julian Erosa,2015-12-11,L - Julian Erosa
Sabina Mazo,1997-03-25,FALSE,FALSE,FALSE,FALSE,FALSE,FALSE,FALSE,NA,Colombia,female,"women's flyweight, women's bantamweight",16,16,7,3,0 KO 1 Sub 2 Dec,4,0 KO 2 Sub 2 Dec,-3,3,5525,23.4,29,0,9.9,2480,2664,2490,2019-03-30,L - Maryna Moroz,2022-03-12,L - Miranda Maverick
Marcus Brimage,1985-04-06,TRUE,FALSE,FALSE,FALSE,FALSE,FALSE,FALSE,NA,United States,male,bantamweight,16,16,8,4,1 KO 0 Sub 3 Dec,4,3 KO 0 Sub 1 Dec,-2,3,4824,28.5,26.7,0,8.8,2384,2664,2596,2011-12-03,W - Stephen Bass,2015-07-18,L - Jimmie Rivera
Drew McFedries,1978-07-27,FALSE,FALSE,FALSE,FALSE,FALSE,FALSE,FALSE,NA,United States,male,middleweight,16,16,9,4,4 KO 0 Sub 0 Dec,5,1 KO 4 Sub 0 Dec,-1,1,1264,29.7,28.2,1,4.8,2577,2663,2623,2006-11-18,W - Alessio Sakara,2009-09-19,L - Tomasz Drwal
Luis Henrique Barbosa,1993-08-21,FALSE,FALSE,FALSE,FALSE,FALSE,FALSE,FALSE,NA,Brazil,male,"light heavyweight, heavyweight",15,16,6,2,0 KO 2 Sub 0 Dec,4,2 KO 0 Sub 2 Dec,-3,2,4369,23.5,31.3,0,9.7,2512,2663,2626,2015-12-19,L - Francis Ngannou,2018-09-22,L - Ryan Spann
Anton Kuivanen,1984-05-01,FALSE,FALSE,FALSE,FALSE,FALSE,FALSE,FALSE,NA,Finland,male,lightweight,16,16,3,1,0 KO 0 Sub 1 Dec,2,0 KO 1 Sub 1 Dec,-1,1,2249,28.3,27.3,0,8.7,2372,2663,2638,2012-02-15,L - Justin Salas,2013-02-23,L - Michael Chiesa
Ken Shamrock,1964-02-11,FALSE,FALSE,FALSE,TRUE,FALSE,FALSE,FALSE,TRUE,United States,male,light heavyweight,-1,16,15,7,1 KO 6 Sub 0 Dec,6,4 KO 1 Sub 1 Dec,-3,2,2844,34.5,NA,0,2,1997,2663,2521,1993-11-12,W - Patrick Smith,2006-10-10,L - Tito Ortiz
Robert Whiteford,1983-04-12,FALSE,FALSE,FALSE,FALSE,FALSE,FALSE,FALSE,NA,"United Kingdom, Scotland",male,featherweight,16,16,5,2,1 KO 0 Sub 1 Dec,3,0 KO 1 Sub 2 Dec,-2,2,3321,31.9,28.5,0,10.8,2653,2662,2565,2013-10-26,L - Jimy Hettes,2016-04-10,L - Lucas Martins
Shane Del Rosario,1983-09-23,FALSE,FALSE,FALSE,FALSE,TRUE,FALSE,FALSE,NA,United States,male,heavyweight,16,16,2,0,0 KO 0 Sub 0 Dec,2,2 KO 0 Sub 0 Dec,-2,-1,820,28.9,31.6,0,3.5,2514,2662,2629,2012-05-26,L - Stipe Miocic,2012-12-15,L - Pat Barry
Andrew Holbrook,1986-02-06,FALSE,FALSE,FALSE,FALSE,FALSE,FALSE,FALSE,NA,United States,male,lightweight,16,16,5,2,0 KO 0 Sub 2 Dec,3,3 KO 0 Sub 0 Dec,-2,1,2123,30.7,27.6,0,8,2408,2662,2615,2015-07-25,W - Ramsey Nijem,2017-09-02,L - Thibault Gouti
Zviad Lazishvili,1991-10-25,FALSE,FALSE,FALSE,FALSE,FALSE,FALSE,FALSE,NA,Georgia,male,bantamweight,16,16,1,0,0 KO 0 Sub 0 Dec,1,0 KO 0 Sub 1 Dec,-1,-1,900,30,27.5,0,14,2661,2661,2680,2021-10-23,L - Jonathan Martinez,2021-10-23,L - Jonathan Martinez
Trevor Prangley,1972-08-24,FALSE,FALSE,FALSE,FALSE,TRUE,FALSE,FALSE,NA,South Africa,male,middleweight,16,16,4,2,0 KO 1 Sub 1 Dec,2,0 KO 0 Sub 2 Dec,-2,2,3065,32.9,30.5,0,7,2588,2660,2520,2004-06-19,W - Curtis Stout,2006-04-06,L - Chael Sonnen
Sarah Kaufman,1985-09-20,FALSE,FALSE,FALSE,FALSE,TRUE,FALSE,FALSE,NA,Canada,female,women's bantamweight,2,16,4,1,0 KO 0 Sub 1 Dec,2,0 KO 1 Sub 1 Dec,-2,1,3112,29.1,29.3,0,7.2,2634,2659,2621,2013-10-19,NC - Jessica Eye,2015-12-19,L - Valentina Shevchenko
Jerrod Sanders,1979-10-01,FALSE,FALSE,FALSE,FALSE,FALSE,FALSE,FALSE,NA,United States,male,bantamweight,16,16,4,1,0 KO 0 Sub 1 Dec,2,1 KO 1 Sub 0 Dec,-1,1,1638,35.6,28.7,0,9.8,2570,2659,2631,2014-07-16,L - Yosdenis Cedeno,2016-07-07,L - Felipe Arantes
Jesus Pinedo,1996-06-22,FALSE,FALSE,FALSE,FALSE,FALSE,FALSE,FALSE,NA,Peru,male,lightweight,16,16,2,1,0 KO 0 Sub 1 Dec,1,0 KO 0 Sub 1 Dec,-1,1,1800,22.6,32.3,0,7,2935,2657,2652,2018-11-17,W - Devin Powell,2019-03-23,L - John Makdessi
Viktor Pesta,1990-07-15,FALSE,FALSE,FALSE,FALSE,FALSE,FALSE,FALSE,NA,Czech Republic,male,heavyweight,16,16,5,1,0 KO 0 Sub 1 Dec,4,2 KO 1 Sub 1 Dec,-3,1,3005,25.2,32.1,0,9.6,2660,2656,2737,2014-05-30,L - Ruslan Magomedov,2017-01-15,L - Aleksei Oleinik
Kleydson Rodrigues,1995-10-22,FALSE,FALSE,TRUE,FALSE,FALSE,FALSE,FALSE,NA,Brazil,male,"bantamweight, flyweight",16,16,4,1,1 KO 0 Sub 0 Dec,3,0 KO 1 Sub 2 Dec,-2,1,2114,27.6,30.8,0,10.2,2527,2656,2628,2022-05-07,L - CJ Vergara,2024-05-18,L - Alatengheili
Rich Attonito,1977-06-16,TRUE,FALSE,FALSE,FALSE,FALSE,FALSE,FALSE,NA,United States,male,"welterweight, middleweight",16,16,5,3,1 KO 0 Sub 2 Dec,2,1 KO 0 Sub 1 Dec,-1,2,3635,33.6,28.4,0,8.6,2492,2656,2502,2010-06-19,W - Jamie Yager,2011-12-10,L - Jake Hecht
Yves Jabouin,1979-05-30,FALSE,FALSE,FALSE,FALSE,FALSE,TRUE,FALSE,NA,"Canada, Haiti",male,bantamweight,15,16,10,5,0 KO 0 Sub 5 Dec,5,3 KO 2 Sub 0 Dec,-2,3,6066,33.9,28.8,0,7.8,2468,2656,2595,2011-04-30,L - Pablo Garza,2015-08-23,L - Felipe Arantes
Duane Ludwig,1978-08-04,FALSE,FALSE,FALSE,FALSE,TRUE,FALSE,FALSE,NA,United States,male,welterweight,16,16,9,4,1 KO 0 Sub 3 Dec,5,3 KO 2 Sub 0 Dec,-3,2,3469,31.3,27.7,0,5.4,2408,2656,2642,2003-04-25,W - Genki Sudo,2012-09-29,L - Che Mills
Chris Dempsey,1987-09-08,FALSE,FALSE,FALSE,FALSE,FALSE,FALSE,FALSE,NA,United States,male,"middleweight, light heavyweight",16,16,4,1,0 KO 0 Sub 1 Dec,3,3 KO 0 Sub 0 Dec,-2,1,1362,27.7,29.9,0,8.5,2320,2656,2639,2014-07-19,L - Ilir Latifi,2016-02-27,L - Scott Askham
Albert Morales,1991-05-25,FALSE,FALSE,FALSE,FALSE,FALSE,FALSE,FALSE,NA,United States,male,bantamweight,16,16,6,1,0 KO 0 Sub 1 Dec,4,1 KO 1 Sub 2 Dec,-3,1,4450,26,25.6,0,9,2676,2655,2723,2016-09-17,D - Alejandro Perez,2018-02-24,L - Manny Bermudez
Pedro Falcao,1992-07-30,FALSE,FALSE,TRUE,FALSE,FALSE,FALSE,FALSE,NA,Brazil,male,bantamweight,16,16,2,0,0 KO 0 Sub 0 Dec,2,0 KO 0 Sub 2 Dec,-2,-1,1800,32.2,34.6,0,9.5,2588,2655,2768,2024-04-06,L - Victor Hugo,2025-04-05,L - Victor Henry
Danny Chavez,1987-03-14,FALSE,FALSE,FALSE,FALSE,FALSE,FALSE,FALSE,NA,United States,male,featherweight,16,16,4,1,0 KO 0 Sub 1 Dec,2,1 KO 0 Sub 1 Dec,-1,1,2772,34.3,29,0,7.8,2496,2655,2619,2020-08-15,W - TJ Brown,2022-06-18,L - Ricardo Ramos
Shannon Gugerty,1981-12-30,FALSE,FALSE,FALSE,FALSE,FALSE,FALSE,FALSE,NA,United States,male,lightweight,16,16,5,2,0 KO 2 Sub 0 Dec,3,0 KO 3 Sub 0 Dec,-2,1,2109,27.4,28.4,0,7.8,2412,2654,2622,2008-07-19,W - Dale Hartt,2010-03-21,L - Clay Guida
Jason Day,1981-05-19,FALSE,FALSE,FALSE,FALSE,FALSE,FALSE,FALSE,NA,Canada,male,middleweight,16,16,3,1,1 KO 0 Sub 0 Dec,2,2 KO 0 Sub 0 Dec,-2,1,552,27.3,26.5,0,5,2293,2654,2674,2008-04-19,W - Alan Belcher,2009-03-07,L - Kendall Grove
Dan Christison,1972-04-26,TRUE,FALSE,FALSE,FALSE,FALSE,TRUE,FALSE,NA,United States,male,heavyweight,16,16,2,1,0 KO 1 Sub 0 Dec,1,0 KO 0 Sub 1 Dec,-1,1,1717,34.1,28.1,2,5.5,2659,2653,2602,2006-04-06,W - Brad Imes,2006-07-08,L - Frank Mir
Adam Milstead,1987-07-03,FALSE,FALSE,FALSE,FALSE,FALSE,FALSE,FALSE,NA,United States,male,"light heavyweight, heavyweight",16,16,4,1,1 KO 0 Sub 0 Dec,2,1 KO 0 Sub 1 Dec,-2,1,1979,30.2,30.6,0,10.5,2509,2653,2584,2016-05-29,W - Chris De La Rocha,2018-12-15,L - Mike Rodriguez
CJ Vergara,1991-06-18,FALSE,FALSE,TRUE,FALSE,FALSE,FALSE,FALSE,NA,United States,male,flyweight,16,16,8,3,1 KO 0 Sub 2 Dec,5,1 KO 2 Sub 2 Dec,-3,2,5023,32,27.5,1,9.2,2455,2653,2600,2021-11-06,L - Ode Osbourne,2025-03-29,L - Edgar Chairez
Carlos Felipe,1995-01-12,FALSE,FALSE,FALSE,FALSE,FALSE,FALSE,FALSE,NA,Brazil,male,heavyweight,16,16,5,3,0 KO 0 Sub 3 Dec,2,0 KO 0 Sub 2 Dec,-1,3,4500,26.1,32.1,0,7.4,2581,2652,2619,2020-07-18,L - Serghei Spivac,2021-10-16,L - Andrei Arlovski
Andrey Semenov,1977-06-17,FALSE,FALSE,FALSE,TRUE,FALSE,FALSE,FALSE,NA,Russia,male,middleweight,16,16,2,1,1 KO 0 Sub 0 Dec,1,1 KO 0 Sub 0 Dec,-1,1,1168,24.7,28.2,0,5.5,2576,2652,2483,2002-01-11,W - Ricardo Almeida,2002-05-10,L - Ivan Salaverry
Bubba Bush,1985-07-24,FALSE,FALSE,FALSE,FALSE,FALSE,FALSE,FALSE,NA,United States,male,middleweight,16,16,2,0,0 KO 0 Sub 0 Dec,1,1 KO 0 Sub 0 Dec,-1,0,959,29.6,33.4,0,10,2513,2652,2567,2014-07-05,NC - Kevin Casey,2015-10-24,L - Garreth McLellan
Mizuto Hirota,1981-05-05,TRUE,FALSE,FALSE,FALSE,TRUE,FALSE,FALSE,NA,Japan,male,"lightweight, featherweight",16,16,7,1,0 KO 0 Sub 1 Dec,5,0 KO 0 Sub 5 Dec,-3,1,6300,34.9,29.9,0,7.7,2406,2652,2625,2013-03-02,L - Rani Yahya,2018-12-01,L - Christos Giagos
Bruna Brasil,1993-09-07,FALSE,FALSE,TRUE,FALSE,FALSE,FALSE,FALSE,NA,Brazil,female,women's strawweight,16,16,8,3,0 KO 0 Sub 3 Dec,5,1 KO 0 Sub 4 Dec,-2,1,6762,31.1,30.1,0,10.6,2518,2651,2605,2023-04-15,L - Denise Gomes,2026-03-28,L - Alexia Thainara
Randa Markos,1985-08-10,TRUE,FALSE,FALSE,FALSE,FALSE,FALSE,FALSE,NA,"Canada, Iraq",female,women's strawweight,6,16,18,7,0 KO 1 Sub 6 Dec,10,0 KO 2 Sub 7 Dec,1,1,13618,32.9,30,2,7.6,2503,2651,2580,2014-12-12,L - Jessica Penne,2021-10-23,W - Livinha Souza
Zac Pauga,1988-02-25,TRUE,FALSE,FALSE,FALSE,FALSE,FALSE,FALSE,NA,United States,male,light heavyweight,16,16,4,1,0 KO 0 Sub 1 Dec,3,2 KO 0 Sub 1 Dec,-2,1,2354,35.2,31.4,0,7.2,2408,2651,2605,2022-08-06,L - Mohammed Usman,2024-02-10,L - Bogdan Guskov
Mads Burnell,1994-03-06,FALSE,FALSE,FALSE,FALSE,FALSE,FALSE,FALSE,NA,Denmark,male,featherweight,16,16,3,1,0 KO 0 Sub 1 Dec,2,0 KO 2 Sub 0 Dec,-1,1,2347,23.9,29.6,0,7,2782,2650,2796,2017-09-02,L - Michel Prazeres,2018-05-27,L - Arnold Allen
Justin Eilers,1978-06-28,FALSE,FALSE,FALSE,FALSE,FALSE,TRUE,FALSE,NA,United States,male,heavyweight,16,16,4,1,1 KO 0 Sub 0 Dec,3,3 KO 0 Sub 0 Dec,-3,1,623,26.8,27.5,0,3.2,2586,2650,2635,2004-08-21,W - Mike Kyle,2006-02-04,L - Brandon Vera
Danilo Marques,1985-12-26,FALSE,FALSE,FALSE,FALSE,FALSE,FALSE,FALSE,NA,Brazil,male,light heavyweight,16,16,4,2,0 KO 1 Sub 1 Dec,2,2 KO 0 Sub 0 Dec,-2,2,2289,35.4,29.3,0,8.8,2539,2650,2643,2020-09-26,W - Khadis Ibragimov,2022-02-05,L - Jailton Almeida
Fernando Bruno,1982-02-24,TRUE,FALSE,FALSE,FALSE,FALSE,FALSE,FALSE,NA,Brazil,male,"featherweight, lightweight",16,16,2,0,0 KO 0 Sub 0 Dec,2,0 KO 1 Sub 1 Dec,-2,-1,1786,33.9,30.8,0,5,2531,2650,2585,2015-08-01,L - Glaico Franca,2016-07-08,L - Gray Maynard
Johnny Munoz,1993-02-16,FALSE,FALSE,FALSE,FALSE,FALSE,FALSE,FALSE,NA,United States,male,bantamweight,16,16,6,2,0 KO 1 Sub 1 Dec,4,1 KO 0 Sub 3 Dec,-2,1,4123,29.3,30,0,9.2,2487,2650,2634,2020-08-01,L - Nate Maness,2023-10-07,L - Aoriqileng
Ricardo Romero,1978-04-15,FALSE,FALSE,FALSE,FALSE,FALSE,FALSE,FALSE,NA,United States,male,light heavyweight,16,16,3,1,0 KO 1 Sub 0 Dec,2,2 KO 0 Sub 0 Dec,-2,1,553,32.8,29.8,0,9,2400,2650,2479,2010-07-03,W - Seth Petruzelli,2011-09-24,L - James Te Huna
Garreth McLellan,1982-01-09,FALSE,FALSE,FALSE,FALSE,FALSE,FALSE,FALSE,NA,South Africa,male,middleweight,16,16,5,1,1 KO 0 Sub 0 Dec,4,2 KO 0 Sub 2 Dec,-3,1,3122,34.2,29.2,0,8.6,2383,2650,2651,2015-04-11,L - Bartosz Fabinski,2017-03-11,L - Paulo Costa
Stephanie Egger,1988-08-12,FALSE,FALSE,FALSE,FALSE,FALSE,FALSE,FALSE,NA,Switzerland,female,"women's featherweight, women's bantamweight",16,16,7,3,1 KO 2 Sub 0 Dec,4,0 KO 2 Sub 2 Dec,-2,2,3268,33.8,29.6,1,10,2337,2650,2536,2020-10-10,L - Tracy Cortez,2023-12-09,L - Luana Santos
Phillipe Nover,1984-02-03,TRUE,FALSE,FALSE,FALSE,FALSE,FALSE,FALSE,NA,United States,male,featherweight,16,16,7,1,0 KO 0 Sub 1 Dec,6,1 KO 0 Sub 5 Dec,-3,1,5463,29.3,27.8,0,6.3,2584,2649,2608,2008-12-13,L - Efrain Escudero,2017-02-11,L - Ricky Glenn
Dave Strasser,1969-07-13,FALSE,FALSE,FALSE,FALSE,FALSE,FALSE,FALSE,NA,United States,male,welterweight,16,16,2,1,0 KO 0 Sub 1 Dec,1,0 KO 1 Sub 0 Dec,-1,1,1132,34,23.2,0,4.5,2401,2649,2486,2003-04-25,W - Romie Aram,2003-09-26,L - Karo Parisyan
Eric Schafer,1977-09-20,FALSE,FALSE,FALSE,FALSE,FALSE,FALSE,FALSE,NA,United States,male,"middleweight, light heavyweight",16,16,9,3,1 KO 2 Sub 0 Dec,6,3 KO 0 Sub 3 Dec,-4,2,4476,31.5,32.1,0,6.6,2394,2649,2591,2006-08-26,W - Rob MacDonald,2012-01-20,L - Jorge Rivera
Paddy Holohan,1988-05-03,TRUE,FALSE,FALSE,FALSE,FALSE,FALSE,FALSE,NA,Ireland,male,flyweight,16,16,5,3,0 KO 1 Sub 2 Dec,2,0 KO 1 Sub 1 Dec,-1,2,3435,26.8,30.4,1,7.2,2590,2648,2548,2014-07-19,W - Josh Sampo,2015-10-24,L - Louis Smolka
Kaynan Kruschewsky,1991-04-04,FALSE,FALSE,TRUE,FALSE,FALSE,FALSE,FALSE,NA,Brazil,male,lightweight,16,16,2,0,0 KO 0 Sub 0 Dec,2,1 KO 0 Sub 1 Dec,-2,-1,1141,32.9,32,0,4,2585,2648,2755,2023-11-04,L - Elves Brener,2024-07-20,L - Kurt Holobaugh
Alvin Robinson,1982-07-16,FALSE,FALSE,FALSE,FALSE,FALSE,FALSE,FALSE,NA,United States,male,lightweight,16,16,4,1,0 KO 0 Sub 1 Dec,3,0 KO 3 Sub 0 Dec,-2,1,2185,25.5,27.9,0,5,2538,2648,2597,2007-07-07,L - Kenny Florian,2008-11-15,L - Mark Bocek
Chris Barnett,1986-06-14,FALSE,FALSE,FALSE,FALSE,FALSE,FALSE,FALSE,NA,United States,male,heavyweight,16,16,6,2,2 KO 0 Sub 0 Dec,4,1 KO 1 Sub 2 Dec,-2,1,3176,36.7,34.2,1,9.8,2431,2648,2614,2021-05-22,L - Ben Rothwell,2025-10-25,L - Hamdy Abdelwahab
Brandon Davis,1990-05-08,FALSE,FALSE,TRUE,FALSE,FALSE,FALSE,FALSE,NA,United States,male,"bantamweight, featherweight",16,16,9,2,0 KO 1 Sub 1 Dec,7,1 KO 1 Sub 5 Dec,-4,1,6419,29.3,29.1,1,8.2,2522,2647,2631,2018-01-20,L - Kyle Bochniak,2022-10-15,L - Mana Martinez
Junior Assuncao,1981-06-24,FALSE,FALSE,FALSE,FALSE,FALSE,FALSE,FALSE,NA,Brazil,male,"featherweight, lightweight",16,16,5,2,0 KO 1 Sub 1 Dec,3,0 KO 2 Sub 1 Dec,-1,1,2589,27.6,25.7,0,6.4,2424,2647,2633,2006-10-14,L - Kurt Pellegrino,2011-12-30,L - Ross Pearson
Oluwale Bamgbose,1987-08-04,FALSE,FALSE,FALSE,FALSE,FALSE,FALSE,FALSE,NA,Nigeria,male,middleweight,16,16,5,1,1 KO 0 Sub 0 Dec,4,3 KO 0 Sub 1 Dec,-3,1,1912,29.1,30,0,7.8,2395,2647,2659,2015-08-08,L - Uriah Hall,2017-12-16,L - Alessio Di Chirico
Edwin Dewees,1982-08-07,TRUE,FALSE,FALSE,FALSE,FALSE,FALSE,FALSE,NA,United States,male,"middleweight, light heavyweight",16,16,3,0,0 KO 0 Sub 0 Dec,3,2 KO 1 Sub 0 Dec,-3,-1,579,22.9,29.6,0,3.7,2138,2647,2602,2003-09-26,L - Rich Franklin,2006-11-11,L - Jorge Rivera
Claudio Ribeiro,1992-07-17,FALSE,FALSE,TRUE,FALSE,FALSE,FALSE,FALSE,NA,Brazil,male,middleweight,16,16,4,1,1 KO 0 Sub 0 Dec,3,3 KO 0 Sub 0 Dec,-2,1,1579,31,31.3,0,9,2669,2646,2712,2023-01-14,L - Abdul Razak Alhassan,2024-03-02,L - Christian Leroy Duncan
Damian Grabowski,1980-05-12,FALSE,FALSE,FALSE,FALSE,FALSE,FALSE,FALSE,NA,Poland,male,heavyweight,16,16,3,0,0 KO 0 Sub 0 Dec,3,2 KO 0 Sub 1 Dec,-3,-1,1051,36.4,31.7,0,8,2621,2646,2590,2016-02-06,L - Derrick Lewis,2017-07-22,L - Chase Sherman
Jason Gonzalez,1990-02-28,TRUE,FALSE,FALSE,FALSE,FALSE,FALSE,FALSE,NA,United States,male,lightweight,16,16,4,1,0 KO 1 Sub 0 Dec,3,1 KO 2 Sub 0 Dec,-2,1,902,27.5,30.4,1,9,2520,2646,2668,2016-09-10,L - Drew Dober,2019-04-27,L - Jim Miller
Jay Cucciniello,1986-07-23,TRUE,FALSE,FALSE,FALSE,FALSE,FALSE,FALSE,NA,"United Kingdom, England",male,featherweight,16,16,1,0,0 KO 0 Sub 0 Dec,1,0 KO 0 Sub 1 Dec,-1,-1,900,32,26.5,0,3,2420,2646,2846,2018-07-06,L - Brad Katona,2018-07-06,L - Brad Katona
Justin Edwards,1983-01-26,TRUE,FALSE,FALSE,FALSE,FALSE,FALSE,FALSE,NA,United States,male,"lightweight, welterweight",16,16,7,2,0 KO 1 Sub 1 Dec,5,1 KO 1 Sub 3 Dec,-3,1,4626,29.9,27.9,1,8,2401,2646,2617,2011-06-04,L - Clay Harvison,2015-06-06,L - Joe Proctor
Daniel Sarafian,1982-08-21,TRUE,FALSE,FALSE,FALSE,FALSE,FALSE,FALSE,NA,Brazil,male,"middleweight, welterweight",16,16,6,2,1 KO 1 Sub 0 Dec,4,1 KO 1 Sub 2 Dec,-1,1,2533,31.7,29.3,1,4.8,2716,2645,2591,2013-01-19,L - C.B. Dollaway,2016-02-21,L - Oluwale Bamgbose
Luke Jumeau,1988-02-12,FALSE,FALSE,FALSE,FALSE,FALSE,FALSE,FALSE,NA,New Zealand,male,welterweight,16,16,4,2,0 KO 0 Sub 2 Dec,2,0 KO 0 Sub 2 Dec,-1,1,3600,30.1,29.5,0,8.2,2567,2645,2484,2017-06-10,W - Dominique Steele,2019-10-05,L - Dhiego Lima
David Terrell,1978-01-09,FALSE,FALSE,FALSE,FALSE,FALSE,FALSE,FALSE,NA,United States,male,middleweight,16,16,3,2,1 KO 1 Sub 0 Dec,1,1 KO 0 Sub 0 Dec,1,1,487,27.3,31.7,0,5,2644,2644,2765,2004-08-21,W - Matt Lindland,2006-04-15,W - Scott Smith
Nick Catone,1981-09-01,FALSE,FALSE,FALSE,FALSE,FALSE,FALSE,FALSE,NA,United States,male,"middleweight, welterweight",16,16,8,4,0 KO 1 Sub 3 Dec,4,1 KO 2 Sub 1 Dec,1,2,5575,29.4,28.8,0,9.2,2556,2644,2585,2009-02-07,W - Derek Downey,2014-02-01,W - Tom Watson
Jon Madsen,1980-02-12,TRUE,FALSE,FALSE,FALSE,FALSE,FALSE,FALSE,NA,United States,male,heavyweight,16,16,5,4,1 KO 0 Sub 3 Dec,1,1 KO 0 Sub 0 Dec,-1,4,3408,30.4,30.6,0,8.8,2491,2644,2490,2009-12-05,W - Justin Wren,2011-03-26,L - Mike Russow
Kuniyoshi Hironaka,1976-06-17,FALSE,FALSE,FALSE,FALSE,FALSE,FALSE,FALSE,NA,Japan,male,welterweight,16,16,4,1,0 KO 0 Sub 1 Dec,3,2 KO 0 Sub 1 Dec,-2,1,2771,31.1,28.2,1,6.8,2815,2643,2683,2006-10-14,L - Jon Fitch,2008-04-19,L - Jonathan Goulet
Saparbeg Safarov,1986-10-14,FALSE,FALSE,FALSE,FALSE,FALSE,FALSE,FALSE,NA,Russia,male,"middleweight, light heavyweight",16,16,4,1,0 KO 0 Sub 1 Dec,3,1 KO 2 Sub 0 Dec,-1,1,1786,31.8,28.2,1,6.5,2578,2643,2670,2016-12-09,L - Gian Villante,2020-03-07,L - Rodolfo Vieira
John Phillips,1985-06-09,FALSE,FALSE,FALSE,FALSE,FALSE,FALSE,FALSE,NA,"United Kingdom, Wales",male,middleweight,16,16,6,1,1 KO 0 Sub 0 Dec,5,0 KO 3 Sub 2 Dec,-2,1,3272,34.1,29.5,1,7.2,2512,2643,2678,2018-03-17,L - Charles Byrd,2020-10-17,L - JunYong Park
Christian Morecraft,1986-09-08,FALSE,FALSE,FALSE,FALSE,FALSE,FALSE,FALSE,NA,United States,male,heavyweight,16,16,4,1,0 KO 1 Sub 0 Dec,3,3 KO 0 Sub 0 Dec,-2,1,1658,24.7,30.7,1,6.8,2462,2643,2612,2010-08-07,L - Stefan Struve,2012-01-20,L - Pat Barry
Erick Montano,1985-11-20,TRUE,FALSE,FALSE,FALSE,FALSE,FALSE,FALSE,NA,Mexico,male,welterweight,16,16,3,1,0 KO 0 Sub 1 Dec,2,1 KO 1 Sub 0 Dec,-2,1,1572,30.6,28.8,0,8,2325,2643,2612,2015-11-21,W - Enrique Marin,2016-11-05,L - Max Griffin
Alex Nicholson,1990-05-02,FALSE,FALSE,FALSE,FALSE,FALSE,FALSE,FALSE,NA,United States,male,middleweight,16,16,4,1,1 KO 0 Sub 0 Dec,3,1 KO 1 Sub 1 Dec,-2,1,1705,26.4,28.7,0,8.5,2624,2642,2749,2016-02-06,L - Misha Cirkunov,2017-05-28,L - Jack Hermansson
Luigi Vendramini,1996-01-16,FALSE,FALSE,FALSE,FALSE,FALSE,FALSE,FALSE,NA,Brazil,male,lightweight,16,16,4,1,1 KO 0 Sub 0 Dec,3,2 KO 0 Sub 1 Dec,-2,1,1617,24.6,27.8,1,10.5,2525,2642,2734,2018-09-22,L - Elizeu Zaleski dos Santos,2021-09-04,L - Paddy Pimblett
Marcel Fortuna,1985-10-22,TRUE,FALSE,FALSE,FALSE,FALSE,FALSE,FALSE,NA,Brazil,male,"light heavyweight, heavyweight",16,16,3,1,1 KO 0 Sub 0 Dec,2,0 KO 0 Sub 2 Dec,-2,1,1990,31.7,31.5,1,7.7,2515,2642,2628,2017-02-04,W - Anthony Hamilton,2017-11-11,L - Jake Collier
Jason Miller,1980-12-24,FALSE,FALSE,FALSE,FALSE,TRUE,TRUE,FALSE,NA,United States,male,"middleweight, welterweight",16,16,3,0,0 KO 0 Sub 0 Dec,3,1 KO 0 Sub 2 Dec,-3,-1,2614,28.9,28.5,0,4.7,2393,2642,2727,2005-04-16,L - Georges St-Pierre,2012-05-26,L - C.B. Dollaway
Waylon Lowe,1980-10-31,TRUE,FALSE,FALSE,FALSE,FALSE,FALSE,FALSE,NA,United States,male,lightweight,16,16,4,2,0 KO 0 Sub 2 Dec,2,1 KO 1 Sub 0 Dec,-1,2,2752,30,25.9,0,9.5,2634,2641,2630,2010-05-29,L - Melvin Guillard,2011-03-26,L - Nik Lentz
Justine Kish,1988-04-13,FALSE,FALSE,FALSE,FALSE,FALSE,FALSE,FALSE,NA,United States,female,women's flyweight,14,16,7,3,0 KO 0 Sub 3 Dec,4,0 KO 1 Sub 3 Dec,-2,2,6237,30.4,28.1,0,7,2573,2641,2512,2016-01-02,W - Nina Nunes,2021-04-17,L - Tracy Cortez
Tor Troeng,1983-01-25,TRUE,FALSE,FALSE,FALSE,FALSE,FALSE,FALSE,NA,Sweden,male,middleweight,16,16,4,1,0 KO 1 Sub 0 Dec,3,0 KO 0 Sub 3 Dec,-3,1,2891,31,29.3,1,7.5,2388,2641,2554,2013-04-06,W - Adam Cella,2014-10-03,L - Krzysztof Jotko
Ricky Rainey,1983-06-29,FALSE,FALSE,FALSE,FALSE,FALSE,FALSE,FALSE,NA,United States,male,welterweight,16,16,2,0,0 KO 0 Sub 0 Dec,2,2 KO 0 Sub 0 Dec,-2,-1,630,35.1,34.3,0,9,2587,2640,2719,2018-04-14,L - Muslim Salikhov,2018-11-30,L - Tim Means
Anthony Birchak,1986-05-16,FALSE,FALSE,FALSE,FALSE,FALSE,FALSE,FALSE,NA,United States,male,bantamweight,16,16,6,2,1 KO 0 Sub 1 Dec,4,2 KO 2 Sub 0 Dec,-2,1,1879,31.1,28.9,0,7.8,2471,2640,2672,2014-12-13,L - Ian Entwistle,2021-04-17,L - Tony Gravely
Steve Bruno,1981-11-03,FALSE,FALSE,FALSE,FALSE,FALSE,FALSE,FALSE,NA,United States,male,welterweight,16,16,3,1,0 KO 1 Sub 0 Dec,2,0 KO 0 Sub 2 Dec,-1,1,2324,27,26.8,0,8.7,2357,2640,2521,2008-08-09,L - Chris Wilson,2009-02-07,L - Matt Riddle
Sean McCorkle,1976-07-17,FALSE,FALSE,FALSE,FALSE,FALSE,FALSE,FALSE,NA,United States,male,heavyweight,16,16,3,1,0 KO 1 Sub 0 Dec,2,1 KO 1 Sub 0 Dec,-2,1,848,34.4,28,0,7.3,2134,2640,2605,2010-09-25,W - Mark Hunt,2011-03-26,L - Christian Morecraft
Kris McCray,1981-09-24,TRUE,FALSE,FALSE,FALSE,FALSE,FALSE,FALSE,NA,United States,male,"welterweight, middleweight",16,16,3,0,0 KO 0 Sub 0 Dec,3,0 KO 2 Sub 1 Dec,-3,-1,1562,29.1,26.2,0,6,2488,2639,2659,2010-06-19,L - Court McGee,2011-03-26,L - John Hathaway
Logan Clark,1985-02-16,FALSE,FALSE,FALSE,FALSE,FALSE,TRUE,FALSE,NA,United States,male,middleweight,16,16,1,1,0 KO 0 Sub 1 Dec,0,0 KO 0 Sub 0 Dec,1,1,900,21.8,27.3,0,9,2418,2639,2405,2006-12-13,W - Steve Byrnes,2006-12-13,W - Steve Byrnes
Carlos Newton,1976-08-17,FALSE,FALSE,FALSE,TRUE,FALSE,FALSE,FALSE,NA,Canada,male,welterweight,-1,16,7,3,0 KO 3 Sub 0 Dec,4,2 KO 0 Sub 2 Dec,-1,1,4219,24.7,NA,0,4.1,2391,2639,2501,1998-05-15,W - Bob Gilstrap,2004-01-31,L - Renato Verissimo
Josh Fremd,1994-01-15,FALSE,FALSE,FALSE,FALSE,FALSE,FALSE,FALSE,NA,United States,male,middleweight,16,16,6,2,0 KO 1 Sub 1 Dec,4,1 KO 1 Sub 2 Dec,-2,2,4113,29.3,30.6,0,7.3,2641,2638,2622,2022-04-09,L - Anthony Hernandez,2024-07-13,L - Andre Petroski
Ulka Sasaki,1989-10-07,FALSE,FALSE,FALSE,FALSE,FALSE,FALSE,FALSE,NA,Japan,male,flyweight,13,16,9,4,0 KO 4 Sub 0 Dec,5,1 KO 3 Sub 1 Dec,-1,1,3866,27,29.2,2,9.1,2580,2638,2614,2014-08-22,W - Roland Delorme,2018-11-17,L - Alexandre Pantoja
Francisco Figueiredo,1989-10-23,FALSE,FALSE,FALSE,FALSE,FALSE,FALSE,FALSE,NA,Brazil,male,flyweight,16,16,4,2,0 KO 1 Sub 1 Dec,2,0 KO 1 Sub 1 Dec,-1,1,2152,32.1,27.9,1,9.5,2567,2638,2610,2021-01-20,W - Jerome Rivera,2022-08-20,L - Amir Albazi
Matt Dwyer,1989-12-17,FALSE,FALSE,FALSE,FALSE,FALSE,FALSE,FALSE,NA,Canada,male,welterweight,16,16,4,1,1 KO 0 Sub 0 Dec,3,1 KO 0 Sub 2 Dec,-2,1,2057,25.4,26.4,2,9,2343,2638,2669,2014-10-04,L - Albert Tumenov,2016-01-30,L - Randy Brown
Igor Araujo,1980-12-06,TRUE,FALSE,FALSE,FALSE,FALSE,FALSE,FALSE,NA,Brazil,male,welterweight,16,16,4,2,0 KO 0 Sub 2 Dec,2,1 KO 0 Sub 1 Dec,-2,2,3151,33.6,29.1,0,8.2,2264,2638,2660,2013-10-09,W - Ildemar Alcantara,2015-07-15,L - Sean Strickland
Anthony Lapsley,1980-02-13,FALSE,FALSE,FALSE,FALSE,FALSE,FALSE,FALSE,NA,United States,male,welterweight,16,16,2,0,0 KO 0 Sub 0 Dec,2,1 KO 0 Sub 1 Dec,-2,-1,1136,34,27.2,0,11.5,2527,2637,2694,2013-11-16,L - Jason High,2014-05-10,L - Albert Tumenov
Lavar Johnson,1977-06-11,FALSE,FALSE,FALSE,FALSE,TRUE,TRUE,FALSE,NA,United States,male,heavyweight,16,16,4,2,2 KO 0 Sub 0 Dec,2,0 KO 1 Sub 1 Dec,-2,2,1507,35,29.3,2,6,2443,2637,2647,2012-01-28,W - Joey Beltran,2013-02-23,L - Brendan Schaub
Mike Massenzio,1982-11-01,FALSE,FALSE,FALSE,FALSE,FALSE,FALSE,FALSE,NA,United States,male,middleweight,16,16,7,2,0 KO 1 Sub 1 Dec,5,1 KO 3 Sub 1 Dec,-2,1,3289,28,29,1,7.7,2208,2637,2553,2008-09-17,W - Drew McFedries,2012-05-05,L - Karlos Vemola
Rodrigo Vargas,1985-08-15,FALSE,FALSE,FALSE,FALSE,FALSE,FALSE,FALSE,NA,Mexico,male,lightweight,16,16,4,1,0 KO 0 Sub 1 Dec,3,0 KO 1 Sub 1 Dec,-1,1,2272,35.2,25,0,7.5,2553,2636,2721,2019-08-10,L - Alex da Silva,2022-03-19,L - Paddy Pimblett
Mickael Lebout,1987-08-16,FALSE,FALSE,FALSE,FALSE,FALSE,FALSE,FALSE,NA,France,male,"lightweight, welterweight",16,16,3,1,0 KO 0 Sub 1 Dec,2,0 KO 0 Sub 2 Dec,-1,1,2700,27.9,28.8,0,7,2506,2636,2652,2015-04-11,L - Sergio Moraes,2015-10-24,L - Stevie Ray
Antonio Carvalho,1979-05-30,FALSE,FALSE,FALSE,FALSE,FALSE,FALSE,FALSE,NA,Canada,male,featherweight,16,16,4,2,1 KO 0 Sub 1 Dec,2,1 KO 0 Sub 1 Dec,-1,2,2057,33.3,28.1,0,9,2604,2634,2641,2012-01-14,L - Felipe Arantes,2013-03-16,L - Darren Elkins
Valerie Letourneau,1983-04-29,TRUE,FALSE,FALSE,FALSE,FALSE,FALSE,FALSE,NA,Canada,female,"women's flyweight, women's strawweight",5,16,6,3,0 KO 0 Sub 3 Dec,3,1 KO 0 Sub 2 Dec,-3,3,5871,32.5,28.6,0,6.5,2615,2633,2626,2014-06-14,W - Elizabeth Phillips,2016-12-10,L - Viviane Pereira
Jordan Vucenic,1996-03-02,FALSE,FALSE,FALSE,FALSE,FALSE,FALSE,FALSE,NA,"United Kingdom, England",male,lightweight,16,16,2,0,0 KO 0 Sub 0 Dec,2,0 KO 1 Sub 1 Dec,-2,-1,1422,28.7,32.2,0,7.5,2574,2633,2774,2024-08-03,L - Guram Kutateladze,2025-03-22,L - Chris Duncan
Michal Figlak,1996-08-15,FALSE,FALSE,FALSE,FALSE,FALSE,FALSE,FALSE,NA,"United Kingdom, England, Poland",male,lightweight,16,16,2,0,0 KO 0 Sub 0 Dec,2,0 KO 0 Sub 2 Dec,-2,-1,1800,26.9,28.9,0,8.5,2568,2633,2693,2022-09-03,L - Fares Ziam,2024-04-27,L - Austin Hubbard
Adam Fugitt,1989-01-12,FALSE,FALSE,FALSE,FALSE,FALSE,FALSE,FALSE,NA,United States,male,welterweight,16,16,6,2,1 KO 0 Sub 1 Dec,4,3 KO 1 Sub 0 Dec,-2,1,2756,35.2,26.9,0,7.5,2462,2633,2660,2022-07-30,L - Michael Morales,2026-01-24,L - Ty Miller
Jeff Hougland,1978-08-02,FALSE,FALSE,FALSE,FALSE,FALSE,TRUE,FALSE,NA,United States,male,bantamweight,16,16,3,1,0 KO 0 Sub 1 Dec,2,0 KO 0 Sub 2 Dec,-2,1,2700,33.7,31.1,0,7,2396,2632,2518,2011-07-02,W - Donny Walker,2012-11-10,L - Takeya Mizugaki
Cody East,1988-06-29,FALSE,FALSE,FALSE,FALSE,FALSE,FALSE,FALSE,NA,United States,male,heavyweight,16,16,2,0,0 KO 0 Sub 0 Dec,2,2 KO 0 Sub 0 Dec,-2,-1,680,28,29.2,0,10.5,2220,2632,2450,2016-04-23,L - Walt Harris,2016-10-01,L - Curtis Blaydes
Geane Herrera,1990-05-27,FALSE,FALSE,FALSE,FALSE,FALSE,FALSE,FALSE,NA,United States,male,flyweight,16,16,4,1,1 KO 0 Sub 0 Dec,3,0 KO 0 Sub 3 Dec,-2,1,3268,25.8,26.5,0,9.5,2630,2631,2656,2015-08-08,L - Ray Borg,2016-11-26,L - Ben Nguyen
Denis Tiuliulin,1988-05-17,FALSE,FALSE,FALSE,FALSE,FALSE,FALSE,FALSE,NA,Russia,male,middleweight,16,16,6,1,1 KO 0 Sub 0 Dec,5,2 KO 2 Sub 1 Dec,-4,1,2822,35,31.1,0,9.3,2434,2631,2743,2022-03-26,L - Aliaskhab Khizriev,2024-08-03,L - Sedriques Dumas
Xavier Foupa-Pokam,1982-03-07,FALSE,FALSE,FALSE,FALSE,FALSE,FALSE,FALSE,NA,France,male,middleweight,16,16,2,0,0 KO 0 Sub 0 Dec,2,1 KO 0 Sub 1 Dec,-2,-1,937,27.2,31.2,0,5,2508,2630,2571,2009-04-18,L - Denis Kang,2009-05-23,L - Drew McFedries
Terrion Ware,1986-03-31,FALSE,FALSE,FALSE,FALSE,FALSE,FALSE,FALSE,NA,United States,male,bantamweight,16,16,4,0,0 KO 0 Sub 0 Dec,4,0 KO 0 Sub 4 Dec,-4,-1,3600,31.8,25.8,0,6.8,2482,2630,2730,2017-07-08,L - Cody Stamann,2018-09-15,L - Merab Dvalishvili
Eliot Marshall,1980-07-07,TRUE,FALSE,FALSE,FALSE,FALSE,FALSE,FALSE,NA,United States,male,light heavyweight,16,16,6,3,0 KO 1 Sub 2 Dec,3,1 KO 0 Sub 2 Dec,-3,3,3822,29.7,32.3,0,8.3,2440,2630,2570,2008-12-13,W - Jules Bruchez,2011-10-29,L - Brandon Vera
Hugo Viana,1982-09-26,TRUE,FALSE,FALSE,FALSE,FALSE,FALSE,FALSE,NA,Brazil,male,bantamweight,16,16,6,3,1 KO 0 Sub 2 Dec,3,2 KO 0 Sub 1 Dec,-2,2,4037,31.1,28.4,0,9.5,2257,2630,2521,2012-06-23,W - John Teixeira,2015-08-01,L - Guido Cannetti
Michihiro Omigawa,1975-12-19,FALSE,FALSE,FALSE,TRUE,FALSE,FALSE,FALSE,NA,Japan,male,featherweight,16,16,7,1,0 KO 0 Sub 1 Dec,6,0 KO 0 Sub 6 Dec,-2,1,6300,34.7,26.9,0,8,2159,2630,2600,2007-09-22,L - Matt Wiman,2012-08-04,L - Manny Gamburyan
Jon Tuck,1984-08-28,TRUE,FALSE,FALSE,FALSE,FALSE,FALSE,FALSE,NA,"Guam, United States",male,lightweight,16,16,9,4,0 KO 3 Sub 1 Dec,5,0 KO 0 Sub 5 Dec,-1,1,6475,31,30.5,1,7.8,2586,2629,2599,2012-11-10,W - Tiequan Zhang,2018-08-25,L - Drew Dober
Rory Markham,1982-03-25,FALSE,FALSE,FALSE,FALSE,FALSE,FALSE,FALSE,NA,United States,male,welterweight,16,16,3,1,1 KO 0 Sub 0 Dec,2,2 KO 0 Sub 0 Dec,-2,1,333,27.1,26.6,1,6,2533,2629,2712,2008-07-19,W - Brodie Farber,2010-03-27,L - Nate Diaz
Yui Chul Nam,1981-07-16,FALSE,FALSE,FALSE,FALSE,FALSE,FALSE,FALSE,NA,South Korea,male,"featherweight, lightweight",16,16,3,1,0 KO 0 Sub 1 Dec,2,0 KO 0 Sub 2 Dec,-2,1,2700,33.6,29.2,1,5.3,2346,2629,2537,2014-03-01,W - Kazuki Tokudome,2015-11-28,L - Mike De La Torre
Abner Lloveras,1982-09-04,TRUE,FALSE,FALSE,FALSE,FALSE,FALSE,FALSE,NA,Spain,male,lightweight,16,16,1,0,0 KO 0 Sub 0 Dec,1,0 KO 0 Sub 1 Dec,-1,-1,900,33.3,29.5,0,10,2305,2629,2658,2015-12-11,L - Chris Gruetzemacher,2015-12-11,L - Chris Gruetzemacher
Kyle Bochniak,1987-02-05,FALSE,FALSE,FALSE,FALSE,FALSE,FALSE,FALSE,NA,United States,male,featherweight,16,16,7,2,0 KO 0 Sub 2 Dec,5,0 KO 0 Sub 5 Dec,-3,1,6300,30.8,27.3,1,7,2597,2628,2722,2016-01-17,L - Charles Rosa,2019-10-18,L - Sean Woodson
Brian Melancon,1982-05-28,FALSE,FALSE,FALSE,FALSE,TRUE,FALSE,FALSE,NA,United States,male,welterweight,16,16,2,1,1 KO 0 Sub 0 Dec,1,0 KO 1 Sub 0 Dec,-1,1,445,31.2,26.8,0,6.5,2589,2628,2791,2013-07-06,W - Seth Baczynski,2013-08-28,L - Kelvin Gastelum
David Mitchell,1979-10-24,FALSE,FALSE,FALSE,FALSE,FALSE,FALSE,FALSE,NA,United States,male,welterweight,16,16,5,1,0 KO 0 Sub 1 Dec,4,1 KO 0 Sub 3 Dec,-2,1,4075,32.7,29,0,9.4,2546,2628,2671,2010-09-15,L - TJ Waldburger,2013-10-09,L - Yan Cabral
Gabriel Silva,1994-08-23,FALSE,FALSE,FALSE,FALSE,FALSE,FALSE,FALSE,NA,Brazil,male,bantamweight,16,16,2,0,0 KO 0 Sub 0 Dec,2,0 KO 0 Sub 2 Dec,-2,-1,1800,25.2,25.3,1,8.5,2518,2628,2704,2019-07-20,L - Ray Borg,2020-02-29,L - Kyler Phillips
Branden Lee Hinkle,1973-07-29,FALSE,FALSE,FALSE,FALSE,FALSE,FALSE,FALSE,NA,United States,male,"light heavyweight, heavyweight",16,16,3,1,1 KO 0 Sub 0 Dec,2,1 KO 1 Sub 0 Dec,-2,1,829,32.5,NA,0,5.7,2481,2628,2590,2005-10-07,W - Sean Gannon,2006-06-28,L - Jason Lambert
Shem Rock,1993-11-05,FALSE,FALSE,FALSE,FALSE,FALSE,FALSE,FALSE,NA,"Barbados, United Kingdom, Scotland, Nigeria, England",male,lightweight,16,16,2,0,0 KO 0 Sub 0 Dec,2,0 KO 0 Sub 2 Dec,-2,-1,1800,32.2,28,0,12.5,2559,2627,2831,2025-11-22,L - Nurullo Aliev,2026-03-21,L - Abdul-Kareem Al-Selwady
Lukasz Brzeski,1992-05-17,FALSE,FALSE,TRUE,FALSE,FALSE,FALSE,FALSE,NA,Poland,male,heavyweight,16,16,7,1,0 KO 0 Sub 1 Dec,6,3 KO 1 Sub 2 Dec,-3,1,3532,31.7,31,0,9.7,2499,2627,2747,2022-08-13,L - Martin Buday,2025-07-19,L - Ryan Spann
Alex White,1988-10-22,FALSE,FALSE,FALSE,FALSE,FALSE,FALSE,FALSE,NA,United States,male,lightweight,16,16,10,4,2 KO 0 Sub 2 Dec,6,1 KO 1 Sub 4 Dec,-1,1,6881,28.2,29.3,1,9,2492,2627,2606,2014-04-19,W - Estevan Payan,2019-10-26,L - Rafael Fiziev
Yaotzin Meza,1981-02-04,FALSE,FALSE,FALSE,FALSE,FALSE,FALSE,FALSE,NA,United States,male,featherweight,16,16,7,2,0 KO 1 Sub 1 Dec,4,1 KO 0 Sub 3 Dec,-2,1,5084,33.5,25.8,0,7.7,2491,2627,2628,2012-12-14,L - Chad Mendes,2016-02-27,L - Arnold Allen
Pat Barry,1979-07-07,FALSE,FALSE,FALSE,FALSE,FALSE,FALSE,FALSE,NA,United States,male,heavyweight,16,16,12,5,4 KO 0 Sub 1 Dec,7,4 KO 3 Sub 0 Dec,-2,1,4149,32,31.1,4,4.4,2480,2627,2617,2008-12-27,W - Dan Evensen,2013-12-06,L - Soa Palelei
Bobby Hoffman,1966-10-28,FALSE,FALSE,FALSE,FALSE,FALSE,FALSE,FALSE,NA,United States,male,heavyweight,16,16,3,0,0 KO 0 Sub 0 Dec,2,0 KO 1 Sub 1 Dec,-1,0,1672,34.4,31.3,0,4.3,2345,2627,2444,2000-09-22,L - Maurice Smith,2001-11-02,L - Josh Barnett
Callan Potter,1984-09-06,FALSE,FALSE,FALSE,FALSE,FALSE,FALSE,FALSE,NA,Australia,male,"welterweight, lightweight",16,16,3,1,0 KO 0 Sub 1 Dec,2,2 KO 0 Sub 0 Dec,-1,1,1093,35,27.5,0,8.7,2540,2626,2611,2019-02-09,L - Jalin Turner,2020-02-22,L - Song Kenan
Johnny Bedford,1983-01-06,TRUE,FALSE,FALSE,FALSE,FALSE,FALSE,FALSE,NA,United States,male,bantamweight,16,16,6,2,2 KO 0 Sub 0 Dec,3,1 KO 2 Sub 0 Dec,-2,2,2463,30.6,29.2,0,7.8,2500,2626,2578,2011-12-03,W - Louis Gaudinot,2014-09-13,L - Rani Yahya
Alberto Uda,1984-08-08,FALSE,FALSE,FALSE,FALSE,FALSE,FALSE,FALSE,NA,Brazil,male,middleweight,16,16,2,0,0 KO 0 Sub 0 Dec,2,1 KO 1 Sub 0 Dec,-2,-1,636,31.9,25.3,0,10.5,2485,2626,2568,2016-05-29,L - Jake Collier,2016-08-20,L - Marvin Vettori
Randy Costa,1994-07-06,FALSE,FALSE,FALSE,FALSE,FALSE,FALSE,FALSE,NA,United States,male,bantamweight,16,16,6,2,2 KO 0 Sub 0 Dec,4,2 KO 2 Sub 0 Dec,-3,2,1598,26.5,32.4,1,10.7,2411,2625,2608,2019-04-13,L - Brandon Davis,2022-10-01,L - Guido Cannetti
Andre Winner,1981-11-09,TRUE,FALSE,FALSE,FALSE,FALSE,FALSE,FALSE,NA,"United Kingdom, Grenada, England",male,lightweight,16,16,6,2,1 KO 0 Sub 1 Dec,4,0 KO 1 Sub 3 Dec,-3,2,4019,28.6,28.3,0,6.3,2544,2624,2545,2009-06-20,L - Ross Pearson,2011-07-02,L - Anthony Njokuani
Elvis Mutapcic,1986-07-19,FALSE,FALSE,FALSE,FALSE,FALSE,FALSE,FALSE,NA,"Bosnia and Herzegovina, United States",male,"middleweight, light heavyweight",16,16,3,0,0 KO 0 Sub 0 Dec,2,1 KO 0 Sub 1 Dec,-1,0,2307,29.9,33.1,0,12,2453,2624,2673,2016-01-17,L - Francimar Barroso,2016-12-03,L - Anthony Smith
Cory Hendricks,1988-05-10,TRUE,FALSE,FALSE,FALSE,FALSE,FALSE,FALSE,NA,United States,male,light heavyweight,16,16,1,0,0 KO 0 Sub 0 Dec,1,0 KO 0 Sub 1 Dec,-1,-1,900,28.2,31.6,0,9,2720,2623,2557,2016-07-08,L - Josh Stansbury,2016-07-08,L - Josh Stansbury
Rob Broughton,1983-03-03,FALSE,FALSE,FALSE,FALSE,FALSE,FALSE,FALSE,NA,"United Kingdom, England",male,heavyweight,16,16,3,1,0 KO 1 Sub 0 Dec,2,0 KO 0 Sub 2 Dec,-2,1,2503,28.3,27.3,0,6,2523,2623,2622,2010-10-16,W - Vinicius Queiroz,2011-11-05,L - Phil De Fries
Dileno Lopes,1984-09-26,TRUE,FALSE,FALSE,FALSE,FALSE,FALSE,FALSE,NA,Brazil,male,bantamweight,16,16,2,0,0 KO 0 Sub 0 Dec,2,0 KO 0 Sub 2 Dec,-2,-1,1800,31.3,31.4,0,5.5,2486,2623,2639,2015-08-01,L - Reginaldo Vieira,2016-07-07,L - Anthony Birchak
Kyle Stewart,1989-01-31,FALSE,FALSE,TRUE,FALSE,FALSE,FALSE,FALSE,NA,United States,male,welterweight,16,16,2,0,0 KO 0 Sub 0 Dec,2,0 KO 1 Sub 1 Dec,-2,-1,1045,30.2,31.4,0,12,2623,2622,2588,2019-01-19,L - Chance Rencountre,2019-07-27,L - Erik Koch
Josh Copeland,1982-10-20,FALSE,FALSE,FALSE,FALSE,FALSE,FALSE,FALSE,NA,United States,male,heavyweight,16,16,2,0,0 KO 0 Sub 0 Dec,2,1 KO 0 Sub 1 Dec,-2,-1,1692,32.2,28.3,0,8,2614,2622,2805,2014-11-22,L - Ruslan Magomedov,2015-03-14,L - Jared Rosholt
Paul Kelly,1984-09-12,FALSE,FALSE,FALSE,FALSE,FALSE,FALSE,FALSE,NA,"United Kingdom, England",male,lightweight,16,16,9,5,1 KO 1 Sub 3 Dec,4,1 KO 2 Sub 1 Dec,-1,2,6054,25.1,29,2,8,2561,2622,2556,2008-01-19,W - Paul Taylor,2011-02-05,L - Donald Cerrone
Caol Uno,1975-05-08,FALSE,FALSE,FALSE,FALSE,FALSE,FALSE,FALSE,NA,Japan,male,lightweight,16,16,10,3,1 KO 0 Sub 2 Dec,5,3 KO 0 Sub 2 Dec,-1,2,7438,29.3,27.6,0,5.4,2354,2622,2590,2001-02-23,L - Jens Pulver,2010-03-31,L - Gleison Tibau
Orion Cosce,1994-07-15,FALSE,FALSE,TRUE,FALSE,FALSE,FALSE,FALSE,NA,United States,male,welterweight,16,16,3,1,0 KO 0 Sub 1 Dec,2,2 KO 0 Sub 0 Dec,-1,1,1936,28,30.7,0,10.3,2476,2621,2443,2021-07-31,L - Phil Rowe,2023-05-20,L - Gilbert Urbina
Darren Uyenoyama,1979-10-15,FALSE,FALSE,FALSE,FALSE,TRUE,FALSE,FALSE,NA,United States,male,flyweight,8,16,4,2,0 KO 1 Sub 1 Dec,2,1 KO 0 Sub 1 Dec,-2,2,2908,33.2,30.1,0,8.8,2426,2621,2616,2011-11-12,W - Norifumi Yamamoto,2013-12-14,L - Alp Ozkilic
Isaac Vallie-Flagg,1978-04-08,FALSE,FALSE,FALSE,FALSE,TRUE,FALSE,FALSE,NA,United States,male,lightweight,16,16,4,1,0 KO 0 Sub 1 Dec,3,0 KO 0 Sub 3 Dec,-3,1,3600,35.8,32.6,1,7.5,2407,2621,2739,2013-02-02,W - Yves Edwards,2014-11-22,L - Matt Wiman
Kyle Watson,1979-08-09,TRUE,FALSE,FALSE,FALSE,FALSE,FALSE,FALSE,NA,United States,male,lightweight,16,16,2,1,0 KO 0 Sub 1 Dec,1,1 KO 0 Sub 0 Dec,-1,1,1587,31.5,26.4,0,9.5,2402,2621,2462,2010-12-04,W - Sako Chivitchian,2011-04-30,L - John Makdessi
Montana De La Rosa,1995-02-14,TRUE,FALSE,FALSE,FALSE,FALSE,FALSE,FALSE,NA,United States,female,women's flyweight,5,16,12,6,1 KO 3 Sub 2 Dec,5,0 KO 1 Sub 4 Dec,1,3,8776,25.9,30,1,5.5,2497,2620,2555,2017-12-01,W - Christina Marks,2024-06-08,W - Andrea Lee
Eduardo Garagorri,1989-05-28,FALSE,FALSE,FALSE,FALSE,FALSE,FALSE,FALSE,NA,Uruguay,male,featherweight,16,16,3,1,0 KO 0 Sub 1 Dec,2,0 KO 2 Sub 0 Dec,-2,1,1879,30.7,28.6,0,6,2488,2620,2646,2019-08-10,W - Humberto Bandenay,2020-11-07,L - Darren Elkins
Maki Pitolo,1990-11-24,FALSE,FALSE,TRUE,FALSE,FALSE,FALSE,FALSE,NA,United States,male,middleweight,16,16,6,1,1 KO 0 Sub 0 Dec,5,1 KO 2 Sub 2 Dec,-4,1,3522,29.9,31,0,6,2460,2620,2602,2019-10-05,L - Callan Potter,2021-12-04,L - Dusko Todorovic
Christian Colombo,1980-01-07,FALSE,FALSE,FALSE,FALSE,FALSE,FALSE,FALSE,NA,Denmark,male,heavyweight,16,16,3,0,0 KO 0 Sub 0 Dec,2,0 KO 2 Sub 0 Dec,-2,0,1760,37.1,27.1,0,10.3,2326,2620,2503,2016-09-03,D - Jarjis Danho,2017-10-28,L - Marcelo Golm
Roland Delorme,1983-12-18,TRUE,FALSE,FALSE,FALSE,FALSE,FALSE,FALSE,NA,Canada,male,bantamweight,16,16,7,3,0 KO 2 Sub 1 Dec,3,0 KO 1 Sub 2 Dec,-3,2,3946,29.3,26.5,0,9.1,2319,2620,2497,2011-12-03,W - Josh Ferguson,2014-08-22,L - Ulka Sasaki
Khadis Ibragimov,1995-05-21,FALSE,FALSE,FALSE,FALSE,FALSE,FALSE,FALSE,NA,Russia,male,light heavyweight,16,16,4,0,0 KO 0 Sub 0 Dec,4,1 KO 1 Sub 2 Dec,-4,-1,2775,24.8,32.9,0,7.2,2481,2619,2574,2019-08-31,L - Da Woon Jung,2020-09-26,L - Danilo Marques
Lucie Pudilova,1994-06-13,FALSE,FALSE,FALSE,FALSE,FALSE,FALSE,FALSE,NA,Czech Republic,female,"women's flyweight, women's bantamweight",12,16,11,3,1 KO 0 Sub 2 Dec,8,0 KO 1 Sub 7 Dec,-3,2,9024,26,30.8,2,9.5,2455,2619,2549,2017-03-18,L - Lina Lansberg,2024-07-20,L - Luana Carolina
Juliana Lima,1982-03-15,FALSE,FALSE,FALSE,FALSE,FALSE,FALSE,FALSE,NA,Brazil,female,women's strawweight,11,16,7,3,0 KO 0 Sub 3 Dec,4,0 KO 1 Sub 3 Dec,-2,2,5753,34,27.9,0,9.3,2322,2619,2568,2014-07-26,L - Joanna Jedrzejczyk,2018-01-27,L - Randa Markos
Jonathan Meunier,1987-08-04,FALSE,FALSE,FALSE,FALSE,FALSE,FALSE,FALSE,NA,Canada,male,welterweight,16,16,2,1,0 KO 0 Sub 1 Dec,1,0 KO 1 Sub 0 Dec,1,1,1554,29.1,28.2,0,10.5,2525,2618,2578,2016-06-18,L - Colby Covington,2016-11-26,W - Richard Walsh
Journey Newson,1989-03-07,FALSE,FALSE,FALSE,FALSE,FALSE,FALSE,FALSE,NA,United States,male,bantamweight,16,16,6,1,0 KO 0 Sub 1 Dec,4,1 KO 1 Sub 2 Dec,-2,1,3202,32.3,29.5,0,11,2451,2618,2615,2019-06-29,L - Ricardo Ramos,2023-04-29,L - Marcus McGhee
Mana Martinez,1996-03-25,FALSE,FALSE,TRUE,FALSE,FALSE,FALSE,FALSE,NA,United States,male,bantamweight,16,16,4,2,0 KO 0 Sub 2 Dec,2,0 KO 0 Sub 2 Dec,-1,1,3600,26.2,31.5,0,9.8,2404,2618,2563,2021-08-28,W - Guido Cannetti,2023-03-04,L - Cameron Saaiman
Joe Slick,1977-10-17,FALSE,FALSE,FALSE,FALSE,FALSE,FALSE,FALSE,NA,United States,male,middleweight,16,16,2,1,1 KO 0 Sub 0 Dec,1,1 KO 0 Sub 0 Dec,-1,1,810,22.3,27.3,0,4,2246,2617,2261,1999-11-19,W - Jason DeLucia,2000-04-14,L - Ikuhisa Minowa
Tim Williams,1986-07-03,TRUE,FALSE,FALSE,FALSE,FALSE,FALSE,FALSE,NA,United States,male,middleweight,16,16,2,0,0 KO 0 Sub 0 Dec,2,2 KO 0 Sub 0 Dec,-2,-1,996,31.9,29.7,0,9,2570,2616,2801,2018-02-18,L - Oskar Piechota,2018-08-25,L - Eryk Anders
Chris Clements,1976-02-09,FALSE,FALSE,FALSE,FALSE,FALSE,FALSE,FALSE,NA,Canada,male,welterweight,16,16,5,2,1 KO 0 Sub 1 Dec,2,1 KO 0 Sub 1 Dec,-1,1,3095,37.6,31.8,0,8.6,2430,2616,2479,2012-04-21,W - Keith Wisniewski,2015-04-25,L - Nordine Taleb
Sean Soriano,1989-10-06,FALSE,FALSE,FALSE,FALSE,FALSE,FALSE,FALSE,NA,United States,male,"featherweight, lightweight",16,16,5,0,0 KO 0 Sub 0 Dec,5,0 KO 3 Sub 2 Dec,-5,-1,3392,27.6,30.4,0,8.6,2385,2616,2681,2014-01-04,L - Tatsuya Kawajiri,2021-11-20,L - Shayilan Nuerdanbieke
Konstantin Erokhin,1983-01-02,FALSE,FALSE,FALSE,FALSE,FALSE,FALSE,FALSE,NA,Russia,male,heavyweight,16,16,2,0,0 KO 0 Sub 0 Dec,2,0 KO 0 Sub 2 Dec,-2,-1,1800,32.5,30.5,0,9,2469,2615,2552,2015-01-24,L - Viktor Pesta,2015-12-11,L - Gabriel Gonzaga
Bevon Lewis,1991-05-05,FALSE,FALSE,TRUE,FALSE,FALSE,FALSE,FALSE,NA,United States,male,middleweight,16,16,4,1,0 KO 0 Sub 1 Dec,3,2 KO 0 Sub 1 Dec,-1,1,3178,28.5,31.2,0,8.5,2379,2615,2672,2018-12-29,L - Uriah Hall,2020-11-07,L - Trevin Giles
Anthony Ivy,1990-01-23,FALSE,FALSE,FALSE,FALSE,FALSE,FALSE,FALSE,NA,United States,male,welterweight,16,16,2,0,0 KO 0 Sub 0 Dec,2,1 KO 0 Sub 1 Dec,-2,-1,959,30.5,30,0,10.5,2665,2613,2616,2020-06-13,L - Christian Aguilera,2020-09-12,L - Bryan Barberena
James Llontop,1999-08-02,FALSE,FALSE,TRUE,FALSE,FALSE,FALSE,FALSE,NA,Peru,male,lightweight,16,16,3,0,0 KO 0 Sub 0 Dec,3,0 KO 1 Sub 2 Dec,-3,-1,2073,25,29.9,0,8.3,2547,2613,2692,2024-04-27,L - Chris Padilla,2024-11-16,L - Mauricio Ruffy
Frankie Perez,1989-05-11,FALSE,FALSE,FALSE,FALSE,FALSE,FALSE,FALSE,NA,United States,male,lightweight,16,16,4,1,1 KO 0 Sub 0 Dec,3,1 KO 0 Sub 2 Dec,-2,1,2568,26.9,27.6,1,9.8,2497,2613,2620,2015-01-18,L - Johnny Case,2017-07-22,L - Chris Wade
Cody Pfister,1990-07-12,TRUE,FALSE,FALSE,FALSE,FALSE,FALSE,FALSE,NA,United States,male,lightweight,16,16,4,1,0 KO 0 Sub 1 Dec,3,0 KO 2 Sub 1 Dec,-2,1,2550,25.3,27.5,0,8.5,2379,2613,2580,2015-02-14,L - James Moontasri,2016-07-13,L - Scott Holtzman
Jared Vanderaa,1992-05-12,FALSE,FALSE,TRUE,FALSE,FALSE,FALSE,FALSE,NA,United States,male,heavyweight,16,16,7,1,0 KO 0 Sub 1 Dec,6,3 KO 1 Sub 2 Dec,-5,1,4864,29.6,33.7,1,6.3,2377,2613,2685,2021-02-20,L - Serghei Spivac,2022-10-29,L - Waldo Cortes-Acosta
Niklas Stolze,1992-12-28,FALSE,FALSE,FALSE,FALSE,FALSE,FALSE,FALSE,NA,Germany,male,"lightweight, welterweight",16,16,3,0,0 KO 0 Sub 0 Dec,3,1 KO 1 Sub 1 Dec,-3,-1,1360,28.5,29.1,0,9,2376,2613,2726,2020-07-25,L - Ramazan Emeev,2022-06-04,L - Benoit Saint Denis
Mark Kerr,1968-12-21,FALSE,FALSE,FALSE,TRUE,FALSE,FALSE,FALSE,TRUE,United States,male,heavyweight,-1,16,4,4,2 KO 2 Sub 0 Dec,0,0 KO 0 Sub 0 Dec,4,4,310,28.7,NA,0,5,2190,2613,2205,1997-07-27,W - Moti Horenstein,1997-10-17,W - Dwayne Cason
Thomas Speer,1984-08-20,TRUE,FALSE,FALSE,FALSE,FALSE,TRUE,FALSE,NA,United States,male,welterweight,16,16,2,0,0 KO 0 Sub 0 Dec,2,1 KO 1 Sub 0 Dec,-2,-1,172,23.5,26,0,7,2582,2612,2459,2007-12-08,L - Mac Danzig,2008-04-02,L - Anthony Johnson
KB Bhullar,1991-10-12,FALSE,FALSE,FALSE,FALSE,FALSE,FALSE,FALSE,NA,Canada,male,middleweight,16,16,2,0,0 KO 0 Sub 0 Dec,2,1 KO 0 Sub 1 Dec,-2,-1,1002,29.3,30.9,0,8.5,2522,2612,2710,2020-10-10,L - Tom Breese,2021-05-01,L - Andreas Michailidis
Pablo Garza,1983-09-16,TRUE,FALSE,FALSE,FALSE,FALSE,TRUE,FALSE,NA,United States,male,featherweight,16,16,6,3,1 KO 1 Sub 1 Dec,3,0 KO 2 Sub 1 Dec,-1,2,2721,28.4,28,2,7.5,2520,2612,2589,2010-12-04,W - Fredson Paixao,2013-04-06,L - Diego Brandao
Keith Berish,1985-11-14,FALSE,FALSE,FALSE,FALSE,FALSE,FALSE,FALSE,NA,United States,male,"middleweight, light heavyweight",16,16,2,0,0 KO 0 Sub 0 Dec,1,0 KO 0 Sub 1 Dec,-1,0,1023,29.9,34,0,11,2504,2612,2641,2014-07-06,NC - Robert Drysdale,2016-12-09,L - Ryan Janes
Valmir Lazaro,1985-08-15,FALSE,FALSE,FALSE,FALSE,FALSE,FALSE,FALSE,NA,Brazil,male,lightweight,16,16,3,1,0 KO 0 Sub 1 Dec,2,0 KO 0 Sub 2 Dec,-1,1,2700,29.6,30.2,0,9.3,2501,2612,2707,2014-08-23,L - James Vick,2015-11-21,L - Michel Prazeres
Don Shainis,1991-09-16,FALSE,FALSE,FALSE,FALSE,FALSE,FALSE,FALSE,NA,United States,male,featherweight,16,16,2,0,0 KO 0 Sub 0 Dec,2,0 KO 1 Sub 1 Dec,-2,-1,930,31.2,29.3,0,7,2473,2612,2888,2022-10-01,L - Sodiq Yusuff,2023-02-11,L - Jack Jenkins
Jonavin Webb,1989-04-28,FALSE,FALSE,FALSE,FALSE,FALSE,FALSE,FALSE,NA,United States,male,welterweight,16,16,2,0,0 KO 0 Sub 0 Dec,2,0 KO 0 Sub 2 Dec,-2,-1,1800,26.4,36.4,0,8,2564,2611,2519,2015-05-09,L - Kyle Noke,2016-02-21,L - Nathan Coy
Rosi Sexton,1977-07-16,FALSE,FALSE,FALSE,FALSE,FALSE,FALSE,FALSE,NA,"United Kingdom, England",female,women's bantamweight,10,16,2,0,0 KO 0 Sub 0 Dec,2,0 KO 0 Sub 2 Dec,-2,-1,1800,36.1,25.4,0,6.5,2384,2611,2544,2013-06-15,L - Alexis Davis,2013-10-26,L - Jessica Andrade
Antonio Mendes,1981-04-19,FALSE,FALSE,FALSE,FALSE,FALSE,FALSE,FALSE,NA,Brazil,male,light heavyweight,16,16,2,0,0 KO 0 Sub 0 Dec,2,1 KO 1 Sub 0 Dec,-2,-1,359,27.4,28.4,0,6.5,2168,2611,2607,2008-05-24,L - Thiago Silva,2009-01-17,L - Eric Schafer
Lara Fritzen,1995-11-14,FALSE,FALSE,FALSE,FALSE,FALSE,FALSE,FALSE,NA,Brazil,female,"women's flyweight, women's bantamweight",16,16,3,1,0 KO 0 Sub 1 Dec,2,0 KO 1 Sub 1 Dec,-1,1,2574,24.9,26.4,0,10.7,2538,2610,2563,2019-08-31,L - Karol Rosa,2021-06-19,L - Casey O'Neill
Bruno Santos,1987-07-17,FALSE,FALSE,FALSE,FALSE,FALSE,FALSE,FALSE,NA,Brazil,male,middleweight,16,16,3,1,0 KO 0 Sub 1 Dec,2,0 KO 0 Sub 2 Dec,-1,1,2700,26.9,26.1,0,7,2505,2610,2671,2013-12-06,L - Krzysztof Jotko,2014-10-04,L - Elias Theodorou
Carlo Pedersoli,1993-06-08,FALSE,FALSE,FALSE,FALSE,FALSE,FALSE,FALSE,NA,Italy,male,welterweight,16,16,3,1,0 KO 0 Sub 1 Dec,2,2 KO 0 Sub 0 Dec,-2,1,1238,25.3,31.3,0,6,2382,2610,2760,2018-05-27,W - Brad Scott,2019-02-23,L - Dwight Grant
Ryan Benoit,1989-08-25,FALSE,FALSE,FALSE,FALSE,FALSE,FALSE,FALSE,NA,United States,male,"flyweight, bantamweight",7,16,9,3,2 KO 0 Sub 1 Dec,6,0 KO 2 Sub 4 Dec,-3,1,6378,28,29,1,8.3,2267,2610,2579,2013-11-30,L - Josh Sampo,2021-07-31,L - Zarrukh Adashev
Tiequan Zhang,1978-07-25,FALSE,FALSE,FALSE,FALSE,FALSE,TRUE,FALSE,NA,China,male,"lightweight, featherweight",16,16,4,1,0 KO 1 Sub 0 Dec,3,1 KO 0 Sub 2 Dec,-3,1,2180,33.4,31.2,0,9,2237,2610,2411,2011-02-26,W - Jason Reinhardt,2012-11-10,L - Jon Tuck
Jarjis Danho,1983-10-15,FALSE,FALSE,FALSE,FALSE,FALSE,FALSE,FALSE,NA,"Germany, Syria",male,heavyweight,16,16,3,1,1 KO 0 Sub 0 Dec,1,0 KO 0 Sub 1 Dec,1,1,1773,34.2,34.5,0,9.7,2609,2609,2552,2016-02-27,L - Daniel Omielanczuk,2021-04-10,W - Yorgan De Castro
Guido Cannetti,1979-12-19,TRUE,FALSE,FALSE,FALSE,FALSE,FALSE,FALSE,NA,Argentina,male,bantamweight,16,16,10,4,1 KO 1 Sub 2 Dec,6,1 KO 4 Sub 1 Dec,-1,2,4358,39.6,29.3,2,9.2,2578,2609,2573,2014-11-15,L - Henry Briones,2023-03-11,L - Mario Bautista
Dan Moret,1986-11-21,FALSE,FALSE,FALSE,FALSE,FALSE,FALSE,FALSE,NA,United States,male,lightweight,16,16,3,0,0 KO 0 Sub 0 Dec,3,1 KO 0 Sub 2 Dec,-3,-1,2159,32.1,31,0,10.3,2491,2609,2644,2018-04-14,L - Gilbert Burns,2019-06-29,L - Jared Gordon
Marvin Eastman,1971-06-08,FALSE,FALSE,FALSE,FALSE,FALSE,FALSE,FALSE,NA,United States,male,"middleweight, light heavyweight",16,16,5,1,0 KO 0 Sub 1 Dec,4,4 KO 0 Sub 0 Dec,-1,1,1907,34.9,28.7,0,5.4,2378,2609,2545,2003-06-06,L - Vitor Belfort,2008-06-21,L - Drew McFedries
Alen Amedovski,1988-04-06,FALSE,FALSE,FALSE,FALSE,FALSE,FALSE,FALSE,NA,"Italy, North Macedonia",male,middleweight,16,16,4,0,0 KO 0 Sub 0 Dec,4,2 KO 1 Sub 1 Dec,-4,-1,1216,32.8,29.2,0,5.5,2345,2609,2612,2019-04-20,L - Krzysztof Jotko,2022-09-17,L - Joe Pyfer
Gasan Umalatov,1982-11-03,FALSE,FALSE,FALSE,FALSE,FALSE,FALSE,FALSE,NA,Russia,male,welterweight,16,16,4,1,0 KO 0 Sub 1 Dec,3,0 KO 0 Sub 3 Dec,-2,1,3600,31.9,29.6,0,9.8,2639,2608,2603,2014-02-01,L - Neil Magny,2015-11-07,L - Viscardi Andrade
Ansar Chalangov,1979-10-30,FALSE,FALSE,FALSE,FALSE,FALSE,FALSE,FALSE,NA,Russia,male,welterweight,16,16,2,0,0 KO 0 Sub 0 Dec,2,1 KO 1 Sub 0 Dec,-2,-1,354,26.2,25.2,0,7.5,2644,2607,2509,2005-11-19,L - Thiago Alves,2006-04-06,L - Josh Koscheck
Gabriel Miranda,1990-03-25,FALSE,FALSE,FALSE,FALSE,FALSE,FALSE,FALSE,NA,Brazil,male,"featherweight, lightweight",16,16,4,1,0 KO 1 Sub 0 Dec,3,3 KO 0 Sub 0 Dec,-2,1,948,33.9,30.4,0,9.2,2494,2607,2692,2022-09-03,L - Benoit Saint Denis,2025-03-29,L - Jamall Emmers
Mara Borella,1986-06-03,FALSE,FALSE,FALSE,FALSE,FALSE,FALSE,FALSE,NA,Italy,female,women's flyweight,8,16,7,2,0 KO 1 Sub 1 Dec,5,1 KO 2 Sub 2 Dec,-4,1,3945,33,29.9,0,7.3,2269,2606,2558,2017-10-07,W - Kalindra Faria,2020-09-19,L - Mayra Bueno Silva
Caros Fodor,1984-01-07,FALSE,FALSE,FALSE,FALSE,TRUE,FALSE,FALSE,NA,United States,male,lightweight,16,16,1,0,0 KO 0 Sub 0 Dec,1,0 KO 0 Sub 1 Dec,-1,-1,900,29.1,28.8,0,9,2531,2605,2540,2013-02-23,L - Sam Stout,2013-02-23,L - Sam Stout
Aaron Rosa,1983-05-28,FALSE,FALSE,FALSE,FALSE,TRUE,FALSE,FALSE,NA,United States,male,"light heavyweight, heavyweight",16,16,3,1,0 KO 0 Sub 1 Dec,2,2 KO 0 Sub 0 Dec,-1,1,1714,28.4,32.6,0,8.7,2400,2605,2542,2011-06-11,L - Joey Beltran,2012-03-02,L - James Te Huna
Mark Striegl,1988-06-23,FALSE,FALSE,FALSE,FALSE,FALSE,FALSE,FALSE,NA,Philippines,male,"featherweight, bantamweight",16,16,2,0,0 KO 0 Sub 0 Dec,2,2 KO 0 Sub 0 Dec,-2,-1,472,33,32.7,0,9.5,2392,2604,2863,2020-10-17,L - Said Nurmagomedov,2022-02-19,L - Chas Skelly
Jinh Yu Frey,1985-05-20,FALSE,FALSE,FALSE,FALSE,FALSE,FALSE,FALSE,NA,"South Korea, United States",female,women's strawweight,16,16,8,2,0 KO 0 Sub 2 Dec,6,1 KO 1 Sub 4 Dec,-4,2,6193,36.7,28.1,0,10.1,2288,2604,2483,2020-06-27,L - Kay Hansen,2023-10-21,L - Viktoriia Dudakova
Matt Veach,1981-05-31,FALSE,FALSE,FALSE,FALSE,FALSE,FALSE,FALSE,NA,United States,male,lightweight,16,16,3,1,1 KO 0 Sub 0 Dec,2,0 KO 2 Sub 0 Dec,-2,1,1237,28.4,27.1,1,6.7,2460,2603,2623,2009-02-07,W - Matt Grice,2010-04-10,L - Paul Kelly
Jessica-Rose Clark,1987-11-28,FALSE,FALSE,FALSE,FALSE,FALSE,FALSE,FALSE,NA,Australia,female,women's bantamweight,7,16,9,4,1 KO 0 Sub 3 Dec,5,0 KO 3 Sub 2 Dec,-3,2,6487,32.6,29.2,0,6.9,2263,2603,2463,2017-11-18,W - Bec Rawlings,2023-05-13,L - Tainara Lisboa
Mike Breeden,1989-04-21,FALSE,FALSE,TRUE,FALSE,FALSE,FALSE,FALSE,NA,"Cambodia, United States",male,lightweight,16,16,4,1,1 KO 0 Sub 0 Dec,3,2 KO 0 Sub 1 Dec,1,1,1845,33.6,29.3,0,8.2,2592,2602,2682,2021-10-02,L - Alexander Hernandez,2023-10-21,W - Anshul Jubli
Leonard Garcia,1979-07-14,FALSE,FALSE,FALSE,FALSE,FALSE,TRUE,FALSE,NA,United States,male,featherweight,16,16,9,2,0 KO 1 Sub 1 Dec,7,0 KO 1 Sub 6 Dec,-5,1,7161,31,26.4,3,6.6,2381,2602,2485,2007-04-07,L - Roger Huerta,2013-04-27,L - Cody McKenzie
Milton Vieira,1978-10-04,FALSE,FALSE,FALSE,TRUE,TRUE,FALSE,FALSE,NA,Brazil,male,featherweight,16,16,2,0,0 KO 0 Sub 0 Dec,1,0 KO 0 Sub 1 Dec,-1,0,1800,34,25,0,8,2538,2601,2524,2012-06-23,D - Felipe Arantes,2013-01-19,L - Godofredo Pepey
Felipe dos Santos,2000-09-11,FALSE,FALSE,FALSE,FALSE,FALSE,FALSE,FALSE,NA,Brazil,male,flyweight,16,16,4,1,0 KO 0 Sub 1 Dec,3,0 KO 0 Sub 3 Dec,-2,1,3600,23.7,28.6,1,7.5,2506,2601,2767,2023-09-09,L - Manel Kape,2025-03-22,L - Lone'er Kavanagh
Brian Foster,1984-04-03,FALSE,FALSE,FALSE,FALSE,FALSE,FALSE,FALSE,NA,United States,male,welterweight,16,16,5,3,2 KO 1 Sub 0 Dec,2,0 KO 2 Sub 0 Dec,2,2,1473,26,31.5,2,8.2,2754,2600,2585,2009-09-19,L - Rick Story,2010-11-20,W - Matt Brown
Murilo Bustamante,1966-07-30,FALSE,FALSE,FALSE,TRUE,FALSE,FALSE,FALSE,NA,Brazil,male,"middleweight, light heavyweight",-1,16,4,3,1 KO 2 Sub 0 Dec,1,0 KO 0 Sub 1 Dec,2,2,2268,35,31.1,0,2.5,2578,2600,2546,2000-04-14,W - Yoji Anjo,2002-05-10,W - Matt Lindland
Daniel Teymur,1988-02-03,FALSE,FALSE,FALSE,FALSE,FALSE,FALSE,FALSE,NA,Sweden,male,featherweight,16,16,5,1,0 KO 0 Sub 1 Dec,4,1 KO 2 Sub 1 Dec,-1,1,3219,30.8,26.3,1,7.6,2522,2600,2712,2017-07-16,L - Danny Henry,2019-12-14,L - Chase Hooper
Caio Machado,1994-07-20,FALSE,FALSE,TRUE,FALSE,FALSE,FALSE,FALSE,NA,Brazil,male,"light heavyweight, heavyweight",16,16,3,0,0 KO 0 Sub 0 Dec,3,0 KO 0 Sub 3 Dec,-3,-1,2700,29.8,29.5,0,7.3,2506,2600,2587,2023-11-18,L - Mick Parkin,2024-11-02,L - Brendson Ribeiro
Chad Griggs,1978-05-15,FALSE,FALSE,FALSE,FALSE,TRUE,FALSE,FALSE,NA,United States,male,"light heavyweight, heavyweight",16,16,2,0,0 KO 0 Sub 0 Dec,2,0 KO 2 Sub 0 Dec,-2,-1,293,34.2,34.4,0,7,2500,2600,2723,2012-04-21,L - Travis Browne,2012-11-17,L - Cyrille Diabate
Jordan Williams,1990-10-13,FALSE,FALSE,TRUE,FALSE,FALSE,FALSE,FALSE,NA,United States,male,"welterweight, middleweight",16,16,3,0,0 KO 0 Sub 0 Dec,3,1 KO 1 Sub 1 Dec,-3,-1,1376,30.6,26,0,8.7,2470,2599,2697,2020-10-03,L - Nassourdine Imavov,2021-11-06,L - Ian Machado Garry
Edgar Garcia,1984-02-22,FALSE,FALSE,FALSE,FALSE,FALSE,TRUE,FALSE,NA,United States,male,welterweight,16,16,4,0,0 KO 0 Sub 0 Dec,4,1 KO 2 Sub 1 Dec,-4,-1,1553,28.4,29.5,0,8.5,2308,2599,2520,2009-06-20,L - Brad Blackburn,2016-01-02,L - Sheldon Westcott
Masanori Kanehara,1982-11-19,FALSE,FALSE,FALSE,FALSE,FALSE,FALSE,FALSE,NA,Japan,male,bantamweight,15,16,3,1,0 KO 0 Sub 1 Dec,2,0 KO 1 Sub 1 Dec,-2,1,2229,32.5,27.4,0,7.3,2604,2598,2742,2014-09-20,W - Alex Caceres,2016-01-02,L - Michael McDonald
Robelis Despaigne,1988-09-09,FALSE,FALSE,FALSE,FALSE,FALSE,FALSE,FALSE,NA,Cuba,male,heavyweight,16,16,3,1,1 KO 0 Sub 0 Dec,2,0 KO 0 Sub 2 Dec,-2,1,1818,35.8,34.7,1,9.7,2442,2598,2590,2024-03-09,W - Josh Parisian,2024-10-19,L - Austen Lane
Aaron Riley,1980-12-09,FALSE,FALSE,FALSE,TRUE,FALSE,FALSE,FALSE,NA,United States,male,lightweight,16,16,9,3,0 KO 0 Sub 3 Dec,6,4 KO 0 Sub 2 Dec,-2,1,5722,28.1,26.8,1,7.3,2551,2597,2593,2002-05-10,L - Robbie Lawler,2013-07-27,L - Justin Salas
Matt Hobar,1987-01-07,FALSE,FALSE,FALSE,FALSE,FALSE,FALSE,FALSE,NA,United States,male,bantamweight,16,16,3,1,0 KO 0 Sub 1 Dec,2,1 KO 0 Sub 1 Dec,-1,1,1967,27.6,24.7,1,10.3,2528,2597,2596,2014-05-31,L - Pedro Munhoz,2014-12-06,L - Sergio Pettis
Paige VanZant,1994-03-26,FALSE,FALSE,FALSE,FALSE,FALSE,FALSE,FALSE,NA,United States,female,women's flyweight,6,16,9,5,2 KO 2 Sub 1 Dec,4,0 KO 3 Sub 1 Dec,-1,3,5649,22.8,28.7,2,4.1,2404,2597,2477,2014-11-22,W - Kailin Curran,2020-07-11,L - Amanda Ribas
Don Frye,1965-11-23,FALSE,FALSE,FALSE,TRUE,FALSE,FALSE,FALSE,TRUE,United States,male,openweight,-1,16,10,9,4 KO 5 Sub 0 Dec,1,1 KO 0 Sub 0 Dec,3,6,3125,30.6,NA,0,3.4,2193,2596,2232,1996-02-16,W - Thomas Ramirez,1996-12-07,W - Tank Abbott
AJ Dobson,1992-01-18,FALSE,FALSE,TRUE,FALSE,FALSE,FALSE,FALSE,NA,"Jamaica, United States",male,middleweight,16,16,4,1,0 KO 0 Sub 1 Dec,3,1 KO 0 Sub 2 Dec,-1,1,2983,31.1,28.4,0,7.2,2529,2595,2634,2022-02-12,L - Jacob Malkoun,2024-03-23,L - Edmen Shahbazyan
Yorgan De Castro,1987-12-19,FALSE,FALSE,TRUE,FALSE,FALSE,FALSE,FALSE,NA,Cape Verde,male,heavyweight,16,16,4,1,1 KO 0 Sub 0 Dec,3,1 KO 0 Sub 2 Dec,-3,1,2112,32.6,30.2,1,5.2,2473,2595,2520,2019-10-05,W - Justin Tafa,2021-04-10,L - Jarjis Danho
Kwan Ho Kwak,1989-06-18,FALSE,FALSE,FALSE,FALSE,FALSE,FALSE,FALSE,NA,South Korea,male,bantamweight,16,16,2,0,0 KO 0 Sub 0 Dec,2,1 KO 0 Sub 1 Dec,-2,-1,1149,27.7,27.8,0,11,2451,2595,2575,2016-11-19,L - Brett Johns,2017-06-17,L - Russell Doane
Joseph Holmes,1995-07-04,FALSE,FALSE,TRUE,FALSE,FALSE,FALSE,FALSE,NA,United States,male,middleweight,16,16,4,1,0 KO 1 Sub 0 Dec,3,1 KO 1 Sub 1 Dec,-2,1,1949,27.1,32.5,0,8.2,2445,2595,2589,2022-01-15,L - Jamie Pickett,2023-05-06,L - Claudio Ribeiro
Alp Ozkilic,1986-03-27,FALSE,FALSE,FALSE,FALSE,FALSE,FALSE,FALSE,NA,"Turkey, United States",male,flyweight,16,16,4,1,0 KO 0 Sub 1 Dec,3,2 KO 0 Sub 1 Dec,-3,1,2990,28.2,26.9,1,9.5,2329,2595,2592,2013-12-14,W - Darren Uyenoyama,2015-05-09,L - Ben Nguyen
Seo Hee Ham,1987-03-08,FALSE,FALSE,FALSE,FALSE,FALSE,FALSE,FALSE,NA,South Korea,female,women's strawweight,13,16,4,1,0 KO 0 Sub 1 Dec,3,0 KO 0 Sub 3 Dec,-2,1,3600,28.8,27.9,1,7,2906,2594,2421,2014-12-12,L - Joanne Wood,2016-11-26,L - Danielle Taylor
Bruno Souza,1996-03-07,FALSE,FALSE,FALSE,FALSE,FALSE,FALSE,FALSE,NA,Brazil,male,featherweight,16,16,2,0,0 KO 0 Sub 0 Dec,2,0 KO 0 Sub 2 Dec,-2,-1,1800,25.9,30.5,0,12.5,2490,2594,2636,2021-11-06,L - Melsik Baghdasaryan,2022-03-26,L - Luis Saldana
Danielle Taylor,1989-10-25,FALSE,FALSE,FALSE,FALSE,FALSE,FALSE,FALSE,NA,United States,female,women's strawweight,16,16,5,2,0 KO 0 Sub 2 Dec,3,0 KO 0 Sub 3 Dec,-2,2,4500,27.7,28.6,0,8.6,2225,2594,2550,2016-08-06,L - Maryna Moroz,2018-08-04,L - Zhang Weili
Baergeng Jieleyisi,1995-11-24,FALSE,TRUE,FALSE,FALSE,FALSE,FALSE,FALSE,NA,China,male,bantamweight,16,16,1,0,0 KO 0 Sub 0 Dec,1,0 KO 0 Sub 1 Dec,-1,-1,900,29,29,0,7,2593,2593,2628,2024-11-23,L - SuYoung You,2024-11-23,L - SuYoung You
Nathan Coy,1978-07-24,TRUE,FALSE,FALSE,FALSE,TRUE,FALSE,FALSE,NA,United States,male,welterweight,16,16,3,1,0 KO 0 Sub 1 Dec,2,0 KO 2 Sub 0 Dec,-1,1,1327,37.9,29.3,0,10.7,2554,2593,2715,2015-12-10,L - Danny Roberts,2017-04-15,L - Zak Cummings
Kevin Croom,1987-07-15,FALSE,FALSE,FALSE,FALSE,FALSE,FALSE,FALSE,NA,United States,male,"bantamweight, featherweight",16,16,4,0,0 KO 0 Sub 0 Dec,3,1 KO 0 Sub 2 Dec,-3,0,1878,34,31.3,0,9,2437,2593,2749,2020-09-12,NC - Roosevelt Roberts,2022-04-16,L - Alatengheili
Thomas Gifford,1992-07-26,FALSE,FALSE,FALSE,FALSE,FALSE,FALSE,FALSE,NA,United States,male,lightweight,16,16,2,0,0 KO 0 Sub 0 Dec,2,1 KO 0 Sub 1 Dec,-2,-1,1785,27,26.1,0,7,2302,2593,2629,2019-04-27,L - Roosevelt Roberts,2019-10-12,L - Mike Davis
Scott Smith,1979-05-21,TRUE,FALSE,FALSE,FALSE,TRUE,TRUE,FALSE,NA,United States,male,middleweight,16,16,4,1,1 KO 0 Sub 0 Dec,3,0 KO 2 Sub 1 Dec,-2,1,2038,27.5,26.5,1,5.8,2303,2592,2546,2006-04-15,L - David Terrell,2007-06-16,L - Ed Herman
Cody McKenzie,1987-12-16,TRUE,FALSE,FALSE,FALSE,FALSE,FALSE,FALSE,NA,United States,male,"lightweight, featherweight",16,16,7,3,0 KO 2 Sub 1 Dec,4,1 KO 2 Sub 1 Dec,-1,1,3241,24.3,29.7,2,7,2300,2592,2533,2010-12-04,W - Aaron Wilkinson,2013-12-14,L - Sam Stout
Antonio Arroyo,1989-07-01,FALSE,FALSE,TRUE,FALSE,FALSE,FALSE,FALSE,NA,Brazil,male,middleweight,16,16,3,0,0 KO 0 Sub 0 Dec,3,1 KO 0 Sub 2 Dec,-3,-1,2546,31.4,29.6,0,6,2447,2591,2678,2019-11-16,L - Andre Muniz,2021-09-18,L - Joaquin Buckley
Diego Rivas,1991-11-11,TRUE,FALSE,FALSE,FALSE,FALSE,FALSE,FALSE,NA,Chile,male,"bantamweight, featherweight",16,16,4,2,1 KO 0 Sub 1 Dec,2,0 KO 0 Sub 2 Dec,-2,2,3023,24.9,31.2,1,7.5,2369,2591,2489,2014-11-08,W - Rodolfo Rubio,2018-05-19,L - Guido Cannetti
Shonie Carter,1972-05-03,TRUE,FALSE,FALSE,FALSE,FALSE,TRUE,FALSE,NA,United States,male,"welterweight, middleweight",16,16,6,3,1 KO 0 Sub 2 Dec,3,2 KO 0 Sub 1 Dec,-3,3,3610,30.3,NA,0,5.5,2092,2590,2414,2000-03-10,W - Brad Gumm,2006-12-13,L - Marcus Davis
Allen Crowder,1989-11-08,FALSE,FALSE,TRUE,FALSE,FALSE,FALSE,FALSE,NA,United States,male,heavyweight,16,16,3,1,0 KO 0 Sub 0 Dec,2,2 KO 0 Sub 0 Dec,-1,1,610,29,30.7,0,8,2493,2589,2590,2017-12-02,L - Justin Willis,2019-06-22,L - Jairzinho Rozenstruik
Jesse Bongfeldt,1980-08-28,FALSE,FALSE,FALSE,FALSE,FALSE,FALSE,FALSE,NA,Canada,male,middleweight,16,16,2,0,0 KO 0 Sub 0 Dec,1,0 KO 1 Sub 0 Dec,-1,0,1194,30.5,27.5,0,7.5,2566,2588,2522,2010-12-11,D - Rafael Natal,2011-06-11,L - Chris Weidman
Julija Stoliarenko,1993-04-08,TRUE,FALSE,FALSE,FALSE,FALSE,FALSE,FALSE,NA,Lithuania,female,"women's flyweight, women's bantamweight",16,16,9,2,0 KO 2 Sub 0 Dec,7,2 KO 1 Sub 4 Dec,-2,1,5763,29.1,32.2,1,9,2435,2588,2574,2018-11-30,L - Leah Letson,2025-08-09,L - Gabriella Fernandes
Ali AlQaisi,1990-09-23,FALSE,FALSE,FALSE,FALSE,FALSE,FALSE,FALSE,NA,Jordan,male,bantamweight,16,16,2,0,0 KO 0 Sub 0 Dec,2,0 KO 0 Sub 2 Dec,-2,-1,1800,30,32.6,0,11,2373,2588,2467,2020-08-08,L - Irwin Rivera,2020-10-10,L - Tony Kelley
Buddy Roberts,1982-10-17,FALSE,FALSE,FALSE,FALSE,FALSE,FALSE,FALSE,NA,United States,male,middleweight,16,16,2,1,0 KO 0 Sub 1 Dec,1,1 KO 0 Sub 0 Dec,-1,1,1385,29.7,27.8,0,7,2550,2587,2683,2012-06-08,W - Caio Magalhaes,2012-08-11,L - Yushin Okami
Quinn Mulhern,1984-09-20,FALSE,FALSE,FALSE,FALSE,TRUE,FALSE,FALSE,NA,United States,male,"lightweight, welterweight",16,16,2,0,0 KO 0 Sub 0 Dec,2,1 KO 0 Sub 1 Dec,-2,-1,1085,28.9,30.4,0,8,2416,2587,2483,2013-03-16,L - Rick Story,2014-01-04,L - Katsunori Kikuno
Carlos Huachin,1996-06-06,FALSE,FALSE,FALSE,FALSE,FALSE,FALSE,FALSE,NA,Peru,male,bantamweight,16,16,2,0,0 KO 0 Sub 0 Dec,2,1 KO 0 Sub 1 Dec,-2,-1,1489,23.1,30.6,0,8.5,2322,2587,2841,2019-05-11,L - Raoni Barcelos,2019-09-21,L - Jose Alberto Quinonez
Pawel Pawlak,1989-02-08,FALSE,FALSE,FALSE,FALSE,FALSE,FALSE,FALSE,NA,Poland,male,welterweight,16,16,3,1,0 KO 0 Sub 1 Dec,2,0 KO 0 Sub 2 Dec,-1,1,2700,26,27.3,0,5.3,3128,2586,2540,2014-05-30,L - Peter Sobotta,2015-07-18,L - Leon Edwards
Pat Walsh,1988-11-28,TRUE,FALSE,FALSE,FALSE,FALSE,FALSE,FALSE,NA,United States,male,light heavyweight,16,16,2,1,0 KO 0 Sub 1 Dec,1,0 KO 0 Sub 1 Dec,-1,1,1800,25.9,33.5,0,6.5,2658,2586,2548,2014-07-06,W - Dan Spohn,2015-02-14,L - Daniel Kelly
Shane Nelson,1984-11-29,TRUE,FALSE,FALSE,FALSE,FALSE,FALSE,FALSE,NA,United States,male,lightweight,16,16,4,2,1 KO 0 Sub 1 Dec,2,0 KO 0 Sub 2 Dec,-2,2,2744,24.5,27.6,0,7.2,2417,2585,2453,2008-12-13,W - George Roop,2009-12-12,L - Matt Wiman
Bubba McDaniel,1983-05-03,TRUE,FALSE,FALSE,FALSE,FALSE,FALSE,FALSE,NA,United States,male,middleweight,16,16,3,1,0 KO 1 Sub 0 Dec,2,0 KO 1 Sub 1 Dec,-2,1,1942,30.4,26.7,0,7.7,2608,2584,2633,2013-04-13,W - Gilbert Smith,2014-03-15,L - Sean Strickland
Carmelo Marrero,1981-01-26,FALSE,FALSE,FALSE,FALSE,FALSE,TRUE,FALSE,NA,United States,male,"light heavyweight, heavyweight",16,16,4,1,0 KO 0 Sub 1 Dec,3,0 KO 2 Sub 1 Dec,-3,1,2188,26.5,28.4,0,5.5,2491,2584,2612,2006-10-14,W - Cheick Kongo,2009-04-01,L - Ryan Bader
Mats Nilsson,1983-12-05,FALSE,FALSE,FALSE,FALSE,FALSE,FALSE,FALSE,NA,Sweden,male,"welterweight, middleweight",16,16,2,0,0 KO 0 Sub 0 Dec,2,1 KO 0 Sub 1 Dec,-2,-1,1164,30.7,26.6,0,8,2482,2584,2657,2014-03-08,L - Luke Barnatt,2015-01-03,L - Omari Akhmedov
Marcelo Guimaraes,1983-06-25,FALSE,FALSE,FALSE,FALSE,FALSE,FALSE,FALSE,NA,Brazil,male,"middleweight, welterweight",16,16,4,2,0 KO 0 Sub 2 Dec,2,2 KO 0 Sub 0 Dec,-1,1,2709,30.6,29.9,0,9.5,2469,2584,2551,2012-07-11,W - Dan Stittgen,2016-03-05,L - Vitor Miranda
Vinicius Moreira,1989-02-28,FALSE,FALSE,TRUE,FALSE,FALSE,FALSE,FALSE,NA,Brazil,male,light heavyweight,16,16,4,0,0 KO 0 Sub 0 Dec,4,3 KO 1 Sub 0 Dec,-4,-1,852,30.7,33,0,7.5,2316,2584,2604,2019-01-19,L - Alonzo Menifield,2021-01-20,L - Ike Villanueva
Joey Gomez,1986-07-21,FALSE,FALSE,TRUE,FALSE,FALSE,FALSE,FALSE,NA,United States,male,bantamweight,16,16,2,0,0 KO 0 Sub 0 Dec,2,1 KO 0 Sub 1 Dec,-2,-1,1453,29.8,27.4,0,11,2308,2584,2681,2016-01-17,L - Rob Font,2016-09-17,L - Jose Alberto Quinonez
Simeon Thoresen,1984-03-14,FALSE,FALSE,FALSE,FALSE,FALSE,FALSE,FALSE,NA,Norway,male,welterweight,16,16,3,1,0 KO 1 Sub 0 Dec,2,1 KO 0 Sub 1 Dec,-2,1,1606,28.5,30.4,0,10.7,2272,2584,2587,2012-04-14,W - Besam Yousef,2013-01-26,L - David Mitchell
Noad Lahat,1984-06-08,FALSE,FALSE,FALSE,FALSE,FALSE,FALSE,FALSE,NA,Israel,male,featherweight,16,16,4,2,0 KO 0 Sub 2 Dec,2,2 KO 0 Sub 0 Dec,-1,2,2282,30.7,26.1,0,10.2,2541,2583,2541,2014-03-23,L - Godofredo Pepey,2016-02-06,L - Diego Rivas
Sheldon Westcott,1984-08-20,TRUE,FALSE,FALSE,FALSE,FALSE,FALSE,FALSE,NA,Canada,male,"welterweight, middleweight",16,16,3,1,1 KO 0 Sub 0 Dec,2,1 KO 0 Sub 1 Dec,1,1,1673,30.6,28,0,6,2531,2583,2509,2014-04-16,L - Elias Theodorou,2016-01-02,W - Edgar Garcia
Ian Loveland,1983-09-07,FALSE,FALSE,FALSE,FALSE,FALSE,FALSE,FALSE,NA,United States,male,"bantamweight, featherweight",16,16,3,1,0 KO 0 Sub 1 Dec,2,0 KO 0 Sub 2 Dec,-2,1,2700,27.6,28.9,0,9.7,2611,2582,2587,2010-12-04,W - Tyler Toner,2011-08-27,L - Yves Jabouin
Brad Imes,1977-03-13,TRUE,FALSE,FALSE,FALSE,FALSE,TRUE,FALSE,NA,United States,male,heavyweight,16,16,3,0,0 KO 0 Sub 0 Dec,3,0 KO 1 Sub 2 Dec,-3,-1,2617,29.3,29.7,1,5,2400,2582,2627,2005-11-05,L - Rashad Evans,2007-04-07,L - Heath Herring
Frank Camacho,1989-05-18,TRUE,FALSE,FALSE,FALSE,FALSE,FALSE,FALSE,NA,"Guam, United States",male,lightweight,16,16,8,2,1 KO 0 Sub 1 Dec,6,3 KO 1 Sub 2 Dec,-3,1,4049,29.9,30.4,3,7.2,2448,2581,2707,2017-06-17,L - Li Jingliang,2022-05-14,L - Manuel Torres
Ryan Jensen,1977-09-20,FALSE,FALSE,FALSE,FALSE,TRUE,FALSE,FALSE,NA,United States,male,middleweight,16,16,8,2,0 KO 2 Sub 0 Dec,6,0 KO 6 Sub 0 Dec,-2,1,2041,31.8,29.2,1,8.2,2708,2580,2495,2007-08-25,L - Thales Leites,2011-04-30,L - Jason MacDonald
Enrique Marin,1986-09-02,TRUE,FALSE,FALSE,FALSE,FALSE,FALSE,FALSE,NA,Spain,male,"lightweight, welterweight",16,16,2,0,0 KO 0 Sub 0 Dec,2,0 KO 0 Sub 2 Dec,-2,-1,1800,29.5,25.2,0,6.5,2453,2580,2596,2015-11-21,L - Erick Montano,2016-07-09,L - Sage Northcutt
Irwin Rivera,1989-02-14,FALSE,FALSE,FALSE,FALSE,FALSE,FALSE,FALSE,NA,Mexico,male,"bantamweight, featherweight",16,16,3,1,0 KO 0 Sub 1 Dec,2,0 KO 0 Sub 2 Dec,-1,1,2700,31.4,31.4,0,11,2633,2579,2655,2020-05-16,L - Giga Chikadze,2020-09-19,L - Andre Ewell
John Gunther,1985-11-24,TRUE,FALSE,FALSE,FALSE,FALSE,FALSE,FALSE,NA,United States,male,lightweight,16,16,2,1,0 KO 0 Sub 1 Dec,1,0 KO 1 Sub 0 Dec,-1,1,1017,32.8,29.1,0,9,2538,2579,2724,2018-07-06,W - Allan Zuniga,2018-11-10,L - Davi Ramos
Michel Quinones,1984-12-22,FALSE,FALSE,FALSE,FALSE,FALSE,FALSE,FALSE,NA,United States,male,lightweight,16,16,2,0,0 KO 0 Sub 0 Dec,2,1 KO 0 Sub 1 Dec,-2,-1,1464,32.7,25.2,0,10,2463,2579,2644,2017-06-25,L - Jared Gordon,2017-11-11,L - Sage Northcutt
Willie Gates,1987-01-21,FALSE,FALSE,FALSE,FALSE,FALSE,FALSE,FALSE,NA,United States,male,flyweight,16,16,4,1,1 KO 0 Sub 0 Dec,3,1 KO 2 Sub 0 Dec,-2,1,2230,28.6,27.9,0,9.8,2126,2579,2573,2014-12-13,L - John Moraga,2016-05-08,L - Ulka Sasaki
Leonardo Mafra,1989-04-25,TRUE,FALSE,FALSE,FALSE,FALSE,FALSE,FALSE,NA,Brazil,male,"lightweight, welterweight",16,16,4,1,0 KO 0 Sub 1 Dec,3,2 KO 1 Sub 0 Dec,-1,1,2123,25.1,27.3,0,7,2506,2578,2645,2012-06-23,L - Thiago Perpetuo,2015-07-18,L - Stevie Ray
Cameron VanCamp,1993-04-27,FALSE,FALSE,FALSE,FALSE,FALSE,FALSE,FALSE,NA,United States,male,"lightweight, welterweight",16,16,2,0,0 KO 0 Sub 0 Dec,2,2 KO 0 Sub 0 Dec,-2,-1,384,29.2,28.8,0,11.5,2505,2578,2744,2022-05-07,L - Andre Fialho,2022-09-17,L - Nikolas Motta
Bethe Correia,1983-06-22,FALSE,FALSE,FALSE,FALSE,FALSE,FALSE,FALSE,NA,Brazil,female,women's bantamweight,5,16,12,5,1 KO 0 Sub 4 Dec,6,2 KO 1 Sub 3 Dec,-2,3,9123,33.8,31.4,0,6.1,2419,2578,2565,2013-12-06,W - Julie Kedzie,2021-10-02,L - Karol Rosa
Hector Urbina,1987-09-17,TRUE,FALSE,FALSE,FALSE,FALSE,FALSE,FALSE,NA,United States,male,welterweight,16,16,3,1,0 KO 1 Sub 0 Dec,2,1 KO 0 Sub 1 Dec,-2,1,1178,28.1,28.4,0,8.3,2343,2578,2585,2014-11-15,W - Edgar Garcia,2016-09-24,L - Vicente Luque
Jessica Penne,1983-01-30,TRUE,FALSE,FALSE,FALSE,FALSE,FALSE,FALSE,NA,United States,female,women's strawweight,3,16,9,3,0 KO 1 Sub 2 Dec,6,2 KO 1 Sub 3 Dec,-3,2,6544,36.6,29,3,8.1,2337,2578,2575,2014-12-12,W - Randa Markos,2024-10-19,L - Elise Reed
Ian Entwistle,1986-11-19,FALSE,FALSE,FALSE,FALSE,FALSE,FALSE,FALSE,NA,"United Kingdom, England",male,"bantamweight, featherweight",16,16,3,1,0 KO 1 Sub 0 Dec,2,1 KO 1 Sub 0 Dec,-1,1,522,28.4,26.5,1,9.7,2335,2578,2580,2014-06-27,L - Dan Hooker,2016-04-10,L - Alejandro Perez
Chris Cope,1983-03-05,TRUE,FALSE,FALSE,FALSE,TRUE,FALSE,FALSE,NA,United States,male,welterweight,16,16,3,1,0 KO 0 Sub 1 Dec,2,2 KO 0 Sub 0 Dec,-2,1,1319,28.6,28.6,0,7.3,2255,2578,2534,2011-06-04,W - Chuck O'Neil,2012-02-04,L - Matt Brown
Marcelo Golm,1992-09-15,FALSE,FALSE,FALSE,FALSE,FALSE,FALSE,FALSE,NA,Brazil,male,heavyweight,16,16,4,1,0 KO 1 Sub 0 Dec,3,1 KO 0 Sub 2 Dec,-3,1,1994,25.8,32.5,0,7.8,2555,2577,2650,2017-10-28,W - Christian Colombo,2019-04-20,L - Sergei Pavlovich
AJ Fletcher,1997-02-18,FALSE,FALSE,TRUE,FALSE,FALSE,FALSE,FALSE,NA,United States,male,welterweight,16,16,4,1,0 KO 1 Sub 0 Dec,3,0 KO 1 Sub 2 Dec,-1,1,2769,25.8,29.9,0,7.5,2469,2577,2642,2022-03-12,L - Matthew Semelsberger,2023-09-23,L - Bryan Battle
Carlos Mota,1995-04-15,FALSE,FALSE,FALSE,FALSE,FALSE,FALSE,FALSE,NA,Brazil,male,flyweight,16,16,1,0,0 KO 0 Sub 0 Dec,1,0 KO 0 Sub 1 Dec,-1,-1,900,27.5,31.6,0,10,2441,2577,2683,2022-10-29,L - Cody Durden,2022-10-29,L - Cody Durden
Wulijiburen,1990-03-01,FALSE,TRUE,FALSE,FALSE,FALSE,FALSE,FALSE,NA,China,male,bantamweight,16,16,3,0,0 KO 0 Sub 0 Dec,3,1 KO 0 Sub 2 Dec,-3,-1,2393,28.4,25.9,0,11.3,2410,2577,2488,2017-11-25,L - Rolando Dy,2019-02-09,L - Jonathan Martinez
Sasha Palatnikov,1989-03-15,FALSE,FALSE,FALSE,FALSE,FALSE,FALSE,FALSE,NA,"Hong Kong, United States",male,welterweight,16,16,3,1,1 KO 0 Sub 0 Dec,2,0 KO 2 Sub 0 Dec,-2,1,1226,32.1,27.1,1,12.3,2367,2577,2557,2020-11-21,W - Louis Cosce,2021-08-21,L - Ramiz Brahimaj
Justin Lawrence,1990-05-15,TRUE,FALSE,FALSE,FALSE,TRUE,FALSE,FALSE,NA,United States,male,"featherweight, lightweight",16,16,3,1,1 KO 0 Sub 0 Dec,2,1 KO 1 Sub 0 Dec,-2,1,1303,22.4,25.5,2,7.3,2604,2576,2412,2012-06-01,W - John Cofer,2013-04-13,L - Daniel Pineda
Teemu Packalen,1987-05-22,FALSE,FALSE,FALSE,FALSE,FALSE,FALSE,FALSE,NA,Finland,male,lightweight,16,16,4,1,0 KO 1 Sub 0 Dec,3,2 KO 0 Sub 1 Dec,-2,1,1167,29.8,27.6,1,9.8,2494,2576,2701,2015-07-18,L - Mickael Lebout,2019-09-07,L - Ottman Azaitar
Jesse Butler,1992-05-24,FALSE,FALSE,FALSE,FALSE,FALSE,FALSE,FALSE,NA,United States,male,"bantamweight, lightweight",16,16,2,0,0 KO 0 Sub 0 Dec,2,1 KO 0 Sub 1 Dec,-2,-1,923,31.5,36.1,0,6,2463,2576,2813,2023-06-03,L - Jim Miller,2024-06-08,L - Brad Katona
Vaughan Lee,1982-10-15,FALSE,FALSE,FALSE,FALSE,FALSE,FALSE,FALSE,NA,"United Kingdom, England",male,"flyweight, bantamweight",16,16,8,3,0 KO 1 Sub 2 Dec,5,1 KO 2 Sub 2 Dec,-2,1,4458,30.6,30,1,7.8,2266,2576,2569,2011-11-05,L - Chris Cariaso,2015-07-18,L - Paddy Holohan
Katsunori Kikuno,1981-10-30,FALSE,FALSE,FALSE,FALSE,FALSE,FALSE,FALSE,NA,Japan,male,featherweight,16,16,5,2,0 KO 1 Sub 1 Dec,3,3 KO 0 Sub 0 Dec,-2,1,1663,33,29.4,0,6.8,2475,2575,2690,2014-01-04,W - Quinn Mulhern,2015-09-26,L - Diego Brandao
Ricardo Abreu,1984-04-27,TRUE,FALSE,FALSE,FALSE,FALSE,FALSE,FALSE,NA,Brazil,male,middleweight,16,16,2,1,0 KO 1 Sub 0 Dec,1,0 KO 0 Sub 1 Dec,-1,1,1266,30.6,27,0,10.5,2405,2575,2425,2014-05-31,W - Wagner Silva,2015-06-06,L - Jake Collier
Phil Baroni,1976-04-16,FALSE,FALSE,FALSE,TRUE,TRUE,FALSE,FALSE,NA,United States,male,"middleweight, welterweight",16,16,10,3,2 KO 0 Sub 1 Dec,7,2 KO 1 Sub 4 Dec,-6,2,5794,28.3,28.6,0,5.2,2308,2575,2544,2001-02-23,W - Curtis Stout,2011-01-01,L - Brad Tavares
Bobby Voelker,1979-04-26,FALSE,FALSE,FALSE,FALSE,TRUE,FALSE,FALSE,NA,United States,male,welterweight,16,16,4,0,0 KO 0 Sub 0 Dec,4,1 KO 0 Sub 3 Dec,-4,-1,3024,34.5,28.2,0,6.8,2652,2574,2673,2013-03-16,L - Patrick Cote,2014-06-07,L - Lance Benoist
Lance Benoist,1988-08-26,FALSE,FALSE,FALSE,FALSE,FALSE,FALSE,FALSE,NA,United States,male,welterweight,16,16,4,2,0 KO 0 Sub 2 Dec,2,0 KO 0 Sub 2 Dec,1,1,3600,24.2,32,1,7.2,2573,2573,2601,2011-09-17,W - Matt Riddle,2014-06-07,W - Bobby Voelker
Mark Hughes,1973-10-13,FALSE,FALSE,FALSE,FALSE,FALSE,FALSE,FALSE,NA,United States,male,middleweight,16,16,1,1,0 KO 0 Sub 1 Dec,0,0 KO 0 Sub 0 Dec,1,1,600,27.1,23.9,0,6,2456,2573,2454,2000-11-17,W - Alex Stiebling,2000-11-17,W - Alex Stiebling
Dong Hyun Ma,1988-09-09,FALSE,FALSE,FALSE,FALSE,FALSE,FALSE,FALSE,NA,South Korea,male,lightweight,16,16,8,3,1 KO 0 Sub 2 Dec,5,4 KO 0 Sub 1 Dec,-3,3,4958,29.3,32.1,1,7.8,2432,2573,2553,2015-11-28,L - Dominique Steele,2019-12-21,L - Omar Morales
Jerry Bohlander,1974-02-12,FALSE,FALSE,FALSE,FALSE,FALSE,FALSE,FALSE,NA,United States,male,"middleweight, light heavyweight, lightweight",-1,16,7,5,0 KO 4 Sub 1 Dec,2,2 KO 0 Sub 0 Dec,-1,4,3383,23.1,NA,0,3.9,2385,2573,2218,1996-02-16,W - Scott Ferrozzo,1999-01-08,L - Tito Ortiz
Mike Kyle,1980-03-31,FALSE,FALSE,FALSE,FALSE,TRUE,TRUE,FALSE,NA,United States,male,heavyweight,16,16,3,2,2 KO 0 Sub 0 Dec,1,1 KO 0 Sub 0 Dec,1,1,488,24.4,25.7,0,5.7,2280,2573,2510,2004-04-02,W - Wes Sims,2005-02-05,W - James Irvin
Renzo Gracie,1967-03-11,FALSE,FALSE,FALSE,TRUE,FALSE,FALSE,FALSE,NA,Brazil,male,welterweight,16,16,1,0,0 KO 0 Sub 0 Dec,1,1 KO 0 Sub 0 Dec,-1,-1,880,43.1,36.5,0,3,2579,2572,2912,2010-04-10,L - Matt Hughes,2010-04-10,L - Matt Hughes
Gianni Vazquez,1994-07-13,FALSE,FALSE,FALSE,FALSE,FALSE,FALSE,FALSE,NA,Mexico,NA,,16,16,1,0,0 KO 0 Sub 0 Dec,1,0 KO 0 Sub 1 Dec,-1,-1,900,31.6,30.4,0,10,2571,2571,2719,2026-02-07,L - Javid Basharat,2026-02-07,L - Javid Basharat
Adam Yandiev,1988-07-07,FALSE,FALSE,FALSE,FALSE,FALSE,FALSE,FALSE,NA,Russia,male,middleweight,16,16,1,0,0 KO 0 Sub 0 Dec,1,0 KO 1 Sub 0 Dec,-1,-1,342,30.2,29.8,0,10,2571,2571,2802,2018-09-15,L - Jordan Johnson,2018-09-15,L - Jordan Johnson
Alex Ricci,1982-07-21,FALSE,FALSE,FALSE,FALSE,FALSE,FALSE,FALSE,NA,Canada,male,lightweight,16,16,2,0,0 KO 0 Sub 0 Dec,2,1 KO 0 Sub 1 Dec,-2,-1,1184,34.3,28.4,0,8,2529,2571,2693,2016-08-27,L - Jeremy Kennedy,2017-02-19,L - Paul Felder
Mike Ciesnolevicz,1979-10-28,FALSE,FALSE,FALSE,FALSE,FALSE,FALSE,FALSE,NA,United States,male,heavyweight,16,16,2,1,0 KO 1 Sub 0 Dec,1,1 KO 0 Sub 0 Dec,-1,1,351,29.5,32.8,0,8.5,2506,2571,2499,2009-02-21,W - Neil Grove,2009-06-20,L - Tomasz Drwal
Renato Verissimo,1973-08-03,FALSE,FALSE,FALSE,FALSE,FALSE,FALSE,FALSE,NA,Brazil,male,welterweight,16,16,3,1,0 KO 0 Sub 1 Dec,2,1 KO 0 Sub 1 Dec,-2,1,2231,30.9,30.2,0,4,2449,2571,2643,2004-01-31,W - Carlos Newton,2004-10-22,L - Frank Trigg
Gary Goodridge,1966-01-17,FALSE,FALSE,FALSE,TRUE,FALSE,FALSE,FALSE,NA,United States,male,"heavyweight, openweight",16,16,8,4,3 KO 1 Sub 0 Dec,4,1 KO 3 Sub 0 Dec,1,2,2427,30.7,NA,0,4.6,2307,2571,2280,1996-02-16,W - Paul Herrera,1999-03-05,W - Andre Roberts
Austin Springer,1987-05-12,TRUE,FALSE,TRUE,FALSE,FALSE,FALSE,FALSE,NA,United States,male,featherweight,16,16,1,0,0 KO 0 Sub 0 Dec,1,0 KO 1 Sub 0 Dec,-1,-1,218,33.3,32.2,0,7,2570,2570,2784,2020-08-29,L - Alex Caceres,2020-08-29,L - Alex Caceres
Austin Arnett,1991-10-22,FALSE,FALSE,TRUE,FALSE,FALSE,FALSE,FALSE,NA,United States,male,featherweight,16,16,4,1,0 KO 0 Sub 1 Dec,3,1 KO 0 Sub 2 Dec,-1,1,3228,26.9,25.6,0,8.5,2507,2570,2649,2018-01-27,L - Cory Sandhagen,2019-02-09,L - Shane Young
Dominic Waters,1989-04-11,TRUE,FALSE,FALSE,FALSE,FALSE,FALSE,FALSE,NA,United States,male,welterweight,16,16,3,0,0 KO 0 Sub 0 Dec,3,1 KO 0 Sub 2 Dec,-3,-1,1991,26.7,31,0,8,2446,2569,2798,2015-07-12,L - George Sullivan,2016-05-08,L - Leon Edwards
Gil Castillo,1965-10-21,FALSE,FALSE,FALSE,FALSE,FALSE,TRUE,FALSE,NA,United States,male,"welterweight, middleweight",16,16,3,1,0 KO 0 Sub 1 Dec,2,1 KO 0 Sub 1 Dec,-1,1,2700,36.4,28.8,0,4.3,2395,2569,2623,2001-09-28,L - Dave Menne,2002-11-22,L - Matt Hughes
Anderson dos Santos,1985-07-24,FALSE,FALSE,FALSE,FALSE,FALSE,FALSE,FALSE,NA,Brazil,male,bantamweight,16,16,4,1,0 KO 1 Sub 0 Dec,3,1 KO 0 Sub 2 Dec,-1,1,2751,34.7,30.6,0,8.2,2394,2569,2660,2018-11-17,L - Nad Narimani,2021-08-07,L - Miles Johns
Stefan Sekulic,1992-02-12,FALSE,FALSE,FALSE,FALSE,FALSE,FALSE,FALSE,NA,Serbia,male,welterweight,16,16,2,0,0 KO 0 Sub 0 Dec,2,0 KO 0 Sub 2 Dec,-2,-1,1800,27.9,34,0,9,2383,2569,2922,2018-09-15,L - Ramazan Emeev,2021-04-24,L - Dwight Grant
Amar Suloev,1976-07-01,FALSE,FALSE,FALSE,TRUE,FALSE,FALSE,FALSE,NA,Armenia,male,"middleweight, light heavyweight",16,16,2,0,0 KO 0 Sub 0 Dec,2,1 KO 0 Sub 1 Dec,-2,-1,1075,25.7,29.1,0,4,2717,2568,2540,2002-01-11,L - Chuck Liddell,2002-05-10,L - Phil Baroni
Gilbert Yvel,1976-06-30,FALSE,FALSE,FALSE,TRUE,FALSE,FALSE,FALSE,NA,Netherlands,male,heavyweight,16,16,3,0,0 KO 0 Sub 0 Dec,3,2 KO 0 Sub 1 Dec,-3,-1,1135,33.9,28.4,0,6.7,2701,2568,2690,2010-01-02,L - Junior dos Santos,2010-10-23,L - Jon Madsen
Rafael Cerqueira,1990-03-15,FALSE,FALSE,FALSE,FALSE,FALSE,FALSE,FALSE,NA,Brazil,male,light heavyweight,16,16,4,0,0 KO 0 Sub 0 Dec,4,2 KO 1 Sub 1 Dec,-4,-1,1116,35.2,27.6,0,8.8,2416,2568,2720,2024-10-26,L - Ibo Aslan,2025-11-22,L - Abdul Rakhman Yakhyaev
Jared Hamman,1982-03-07,FALSE,FALSE,FALSE,FALSE,TRUE,FALSE,FALSE,NA,United States,male,middleweight,16,16,7,2,1 KO 0 Sub 1 Dec,5,3 KO 1 Sub 1 Dec,-3,1,3043,29.3,27.8,2,8,2389,2568,2477,2009-11-14,L - Alexander Gustafsson,2013-08-31,L - Magnus Cedenblad
Andreas Stahl,1988-05-20,FALSE,FALSE,FALSE,FALSE,FALSE,FALSE,FALSE,NA,Sweden,male,welterweight,16,16,2,0,0 KO 0 Sub 0 Dec,2,1 KO 0 Sub 1 Dec,-2,-1,1165,26.9,28.6,0,9.5,2381,2568,2648,2014-07-26,L - Gilbert Burns,2015-12-10,L - Santiago Ponzinibbio
Jason Novelli,1979-06-08,FALSE,FALSE,FALSE,FALSE,FALSE,FALSE,FALSE,NA,United States,male,lightweight,16,16,2,0,0 KO 0 Sub 0 Dec,2,1 KO 0 Sub 1 Dec,-2,-1,1285,37.3,29.6,0,10.5,2485,2567,2600,2016-08-06,L - David Teymur,2016-11-05,L - Polo Reyes
Rolando Dy,1990-08-11,FALSE,FALSE,FALSE,FALSE,FALSE,FALSE,FALSE,NA,Philippines,male,featherweight,16,16,4,1,0 KO 0 Sub 1 Dec,3,2 KO 0 Sub 1 Dec,-1,1,2980,27.3,26.9,1,7.5,2374,2567,2600,2017-06-17,L - Alex Caceres,2018-06-23,L - Shane Young
Jacob Kilburn,1995-06-28,FALSE,FALSE,TRUE,FALSE,FALSE,FALSE,FALSE,NA,United States,male,featherweight,16,16,2,0,0 KO 0 Sub 0 Dec,2,0 KO 1 Sub 1 Dec,-2,-1,1398,25,28.8,0,9,2308,2567,2639,2019-12-07,L - Billy Quarantillo,2021-01-16,L - Austin Lingo
Tyler Diamond,1991-03-18,TRUE,FALSE,FALSE,FALSE,FALSE,FALSE,FALSE,NA,United States,male,featherweight,16,16,1,0,0 KO 0 Sub 0 Dec,1,0 KO 0 Sub 1 Dec,-1,-1,900,27.3,23.8,0,10,2794,2566,2680,2018-07-06,L - Bryce Mitchell,2018-07-06,L - Bryce Mitchell
Ernest Chavez,1983-06-27,FALSE,FALSE,FALSE,FALSE,FALSE,FALSE,FALSE,NA,United States,male,"featherweight, lightweight",16,16,3,1,0 KO 0 Sub 1 Dec,2,1 KO 1 Sub 0 Dec,-2,1,2022,31,26.8,0,9.7,2674,2566,2670,2014-02-22,W - Yosdenis Cedeno,2014-10-03,L - Zubaira Tukhugov
Zachary Scroggin,1996-03-09,FALSE,FALSE,FALSE,FALSE,FALSE,FALSE,FALSE,NA,United States,NA,,16,16,1,0,0 KO 0 Sub 0 Dec,1,1 KO 0 Sub 0 Dec,-1,-1,75,28.7,37.9,0,7,2566,2566,2932,2024-11-09,L - Elizeu Zaleski dos Santos,2024-11-09,L - Elizeu Zaleski dos Santos
Nohelin Hernandez,1994-03-01,FALSE,FALSE,FALSE,FALSE,FALSE,FALSE,FALSE,NA,United States,male,bantamweight,16,16,2,0,0 KO 0 Sub 0 Dec,2,0 KO 2 Sub 0 Dec,-2,-1,1276,25.5,25.6,0,10,2505,2565,2848,2019-07-06,L - Marlon Vera,2019-09-28,L - Jack Shore
Cole Williams,1983-12-15,FALSE,FALSE,FALSE,FALSE,FALSE,FALSE,FALSE,NA,United States,NA,,16,16,2,0,0 KO 0 Sub 0 Dec,2,0 KO 2 Sub 0 Dec,-2,-1,584,36.3,35.4,0,10,2498,2565,2784,2019-08-03,L - Claudio Silva,2020-10-31,L - Jason Witt
Patrick Williams,1981-09-07,FALSE,FALSE,FALSE,FALSE,FALSE,FALSE,FALSE,NA,United States,male,bantamweight,16,16,4,1,0 KO 1 Sub 0 Dec,3,2 KO 0 Sub 1 Dec,-2,1,1662,34.6,27.7,1,9.5,2452,2565,2664,2014-04-26,L - Chris Beal,2018-04-14,L - Luke Sanders
Riki Fukuda,1981-01-06,FALSE,FALSE,FALSE,FALSE,FALSE,FALSE,FALSE,NA,Japan,male,middleweight,16,16,5,2,0 KO 0 Sub 2 Dec,3,0 KO 0 Sub 3 Dec,-1,1,4500,31.4,29.1,0,8.6,2412,2565,2585,2011-02-26,L - Nick Ring,2013-03-02,L - Brad Tavares
JP Buys,1996-04-30,FALSE,FALSE,TRUE,FALSE,FALSE,FALSE,FALSE,NA,South Africa,male,"bantamweight, flyweight",16,16,4,0,0 KO 0 Sub 0 Dec,4,3 KO 0 Sub 1 Dec,-4,-1,1583,25.9,31.2,0,9.2,2394,2565,2628,2021-03-20,L - Bruno Gustavo da Silva,2023-08-12,L - Marcus McGhee
Bobby Nash,1990-03-26,FALSE,FALSE,FALSE,FALSE,FALSE,FALSE,FALSE,NA,United States,male,welterweight,16,16,3,0,0 KO 0 Sub 0 Dec,3,3 KO 0 Sub 0 Dec,-3,-1,1139,27.3,28.9,0,6.7,2591,2564,2585,2017-01-28,L - Li Jingliang,2017-11-25,L - Song Kenan
Jonathan Wiezorek,1978-02-10,FALSE,FALSE,FALSE,FALSE,FALSE,FALSE,FALSE,NA,United States,male,heavyweight,16,16,1,1,1 KO 0 Sub 0 Dec,0,0 KO 0 Sub 0 Dec,1,1,280,26.1,29.1,0,7,2499,2564,2423,2004-04-02,W - Wade Shipp,2004-04-02,W - Wade Shipp
Brian Camozzi,1991-06-24,FALSE,FALSE,FALSE,FALSE,FALSE,FALSE,FALSE,NA,United States,male,welterweight,16,16,3,0,0 KO 0 Sub 0 Dec,3,2 KO 1 Sub 0 Dec,-3,-1,1240,26.1,28.3,0,7,2456,2564,2699,2016-12-09,L - Randy Brown,2018-02-18,L - Geoff Neal
Andy Ogle,1989-02-16,TRUE,FALSE,FALSE,FALSE,FALSE,FALSE,FALSE,NA,"United Kingdom, England",male,featherweight,16,16,6,1,0 KO 0 Sub 1 Dec,5,1 KO 1 Sub 3 Dec,-4,1,4368,24.8,27.5,0,8,2288,2564,2523,2012-09-29,L - Akira Corassani,2015-01-24,L - Makwan Amirkhani
JC Cottrell,1989-11-04,FALSE,FALSE,FALSE,FALSE,FALSE,FALSE,FALSE,NA,United States,male,lightweight,16,16,2,0,0 KO 0 Sub 0 Dec,2,0 KO 1 Sub 1 Dec,-2,-1,1134,27,31,0,10,2456,2563,2608,2016-07-23,L - Michel Prazeres,2017-01-28,L - Jason Gonzalez
Benji Radach,1979-04-05,FALSE,FALSE,FALSE,FALSE,TRUE,TRUE,FALSE,NA,United States,male,welterweight,16,16,3,1,0 KO 0 Sub 1 Dec,1,1 KO 0 Sub 0 Dec,-1,1,1183,23.3,27.5,0,5.7,2456,2563,2321,2002-05-10,NC - Steve Berger,2002-09-27,L - Sean Sherk
Hamdy Abdelwahab,1993-01-22,FALSE,FALSE,FALSE,FALSE,FALSE,FALSE,FALSE,NA,Egypt,male,heavyweight,16,16,4,2,0 KO 0 Sub 2 Dec,1,0 KO 0 Sub 1 Dec,1,1,3600,31.7,33.8,0,10.5,2398,2563,2605,2022-07-30,NC - Don'Tale Mayes,2025-10-25,W - Chris Barnett
Joe Gigliotti,1993-08-13,FALSE,FALSE,FALSE,FALSE,FALSE,FALSE,FALSE,NA,United States,male,middleweight,16,16,2,0,0 KO 0 Sub 0 Dec,2,0 KO 1 Sub 1 Dec,-2,-1,1152,23.2,32.3,0,6,2396,2563,2737,2016-08-06,L - Trevor Smith,2016-12-09,L - Gerald Meerschaert
David Michaud,1988-11-10,TRUE,FALSE,FALSE,FALSE,FALSE,FALSE,FALSE,NA,United States,male,"lightweight, welterweight",16,16,3,1,0 KO 0 Sub 1 Dec,2,0 KO 1 Sub 1 Dec,-1,1,2496,26,28.8,0,10.3,2833,2562,2520,2014-05-24,L - Li Jingliang,2015-04-25,L - Olivier Aubin-Mercier
Feng Xiaocan,2001-10-27,FALSE,TRUE,FALSE,FALSE,FALSE,FALSE,FALSE,NA,China,female,women's strawweight,16,16,1,0,0 KO 0 Sub 0 Dec,1,1 KO 0 Sub 0 Dec,-1,-1,646,23.1,30,0,9,2562,2562,2572,2024-11-23,L - Shi Ming,2024-11-23,L - Shi Ming
Yusuke Kasuya,1989-11-16,FALSE,FALSE,FALSE,FALSE,FALSE,FALSE,FALSE,NA,Japan,male,lightweight,16,16,2,0,0 KO 0 Sub 0 Dec,2,1 KO 0 Sub 1 Dec,-2,-1,1326,26.4,29.8,0,6,2389,2562,2740,2015-09-26,L - Nick Hein,2016-11-26,L - Alexander Volkanovski
Genki Sudo,1978-03-08,FALSE,FALSE,FALSE,FALSE,FALSE,FALSE,FALSE,NA,Japan,male,lightweight,16,16,3,2,0 KO 2 Sub 0 Dec,1,0 KO 0 Sub 1 Dec,1,1,1509,25.2,26.6,0,6,2655,2561,2468,2002-07-13,W - Leigh Remedios,2004-04-02,W - Mike Brown
Salim Touahri,1989-09-28,FALSE,FALSE,FALSE,FALSE,FALSE,FALSE,FALSE,NA,Poland,male,welterweight,16,16,3,0,0 KO 0 Sub 0 Dec,3,0 KO 0 Sub 3 Dec,-3,-1,2700,29,29.6,0,8.3,2458,2561,2642,2017-10-21,L - Warlley Alves,2019-08-03,L - Mickey Gall
Fabiano Iha,1970-07-28,FALSE,FALSE,FALSE,TRUE,FALSE,FALSE,FALSE,NA,Brazil,male,lightweight,16,16,7,3,1 KO 2 Sub 0 Dec,4,2 KO 0 Sub 2 Dec,-2,3,2341,30.2,26.1,0,4.7,2314,2561,2411,1999-05-07,L - LaVerne Clark,2001-09-28,L - Din Thomas
Nazareno Malegarie,1986-05-16,TRUE,FALSE,FALSE,FALSE,FALSE,FALSE,FALSE,NA,Argentina,male,lightweight,16,16,1,0,0 KO 0 Sub 0 Dec,1,0 KO 0 Sub 1 Dec,-1,-1,900,29.3,26.6,0,11,2715,2560,2368,2015-09-05,L - Joaquim Silva,2015-09-05,L - Joaquim Silva
Mike Rhodes,1989-12-04,FALSE,FALSE,FALSE,FALSE,FALSE,FALSE,FALSE,NA,United States,male,welterweight,16,16,3,0,0 KO 0 Sub 0 Dec,3,0 KO 1 Sub 2 Dec,-3,-1,1875,24.6,29,0,6.3,2654,2560,2695,2014-01-25,L - George Sullivan,2014-12-20,L - Erick Silva
Damien Brown,1984-12-25,FALSE,FALSE,FALSE,FALSE,FALSE,FALSE,FALSE,NA,Australia,male,lightweight,16,16,6,2,1 KO 0 Sub 1 Dec,4,1 KO 0 Sub 3 Dec,-3,2,3964,32.2,30.5,1,9,2617,2560,2539,2016-03-19,L - Alan Patrick,2018-02-10,L - Dong Hyun Ma
Matt Van Buren,1986-06-12,TRUE,FALSE,FALSE,FALSE,FALSE,FALSE,FALSE,NA,United States,male,light heavyweight,16,16,2,0,0 KO 0 Sub 0 Dec,2,2 KO 0 Sub 0 Dec,-2,-1,792,28.3,28.1,1,6.5,2339,2560,2564,2014-07-06,L - Corey Anderson,2015-01-18,L - Sean O'Connell
Pat Miletich,1968-03-09,FALSE,FALSE,FALSE,FALSE,FALSE,FALSE,FALSE,TRUE,United States,male,"middleweight, welterweight",-1,16,10,8,2 KO 3 Sub 3 Dec,2,1 KO 1 Sub 0 Dec,-1,7,6642,31.8,27.1,0,3,2315,2560,2360,1998-03-13,W - Townsend Saunders,2002-03-22,L - Matt Lindland
Norifumi Yamamoto,1977-03-15,FALSE,FALSE,FALSE,FALSE,FALSE,FALSE,FALSE,NA,Japan,male,bantamweight,16,16,4,0,0 KO 0 Sub 0 Dec,3,0 KO 1 Sub 2 Dec,0,0,2526,35.4,28.2,0,7.5,2304,2560,2492,2011-02-05,L - Demetrious Johnson,2015-02-28,NC - Roman Salazar
Ray Rodriguez,1987-12-10,FALSE,FALSE,TRUE,FALSE,FALSE,FALSE,FALSE,NA,United States,male,"bantamweight, featherweight",16,16,2,0,0 KO 0 Sub 0 Dec,2,0 KO 2 Sub 0 Dec,-2,-1,528,33,35.3,0,7,2513,2559,2778,2020-09-05,L - Brian Kelleher,2021-03-13,L - Rani Yahya
Jake Hecht,1984-02-09,FALSE,FALSE,FALSE,FALSE,FALSE,FALSE,FALSE,NA,United States,male,welterweight,16,16,3,1,1 KO 0 Sub 0 Dec,2,0 KO 1 Sub 1 Dec,-2,1,1325,28.1,31.5,0,10.7,2417,2559,2637,2011-12-10,W - Rich Attonito,2012-06-08,L - Sean Pierson
Richard Walsh,1988-12-01,TRUE,FALSE,FALSE,FALSE,FALSE,FALSE,FALSE,NA,Australia,male,welterweight,16,16,6,2,0 KO 0 Sub 2 Dec,4,1 KO 0 Sub 3 Dec,-2,1,4639,26.6,31.3,0,8.5,2398,2559,2548,2014-04-16,W - Chris Indich,2016-11-26,L - Jonathan Meunier
Luke Cummo,1980-04-27,TRUE,FALSE,FALSE,FALSE,FALSE,FALSE,FALSE,NA,United States,male,welterweight,16,16,7,3,2 KO 0 Sub 1 Dec,4,0 KO 0 Sub 4 Dec,-2,2,5070,26.9,26.3,1,5.9,2393,2559,2505,2005-11-05,L - Joe Stevenson,2008-08-09,L - Tamdan McCrory
Eddie Yagin,1979-03-23,FALSE,FALSE,FALSE,FALSE,FALSE,FALSE,FALSE,NA,United States,male,featherweight,16,16,2,1,0 KO 0 Sub 1 Dec,1,0 KO 0 Sub 1 Dec,1,1,1800,32.8,30,1,6.5,2334,2559,2523,2011-09-24,L - Junior Assuncao,2012-04-21,W - Mark Hominick
Joby Sanchez,1991-06-24,FALSE,FALSE,TRUE,FALSE,FALSE,FALSE,FALSE,NA,United States,male,"bantamweight, flyweight",16,16,5,1,0 KO 0 Sub 1 Dec,4,1 KO 1 Sub 2 Dec,-3,1,3378,25,28,0,10.6,2595,2558,2585,2014-08-23,L - Wilson Reis,2018-11-10,L - Mark De La Rosa
Jerome Rivera,1995-04-22,FALSE,FALSE,TRUE,FALSE,FALSE,FALSE,FALSE,NA,United States,male,"flyweight, featherweight",16,16,4,0,0 KO 0 Sub 0 Dec,4,2 KO 1 Sub 1 Dec,-4,-1,1382,25.8,32.5,0,12.2,2326,2558,2555,2020-09-19,L - Tyson Nam,2021-07-10,L - Zhalgas Zhumagulov
Thibault Gouti,1987-02-27,TRUE,FALSE,FALSE,FALSE,FALSE,FALSE,FALSE,NA,France,male,lightweight,16,16,6,1,1 KO 0 Sub 0 Dec,5,1 KO 2 Sub 2 Dec,-2,1,2936,30.2,27.2,1,8.5,2665,2557,2604,2016-02-27,L - Teemu Packalen,2018-10-27,L - Nasrat Haqparast
Brad Scott,1989-06-22,TRUE,FALSE,FALSE,FALSE,FALSE,FALSE,FALSE,NA,"United Kingdom, England",male,"welterweight, middleweight",16,16,8,3,0 KO 2 Sub 1 Dec,5,1 KO 0 Sub 4 Dec,-2,1,5581,26.2,27.9,0,8.1,2512,2557,2592,2012-12-14,L - Robert Whittaker,2018-05-27,L - Carlo Pedersoli
Justin McCully,1976-02-18,FALSE,FALSE,FALSE,FALSE,FALSE,FALSE,FALSE,NA,United States,male,heavyweight,16,16,4,2,0 KO 0 Sub 2 Dec,2,0 KO 1 Sub 1 Dec,-1,1,2817,32.5,29.8,0,6.5,2490,2557,2533,2007-04-05,W - Antoni Hardonk,2009-08-29,L - Mike Russow
Colin Fletcher,1983-01-08,TRUE,FALSE,FALSE,FALSE,FALSE,FALSE,FALSE,NA,"United Kingdom, England",male,lightweight,16,16,2,0,0 KO 0 Sub 0 Dec,2,0 KO 0 Sub 2 Dec,-2,-1,1800,30.1,26.5,0,4,2438,2557,2712,2012-12-14,L - Norman Parke,2013-03-16,L - Mike Ricci
Aaron Phillips,1989-08-05,FALSE,FALSE,FALSE,FALSE,FALSE,FALSE,FALSE,NA,United States,male,bantamweight,16,16,4,0,0 KO 0 Sub 0 Dec,4,0 KO 1 Sub 3 Dec,-4,-1,3149,28.6,28,0,11,2433,2557,2586,2014-05-24,L - Sam Sicilia,2023-04-15,L - Gaston Bolanos
Justin Frazier,1989-06-15,TRUE,FALSE,FALSE,FALSE,FALSE,FALSE,FALSE,NA,United States,male,heavyweight,16,16,1,0,0 KO 0 Sub 0 Dec,1,0 KO 1 Sub 0 Dec,-1,-1,216,29.5,38.1,0,2,2495,2556,2679,2018-11-30,L - Juan Espino,2018-11-30,L - Juan Espino
Ken Stone,1982-10-08,FALSE,FALSE,FALSE,FALSE,FALSE,TRUE,FALSE,NA,United States,male,bantamweight,16,16,4,2,0 KO 1 Sub 1 Dec,2,2 KO 0 Sub 0 Dec,-1,2,1318,29.3,27,0,9.5,2474,2556,2581,2011-06-04,L - Scott Jorgensen,2012-08-11,L - Erik Perez
Ashley Yoder,1987-10-20,TRUE,FALSE,FALSE,FALSE,FALSE,FALSE,FALSE,NA,United States,female,women's strawweight,16,16,11,3,0 KO 0 Sub 3 Dec,8,0 KO 0 Sub 8 Dec,-3,2,9900,32.1,30.7,0,6.9,2451,2556,2542,2016-12-09,L - Justine Kish,2023-10-14,L - Emily Ducote
Mehdi Baghdad,1985-04-13,TRUE,FALSE,FALSE,FALSE,FALSE,FALSE,FALSE,NA,"Algeria, United States",male,lightweight,16,16,2,0,0 KO 0 Sub 0 Dec,2,0 KO 1 Sub 1 Dec,-2,-1,1170,31,29.7,0,6.5,2363,2555,2721,2016-01-17,L - Chris Wade,2016-07-07,L - John Makdessi
Zygimantas Ramaska,1996-12-27,TRUE,FALSE,FALSE,FALSE,FALSE,FALSE,FALSE,NA,Lithuania,male,featherweight,16,16,1,0,0 KO 0 Sub 0 Dec,1,0 KO 1 Sub 0 Dec,-1,-1,374,27.7,26.7,0,12,2554,2554,2542,2024-09-07,L - Nathan Fletcher,2024-09-07,L - Nathan Fletcher
Hans Stringer,1987-07-06,FALSE,FALSE,FALSE,FALSE,FALSE,FALSE,FALSE,NA,Netherlands,male,light heavyweight,16,16,3,1,0 KO 0 Sub 1 Dec,2,2 KO 0 Sub 0 Dec,-2,1,1502,27.3,33.9,0,7,2367,2554,2642,2014-03-23,W - Francimar Barroso,2015-07-18,L - Ilir Latifi
Roger Narvaez,1983-09-09,FALSE,FALSE,FALSE,FALSE,FALSE,FALSE,FALSE,NA,United States,male,"middleweight, light heavyweight",16,16,3,1,0 KO 0 Sub 1 Dec,2,2 KO 0 Sub 0 Dec,-1,1,1895,31.2,29,0,8.7,2313,2554,2678,2014-06-07,L - Patrick Cummins,2015-03-14,L - Elias Theodorou
Marcio Cruz,1978-04-24,FALSE,FALSE,FALSE,FALSE,FALSE,FALSE,FALSE,NA,Brazil,male,heavyweight,16,16,4,2,1 KO 1 Sub 0 Dec,2,1 KO 0 Sub 1 Dec,-2,2,1707,28,NA,0,4.8,2685,2553,2672,2005-10-07,W - Keigo Kunihara,2006-12-30,L - Andrei Arlovski
Marcin Bandel,1989-10-10,FALSE,FALSE,FALSE,FALSE,FALSE,FALSE,FALSE,NA,Poland,male,lightweight,16,16,2,0,0 KO 0 Sub 0 Dec,2,2 KO 0 Sub 0 Dec,-2,-1,456,25.2,25.6,0,10.5,2675,2553,2672,2014-10-03,L - Mairbek Taisumov,2015-04-11,L - Stevie Ray
Cheyanne Vlismas,1995-06-25,FALSE,FALSE,TRUE,FALSE,FALSE,FALSE,FALSE,NA,United States,female,women's strawweight,16,16,4,2,1 KO 0 Sub 1 Dec,2,0 KO 0 Sub 2 Dec,-1,2,2760,26.4,26.4,2,5.5,2492,2553,2484,2021-03-20,L - Montserrat Conejo Ruiz,2022-12-17,L - Cory McKenna
Mallory Martin,1994-01-29,FALSE,FALSE,TRUE,FALSE,FALSE,FALSE,FALSE,NA,United States,female,women's strawweight,16,16,4,1,0 KO 1 Sub 0 Dec,3,0 KO 2 Sub 1 Dec,-2,1,1867,26.8,28.7,2,9.8,2685,2552,2460,2019-12-07,L - Virna Jandiroba,2021-12-04,L - Cheyanne Vlismas
Danny Downes,1986-04-08,FALSE,FALSE,FALSE,FALSE,FALSE,TRUE,FALSE,NA,United States,male,lightweight,16,16,2,0,0 KO 0 Sub 0 Dec,2,0 KO 0 Sub 2 Dec,-2,-1,1800,25.4,24.3,0,7.5,2474,2552,2683,2011-06-04,L - Jeremy Stephens,2011-10-29,L - Ramsey Nijem
Christian Wellisch,1975-09-13,FALSE,FALSE,FALSE,FALSE,FALSE,TRUE,FALSE,NA,"Hungary, United States",male,"light heavyweight, heavyweight",16,16,5,2,0 KO 1 Sub 1 Dec,3,2 KO 0 Sub 1 Dec,-2,2,2214,32.1,30.4,0,8.2,2421,2552,2482,2006-08-26,L - Cheick Kongo,2009-01-31,L - Jake O'Brien
Jared Papazian,1988-02-01,FALSE,FALSE,FALSE,FALSE,FALSE,FALSE,FALSE,NA,United States,male,"flyweight, bantamweight",16,16,3,0,0 KO 0 Sub 0 Dec,3,0 KO 1 Sub 2 Dec,-3,-1,2001,24.4,26.3,1,7.3,2415,2552,2494,2012-01-20,L - Mike Easton,2012-12-15,L - Tim Elliott
Thiago Perpetuo,1986-12-14,TRUE,FALSE,FALSE,FALSE,FALSE,FALSE,FALSE,NA,Brazil,male,"welterweight, middleweight",16,16,3,1,1 KO 0 Sub 0 Dec,2,1 KO 1 Sub 0 Dec,-2,1,957,26.6,26.4,1,8.7,2364,2552,2475,2012-06-23,W - Leonardo Mafra,2014-03-23,L - Kenny Robertson
Melissa Martinez,1997-08-18,FALSE,FALSE,FALSE,FALSE,FALSE,FALSE,FALSE,NA,Mexico,female,women's strawweight,16,16,3,1,0 KO 0 Sub 1 Dec,2,1 KO 0 Sub 1 Dec,-1,1,2556,26.7,29.1,0,11.3,2492,2551,2519,2022-09-10,L - Elise Reed,2025-07-12,L - Fatima Kline
Vinicius Salvador,1996-07-24,FALSE,FALSE,TRUE,FALSE,FALSE,FALSE,FALSE,NA,Brazil,male,"bantamweight, flyweight",16,16,3,0,0 KO 0 Sub 0 Dec,3,1 KO 0 Sub 2 Dec,-3,-1,1967,27.2,31.6,0,7,2431,2551,2688,2023-03-25,L - Victor Altamirano,2024-05-18,L - Adrian Yanez
Darrell Montague,1987-11-03,FALSE,FALSE,FALSE,FALSE,FALSE,FALSE,FALSE,NA,United States,male,flyweight,13,16,3,0,0 KO 0 Sub 0 Dec,3,2 KO 0 Sub 1 Dec,-3,-1,1249,26.7,27,0,8,2379,2551,2633,2013-10-19,L - John Dodson,2015-07-12,L - Willie Gates
Will Chope,1990-09-08,FALSE,FALSE,FALSE,FALSE,FALSE,FALSE,FALSE,NA,United States,male,featherweight,16,16,1,0,0 KO 0 Sub 0 Dec,1,1 KO 0 Sub 0 Dec,-1,-1,447,23.3,22.1,0,5,2139,2551,2511,2014-01-04,L - Max Holloway,2014-01-04,L - Max Holloway
Jason Von Flue,1975-08-01,TRUE,FALSE,FALSE,FALSE,TRUE,TRUE,FALSE,NA,United States,male,welterweight,16,16,3,1,0 KO 1 Sub 0 Dec,2,0 KO 1 Sub 1 Dec,-2,1,1698,30.7,26.1,0,6.3,2048,2551,2461,2006-01-16,W - Alex Karalexis,2006-08-17,L - Joe Riggs
David Baron,1973-02-15,FALSE,FALSE,FALSE,TRUE,FALSE,FALSE,FALSE,NA,France,male,lightweight,16,16,1,0,0 KO 0 Sub 0 Dec,1,0 KO 1 Sub 0 Dec,-1,-1,799,35.7,25.1,0,10,2550,2550,2800,2008-10-18,L - Jim Miller,2008-10-18,L - Jim Miller
Domingo Pilarte,1990-01-05,FALSE,FALSE,TRUE,FALSE,FALSE,FALSE,FALSE,NA,United States,male,bantamweight,16,16,3,0,0 KO 0 Sub 0 Dec,2,0 KO 0 Sub 2 Dec,-1,0,1838,30.4,30.4,0,10.3,2502,2549,2638,2019-07-20,L - Felipe Colares,2021-08-21,L - Brian Kelleher
Paul Bradley,1983-06-13,TRUE,FALSE,FALSE,FALSE,TRUE,FALSE,FALSE,NA,United States,male,"welterweight, middleweight",16,16,2,0,0 KO 0 Sub 0 Dec,2,0 KO 0 Sub 2 Dec,-2,-1,1800,28.3,29.9,0,10,2490,2549,2598,2011-08-06,L - Rafael Natal,2011-11-12,L - Mike Pierce
Daniel Spitz,1990-07-31,FALSE,FALSE,FALSE,FALSE,FALSE,FALSE,FALSE,NA,United States,male,heavyweight,16,16,4,1,1 KO 0 Sub 0 Dec,3,1 KO 0 Sub 2 Dec,-2,1,2423,27.7,33.5,0,8.2,2407,2549,2558,2017-03-04,L - Mark Godbeer,2019-10-18,L - Tanner Boser
Genaro Valdez,1992-01-16,FALSE,FALSE,TRUE,FALSE,FALSE,FALSE,FALSE,NA,Mexico,male,lightweight,16,16,3,0,0 KO 0 Sub 0 Dec,3,1 KO 0 Sub 2 Dec,-3,-1,1995,30.8,29.7,0,10.3,2370,2549,2564,2022-01-22,L - Matt Frevola,2023-07-15,L - Evan Elder
Assuerio Silva,1974-06-18,FALSE,FALSE,FALSE,TRUE,FALSE,FALSE,FALSE,NA,Brazil,male,heavyweight,16,16,3,0,0 KO 0 Sub 0 Dec,3,0 KO 1 Sub 2 Dec,-3,-1,1959,32.1,30.1,0,3.3,2238,2548,2649,2006-01-16,L - Tim Sylvia,2007-04-21,L - Cheick Kongo
Ronald Stallings,1983-02-25,FALSE,FALSE,FALSE,FALSE,TRUE,FALSE,FALSE,NA,United States,male,middleweight,16,16,3,1,0 KO 0 Sub 1 Dec,2,1 KO 0 Sub 0 Dec,-1,1,1565,32.2,30.3,0,7.7,2551,2547,2590,2015-01-18,L - Uriah Hall,2015-09-05,L - Joe Riggs
Mario Miranda,1978-09-21,FALSE,FALSE,FALSE,FALSE,FALSE,FALSE,FALSE,NA,Brazil,male,middleweight,16,16,4,1,1 KO 0 Sub 0 Dec,3,1 KO 0 Sub 2 Dec,-2,1,2636,31.9,32.6,0,8,2427,2547,2598,2010-03-31,L - Gerald Harris,2011-03-26,L - Aaron Simpson
Brandon Jenkins,1991-09-30,FALSE,FALSE,FALSE,FALSE,FALSE,FALSE,FALSE,NA,United States,male,lightweight,16,16,2,0,0 KO 0 Sub 0 Dec,2,2 KO 0 Sub 0 Dec,-2,-1,1208,30.3,27.8,0,9,2407,2547,2796,2021-09-18,L - Rongzhu,2022-04-16,L - Drakkar Klose
Pedro Nobre,1986-02-13,TRUE,FALSE,FALSE,FALSE,FALSE,FALSE,FALSE,NA,Brazil,male,bantamweight,16,16,1,0,NA,0,NA,0,0,131,26.9,32.5,0,9,2379,2547,2714,2013-01-19,NC - Iuri Alcantara,2013-01-19,NC - Iuri Alcantara
Nah-shon Burrell,1990-02-05,FALSE,FALSE,FALSE,FALSE,TRUE,FALSE,FALSE,NA,United States,male,welterweight,16,16,2,1,0 KO 0 Sub 1 Dec,1,0 KO 0 Sub 1 Dec,-1,1,1800,23.2,26.1,0,11,2583,2546,2446,2013-02-23,W - Yuri Villefort,2013-05-25,L - Stephen Thompson
Ian Freeman,1966-10-11,FALSE,FALSE,FALSE,FALSE,FALSE,FALSE,FALSE,NA,"United Kingdom, England",male,heavyweight,16,16,6,3,1 KO 1 Sub 1 Dec,2,1 KO 1 Sub 0 Dec,0,3,2782,34.9,NA,0,5.2,2572,2546,2438,2000-03-10,L - Scott Adams,2003-06-06,D - Vernon White
Victor Valimaki,1981-12-17,FALSE,FALSE,FALSE,FALSE,FALSE,FALSE,FALSE,NA,Canada,male,light heavyweight,16,16,2,0,0 KO 0 Sub 0 Dec,2,1 KO 0 Sub 1 Dec,-2,-1,1004,25.2,28.2,0,7.5,2279,2546,2478,2006-12-13,L - David Heath,2007-04-21,L - Alessio Sakara
Pete Spratt,1971-01-09,TRUE,FALSE,FALSE,FALSE,TRUE,FALSE,FALSE,NA,United States,male,welterweight,16,16,7,3,0 KO 3 Sub 0 Dec,4,0 KO 4 Sub 0 Dec,-2,1,2083,34.1,26,0,4.7,2269,2546,2545,2002-06-22,W - Zach Light,2007-06-12,L - Tamdan McCrory
Chris Kelades,1981-02-21,FALSE,FALSE,FALSE,FALSE,FALSE,FALSE,FALSE,NA,Canada,male,flyweight,16,16,4,2,0 KO 0 Sub 2 Dec,2,0 KO 1 Sub 1 Dec,-1,1,3476,34.3,25.2,1,8,2575,2545,2642,2014-10-04,W - Paddy Holohan,2016-04-23,L - Sergio Pettis
Kris Moutinho,1992-08-09,FALSE,FALSE,FALSE,FALSE,FALSE,FALSE,FALSE,NA,"Portugal, United States",male,bantamweight,16,16,4,0,0 KO 0 Sub 0 Dec,4,3 KO 0 Sub 1 Dec,-4,-1,2057,31.2,32.5,1,9,2463,2545,2665,2021-07-10,L - Sean O'Malley,2026-02-28,L - Cristian Quinonez
Dan Lauzon,1988-03-30,FALSE,FALSE,FALSE,FALSE,FALSE,FALSE,FALSE,NA,United States,male,lightweight,16,16,3,0,0 KO 0 Sub 0 Dec,3,1 KO 1 Sub 1 Dec,-3,-1,1363,20.8,26.8,0,6.3,2427,2545,2676,2006-10-14,L - Spencer Fisher,2010-05-29,L - Efrain Escudero
Luke Zachrich,1981-12-19,TRUE,FALSE,FALSE,FALSE,FALSE,FALSE,FALSE,NA,United States,male,middleweight,16,16,3,1,0 KO 0 Sub 1 Dec,2,1 KO 1 Sub 0 Dec,-1,1,1211,32.6,30.5,0,9.3,2424,2545,2507,2014-04-19,L - Caio Magalhaes,2014-11-07,L - Daniel Kelly
Houston Alexander,1972-03-22,FALSE,FALSE,FALSE,FALSE,FALSE,FALSE,FALSE,NA,United States,male,light heavyweight,16,16,6,2,2 KO 0 Sub 0 Dec,4,2 KO 1 Sub 1 Dec,-4,2,1515,36.1,29.8,1,4,2250,2545,2503,2007-05-26,W - Keith Jardine,2009-12-05,L - Kimbo Slice
Paul Taylor,1979-12-15,FALSE,FALSE,FALSE,FALSE,FALSE,FALSE,FALSE,NA,"United Kingdom, England",male,"lightweight, welterweight",16,16,9,4,2 KO 0 Sub 2 Dec,5,0 KO 1 Sub 4 Dec,1,1,6693,29.1,28.4,3,7.7,2544,2544,2525,2007-04-21,W - Edilberto de Oliveira,2011-02-05,W - Gabe Ruediger
Mike Van Arsdale,1965-06-20,FALSE,FALSE,FALSE,FALSE,FALSE,FALSE,FALSE,NA,United States,male,light heavyweight,16,16,4,2,0 KO 1 Sub 1 Dec,2,0 KO 2 Sub 0 Dec,-2,2,2354,38.4,NA,0,4.8,2471,2544,2629,1998-05-15,W - Joe Pardo,2006-02-04,L - Renato Sobral
James Mulheron,1988-02-20,FALSE,FALSE,FALSE,FALSE,FALSE,FALSE,FALSE,NA,"United Kingdom, England",male,heavyweight,16,16,1,0,0 KO 0 Sub 0 Dec,1,0 KO 0 Sub 1 Dec,-1,-1,900,29.4,30,0,6,2367,2544,2482,2017-07-16,L - Justin Willis,2017-07-16,L - Justin Willis
Ike Villanueva,1984-04-04,FALSE,FALSE,FALSE,FALSE,FALSE,FALSE,FALSE,NA,United States,male,light heavyweight,16,16,6,1,1 KO 0 Sub 0 Dec,5,5 KO 0 Sub 0 Dec,-3,1,1508,37,30.3,0,7.2,2349,2544,2595,2020-05-13,L - Chase Sherman,2022-04-23,L - Tyson Pedro
Martin Day,1988-11-10,FALSE,FALSE,TRUE,FALSE,FALSE,FALSE,FALSE,NA,United States,male,"featherweight, bantamweight",16,16,4,0,0 KO 0 Sub 0 Dec,4,1 KO 1 Sub 2 Dec,-4,-1,2833,31.5,31.7,0,10,2245,2544,2688,2018-11-24,L - Pingyuan Liu,2021-02-06,L - Timur Valiev
Ronys Torres,1986-08-13,FALSE,FALSE,FALSE,FALSE,FALSE,FALSE,FALSE,NA,Brazil,male,lightweight,16,16,2,0,0 KO 0 Sub 0 Dec,2,0 KO 0 Sub 2 Dec,-2,-1,1800,23.6,28.2,0,6.5,2573,2543,2520,2010-02-06,L - Melvin Guillard,2010-03-31,L - Jacob Volkmann
Oleg Taktarov,1967-08-26,FALSE,FALSE,FALSE,TRUE,FALSE,FALSE,FALSE,NA,Russia,male,openweight,-1,16,9,6,0 KO 5 Sub 1 Dec,2,1 KO 0 Sub 1 Dec,-1,3,2692,28,NA,0,4.1,2511,2543,2333,1995-04-07,W - Ernie Verdicia,1995-12-16,L - Dan Severn
Cyril Asker,1985-12-24,FALSE,FALSE,FALSE,FALSE,FALSE,FALSE,FALSE,NA,France,male,heavyweight,16,16,5,2,1 KO 1 Sub 0 Dec,3,3 KO 0 Sub 0 Dec,-1,1,1020,31.4,29.2,0,9,2462,2543,2495,2016-04-10,L - Jared Cannonier,2018-02-10,L - Tai Tuivasa
Chad Reiner,1981-06-29,FALSE,FALSE,FALSE,FALSE,FALSE,FALSE,FALSE,NA,United States,male,welterweight,16,16,2,0,0 KO 0 Sub 0 Dec,2,1 KO 0 Sub 1 Dec,-2,-1,913,25.8,24.8,0,6.5,2117,2543,2483,2007-01-25,L - Josh Burkman,2007-06-12,L - Anthony Johnson
Lucio Linhares,1973-12-08,FALSE,FALSE,FALSE,FALSE,FALSE,FALSE,FALSE,NA,Brazil,male,middleweight,16,16,2,0,0 KO 0 Sub 0 Dec,2,1 KO 1 Sub 0 Dec,-2,-1,968,36.2,29.3,0,9,2583,2542,2709,2009-12-12,L - Rousimar Palhares,2010-03-31,L - Yushin Okami
Augusto Mendes,1983-03-03,FALSE,FALSE,FALSE,FALSE,FALSE,FALSE,FALSE,NA,Brazil,male,bantamweight,16,16,3,1,0 KO 0 Sub 1 Dec,2,1 KO 0 Sub 1 Dec,-1,1,2058,33.7,29.6,1,6,2497,2542,2735,2016-02-21,L - Cody Garbrandt,2017-04-15,L - Aljamain Sterling
Grigorii Popov,1984-04-18,FALSE,FALSE,FALSE,FALSE,FALSE,FALSE,FALSE,NA,Russia,male,bantamweight,16,16,2,0,0 KO 0 Sub 0 Dec,2,1 KO 0 Sub 1 Dec,-2,-1,1487,35.3,34.4,0,12.5,2497,2542,2602,2019-06-08,L - Eddie Wineland,2019-11-09,L - Davey Grant
Jake Rosholt,1982-09-02,FALSE,FALSE,FALSE,FALSE,FALSE,TRUE,FALSE,NA,United States,male,middleweight,16,16,3,1,0 KO 1 Sub 0 Dec,2,0 KO 2 Sub 0 Dec,-1,1,992,26.9,27.9,1,5.3,2403,2542,2673,2009-02-07,L - Dan Miller,2009-11-21,L - Kendall Grove
Keith Wisniewski,1981-10-25,FALSE,FALSE,FALSE,FALSE,FALSE,FALSE,FALSE,NA,United States,male,welterweight,16,16,4,0,0 KO 0 Sub 0 Dec,4,1 KO 0 Sub 3 Dec,-4,-1,3300,29.1,30.5,0,9.5,2447,2541,2609,2005-11-19,L - Nick Thompson,2013-09-04,L - Ivan Jorge
Zelim Imadaev,1995-01-25,FALSE,FALSE,FALSE,FALSE,FALSE,FALSE,FALSE,NA,Russia,male,welterweight,16,16,3,0,0 KO 0 Sub 0 Dec,3,1 KO 1 Sub 1 Dec,-3,-1,2373,24.9,30.9,0,4.7,2370,2541,2603,2019-04-13,L - Max Griffin,2020-09-05,L - Michel Pereira
Edwin Figueroa,1984-07-31,FALSE,FALSE,FALSE,FALSE,FALSE,FALSE,FALSE,NA,United States,male,bantamweight,16,16,6,2,1 KO 0 Sub 1 Dec,4,1 KO 0 Sub 3 Dec,-3,2,4510,28,28.4,1,9.3,2337,2541,2546,2011-03-26,L - Michael McDonald,2013-11-16,L - Erik Perez
John Allan,1993-02-22,FALSE,FALSE,TRUE,FALSE,FALSE,FALSE,FALSE,NA,Brazil,male,light heavyweight,16,16,3,0,0 KO 0 Sub 0 Dec,2,0 KO 0 Sub 2 Dec,-2,0,2700,27.6,32.2,0,7.3,2630,2540,2739,2019-07-13,NC - Mike Rodriguez,2021-11-06,L - Dustin Jacoby
Will Campuzano,1986-05-27,FALSE,FALSE,FALSE,FALSE,FALSE,TRUE,FALSE,NA,Mexico,male,"flyweight, bantamweight",16,16,4,0,0 KO 0 Sub 0 Dec,4,0 KO 1 Sub 3 Dec,-4,-1,3573,26.1,23.9,0,10.5,2457,2540,2535,2010-12-04,L - Nick Pace,2014-03-15,L - Justin Scoggins
Erik Silva,1987-03-16,FALSE,FALSE,TRUE,FALSE,FALSE,FALSE,FALSE,NA,"Costa Rica, Venezuela",male,featherweight,16,16,3,0,0 KO 0 Sub 0 Dec,3,1 KO 2 Sub 0 Dec,-3,-1,1014,37.2,29.7,0,11.7,2430,2540,2642,2022-12-10,L - TJ Brown,2026-02-28,L - Francis Marshall
Cameron Else,1987-04-27,FALSE,FALSE,FALSE,FALSE,FALSE,FALSE,FALSE,NA,"United Kingdom, England",male,bantamweight,16,16,2,0,0 KO 0 Sub 0 Dec,2,2 KO 0 Sub 0 Dec,-2,-1,512,34.2,27.1,0,6,2424,2540,2603,2020-10-03,L - Kyler Phillips,2022-04-23,L - Aoriqileng
Fabio Cherant,1994-11-25,FALSE,FALSE,TRUE,FALSE,FALSE,FALSE,FALSE,NA,United States,male,light heavyweight,16,16,3,0,0 KO 0 Sub 0 Dec,3,1 KO 1 Sub 1 Dec,-3,-1,1209,26.8,32.7,0,8.3,2373,2540,2596,2021-03-27,L - Alonzo Menifield,2022-02-12,L - Carlos Ulberg
Akbarh Arreola,1983-01-14,TRUE,FALSE,FALSE,FALSE,FALSE,FALSE,FALSE,NA,Mexico,male,lightweight,16,16,4,1,0 KO 1 Sub 0 Dec,3,1 KO 0 Sub 2 Dec,-2,1,2512,32.1,30.8,0,8,2475,2538,2624,2014-07-26,L - Tiago Trator,2015-11-14,L - Jake Matthews
Lauren Mueller,1991-11-15,FALSE,FALSE,TRUE,FALSE,FALSE,FALSE,FALSE,NA,United States,female,women's flyweight,16,16,4,1,0 KO 0 Sub 1 Dec,3,0 KO 1 Sub 2 Dec,-3,1,2940,27.2,27.3,0,10.5,2285,2538,2455,2018-04-14,W - Shana Dobson,2019-10-12,L - JJ Aldrich
Semmy Schilt,1973-10-27,FALSE,FALSE,FALSE,TRUE,FALSE,FALSE,FALSE,NA,Netherlands,male,heavyweight,16,16,2,1,1 KO 0 Sub 0 Dec,1,0 KO 1 Sub 0 Dec,-1,1,647,27.6,24.7,0,4,2646,2537,2630,2001-05-04,W - Pete Williams,2001-06-29,L - Josh Barnett
Rin Nakai,1986-10-22,FALSE,FALSE,FALSE,FALSE,FALSE,FALSE,FALSE,NA,Japan,female,women's bantamweight,16,16,2,0,0 KO 0 Sub 0 Dec,2,0 KO 0 Sub 2 Dec,-2,-1,1800,28.7,30.8,0,6.5,2600,2537,2524,2014-09-20,L - Miesha Tate,2016-03-19,L - Leslie Smith
Louis Gaudinot,1984-08-28,TRUE,FALSE,FALSE,FALSE,FALSE,FALSE,FALSE,NA,United States,male,flyweight,6,16,5,1,0 KO 1 Sub 0 Dec,3,1 KO 0 Sub 2 Dec,-1,1,3185,28.8,26.5,1,6.6,2510,2537,2585,2011-12-03,L - Johnny Bedford,2015-01-03,L - Kyoji Horiguchi
Ben Earwood,NA,FALSE,FALSE,FALSE,FALSE,FALSE,FALSE,FALSE,NA,United States,male,lightweight,16,16,1,1,0 KO 0 Sub 1 Dec,0,0 KO 0 Sub 0 Dec,1,1,600,NA,26.2,0,7,2573,2536,2378,2000-11-17,W - Chris Lytle,2000-11-17,W - Chris Lytle
Jarno Errens,1994-11-17,FALSE,FALSE,FALSE,FALSE,FALSE,FALSE,FALSE,NA,Netherlands,male,featherweight,16,16,4,1,0 KO 0 Sub 1 Dec,3,0 KO 1 Sub 2 Dec,-1,1,2932,28.9,28.7,1,9.2,2512,2536,2643,2022-09-03,L - William Gomis,2024-08-10,L - Youssef Zalal
Matt Arroyo,1982-09-01,TRUE,FALSE,FALSE,FALSE,FALSE,FALSE,FALSE,NA,United States,male,welterweight,16,16,3,1,0 KO 1 Sub 0 Dec,2,1 KO 0 Sub 1 Dec,-2,1,1702,25.8,27.9,1,8,2341,2536,2325,2007-12-08,W - John Kolosci,2009-01-31,L - Dan Cramer
Irina Alekseeva,1990-06-27,FALSE,FALSE,FALSE,FALSE,FALSE,FALSE,FALSE,NA,Russia,female,women's bantamweight,16,16,4,1,0 KO 1 Sub 0 Dec,3,0 KO 1 Sub 2 Dec,-3,1,2365,34.1,32,0,9.2,2286,2536,2524,2023-04-29,W - Stephanie Egger,2025-10-11,L - Bia Mesquita
Martin Svensson,1985-04-25,TRUE,FALSE,FALSE,FALSE,FALSE,FALSE,FALSE,NA,Sweden,male,lightweight,16,16,1,0,0 KO 0 Sub 0 Dec,1,1 KO 0 Sub 0 Dec,-1,-1,386,30.8,26.8,0,13,2595,2534,2570,2016-02-27,L - David Teymur,2016-02-27,L - David Teymur
Pascal Krauss,1987-04-19,FALSE,FALSE,FALSE,FALSE,FALSE,FALSE,FALSE,NA,Germany,male,welterweight,16,16,4,2,0 KO 0 Sub 2 Dec,2,1 KO 0 Sub 1 Dec,-1,1,2938,25.2,NA,2,7.2,2483,2534,2524,2010-11-13,W - Mark Scanlon,2013-08-31,L - Hyun Gyu Lim
Nam Phan,1983-03-13,TRUE,FALSE,FALSE,FALSE,TRUE,TRUE,FALSE,NA,United States,male,"bantamweight, featherweight",16,16,8,2,0 KO 0 Sub 2 Dec,6,0 KO 0 Sub 6 Dec,-3,1,7200,29.3,31,2,6.5,2325,2534,2594,2010-12-04,L - Leonard Garcia,2014-03-01,L - Vaughan Lee
Aalon Cruz,1989-09-20,FALSE,FALSE,TRUE,FALSE,FALSE,FALSE,FALSE,NA,United States,male,"lightweight, featherweight",16,16,2,0,0 KO 0 Sub 0 Dec,2,2 KO 0 Sub 0 Dec,-2,-1,185,31,27.3,0,12.5,2611,2533,2664,2020-02-29,L - Spike Carlyle,2021-03-06,L - Uros Medic
SeungGuk Choi,1996-12-26,FALSE,TRUE,FALSE,FALSE,FALSE,FALSE,FALSE,NA,South Korea,male,flyweight,16,16,1,0,0 KO 0 Sub 0 Dec,1,0 KO 1 Sub 0 Dec,-1,-1,791,26.1,27.3,0,9,2475,2533,2648,2023-02-04,L - HyunSung Park,2023-02-04,L - HyunSung Park
Rory Singer,1976-05-28,TRUE,FALSE,FALSE,TRUE,FALSE,FALSE,FALSE,NA,United States,male,middleweight,16,16,4,2,0 KO 1 Sub 1 Dec,2,1 KO 1 Sub 0 Dec,-2,2,2285,30.5,28.8,1,5.8,2390,2533,2457,2006-06-24,W - Ross Pointon,2007-06-16,L - Jason MacDonald
Pete Sell,1982-08-05,TRUE,FALSE,FALSE,FALSE,FALSE,FALSE,FALSE,NA,United States,male,"welterweight, middleweight",16,16,7,2,0 KO 1 Sub 1 Dec,5,4 KO 0 Sub 1 Dec,-1,1,3942,24.6,29.6,1,5.1,2293,2533,2501,2005-02-05,W - Phil Baroni,2009-03-07,L - Matt Brown
Cole Escovedo,1981-08-30,FALSE,FALSE,FALSE,FALSE,TRUE,TRUE,FALSE,NA,United States,male,bantamweight,16,16,3,0,0 KO 0 Sub 0 Dec,3,1 KO 0 Sub 2 Dec,-3,-1,2370,30,25.2,0,9,2281,2533,2507,2011-05-28,L - Renan Barao,2011-11-12,L - Alex Caceres
Luis Pajuelo,1994-12-12,FALSE,FALSE,TRUE,FALSE,FALSE,FALSE,FALSE,NA,Peru,male,featherweight,16,16,1,0,0 KO 0 Sub 0 Dec,1,0 KO 1 Sub 0 Dec,-1,-1,165,29.3,27.3,0,6,2532,2532,2654,2024-03-23,L - Fernando Padilla,2024-03-23,L - Fernando Padilla
Matt Grice,1981-07-29,FALSE,FALSE,FALSE,FALSE,FALSE,FALSE,FALSE,NA,United States,male,featherweight,16,16,7,2,0 KO 0 Sub 2 Dec,5,2 KO 2 Sub 1 Dec,-1,1,3699,28.5,28.6,2,8.3,2532,2532,2484,2007-04-21,L - Terry Etim,2013-02-23,L - Dennis Bermudez
Marcelo Rojo,1988-07-02,TRUE,FALSE,FALSE,FALSE,FALSE,FALSE,FALSE,NA,Argentina,male,"featherweight, bantamweight",16,16,3,0,0 KO 0 Sub 0 Dec,3,2 KO 1 Sub 0 Dec,-3,-1,1953,33.6,25.2,0,9.7,2483,2532,2719,2021-03-13,L - Charles Jourdain,2022-12-03,L - Francis Marshall
Devin Powell,1988-03-01,FALSE,FALSE,FALSE,FALSE,FALSE,FALSE,FALSE,NA,United States,male,lightweight,16,16,4,1,1 KO 0 Sub 0 Dec,3,0 KO 0 Sub 3 Dec,-1,1,2812,29.8,27.3,0,9.8,2429,2532,2550,2017-01-15,L - Drakkar Klose,2018-11-17,L - Jesus Pinedo
Lewis Gonzalez,1987-09-19,FALSE,FALSE,FALSE,FALSE,FALSE,FALSE,FALSE,NA,United States,NA,,16,16,1,0,0 KO 0 Sub 0 Dec,1,0 KO 0 Sub 1 Dec,-1,-1,900,27.8,29.6,0,7,2393,2532,2581,2015-06-27,L - Leandro Silva,2015-06-27,L - Leandro Silva
Travis Fulton,1977-05-29,FALSE,FALSE,FALSE,FALSE,FALSE,TRUE,FALSE,NA,United States,male,heavyweight,16,16,2,1,0 KO 0 Sub 1 Dec,1,0 KO 1 Sub 0 Dec,1,1,988,22,24.8,0,5.5,2306,2532,2402,1999-05-07,L - Pete Williams,1999-07-16,W - David Dodd
Joey Gambino,1988-10-26,FALSE,FALSE,FALSE,FALSE,FALSE,FALSE,FALSE,NA,United States,male,featherweight,16,16,2,0,0 KO 0 Sub 0 Dec,2,0 KO 1 Sub 1 Dec,-2,-1,1067,23.8,25.4,0,8.5,2476,2531,2705,2012-06-22,L - Steven Siler,2012-10-13,L - Diego Brandao
Ivana Petrovic,1994-06-11,FALSE,FALSE,FALSE,FALSE,FALSE,FALSE,FALSE,NA,"Croatia, Norway",female,women's flyweight,16,16,4,1,0 KO 1 Sub 0 Dec,3,0 KO 0 Sub 3 Dec,-2,1,3389,30.1,30.3,0,12,2465,2531,2440,2023-07-01,L - Luana Carolina,2025-05-03,L - Juliana Miller
Jose Maria Tome,1982-01-04,FALSE,FALSE,FALSE,FALSE,FALSE,FALSE,FALSE,NA,Brazil,male,flyweight,16,16,2,0,0 KO 0 Sub 0 Dec,2,2 KO 0 Sub 0 Dec,-2,-1,1162,31.7,24,0,8,2443,2531,2577,2013-08-03,L - John Lineker,2013-11-09,L - Dustin Ortiz
Curt Warburton,NA,FALSE,FALSE,FALSE,FALSE,FALSE,FALSE,FALSE,NA,"United Kingdom, England",male,lightweight,16,16,3,1,0 KO 0 Sub 1 Dec,2,0 KO 1 Sub 1 Dec,-1,1,1918,NA,30.5,0,9.3,2435,2531,2644,2010-10-16,L - Spencer Fisher,2011-06-26,L - Joe Lauzon
Guangyou Ning,1981-12-15,FALSE,FALSE,FALSE,FALSE,FALSE,FALSE,FALSE,NA,China,male,"featherweight, bantamweight",16,16,4,2,1 KO 0 Sub 1 Dec,2,0 KO 0 Sub 2 Dec,-2,2,3299,33.8,27.7,0,9,2359,2531,2414,2014-08-22,W - Jianping Yang,2016-11-26,L - Marlon Vera
LaVerne Clark,1973-12-02,FALSE,FALSE,FALSE,FALSE,FALSE,FALSE,FALSE,NA,United States,male,lightweight,16,16,5,4,2 KO 1 Sub 1 Dec,1,0 KO 1 Sub 0 Dec,-1,4,1557,25.6,NA,0,6,2214,2531,2258,1998-03-13,W - Josh Stuart,2000-09-22,L - Fabiano Iha
Dylan Budka,2000-01-14,FALSE,FALSE,TRUE,FALSE,FALSE,FALSE,FALSE,NA,United States,male,middleweight,16,16,3,0,0 KO 0 Sub 0 Dec,3,2 KO 0 Sub 1 Dec,-3,-1,1427,24.7,32.2,0,8.3,2437,2530,2657,2024-04-06,L - Cesar Almeida,2025-02-15,L - Edmen Shahbazyan
Jess Liaudin,1973-12-21,FALSE,FALSE,FALSE,FALSE,FALSE,FALSE,FALSE,NA,France,male,"lightweight, welterweight",16,16,5,2,1 KO 1 Sub 0 Dec,3,1 KO 0 Sub 2 Dec,-3,2,2193,34.1,29.9,0,7.8,2595,2529,2480,2007-04-21,W - Dennis Siver,2008-10-18,L - David Bielkheden
Erick Gonzalez,1992-01-20,FALSE,FALSE,FALSE,FALSE,FALSE,FALSE,FALSE,NA,"Mexico, United States",male,lightweight,16,16,3,0,0 KO 0 Sub 0 Dec,3,2 KO 1 Sub 0 Dec,-3,-1,750,30.5,31.4,0,4.7,2429,2529,2700,2021-10-16,L - Jim Miller,2023-02-25,L - Trevor Peek
Joe Brammer,1983-08-30,FALSE,FALSE,FALSE,FALSE,FALSE,FALSE,FALSE,NA,United States,male,lightweight,16,16,2,0,0 KO 0 Sub 0 Dec,2,0 KO 1 Sub 1 Dec,-2,-1,1116,26.5,28.8,0,10,2415,2528,2585,2009-12-05,L - Mark Bocek,2010-05-29,L - Aaron Riley
Roman Salazar,1988-02-21,FALSE,FALSE,FALSE,FALSE,FALSE,FALSE,FALSE,NA,United States,male,bantamweight,16,16,3,0,0 KO 0 Sub 0 Dec,2,0 KO 2 Sub 0 Dec,-1,0,1018,27,30.2,0,8.3,2325,2528,2473,2014-10-04,L - Mitch Gagnon,2015-08-08,L - Marlon Vera
Ji Yeon Kim,1989-10-18,FALSE,FALSE,FALSE,FALSE,FALSE,FALSE,FALSE,NA,South Korea,female,women's flyweight,13,16,10,3,1 KO 0 Sub 2 Dec,7,0 KO 0 Sub 7 Dec,-5,2,8514,30.5,29.4,2,8.2,2264,2528,2430,2017-06-17,L - Lucie Pudilova,2023-05-13,L - Mandy Bohm
Kyle Bradley,1982-08-19,FALSE,FALSE,FALSE,FALSE,FALSE,FALSE,FALSE,NA,United States,male,lightweight,16,16,4,1,1 KO 0 Sub 0 Dec,3,2 KO 0 Sub 1 Dec,-1,1,1390,26.4,27.1,0,7.5,2203,2528,2563,2008-02-02,L - Chris Lytle,2010-01-11,L - Rafael Dos Anjos
Bernardo Magalhaes,1981-08-04,FALSE,FALSE,FALSE,FALSE,FALSE,FALSE,FALSE,NA,Brazil,male,lightweight,16,16,2,0,0 KO 0 Sub 0 Dec,2,0 KO 0 Sub 2 Dec,-2,-1,1800,30.7,28.4,0,10,2434,2527,2639,2012-02-15,L - Tim Means,2012-06-08,L - Henry Martinez
Amanda Cooper,1991-10-22,TRUE,FALSE,FALSE,FALSE,FALSE,FALSE,FALSE,NA,United States,female,women's strawweight,16,16,6,2,1 KO 0 Sub 1 Dec,4,0 KO 3 Sub 1 Dec,-2,1,2943,25.8,29.6,0,5.8,2427,2527,2437,2016-07-08,L - Tatiana Suarez,2018-11-10,L - Ashley Yoder
Denys Bondar,1992-06-27,FALSE,FALSE,FALSE,FALSE,FALSE,FALSE,FALSE,NA,Ukraine,male,flyweight,16,16,3,0,0 KO 0 Sub 0 Dec,3,1 KO 1 Sub 1 Dec,-3,-1,1580,30.7,28.7,0,10.7,2384,2527,2608,2022-02-05,L - Malcolm Gordon,2024-02-24,L - Ronaldo Rodriguez
Ashlee Evans-Smith,1987-07-09,FALSE,FALSE,FALSE,FALSE,FALSE,FALSE,FALSE,NA,United States,female,"women's bantamweight, women's flyweight",10,16,9,3,1 KO 0 Sub 2 Dec,6,0 KO 2 Sub 4 Dec,-3,2,6636,30.8,28.8,0,9.1,2206,2527,2436,2014-12-06,L - Raquel Pennington,2023-07-15,L - Ailin Perez
Marcio Alexandre Jr.,1989-05-03,TRUE,FALSE,TRUE,FALSE,FALSE,FALSE,FALSE,NA,Brazil,male,"welterweight, middleweight",16,16,3,0,0 KO 0 Sub 0 Dec,3,0 KO 1 Sub 2 Dec,-3,-1,2425,25.8,28.4,0,8.7,2517,2526,2671,2014-05-31,L - Warlley Alves,2015-12-12,L - Court McGee
Barb Honchak,1979-08-30,TRUE,FALSE,FALSE,FALSE,FALSE,FALSE,FALSE,NA,United States,female,women's flyweight,4,16,2,0,0 KO 0 Sub 0 Dec,2,1 KO 0 Sub 1 Dec,-2,-1,1412,38.6,35.1,0,4,2420,2526,2415,2017-12-01,L - Lauren Murphy,2018-07-06,L - Roxanne Modafferi
Dakota Bush,1994-06-09,FALSE,FALSE,FALSE,FALSE,FALSE,FALSE,FALSE,NA,United States,male,lightweight,16,16,2,0,0 KO 0 Sub 0 Dec,2,1 KO 0 Sub 1 Dec,-2,-1,1127,27.2,29.7,0,7,2709,2525,2632,2021-04-17,L - Austin Hubbard,2022-01-15,L - Viacheslav Borshchev
Tom Gallicchio,1986-09-22,TRUE,FALSE,FALSE,FALSE,FALSE,FALSE,FALSE,NA,United States,male,welterweight,16,16,1,0,0 KO 0 Sub 0 Dec,1,0 KO 0 Sub 1 Dec,-1,-1,900,30.8,31.1,0,8,2525,2525,2743,2017-07-07,L - James Krause,2017-07-07,L - James Krause
Michael Kuiper,1989-06-07,FALSE,FALSE,FALSE,FALSE,FALSE,FALSE,FALSE,NA,Netherlands,male,middleweight,16,16,4,1,1 KO 0 Sub 0 Dec,3,0 KO 2 Sub 1 Dec,-2,1,1958,23.5,28.4,0,10.2,2355,2525,2521,2012-02-04,L - Rafael Natal,2013-10-26,L - Brad Scott
Anton Zafir,1987-05-10,FALSE,FALSE,FALSE,FALSE,FALSE,FALSE,FALSE,NA,Australia,male,welterweight,16,16,2,0,0 KO 0 Sub 0 Dec,2,2 KO 0 Sub 0 Dec,-2,-1,442,28.8,27.9,0,12,2352,2525,2558,2015-11-14,L - James Moontasri,2016-07-08,L - Li Jingliang
Jesse Sanders,NA,FALSE,FALSE,FALSE,FALSE,FALSE,FALSE,FALSE,NA,United States,male,welterweight,16,16,1,0,0 KO 0 Sub 0 Dec,1,0 KO 1 Sub 0 Dec,-1,-1,121,NA,31.6,0,7,2265,2525,2809,2009-04-01,L - Brock Larson,2009-04-01,L - Brock Larson
Vince Cachero,1989-11-07,FALSE,FALSE,FALSE,FALSE,FALSE,FALSE,FALSE,NA,United States,male,"bantamweight, featherweight",16,16,2,0,0 KO 0 Sub 0 Dec,2,1 KO 0 Sub 1 Dec,-2,-1,1658,31,29.9,0,7.5,2449,2524,2669,2020-08-01,L - Jamall Emmers,2021-02-27,L - Ronnie Lawrence
Yanis Ghemmouri,1995-01-24,FALSE,FALSE,FALSE,FALSE,FALSE,FALSE,FALSE,NA,"Algeria, France",male,"bantamweight, featherweight",16,16,2,0,0 KO 0 Sub 0 Dec,2,2 KO 0 Sub 0 Dec,-2,-1,759,29,26,0,7,2596,2523,2740,2023-09-02,L - William Gomis,2024-06-29,L - Payton Talbott
Max Rohskopf,1994-09-27,FALSE,FALSE,FALSE,FALSE,FALSE,FALSE,FALSE,NA,United States,male,lightweight,16,16,1,0,0 KO 0 Sub 0 Dec,1,1 KO 0 Sub 0 Dec,-1,-1,600,25.7,28.5,0,12,2536,2523,2651,2020-06-20,L - Austin Hubbard,2020-06-20,L - Austin Hubbard
Juancamilo Ronderos,1995-02-17,FALSE,FALSE,FALSE,FALSE,FALSE,FALSE,FALSE,NA,"Colombia, United States",male,flyweight,16,16,2,0,0 KO 0 Sub 0 Dec,2,0 KO 2 Sub 0 Dec,-2,-1,331,27.1,27.8,0,11,2484,2523,2747,2021-05-22,L - David Dvorak,2023-02-18,L - Clayton Carpenter
Eiji Mitsuoka,1976-01-01,FALSE,FALSE,FALSE,TRUE,FALSE,FALSE,FALSE,NA,Japan,male,"featherweight, lightweight",16,16,2,0,0 KO 0 Sub 0 Dec,2,2 KO 0 Sub 0 Dec,-2,-1,666,36.4,30.7,0,9,2444,2523,2609,2012-02-25,L - Takanori Gomi,2012-08-11,L - Nik Lentz
Jutaro Nakao,1970-11-30,FALSE,FALSE,FALSE,TRUE,FALSE,FALSE,FALSE,NA,Japan,male,welterweight,16,16,2,1,1 KO 0 Sub 0 Dec,1,0 KO 0 Sub 1 Dec,-1,1,1215,31.1,27.9,0,7,2488,2522,2555,2001-09-28,W - Tony DeSouza,2002-03-22,L - Sean Sherk
Jay Perrin,1993-06-15,FALSE,FALSE,TRUE,FALSE,FALSE,FALSE,FALSE,NA,United States,male,bantamweight,16,16,3,0,0 KO 0 Sub 0 Dec,3,0 KO 1 Sub 2 Dec,-3,-1,1964,29.1,25.3,0,9.7,2443,2522,2596,2022-02-19,L - Mario Bautista,2022-12-10,L - Raul Rosas Jr.
Allan Zuniga,1992-04-04,TRUE,FALSE,FALSE,FALSE,FALSE,FALSE,FALSE,NA,Costa Rica,male,lightweight,16,16,1,0,0 KO 0 Sub 0 Dec,1,0 KO 0 Sub 1 Dec,-1,-1,900,26.3,32.6,0,9,2428,2522,2469,2018-07-06,L - John Gunther,2018-07-06,L - John Gunther
Carlton Minus,1993-04-26,FALSE,FALSE,FALSE,FALSE,FALSE,FALSE,FALSE,NA,United States,male,welterweight,16,16,2,0,0 KO 0 Sub 0 Dec,2,0 KO 0 Sub 2 Dec,-2,-1,1800,27.5,29.3,0,10,2494,2521,2635,2020-08-22,L - Matthew Semelsberger,2020-12-19,L - Christos Giagos
Jenel Lausa,1988-08-01,FALSE,FALSE,FALSE,FALSE,FALSE,FALSE,FALSE,NA,Philippines,male,flyweight,16,16,4,1,0 KO 0 Sub 1 Dec,3,0 KO 1 Sub 2 Dec,-3,1,3244,29,27.5,0,12.5,2357,2521,2583,2016-11-26,W - Zhikui Yao,2018-06-23,L - Ulka Sasaki
Henry Martinez,1983-08-07,FALSE,FALSE,FALSE,FALSE,FALSE,FALSE,FALSE,NA,United States,male,"lightweight, welterweight",16,16,3,1,0 KO 0 Sub 1 Dec,2,1 KO 0 Sub 1 Dec,-1,1,2277,28.9,28.1,0,9.3,2356,2521,2511,2012-02-04,L - Matt Riddle,2012-12-08,L - Daron Cruickshank
Yanan Wu,1996-04-18,FALSE,FALSE,FALSE,FALSE,FALSE,FALSE,FALSE,NA,China,female,women's bantamweight,16,16,6,1,0 KO 1 Sub 0 Dec,5,1 KO 0 Sub 4 Dec,-4,1,4384,24.1,27.6,1,5.8,2225,2521,2493,2017-11-25,L - Gina Mazany,2022-08-20,L - Lucie Pudilova
Reuben Duran,1983-07-02,FALSE,FALSE,FALSE,FALSE,FALSE,FALSE,FALSE,NA,United States,male,bantamweight,16,16,4,1,0 KO 1 Sub 0 Dec,3,1 KO 0 Sub 2 Dec,-2,1,2762,28.7,29.6,1,10,2653,2520,2465,2011-03-03,L - Takeya Mizugaki,2013-03-16,L - George Roop
Josh Parisian,1989-06-28,TRUE,FALSE,TRUE,FALSE,FALSE,FALSE,FALSE,NA,United States,male,heavyweight,16,16,7,2,1 KO 0 Sub 1 Dec,5,2 KO 1 Sub 2 Dec,-3,1,4259,33,32.8,1,7.6,2330,2520,2533,2020-11-28,L - Parker Porter,2024-03-09,L - Robelis Despaigne
Antonio Banuelos,1979-09-23,FALSE,FALSE,FALSE,FALSE,FALSE,TRUE,FALSE,NA,United States,male,bantamweight,16,16,1,0,0 KO 0 Sub 0 Dec,1,0 KO 0 Sub 1 Dec,-1,-1,900,31.4,30,0,5,2206,2520,2693,2011-02-05,L - Miguel Torres,2011-02-05,L - Miguel Torres
Igor Severino,2003-04-21,FALSE,FALSE,TRUE,FALSE,FALSE,FALSE,FALSE,NA,Brazil,male,flyweight,16,16,1,0,NA,1,NA,-1,-1,472,20.9,25.1,0,12,2774,2519,2565,2024-03-23,L - Andre Lima,2024-03-23,L - Andre Lima
Alan Omer,1988-09-14,FALSE,FALSE,FALSE,FALSE,FALSE,FALSE,FALSE,NA,Germany,male,featherweight,16,16,2,0,0 KO 0 Sub 0 Dec,2,0 KO 1 Sub 1 Dec,-2,-1,1601,26.2,24.4,0,7,2760,2519,2659,2014-04-11,L - Jim Alers,2015-06-20,L - Arnold Allen
Cody Donovan,1981-02-20,FALSE,FALSE,FALSE,FALSE,FALSE,FALSE,FALSE,NA,United States,male,light heavyweight,16,16,4,1,1 KO 0 Sub 0 Dec,3,3 KO 0 Sub 0 Dec,-3,1,1081,32.6,28.4,1,10.8,2305,2519,2533,2012-12-14,W - Nick Penner,2014-07-19,L - Nikita Krylov
Jorge Lopez,1988-11-21,FALSE,FALSE,FALSE,FALSE,FALSE,FALSE,FALSE,NA,United States,male,welterweight,16,16,2,0,0 KO 0 Sub 0 Dec,2,0 KO 0 Sub 2 Dec,-2,-1,1800,23.2,30.2,0,7,2297,2519,2493,2011-09-17,L - Justin Edwards,2012-05-15,L - Amir Sadollah
Hannah Cifers,1992-06-26,FALSE,FALSE,FALSE,FALSE,FALSE,FALSE,FALSE,NA,United States,female,"women's flyweight, women's strawweight",16,16,7,2,0 KO 0 Sub 2 Dec,5,2 KO 3 Sub 0 Dec,-4,2,3498,27.4,27.5,0,7.4,2274,2519,2513,2018-11-10,L - Maycee Barber,2020-08-29,L - Mallory Martin
Vanessa Melo,1988-03-27,FALSE,FALSE,FALSE,FALSE,FALSE,FALSE,FALSE,NA,Brazil,female,women's bantamweight,16,16,4,1,0 KO 0 Sub 1 Dec,3,0 KO 0 Sub 3 Dec,1,1,3600,32.1,28.9,0,9.2,2222,2519,2528,2019-09-21,L - Irene Aldana,2021-01-16,W - Sarah Moras
Boston Salmon,1990-11-20,FALSE,FALSE,TRUE,FALSE,FALSE,FALSE,FALSE,NA,United States,male,bantamweight,16,16,2,0,0 KO 0 Sub 0 Dec,2,2 KO 0 Sub 0 Dec,-2,-1,160,28.7,26.2,0,9.5,2525,2518,2456,2019-04-13,L - Khalid Taha,2019-10-18,L - Randy Costa
Montserrat Rendon,1989-03-16,FALSE,FALSE,FALSE,FALSE,FALSE,FALSE,FALSE,NA,Mexico,female,women's bantamweight,16,16,4,2,0 KO 0 Sub 2 Dec,2,0 KO 1 Sub 1 Dec,-1,1,2827,35.8,27,0,11.8,2391,2518,2541,2023-09-23,W - Tamires Vidal,2026-03-14,L - Bia Mesquita
Estevan Payan,1982-04-03,FALSE,FALSE,FALSE,FALSE,TRUE,FALSE,FALSE,NA,United States,male,featherweight,16,16,3,0,0 KO 0 Sub 0 Dec,3,2 KO 0 Sub 1 Dec,-3,-1,1600,31.6,26.8,0,10.3,2153,2518,2549,2013-05-25,L - Jeremy Stephens,2014-04-19,L - Alex White
Mark Eddiva,1986-02-16,FALSE,FALSE,FALSE,FALSE,FALSE,FALSE,FALSE,NA,Philippines,male,featherweight,16,16,4,1,0 KO 0 Sub 1 Dec,3,1 KO 1 Sub 1 Dec,-3,1,2476,28.9,27.5,1,7.8,2411,2517,2636,2014-03-01,W - Zhumabek Tursyn,2016-03-19,L - Dan Hooker
Marco Ruas,1961-01-23,FALSE,FALSE,FALSE,TRUE,FALSE,FALSE,FALSE,NA,Brazil,male,"heavyweight, openweight",-1,16,6,4,1 KO 3 Sub 0 Dec,2,1 KO 0 Sub 1 Dec,-2,4,3286,35.4,NA,0,4,2225,2517,2299,1995-09-08,W - Larry Cureton,1999-07-16,L - Maurice Smith
Alberto Crane,1976-07-14,FALSE,FALSE,FALSE,FALSE,FALSE,FALSE,FALSE,NA,United States,male,lightweight,16,16,2,0,0 KO 0 Sub 0 Dec,2,2 KO 0 Sub 0 Dec,-2,-1,1125,31.3,26.5,0,4,2455,2516,2721,2007-08-25,L - Roger Huerta,2008-01-23,L - Kurt Pellegrino
Alex Gorgees,1995-08-11,FALSE,FALSE,FALSE,FALSE,FALSE,FALSE,FALSE,NA,Australia,male,lightweight,16,16,1,0,0 KO 0 Sub 0 Dec,1,0 KO 0 Sub 1 Dec,-1,-1,900,23.3,27.8,0,12,2515,2515,3004,2018-12-01,L - Damir Ismagulov,2018-12-01,L - Damir Ismagulov
Justin Buchholz,1983-08-22,FALSE,FALSE,FALSE,FALSE,FALSE,FALSE,FALSE,NA,United States,male,lightweight,16,16,5,1,0 KO 1 Sub 0 Dec,4,1 KO 2 Sub 1 Dec,-3,1,2274,25.5,26.2,0,7.8,2415,2515,2497,2008-01-23,L - Matt Wiman,2010-02-06,L - Mac Danzig
Marcus LeVesseur,1982-07-17,FALSE,FALSE,FALSE,FALSE,FALSE,FALSE,FALSE,NA,United States,male,lightweight,16,16,3,1,0 KO 0 Sub 1 Dec,2,1 KO 1 Sub 0 Dec,-1,1,1621,30.1,28.3,0,8,2399,2515,2503,2012-05-15,L - Cody McKenzie,2012-12-08,L - Abel Trujillo
Ricardo Funch,1980-08-14,FALSE,FALSE,FALSE,FALSE,FALSE,FALSE,FALSE,NA,Brazil,male,welterweight,16,16,4,0,0 KO 0 Sub 0 Dec,4,1 KO 2 Sub 1 Dec,-4,-1,2182,30.6,30.9,0,9.5,2370,2515,2651,2009-12-12,L - Johny Hendricks,2012-06-22,L - Dan Miller
Romie Aram,1977-12-02,FALSE,FALSE,FALSE,FALSE,FALSE,FALSE,FALSE,NA,"Afghanistan, Canada",male,welterweight,16,16,1,0,0 KO 0 Sub 0 Dec,1,0 KO 0 Sub 1 Dec,-1,-1,900,25.4,33.8,0,3,2532,2514,2509,2003-04-25,L - Dave Strasser,2003-04-25,L - Dave Strasser
Nadia Kassem,1995-11-15,FALSE,FALSE,FALSE,FALSE,FALSE,FALSE,FALSE,NA,Australia,female,women's flyweight,16,16,3,1,0 KO 0 Sub 1 Dec,2,1 KO 1 Sub 0 Dec,-2,1,1956,23,31,0,8.3,2299,2514,2390,2017-11-18,W - Alex Chambers,2019-10-05,L - Ji Yeon Kim
Brian Cobb,1980-09-03,FALSE,FALSE,FALSE,FALSE,FALSE,FALSE,FALSE,NA,United States,male,lightweight,16,16,1,0,0 KO 0 Sub 0 Dec,1,1 KO 0 Sub 0 Dec,-1,-1,310,28.5,23.1,0,6,2446,2513,2448,2009-02-21,L - Terry Etim,2009-02-21,L - Terry Etim
Nick Denis,1983-10-11,FALSE,FALSE,FALSE,FALSE,FALSE,FALSE,FALSE,NA,Canada,male,bantamweight,16,16,2,1,1 KO 0 Sub 0 Dec,1,0 KO 1 Sub 0 Dec,-1,1,321,28.4,27,1,10.5,2387,2513,2394,2012-01-20,W - Joseph Sandoval,2012-05-05,L - Roland Delorme
Dustin Pague,1987-08-05,TRUE,FALSE,FALSE,FALSE,FALSE,FALSE,FALSE,NA,United States,male,bantamweight,16,16,6,1,0 KO 1 Sub 0 Dec,5,2 KO 0 Sub 3 Dec,-4,1,3501,25.2,27.3,0,10,2173,2513,2534,2011-12-03,L - John Albert,2013-10-19,L - Kyoji Horiguchi
Dale Hartt,1979-04-04,FALSE,FALSE,FALSE,FALSE,FALSE,FALSE,FALSE,NA,United States,male,lightweight,16,16,3,1,1 KO 0 Sub 0 Dec,2,0 KO 2 Sub 0 Dec,-1,1,736,29.7,29.1,0,8.7,2318,2512,2452,2008-07-19,L - Shannon Gugerty,2009-06-13,L - Dennis Siver
Sabah Homasi,1988-10-19,TRUE,FALSE,FALSE,FALSE,TRUE,FALSE,FALSE,NA,United States,male,welterweight,16,16,3,0,0 KO 0 Sub 0 Dec,3,3 KO 0 Sub 0 Dec,-3,-1,964,28.7,32.4,0,7.7,2683,2511,2744,2016-08-20,L - Tim Means,2018-01-20,L - Abdul Razak Alhassan
Collin Anglin,1993-02-20,FALSE,FALSE,TRUE,FALSE,FALSE,FALSE,FALSE,NA,United States,male,featherweight,16,16,2,0,0 KO 0 Sub 0 Dec,2,2 KO 0 Sub 0 Dec,-2,-1,680,28.6,29.5,0,6,2203,2511,2584,2021-07-31,L - Melsik Baghdasaryan,2021-11-13,L - Sean Woodson
Iliarde Santos,1980-09-25,FALSE,FALSE,FALSE,FALSE,FALSE,FALSE,FALSE,NA,Brazil,male,"flyweight, bantamweight",16,16,3,0,0 KO 0 Sub 0 Dec,3,2 KO 0 Sub 1 Dec,-3,-1,1622,32.8,31.5,1,9,2183,2510,2601,2013-05-18,L - Iuri Alcantara,2013-10-09,L - Chris Cariaso
Juan Manuel Puig,1989-04-23,FALSE,FALSE,FALSE,FALSE,FALSE,FALSE,FALSE,NA,Mexico,male,"featherweight, lightweight",16,16,2,0,0 KO 0 Sub 0 Dec,2,2 KO 0 Sub 0 Dec,-2,-1,159,25.4,27.8,0,10,2400,2509,2571,2014-07-06,L - Adriano Martins,2014-11-22,L - Dooho Choi
Royston Wee,1986-11-15,FALSE,FALSE,FALSE,FALSE,FALSE,FALSE,FALSE,NA,Singapore,male,bantamweight,16,16,3,2,0 KO 0 Sub 2 Dec,1,1 KO 0 Sub 0 Dec,-1,2,2399,27.8,31,0,8.7,2358,2509,2383,2014-01-04,W - Dave Galera,2015-05-16,L - Guangyou Ning
Willamy Freire,1987-07-28,FALSE,FALSE,FALSE,FALSE,FALSE,FALSE,FALSE,NA,Brazil,male,lightweight,16,16,1,0,0 KO 0 Sub 0 Dec,1,0 KO 0 Sub 1 Dec,-1,-1,900,23.5,30.2,0,9,2351,2509,2500,2011-01-22,L - Waylon Lowe,2011-01-22,L - Waylon Lowe
Shunichi Shimizu,1985-01-31,FALSE,FALSE,FALSE,FALSE,FALSE,FALSE,FALSE,NA,Japan,male,bantamweight,16,16,1,0,0 KO 0 Sub 0 Dec,1,0 KO 1 Sub 0 Dec,-1,-1,833,28.9,26.3,0,4,2297,2509,2449,2014-01-04,L - Kyung Ho Kang,2014-01-04,L - Kyung Ho Kang
Liudvik Sholinian,1990-01-20,TRUE,FALSE,FALSE,FALSE,FALSE,FALSE,FALSE,NA,"Armenia, Ukraine",male,bantamweight,16,16,2,0,0 KO 0 Sub 0 Dec,2,0 KO 0 Sub 2 Dec,-2,-1,1800,32.2,28.1,0,8,2425,2508,2744,2021-09-04,L - Jack Shore,2022-11-05,L - Johnny Munoz
Ryan Couture,1982-08-27,FALSE,FALSE,FALSE,FALSE,TRUE,FALSE,FALSE,NA,United States,male,lightweight,16,16,2,0,0 KO 0 Sub 0 Dec,2,1 KO 0 Sub 1 Dec,-2,-1,1425,30.8,27.4,0,6.5,2530,2507,2727,2013-04-06,L - Ross Pearson,2013-08-31,L - Al Iaquinta
Steven Kennedy,1983-03-07,FALSE,FALSE,FALSE,FALSE,FALSE,FALSE,FALSE,NA,Australia,male,welterweight,16,16,2,0,0 KO 0 Sub 0 Dec,2,0 KO 1 Sub 1 Dec,-2,-1,1077,32.5,27.7,0,7,2436,2507,2493,2015-06-20,L - Peter Sobotta,2015-11-14,L - Richard Walsh
Tom DeBlass,1982-05-14,FALSE,FALSE,FALSE,FALSE,FALSE,FALSE,FALSE,NA,United States,male,"middleweight, light heavyweight",16,16,2,0,0 KO 0 Sub 0 Dec,2,0 KO 0 Sub 2 Dec,-2,-1,1800,30.2,35.2,0,8.5,2409,2507,2479,2012-04-14,L - Cyrille Diabate,2012-11-10,L - Riki Fukuda
Anthony Torres,1978-07-31,TRUE,FALSE,FALSE,FALSE,FALSE,FALSE,FALSE,NA,United States,male,welterweight,16,16,2,1,0 KO 1 Sub 0 Dec,1,1 KO 0 Sub 0 Dec,-1,1,407,28.6,28.4,0,9,2217,2507,2528,2006-08-17,W - Pat Healy,2007-09-08,L - Jess Liaudin
John Gunderson,1980-05-01,FALSE,FALSE,FALSE,FALSE,FALSE,FALSE,FALSE,NA,United States,male,lightweight,16,16,3,1,0 KO 0 Sub 1 Dec,2,0 KO 0 Sub 2 Dec,-1,1,2700,30.1,28.9,0,7,2418,2506,2480,2010-01-02,L - Rafaello Oliveira,2010-09-15,L - Yves Edwards
Douglas Evans,1980-10-10,FALSE,FALSE,FALSE,FALSE,FALSE,FALSE,FALSE,NA,United States,male,lightweight,16,16,2,0,0 KO 0 Sub 0 Dec,2,1 KO 0 Sub 1 Dec,-2,-1,1410,27,25.1,0,7,2356,2506,2607,2007-06-23,L - Roger Huerta,2007-12-29,L - Mark Bocek
Lukasz Sajewski,1990-11-27,FALSE,FALSE,FALSE,FALSE,FALSE,FALSE,FALSE,NA,Poland,male,lightweight,16,16,3,0,0 KO 0 Sub 0 Dec,3,1 KO 1 Sub 1 Dec,-3,-1,1777,25.3,28.2,0,7.7,2353,2506,2685,2015-06-20,L - Nick Hein,2016-10-08,L - Marc Diakiese
Per Eklund,1980-11-12,FALSE,FALSE,FALSE,FALSE,FALSE,FALSE,FALSE,NA,Sweden,male,lightweight,16,16,3,1,0 KO 1 Sub 0 Dec,2,1 KO 0 Sub 1 Dec,-1,1,1741,27.8,27.9,0,8.3,2228,2506,2437,2008-01-19,L - Sam Stout,2009-02-21,L - Evan Dunham
Walel Watson,1984-07-16,FALSE,FALSE,FALSE,FALSE,FALSE,FALSE,FALSE,NA,United States,male,bantamweight,16,16,4,1,1 KO 0 Sub 0 Dec,3,0 KO 1 Sub 2 Dec,-3,1,1946,27.6,28,0,8.8,2154,2506,2510,2011-10-01,W - Joseph Sandoval,2012-09-22,L - Mitch Gagnon
Antonio Braga Neto,1987-10-29,FALSE,FALSE,FALSE,FALSE,FALSE,FALSE,FALSE,NA,Brazil,male,middleweight,16,16,3,1,0 KO 1 Sub 0 Dec,2,1 KO 0 Sub 1 Dec,-2,1,1759,27.5,25.9,0,10,2462,2505,2670,2013-06-08,W - Anthony Smith,2017-12-09,L - Trevin Giles
Reese Andy,1973-03-31,FALSE,FALSE,FALSE,FALSE,FALSE,FALSE,FALSE,NA,United States,male,light heavyweight,16,16,2,0,0 KO 0 Sub 0 Dec,2,1 KO 0 Sub 1 Dec,-2,-1,1339,35.5,31.5,0,5,2451,2505,2670,2008-07-19,L - Brandon Vera,2008-12-27,L - Matt Hamill
Nick Aguirre,1996-01-15,FALSE,FALSE,FALSE,FALSE,FALSE,FALSE,FALSE,NA,United States,male,"bantamweight, featherweight",16,16,2,0,0 KO 0 Sub 0 Dec,2,0 KO 1 Sub 1 Dec,-2,-1,1558,27.4,27.3,0,7,2379,2505,2670,2023-01-14,L - Dan Argueta,2023-11-18,L - Payton Talbott
Joshua Weems,1994-05-05,FALSE,FALSE,TRUE,FALSE,FALSE,FALSE,FALSE,NA,United States,NA,,16,16,1,0,0 KO 0 Sub 0 Dec,1,0 KO 1 Sub 0 Dec,-1,-1,247,28.5,24.9,0,11,2344,2505,2537,2022-10-29,L - Christian Rodriguez,2022-10-29,L - Christian Rodriguez
Benny Alloway,1981-02-19,TRUE,FALSE,FALSE,FALSE,FALSE,FALSE,FALSE,NA,Australia,male,welterweight,16,16,3,1,1 KO 0 Sub 0 Dec,2,0 KO 1 Sub 1 Dec,-2,1,1456,32.2,28.7,1,10,2432,2504,2457,2012-12-14,W - Manny Rodriguez,2013-08-28,L - Zak Cummings
Greg Soto,1986-06-03,FALSE,FALSE,FALSE,FALSE,FALSE,FALSE,FALSE,NA,United States,male,welterweight,16,16,3,1,0 KO 0 Sub 1 Dec,2,0 KO 1 Sub 0 Dec,-1,1,1815,24.2,26.8,0,9.7,2307,2504,2553,2010-03-27,L - Matt Riddle,2011-01-01,L - Daniel Roberts
Vagner Rocha,1982-06-06,FALSE,FALSE,FALSE,FALSE,TRUE,FALSE,FALSE,NA,Brazil,male,"lightweight, featherweight",16,16,4,1,0 KO 1 Sub 0 Dec,3,1 KO 1 Sub 1 Dec,-2,1,1933,30.1,24.7,0,5.5,2717,2503,2677,2011-06-11,L - Donald Cerrone,2014-11-07,L - Jake Matthews
Te Edwards,1990-09-11,FALSE,FALSE,TRUE,FALSE,FALSE,FALSE,FALSE,NA,United States,male,lightweight,16,16,2,0,0 KO 0 Sub 0 Dec,2,1 KO 0 Sub 1 Dec,-2,-1,1214,28.2,30,0,11,2460,2503,2638,2018-10-27,L - Don Madge,2019-01-19,L - Dennis Bermudez
Richie Vaculik,1983-06-19,TRUE,FALSE,FALSE,FALSE,FALSE,FALSE,FALSE,NA,Australia,male,flyweight,16,16,4,1,0 KO 0 Sub 1 Dec,3,2 KO 0 Sub 1 Dec,-2,1,2701,31.3,24.7,0,8,2297,2503,2490,2013-12-06,L - Justin Scoggins,2015-11-14,L - Danny Martinez
Liana Jojua,1995-03-22,FALSE,FALSE,FALSE,FALSE,FALSE,FALSE,FALSE,NA,Georgia,female,women's flyweight,16,16,4,1,0 KO 1 Sub 0 Dec,3,2 KO 0 Sub 1 Dec,-2,1,2113,25.5,28.3,0,9.5,2290,2503,2494,2019-09-07,L - Sarah Moras,2021-11-13,L - Cortney Casey
CJ Keith,1986-08-09,FALSE,FALSE,FALSE,FALSE,FALSE,FALSE,FALSE,NA,United States,male,lightweight,16,16,2,0,0 KO 0 Sub 0 Dec,2,1 KO 1 Sub 0 Dec,-2,-1,559,26.2,29.3,0,8.5,2179,2503,2617,2012-06-22,L - Ramsey Nijem,2013-01-19,L - Francisco Trinaldo
Nick Agallar,1979-01-13,FALSE,FALSE,FALSE,FALSE,FALSE,TRUE,FALSE,NA,United States,male,lightweight,16,16,1,0,0 KO 0 Sub 0 Dec,1,1 KO 0 Sub 0 Dec,-1,-1,434,24.9,27.1,0,8,2623,2502,2564,2003-11-21,L - Yves Edwards,2003-11-21,L - Yves Edwards
James Lee,1973-09-22,FALSE,FALSE,FALSE,TRUE,FALSE,FALSE,FALSE,NA,United States,male,light heavyweight,16,16,1,0,0 KO 0 Sub 0 Dec,1,1 KO 0 Sub 0 Dec,-1,-1,90,34.3,26.4,0,7,2505,2502,2350,2008-01-19,L - Alessio Sakara,2008-01-19,L - Alessio Sakara
Drako Rodriguez,1996-06-16,FALSE,FALSE,TRUE,FALSE,FALSE,FALSE,FALSE,NA,United States,male,bantamweight,16,16,2,0,0 KO 0 Sub 0 Dec,2,1 KO 0 Sub 1 Dec,-2,-1,1085,24.9,32,0,9,2393,2502,2456,2021-02-20,L - Aiemann Zahabi,2021-08-07,L - Vince Morales
Rafaello Oliveira,1982-01-26,FALSE,FALSE,FALSE,FALSE,FALSE,FALSE,FALSE,NA,Brazil,male,lightweight,16,16,8,2,0 KO 0 Sub 2 Dec,6,3 KO 1 Sub 2 Dec,-2,1,5060,29.6,28.4,0,8.4,2388,2502,2610,2009-09-19,L - Nik Lentz,2014-02-22,L - Erik Koch
Andre Gusmao,1977-05-19,FALSE,FALSE,FALSE,FALSE,FALSE,FALSE,FALSE,NA,Brazil,male,light heavyweight,16,16,2,0,0 KO 0 Sub 0 Dec,2,1 KO 0 Sub 1 Dec,-2,-1,1097,31.6,26.4,0,8.5,2378,2502,2553,2008-08-09,L - Jon Jones,2009-05-23,L - Krzysztof Soszynski
Matt Lucas,1973-12-27,FALSE,FALSE,FALSE,FALSE,FALSE,FALSE,FALSE,NA,United States,male,light heavyweight,16,16,1,0,0 KO 0 Sub 0 Dec,1,0 KO 0 Sub 1 Dec,-1,-1,900,37.9,28.5,0,10,2531,2501,2520,2011-11-12,L - Aaron Rosa,2011-11-12,L - Aaron Rosa
Nate Mohr,1983-03-03,FALSE,FALSE,FALSE,FALSE,FALSE,FALSE,FALSE,NA,United States,male,lightweight,16,16,4,1,0 KO 0 Sub 1 Dec,3,1 KO 2 Sub 0 Dec,-2,1,1996,24.8,27.8,0,8,2363,2501,2511,2007-04-05,L - Kurt Pellegrino,2009-01-17,L - Dennis Siver
Brad Kohler,1964-05-26,FALSE,FALSE,FALSE,FALSE,FALSE,FALSE,FALSE,NA,United States,male,heavyweight,16,16,2,1,1 KO 0 Sub 0 Dec,1,0 KO 1 Sub 0 Dec,1,1,635,34.5,NA,0,5,2051,2501,2255,1997-12-21,L - Tra Telligman,1999-09-24,W - Steve Judson
Nick Pace,1987-04-17,FALSE,FALSE,FALSE,FALSE,FALSE,TRUE,FALSE,NA,United States,NA,,16,16,3,1,0 KO 1 Sub 0 Dec,2,0 KO 0 Sub 2 Dec,-2,1,2673,24.2,28.2,0,9,2626,2500,2530,2010-12-04,W - Will Campuzano,2011-11-19,L - Miguel Torres
Wagner Prado,1987-12-30,FALSE,FALSE,FALSE,FALSE,FALSE,FALSE,FALSE,NA,Brazil,male,light heavyweight,16,16,3,0,0 KO 0 Sub 0 Dec,2,0 KO 2 Sub 0 Dec,-2,0,1116,24.8,28.7,0,7,2603,2500,2778,2012-08-04,NC - Phil Davis,2013-01-19,L - Ildemar Alcantara
Papy Abedi,1978-06-30,FALSE,FALSE,FALSE,FALSE,FALSE,FALSE,FALSE,NA,"DR Congo, Sweden",male,"middleweight, welterweight",16,16,4,1,0 KO 0 Sub 1 Dec,3,1 KO 2 Sub 0 Dec,-1,1,2077,34.3,29.5,0,7.5,2361,2500,2606,2011-11-05,L - Thiago Alves,2013-08-28,L - Dylan Andrews
Josh Hendricks,1976-08-28,FALSE,FALSE,FALSE,FALSE,FALSE,FALSE,FALSE,NA,United States,male,heavyweight,16,16,1,0,0 KO 0 Sub 0 Dec,1,1 KO 0 Sub 0 Dec,-1,-1,61,32.2,29.5,0,4,2101,2500,2707,2008-11-15,L - Gabriel Gonzaga,2008-11-15,L - Gabriel Gonzaga
Aisling Daly,1987-12-24,TRUE,FALSE,FALSE,FALSE,FALSE,FALSE,FALSE,NA,Ireland,female,women's strawweight,9,16,3,2,0 KO 1 Sub 1 Dec,1,0 KO 0 Sub 1 Dec,1,1,2093,27.4,30.8,0,9.3,2499,2499,2430,2014-12-12,W - Alex Chambers,2015-10-24,W - Ericka Almeida
Nick Fiore,1997-12-10,FALSE,FALSE,FALSE,FALSE,FALSE,FALSE,FALSE,NA,United States,male,lightweight,16,16,2,0,0 KO 0 Sub 0 Dec,2,0 KO 0 Sub 2 Dec,-2,-1,1800,25.3,27,0,9,2419,2499,2789,2023-01-14,L - Mateusz Rebecki,2023-05-20,L - Chase Hooper
Ryan MacDonald,1993-03-18,FALSE,FALSE,FALSE,FALSE,FALSE,FALSE,FALSE,NA,United States,male,bantamweight,16,16,2,0,0 KO 0 Sub 0 Dec,2,1 KO 0 Sub 1 Dec,-2,-1,1183,26.3,28,0,11,2417,2499,2597,2019-03-23,L - Chris Gutierrez,2019-09-14,L - Louis Smolka
James Bochnovic,1989-02-13,FALSE,FALSE,FALSE,FALSE,FALSE,FALSE,FALSE,NA,United States,male,"middleweight, light heavyweight",16,16,2,0,0 KO 0 Sub 0 Dec,2,1 KO 1 Sub 0 Dec,-2,-1,742,28.8,26.4,0,12,2348,2499,2628,2017-07-08,L - Trevin Giles,2018-05-12,L - Markus Perez
Sarah Moras,1988-04-30,TRUE,FALSE,FALSE,FALSE,FALSE,FALSE,FALSE,NA,Canada,female,women's bantamweight,13,16,9,3,1 KO 1 Sub 1 Dec,6,1 KO 0 Sub 5 Dec,-2,1,6759,30,28.1,0,8.4,2260,2499,2491,2014-07-06,W - Alexis Dufresne,2021-01-16,L - Vanessa Melo
John Teixeira,1986-11-18,TRUE,FALSE,FALSE,FALSE,FALSE,FALSE,FALSE,NA,Brazil,NA,,16,16,1,0,0 KO 0 Sub 0 Dec,1,0 KO 0 Sub 1 Dec,-1,-1,900,25.6,29.7,0,8,2376,2498,2479,2012-06-23,L - Hugo Viana,2012-06-23,L - Hugo Viana
Kimo Leopoldo,1968-01-04,FALSE,FALSE,FALSE,TRUE,FALSE,FALSE,FALSE,NA,United States,male,heavyweight,16,16,6,2,1 KO 1 Sub 0 Dec,4,1 KO 2 Sub 1 Dec,-1,1,2197,31,32.2,0,3.2,2133,2498,2440,1994-09-09,L - Royce Gracie,2004-06-19,L - Ken Shamrock
Tony Fryklund,1971-03-26,FALSE,FALSE,FALSE,FALSE,TRUE,TRUE,FALSE,NA,United States,male,middleweight,16,16,4,2,1 KO 1 Sub 0 Dec,2,0 KO 2 Sub 0 Dec,-1,1,745,29.4,NA,0,4.5,2280,2497,2261,1997-07-27,W - Donnie Chappell,2004-10-22,L - Ivan Salaverry
John Albert,1986-10-13,TRUE,FALSE,FALSE,FALSE,FALSE,FALSE,FALSE,NA,United States,male,bantamweight,16,16,5,1,1 KO 0 Sub 0 Dec,4,0 KO 4 Sub 0 Dec,-4,1,1320,25.8,27.9,1,9.2,2276,2497,2559,2011-12-03,W - Dustin Pague,2013-07-27,L - Yaotzin Meza
Paul Redmond,1986-10-20,FALSE,FALSE,FALSE,FALSE,FALSE,FALSE,FALSE,NA,Ireland,male,featherweight,16,16,2,0,0 KO 0 Sub 0 Dec,2,1 KO 0 Sub 1 Dec,-2,-1,1084,28.5,28.1,0,10,2505,2496,2659,2015-01-24,L - Mirsad Bektic,2015-07-18,L - Robert Whiteford
Chris Price,1982-11-09,FALSE,FALSE,FALSE,FALSE,FALSE,FALSE,FALSE,NA,United States,male,middleweight,16,16,2,0,0 KO 0 Sub 0 Dec,2,0 KO 2 Sub 0 Dec,-2,-1,417,24.1,25.1,0,4,2363,2496,2545,2006-10-10,L - Kendall Grove,2007-01-25,L - Ed Herman
Oliver Enkamp,1991-08-10,FALSE,FALSE,FALSE,FALSE,FALSE,FALSE,FALSE,NA,Sweden,male,welterweight,16,16,2,0,0 KO 0 Sub 0 Dec,2,1 KO 0 Sub 1 Dec,-2,-1,1032,26.2,33.3,0,5.5,2576,2495,2666,2017-05-28,L - Nordine Taleb,2018-03-17,L - Danny Roberts
Darian Weeks,1993-11-23,FALSE,FALSE,FALSE,FALSE,FALSE,FALSE,FALSE,NA,United States,male,welterweight,16,16,3,0,0 KO 0 Sub 0 Dec,3,0 KO 0 Sub 3 Dec,-3,-1,2700,28.4,29,0,9.3,2479,2495,2712,2021-12-04,L - Bryan Barberena,2022-09-10,L - Yohan Lainesse
Derrick Noble,1978-08-14,FALSE,FALSE,FALSE,FALSE,FALSE,FALSE,FALSE,NA,United States,male,welterweight,16,16,1,0,0 KO 0 Sub 0 Dec,1,1 KO 0 Sub 0 Dec,-1,-1,174,27.7,22.5,0,9,2272,2495,2631,2006-04-15,L - Thiago Alves,2006-04-15,L - Thiago Alves
Matt Horwich,1978-10-02,FALSE,FALSE,FALSE,FALSE,TRUE,TRUE,FALSE,NA,United States,male,middleweight,16,16,2,0,0 KO 0 Sub 0 Dec,2,0 KO 0 Sub 2 Dec,-2,-1,1800,30.3,29.8,0,7,2484,2494,2685,2008-10-25,L - Dan Miller,2009-04-01,L - Ricardo Almeida
Victoria Leonardo,1990-02-16,FALSE,FALSE,TRUE,FALSE,FALSE,FALSE,FALSE,NA,United States,female,women's flyweight,16,16,5,1,0 KO 0 Sub 1 Dec,4,4 KO 0 Sub 0 Dec,-2,1,2288,32.5,29.5,0,12.2,2322,2494,2600,2021-01-20,L - Manon Fiorot,2024-08-24,L - Wang Cong
Luis Ramos,1981-01-18,FALSE,FALSE,FALSE,FALSE,FALSE,FALSE,FALSE,NA,Brazil,male,welterweight,16,16,2,0,0 KO 0 Sub 0 Dec,2,2 KO 0 Sub 0 Dec,-2,-1,600,31,29.3,0,10,2320,2494,2698,2011-08-27,L - Erick Silva,2012-06-22,L - Matt Brown
Scott Adams,NA,FALSE,FALSE,FALSE,FALSE,FALSE,FALSE,FALSE,NA,United States,male,heavyweight,16,16,1,1,0 KO 1 Sub 0 Dec,0,0 KO 0 Sub 0 Dec,1,1,189,NA,33.4,0,6,2493,2493,2200,2000-03-10,W - Ian Freeman,2000-03-10,W - Ian Freeman
Phil Harris,1983-04-09,FALSE,FALSE,FALSE,FALSE,FALSE,FALSE,FALSE,NA,"United Kingdom, England",male,flyweight,16,16,5,1,0 KO 0 Sub 1 Dec,3,1 KO 1 Sub 1 Dec,-1,1,2562,30.4,30.1,0,8.6,2354,2493,2533,2012-10-05,L - Darren Uyenoyama,2014-07-19,L - Neil Seery
Daniel Lacerda,1996-06-05,FALSE,FALSE,FALSE,FALSE,FALSE,FALSE,FALSE,NA,Brazil,male,flyweight,16,16,6,0,0 KO 0 Sub 0 Dec,5,3 KO 2 Sub 0 Dec,-1,0,1551,26.5,29.3,1,9.5,2279,2493,2582,2021-10-23,L - Jeff Molina,2024-02-24,L - Edgar Chairez
Rostem Akman,1991-12-19,FALSE,FALSE,FALSE,FALSE,FALSE,FALSE,FALSE,NA,Sweden,male,welterweight,16,16,2,0,0 KO 0 Sub 0 Dec,2,0 KO 0 Sub 2 Dec,-2,-1,1800,27.6,26.1,0,6,2217,2493,2694,2019-06-01,L - Sergey Khandozhko,2019-10-05,L - Jake Matthews
David Bielkheden,1979-06-06,FALSE,FALSE,FALSE,TRUE,FALSE,FALSE,FALSE,NA,Sweden,male,"lightweight, welterweight",16,16,3,1,0 KO 0 Sub 1 Dec,2,1 KO 1 Sub 0 Dec,-1,1,1480,29.3,29.5,0,8.7,2600,2492,2618,2008-03-01,L - Diego Sanchez,2009-04-18,L - Mark Bocek
Mostapha Al Turk,1973-07-14,FALSE,FALSE,FALSE,FALSE,FALSE,FALSE,FALSE,NA,Lebanon,male,heavyweight,16,16,3,0,0 KO 0 Sub 0 Dec,3,2 KO 0 Sub 1 Dec,-3,-1,1363,36,32.8,0,6,2345,2492,2653,2008-12-27,L - Cheick Kongo,2010-04-10,L - Jon Madsen
Jorge Gurgel,1977-01-25,TRUE,FALSE,FALSE,FALSE,TRUE,FALSE,FALSE,NA,Brazil,male,lightweight,16,16,7,3,0 KO 0 Sub 3 Dec,4,0 KO 1 Sub 3 Dec,-2,2,6288,30.7,26.5,2,6.7,2217,2492,2391,2006-06-28,L - Mark Hominick,2008-11-15,L - Aaron Riley
Ryo Chonan,1976-10-08,FALSE,FALSE,FALSE,TRUE,FALSE,FALSE,FALSE,NA,Japan,male,welterweight,16,16,4,1,0 KO 0 Sub 1 Dec,3,0 KO 0 Sub 3 Dec,-2,1,3600,31.9,28.1,0,8,2460,2491,2652,2007-11-17,L - Karo Parisyan,2009-04-18,L - TJ Grant
Ashkan Mokhtarian,1985-09-18,FALSE,FALSE,FALSE,FALSE,FALSE,FALSE,FALSE,NA,Australia,male,flyweight,16,16,2,0,0 KO 0 Sub 0 Dec,2,1 KO 0 Sub 1 Dec,-2,-1,1658,31.9,30.7,0,8,2261,2491,2558,2017-06-10,L - John Moraga,2017-11-18,L - Ryan Benoit
Sean Salmon,1977-09-11,FALSE,FALSE,FALSE,FALSE,TRUE,FALSE,FALSE,NA,United States,male,light heavyweight,16,16,2,0,0 KO 0 Sub 0 Dec,2,1 KO 1 Sub 0 Dec,-2,-1,419,29.5,25.2,0,4,1841,2491,2702,2007-01-25,L - Rashad Evans,2007-05-26,L - Alan Belcher
Tra Telligman,1965-02-07,FALSE,FALSE,FALSE,TRUE,FALSE,FALSE,FALSE,NA,United States,male,heavyweight,16,16,5,1,0 KO 1 Sub 0 Dec,4,4 KO 0 Sub 0 Dec,-3,1,1815,35.6,27.4,0,5,2379,2490,2567,1997-02-07,L - Vitor Belfort,2005-08-20,L - Tim Sylvia
Justin James,1976-11-08,FALSE,FALSE,FALSE,FALSE,FALSE,FALSE,FALSE,NA,United States,male,lightweight,16,16,1,0,0 KO 0 Sub 0 Dec,1,0 KO 1 Sub 0 Dec,-1,-1,582,29.9,24.8,0,7,2339,2489,2654,2006-10-14,L - Clay Guida,2006-10-14,L - Clay Guida
Richard Crunkilton,1979-11-25,FALSE,FALSE,FALSE,FALSE,FALSE,TRUE,FALSE,NA,United States,male,lightweight,16,16,1,0,0 KO 0 Sub 0 Dec,1,0 KO 0 Sub 1 Dec,-1,-1,900,23.4,28.7,0,7,2403,2488,2558,2003-04-25,L - Hermes Franca,2003-04-25,L - Hermes Franca
Tyrone Roberts,1972-07-14,FALSE,FALSE,FALSE,FALSE,FALSE,FALSE,FALSE,NA,United States,male,middleweight,16,16,1,1,0 KO 0 Sub 1 Dec,0,0 KO 0 Sub 0 Dec,1,1,900,27.9,26.7,0,2,2260,2488,2370,2000-06-09,W - David Dodd,2000-06-09,W - David Dodd
Val Woodburn,1993-08-10,FALSE,FALSE,FALSE,FALSE,FALSE,FALSE,FALSE,NA,"Jamaica, United States",male,"welterweight, middleweight",16,16,2,0,0 KO 0 Sub 0 Dec,2,1 KO 0 Sub 1 Dec,-2,-1,938,30.2,26.8,0,8,2452,2487,2692,2023-07-08,L - Bo Nickal,2024-02-17,L - Oban Elliott
Joey Merritt,1984-03-07,FALSE,FALSE,FALSE,FALSE,FALSE,FALSE,FALSE,NA,United States,male,welterweight,16,16,1,0,0 KO 0 Sub 0 Dec,1,0 KO 0 Sub 1 Dec,-1,-1,900,31.3,27.3,0,6,2441,2487,2668,2015-06-27,L - Alex Oliveira,2015-06-27,L - Alex Oliveira
Derek Downey,1980-04-27,FALSE,FALSE,FALSE,FALSE,FALSE,FALSE,FALSE,NA,United States,male,middleweight,16,16,1,0,0 KO 0 Sub 0 Dec,1,0 KO 1 Sub 0 Dec,-1,-1,375,28.8,27.4,0,9,2566,2486,2516,2009-02-07,L - Nick Catone,2009-02-07,L - Nick Catone
Sung Bin Jo,1992-07-17,FALSE,FALSE,FALSE,FALSE,FALSE,FALSE,FALSE,NA,South Korea,male,featherweight,16,16,1,0,0 KO 0 Sub 0 Dec,1,0 KO 0 Sub 1 Dec,-1,-1,900,26.9,31.3,0,5,2434,2486,2452,2019-06-01,L - Daniel Teymur,2019-06-01,L - Daniel Teymur
Jon Delos Reyes,1987-08-19,FALSE,FALSE,FALSE,FALSE,FALSE,FALSE,FALSE,NA,"Guam, United States",male,flyweight,16,16,4,1,0 KO 1 Sub 0 Dec,3,1 KO 2 Sub 0 Dec,-1,1,1406,27.3,27.3,1,7.5,2417,2486,2573,2014-01-04,L - Dustin Kimura,2015-10-24,L - Neil Seery
Kalib Starnes,1975-01-06,TRUE,FALSE,FALSE,FALSE,FALSE,FALSE,FALSE,NA,Canada,male,middleweight,16,16,5,2,0 KO 1 Sub 1 Dec,3,2 KO 0 Sub 1 Dec,-2,1,3075,32.3,26.9,1,5,2339,2486,2546,2006-06-24,W - Danny Abbadi,2008-04-19,L - Nate Quarry
Chase Gormley,1983-08-11,FALSE,FALSE,FALSE,FALSE,FALSE,FALSE,FALSE,NA,United States,male,heavyweight,16,16,2,0,0 KO 0 Sub 0 Dec,2,1 KO 1 Sub 0 Dec,-2,-1,291,26.4,24.3,0,10,2290,2486,2564,2009-10-24,L - Stefan Struve,2010-03-21,L - Brendan Schaub
Liang Na,1996-07-27,FALSE,FALSE,FALSE,FALSE,FALSE,FALSE,FALSE,NA,China,female,"women's flyweight, women's strawweight",16,16,4,0,0 KO 0 Sub 0 Dec,4,3 KO 1 Sub 0 Dec,-4,-1,1748,26.4,31.7,0,11.8,2230,2486,2425,2021-04-24,L - Ariane Carnelossi,2024-04-27,L - Ivana Petrovic
Emily Whitmire,1991-05-24,TRUE,FALSE,FALSE,FALSE,FALSE,FALSE,FALSE,NA,United States,female,"women's flyweight, women's strawweight",15,16,6,2,0 KO 1 Sub 1 Dec,4,0 KO 4 Sub 0 Dec,-3,2,1893,28.2,27.3,0,11.3,2174,2486,2358,2017-12-01,L - Gillian Robertson,2021-09-18,L - Hannah Goldy
Steve Montgomery,1990-12-19,FALSE,FALSE,FALSE,FALSE,FALSE,FALSE,FALSE,NA,United States,male,"middleweight, welterweight",16,16,2,0,0 KO 0 Sub 0 Dec,2,1 KO 0 Sub 1 Dec,-2,-1,1063,24.7,33.9,0,9,2413,2485,2648,2015-06-27,L - Tony Sims,2015-11-14,L - Daniel Kelly
Jason Young,1986-06-28,FALSE,FALSE,FALSE,FALSE,FALSE,FALSE,FALSE,NA,"United Kingdom, England",male,featherweight,16,16,4,1,0 KO 0 Sub 1 Dec,3,1 KO 0 Sub 2 Dec,-1,1,2723,25.6,28.1,0,10.2,2415,2483,2545,2011-06-11,L - Dustin Poirier,2012-09-29,L - Robbie Peralta
Eugene Jackson,1966-09-23,FALSE,FALSE,FALSE,FALSE,TRUE,FALSE,FALSE,NA,United States,male,middleweight,16,16,7,3,2 KO 1 Sub 0 Dec,4,1 KO 3 Sub 0 Dec,-1,2,2503,34.2,30.2,0,4.9,2401,2483,2316,1999-07-16,W - Royce Alger,2002-07-13,L - Mark Weir
Hannah Goldy,1992-05-18,FALSE,FALSE,TRUE,FALSE,FALSE,FALSE,FALSE,NA,United States,female,"women's strawweight, women's flyweight",16,16,5,1,0 KO 1 Sub 0 Dec,4,1 KO 0 Sub 3 Dec,-2,1,3189,29.5,28.8,0,10.4,2321,2483,2485,2019-08-03,L - Miranda Granger,2023-09-23,L - Mizuki
Nick Osipczak,1984-12-30,TRUE,FALSE,FALSE,FALSE,FALSE,FALSE,FALSE,NA,"United Kingdom, England",male,welterweight,16,16,5,2,1 KO 1 Sub 0 Dec,3,0 KO 0 Sub 3 Dec,-3,2,3753,25.2,26.2,0,7.6,2393,2482,2436,2009-06-20,W - Frank Lester,2010-11-13,L - Duane Ludwig
Ulysses Gomez,1983-05-25,FALSE,FALSE,FALSE,FALSE,FALSE,FALSE,FALSE,NA,United States,male,flyweight,10,16,2,0,0 KO 0 Sub 0 Dec,2,1 KO 0 Sub 1 Dec,-2,-1,1126,29.5,29.1,0,11,2245,2480,2476,2012-08-04,L - John Moraga,2013-02-16,L - Phil Harris
Maciej Jewtuszko,1981-01-31,FALSE,FALSE,FALSE,FALSE,FALSE,TRUE,FALSE,NA,Poland,male,lightweight,16,16,1,0,0 KO 0 Sub 0 Dec,1,0 KO 0 Sub 1 Dec,-1,-1,900,30.1,NA,0,12,2554,2479,2364,2011-02-26,L - Curt Warburton,2011-02-26,L - Curt Warburton
Joe Jordan,1978-07-27,FALSE,FALSE,FALSE,FALSE,FALSE,FALSE,FALSE,NA,United States,NA,,16,16,1,0,0 KO 0 Sub 0 Dec,1,0 KO 1 Sub 0 Dec,-1,-1,647,27.9,31.9,0,6,2390,2479,2709,2006-07-08,L - Hermes Franca,2006-07-08,L - Hermes Franca
Troy Mandaloniz,1980-01-02,TRUE,FALSE,FALSE,FALSE,FALSE,FALSE,FALSE,NA,United States,male,welterweight,16,16,2,1,1 KO 0 Sub 0 Dec,1,0 KO 0 Sub 1 Dec,-1,1,1160,28.5,25.2,0,9.5,2368,2479,2447,2007-12-08,W - Richie Hightower,2009-02-21,L - Paul Kelly
Leo Kuntz,1983-10-03,TRUE,FALSE,FALSE,FALSE,FALSE,FALSE,FALSE,NA,United States,male,lightweight,16,16,2,0,0 KO 0 Sub 0 Dec,2,0 KO 1 Sub 1 Dec,-2,-1,1358,31.9,28.1,0,8.5,2409,2478,2528,2015-05-23,L - Islam Makhachev,2015-11-28,L - Tae Hyun Bang
Michael McBride,1986-03-09,FALSE,FALSE,FALSE,FALSE,FALSE,FALSE,FALSE,NA,United States,male,lightweight,16,16,2,0,0 KO 0 Sub 0 Dec,2,1 KO 0 Sub 1 Dec,-2,-1,1457,30.8,32.8,0,8.5,2397,2478,2685,2016-09-10,L - Nik Lentz,2017-04-22,L - Scott Holtzman
Brodie Farber,1980-07-05,FALSE,FALSE,FALSE,FALSE,FALSE,TRUE,FALSE,NA,United States,male,welterweight,16,16,2,0,0 KO 0 Sub 0 Dec,2,1 KO 0 Sub 1 Dec,-2,-1,997,28.2,27.1,0,8,2339,2478,2563,2008-07-19,L - Rory Markham,2008-12-10,L - Luigi Fioravanti
Jesse Strader,1991-05-29,FALSE,FALSE,FALSE,FALSE,FALSE,FALSE,FALSE,NA,United States,male,bantamweight,16,16,2,0,0 KO 0 Sub 0 Dec,2,2 KO 0 Sub 0 Dec,-2,-1,931,30.3,32.1,0,9.5,2557,2477,2742,2021-03-20,L - Montel Jackson,2022-02-19,L - Chad Anheliger
Gaetano Pirrello,1992-04-29,FALSE,FALSE,FALSE,FALSE,FALSE,FALSE,FALSE,NA,Belgium,male,bantamweight,16,16,2,0,0 KO 0 Sub 0 Dec,2,1 KO 1 Sub 0 Dec,-2,-1,664,29.1,32.3,0,9,2502,2477,2778,2021-01-20,L - Ricky Simon,2021-10-02,L - Douglas Silva de Andrade
Andre Roberts,1965-02-24,FALSE,FALSE,FALSE,FALSE,FALSE,TRUE,FALSE,NA,United States,male,heavyweight,16,16,3,2,1 KO 0 Sub 1 Dec,1,0 KO 1 Sub 0 Dec,1,1,408,33.9,32.2,0,4.7,2331,2477,2301,1998-05-15,W - Harry Moskowitz,1999-07-16,W - Ron Waterman
Tim Gorman,1983-04-29,TRUE,FALSE,FALSE,FALSE,FALSE,FALSE,FALSE,NA,United States,male,bantamweight,16,16,2,0,0 KO 0 Sub 0 Dec,2,0 KO 0 Sub 2 Dec,-2,-1,1800,31.2,26.4,1,11,2456,2476,2721,2014-04-16,L - Mitch Gagnon,2014-11-08,L - Thomas Almeida
Mohammad Yahya,1994-05-23,FALSE,FALSE,FALSE,FALSE,FALSE,FALSE,FALSE,NA,United Arab Emirates,male,"featherweight, lightweight",16,16,3,0,0 KO 0 Sub 0 Dec,3,2 KO 0 Sub 1 Dec,-3,-1,1785,30.3,30.1,0,8.7,2339,2476,2570,2023-10-21,L - Trevor Peek,2025-07-26,L - Steven Nguyen
Tony Christodoulou,1987-07-30,FALSE,FALSE,FALSE,FALSE,FALSE,FALSE,FALSE,NA,United States,male,lightweight,16,16,2,0,0 KO 0 Sub 0 Dec,2,1 KO 1 Sub 0 Dec,-2,-1,1098,27.8,29.2,0,11,2434,2475,2691,2015-01-24,L - Mairbek Taisumov,2015-08-08,L - Scott Holtzman
Ruan Potts,1978-02-23,FALSE,FALSE,FALSE,FALSE,FALSE,FALSE,FALSE,NA,South Africa,male,heavyweight,16,16,3,0,0 KO 0 Sub 0 Dec,3,3 KO 0 Sub 0 Dec,-3,-1,1195,36.6,33.8,0,7,2360,2475,2668,2014-05-10,L - Soa Palelei,2015-02-28,L - Derrick Lewis
Landon Quinones,1995-11-21,TRUE,FALSE,FALSE,FALSE,FALSE,FALSE,FALSE,NA,"Puerto Rico, United States",male,lightweight,16,16,2,0,0 KO 0 Sub 0 Dec,2,0 KO 0 Sub 2 Dec,-2,-1,1800,28,27.6,0,10.5,2444,2474,2816,2023-09-09,L - Nasrat Haqparast,2024-02-03,L - MarQuel Mederos
Ben Sosoli,1989-12-10,TRUE,FALSE,TRUE,FALSE,FALSE,FALSE,FALSE,NA,Australia,male,heavyweight,16,16,2,0,0 KO 0 Sub 0 Dec,1,1 KO 0 Sub 0 Dec,-1,0,988,30,33,0,3.5,2417,2474,2636,2019-10-18,NC - Greg Hardy,2020-02-22,L - Marcos Rogerio de Lima
Sam Hoger,1980-06-28,TRUE,FALSE,FALSE,FALSE,FALSE,FALSE,FALSE,NA,United States,male,light heavyweight,16,16,5,2,0 KO 1 Sub 1 Dec,3,0 KO 0 Sub 3 Dec,-2,1,4025,25.5,31.6,0,4.6,2339,2474,2543,2005-04-09,W - Bobby Southworth,2007-02-03,L - Lyoto Machida
Antonio dos Santos Jr.,1988-07-21,FALSE,FALSE,FALSE,FALSE,FALSE,FALSE,FALSE,NA,Brazil,male,middleweight,16,16,2,0,0 KO 0 Sub 0 Dec,2,2 KO 0 Sub 0 Dec,-2,-1,533,26.7,29.7,0,7.5,2635,2473,2593,2014-12-20,L - Daniel Sarafian,2015-06-20,L - Scott Askham
Brian Houston,1987-04-26,FALSE,FALSE,FALSE,FALSE,FALSE,FALSE,FALSE,NA,United States,male,middleweight,16,16,2,0,0 KO 0 Sub 0 Dec,2,0 KO 1 Sub 1 Dec,-2,-1,948,26.6,31.4,0,11,2249,2473,2613,2013-11-06,L - Derek Brunson,2014-01-15,L - Trevor Smith
Roque Martinez,1986-03-04,FALSE,FALSE,FALSE,FALSE,FALSE,FALSE,FALSE,NA,"Guam, United States",male,heavyweight,16,16,3,0,0 KO 0 Sub 0 Dec,3,0 KO 1 Sub 2 Dec,-3,-1,2362,34.8,30.2,0,9.3,2425,2471,2565,2020-09-12,L - Alexandr Romanov,2021-06-19,L - Josh Parisian
Carl Deaton,1989-11-24,FALSE,FALSE,FALSE,FALSE,FALSE,FALSE,FALSE,NA,United States,male,lightweight,16,16,2,0,0 KO 0 Sub 0 Dec,2,0 KO 1 Sub 1 Dec,-2,-1,1495,33.4,31.4,0,10.5,2415,2471,2749,2023-02-25,L - Joe Solecki,2023-07-15,L - Alexander Munoz
Fernie Garcia,1992-04-12,FALSE,FALSE,TRUE,FALSE,FALSE,FALSE,FALSE,NA,"Mexico, United States",male,"featherweight, bantamweight",16,16,4,0,0 KO 0 Sub 0 Dec,4,1 KO 0 Sub 3 Dec,-4,-1,3132,31,29.7,0,10.2,2358,2471,2637,2022-05-07,L - Journey Newson,2024-02-10,L - Hyder Amil
Clay Harvison,1980-09-25,TRUE,FALSE,FALSE,FALSE,FALSE,FALSE,FALSE,NA,United States,male,welterweight,16,16,3,1,0 KO 0 Sub 1 Dec,2,1 KO 1 Sub 0 Dec,-2,1,1366,30.9,29.2,0,7.7,2271,2471,2518,2011-06-04,W - Justin Edwards,2011-11-12,L - DaMarques Johnson
Naoki Inoue,1997-06-14,FALSE,FALSE,FALSE,FALSE,FALSE,FALSE,FALSE,NA,Japan,male,flyweight,16,16,2,1,0 KO 0 Sub 1 Dec,1,0 KO 0 Sub 1 Dec,-1,1,1800,20.5,24.6,0,11,2909,2470,2594,2017-06-17,W - Carls John de Tomas,2018-06-23,L - Matt Schnell
Mario Neto,NA,FALSE,FALSE,FALSE,FALSE,FALSE,FALSE,FALSE,NA,Brazil,male,heavyweight,16,16,1,0,0 KO 0 Sub 0 Dec,1,1 KO 0 Sub 0 Dec,-1,-1,317,NA,23.9,0,7,2469,2470,2557,2006-09-23,L - Eddie Sanchez,2006-09-23,L - Eddie Sanchez
Nick Roehrick,1987-07-06,FALSE,FALSE,FALSE,FALSE,FALSE,FALSE,FALSE,NA,United States,male,light heavyweight,16,16,1,0,0 KO 0 Sub 0 Dec,1,1 KO 0 Sub 0 Dec,-1,-1,728,30,33.3,0,4,2453,2470,2706,2017-07-07,L - Jared Cannonier,2017-07-07,L - Jared Cannonier
Jack May,1981-04-14,FALSE,FALSE,FALSE,FALSE,FALSE,FALSE,FALSE,NA,United States,male,heavyweight,16,16,2,0,0 KO 0 Sub 0 Dec,2,2 KO 0 Sub 0 Dec,-2,-1,986,33.2,29.5,0,9,2411,2470,2574,2014-04-19,L - Derrick Lewis,2014-08-16,L - Shawn Jordan
Tae Hyun Bang,1983-04-15,FALSE,FALSE,FALSE,FALSE,FALSE,FALSE,FALSE,NA,South Korea,male,lightweight,16,16,5,2,1 KO 0 Sub 1 Dec,3,0 KO 1 Sub 2 Dec,-1,1,3657,32,30.2,2,7,2410,2470,2592,2014-01-04,L - Mairbek Taisumov,2016-09-03,L - Nick Hein
Mike Rio,1981-07-06,TRUE,FALSE,FALSE,FALSE,FALSE,FALSE,FALSE,NA,United States,male,lightweight,16,16,4,1,0 KO 1 Sub 0 Dec,3,1 KO 2 Sub 0 Dec,-3,1,1747,32,30.4,0,9,2312,2470,2547,2012-12-15,W - John Cofer,2014-01-25,L - Daron Cruickshank
Kevin Natividad,1993-04-02,FALSE,FALSE,FALSE,FALSE,FALSE,FALSE,FALSE,NA,United States,male,bantamweight,16,16,3,0,0 KO 0 Sub 0 Dec,3,2 KO 0 Sub 1 Dec,-3,-1,1721,28.4,29.3,0,9.7,2271,2470,2594,2020-10-31,L - Miles Johns,2022-11-19,L - Ricky Turcios
Tina Lahdemaki,1988-05-28,FALSE,FALSE,FALSE,FALSE,FALSE,FALSE,FALSE,NA,Finland,female,women's strawweight,16,16,1,0,0 KO 0 Sub 0 Dec,1,0 KO 0 Sub 1 Dec,-1,-1,900,26.1,25.6,0,11,2468,2468,2711,2014-07-16,L - Claudia Gadelha,2014-07-16,L - Claudia Gadelha
Jamey Simmons,1992-09-11,FALSE,FALSE,FALSE,FALSE,FALSE,FALSE,FALSE,NA,United States,male,"bantamweight, featherweight",16,16,2,0,0 KO 0 Sub 0 Dec,2,1 KO 1 Sub 0 Dec,-2,-1,686,28.5,30.3,0,8.5,2390,2468,2683,2020-11-07,L - Giga Chikadze,2021-08-07,L - Johnny Munoz
Todd Brown,1976-12-13,FALSE,FALSE,FALSE,FALSE,FALSE,FALSE,FALSE,NA,United States,male,light heavyweight,16,16,2,0,0 KO 0 Sub 0 Dec,2,1 KO 0 Sub 1 Dec,-2,-1,1200,33.9,30.8,0,10,2333,2468,2514,2010-08-07,L - Tim Boetsch,2011-03-03,L - Igor Pokrajac
Josh Bryant,1980-04-23,TRUE,FALSE,FALSE,FALSE,FALSE,FALSE,FALSE,NA,United States,male,middleweight,16,16,1,0,0 KO 0 Sub 0 Dec,1,1 KO 0 Sub 0 Dec,-1,-1,492,30.2,30.3,0,8,2423,2467,2500,2010-06-19,L - Kyle Noke,2010-06-19,L - Kyle Noke
Homer Moore,1971-11-27,FALSE,FALSE,FALSE,FALSE,FALSE,TRUE,FALSE,NA,United States,male,middleweight,16,16,1,0,0 KO 0 Sub 0 Dec,1,0 KO 1 Sub 0 Dec,-1,-1,355,29.9,30.7,0,6,2337,2466,2472,2001-11-02,L - Evan Tanner,2001-11-02,L - Evan Tanner
Carlos Candelario,1991-06-04,FALSE,FALSE,TRUE,FALSE,FALSE,FALSE,FALSE,NA,United States,male,flyweight,16,16,2,0,0 KO 0 Sub 0 Dec,2,0 KO 1 Sub 1 Dec,-2,-1,1359,31.2,24.3,0,10,2407,2465,2467,2022-05-14,L - Tatsuro Taira,2022-11-05,L - Jake Hadley
Patrick Smith,1963-08-28,FALSE,FALSE,FALSE,FALSE,FALSE,FALSE,FALSE,NA,United States,male,openweight,16,16,6,4,1 KO 3 Sub 0 Dec,2,0 KO 2 Sub 0 Dec,1,3,409,30.7,NA,0,4.7,2370,2465,2250,1993-11-12,L - Ken Shamrock,1995-07-14,W - Rudyard Moncayo
Charles McCarthy,1980-08-06,TRUE,FALSE,FALSE,FALSE,FALSE,FALSE,FALSE,NA,United States,male,middleweight,16,16,3,1,0 KO 1 Sub 0 Dec,2,2 KO 0 Sub 0 Dec,-1,1,1013,26.3,29.4,0,6,2402,2464,2538,2005-06-04,L - David Loiseau,2008-04-19,L - Michael Bisping
Jason Gilliam,1972-10-31,FALSE,FALSE,FALSE,FALSE,FALSE,FALSE,FALSE,NA,United States,male,"welterweight, lightweight",16,16,2,0,0 KO 0 Sub 0 Dec,2,0 KO 2 Sub 0 Dec,-2,-1,229,34.5,27.6,0,8.5,2258,2463,2542,2007-03-03,L - Jamie Varner,2007-07-07,L - Chris Lytle
Mackens Semerzier,1980-11-03,FALSE,FALSE,FALSE,FALSE,FALSE,TRUE,FALSE,NA,United States,male,featherweight,16,16,3,1,0 KO 1 Sub 0 Dec,1,0 KO 1 Sub 0 Dec,-1,1,1037,30.9,25,0,7.7,2482,2462,2559,2011-03-26,W - Alex Caceres,2012-03-02,L - Daniel Pineda
Leah Letson,1992-08-21,TRUE,FALSE,FALSE,FALSE,FALSE,FALSE,FALSE,NA,United States,female,women's featherweight,16,16,2,1,0 KO 0 Sub 1 Dec,1,1 KO 0 Sub 0 Dec,-1,1,1765,27.8,28.3,0,6.5,2407,2462,2554,2018-11-30,W - Julija Stoliarenko,2021-11-13,L - Felicia Spencer
Mandy Bohm,1989-07-30,FALSE,FALSE,FALSE,FALSE,FALSE,FALSE,FALSE,NA,Germany,female,women's flyweight,16,16,3,1,0 KO 0 Sub 1 Dec,2,0 KO 0 Sub 2 Dec,1,1,2515,33,31.2,0,8.3,2354,2462,2367,2021-09-18,L - Ariane da Silva,2023-05-13,W - Ji Yeon Kim
Gina Mazany,1988-08-19,TRUE,FALSE,FALSE,FALSE,FALSE,FALSE,FALSE,NA,United States,female,women's flyweight,15,16,8,2,1 KO 0 Sub 1 Dec,6,4 KO 1 Sub 1 Dec,-2,1,3937,31.1,30.9,0,8.9,2271,2462,2513,2017-02-19,L - Sara McMann,2022-04-30,L - Shanna Young
Diana Belbita,1996-06-26,FALSE,FALSE,FALSE,FALSE,FALSE,FALSE,FALSE,NA,"Canada, Romania",female,"women's flyweight, women's strawweight",16,16,8,2,0 KO 0 Sub 2 Dec,6,0 KO 3 Sub 3 Dec,-3,1,5219,26.1,30.2,0,8.6,2257,2462,2468,2019-10-18,L - Molly McCann,2025-04-05,L - Dione Barbosa
Liliya Shakirova,1991-10-20,FALSE,FALSE,FALSE,FALSE,FALSE,FALSE,FALSE,NA,Uzbekistan,female,women's flyweight,16,16,1,0,0 KO 0 Sub 0 Dec,1,0 KO 1 Sub 0 Dec,-1,-1,511,29,37.2,0,5,2461,2461,2737,2020-10-24,L - Lauren Murphy,2020-10-24,L - Lauren Murphy
Guy Mezger,1968-01-01,FALSE,FALSE,FALSE,TRUE,FALSE,FALSE,FALSE,NA,United States,male,"middleweight, lightweight",-1,16,5,4,2 KO 1 Sub 1 Dec,1,1 KO 0 Sub 0 Dec,-1,4,1930,28.8,NA,0,4.8,2456,2460,2223,1994-12-16,W - Jason Fairn,1999-03-05,L - Tito Ortiz
Jake Lindsey,1986-06-21,FALSE,FALSE,FALSE,FALSE,FALSE,FALSE,FALSE,NA,United States,male,lightweight,16,16,3,0,0 KO 0 Sub 0 Dec,3,1 KO 2 Sub 0 Dec,-3,-1,1376,28.3,27.5,0,9.7,2396,2459,2528,2014-06-07,L - Jon Tuck,2015-03-14,L - Joe Duffy
John Salter,1985-03-21,FALSE,FALSE,FALSE,FALSE,TRUE,FALSE,FALSE,NA,United States,male,middleweight,16,16,3,1,1 KO 0 Sub 0 Dec,2,1 KO 1 Sub 0 Dec,-1,1,1379,25.1,31.4,0,9.7,2770,2458,2541,2010-01-11,L - Gerald Harris,2010-08-28,L - Dan Miller
Hayato Sakurai,1975-08-24,FALSE,FALSE,FALSE,TRUE,FALSE,FALSE,FALSE,NA,Japan,male,welterweight,16,16,1,0,0 KO 0 Sub 0 Dec,1,1 KO 0 Sub 0 Dec,-1,-1,1081,26.6,28.4,0,3,2492,2458,2825,2002-03-22,L - Matt Hughes,2002-03-22,L - Matt Hughes
Chris Spang,1987-11-26,FALSE,FALSE,FALSE,FALSE,TRUE,FALSE,FALSE,NA,Sweden,male,welterweight,16,16,1,0,0 KO 0 Sub 0 Dec,1,0 KO 0 Sub 1 Dec,-1,-1,900,25.4,26.4,0,9,2411,2458,2630,2013-04-06,L - Adlan Amagov,2013-04-06,L - Adlan Amagov
Dan Evensen,1974-06-01,FALSE,FALSE,FALSE,FALSE,FALSE,FALSE,FALSE,NA,Norway,male,heavyweight,16,16,2,0,0 KO 0 Sub 0 Dec,2,2 KO 0 Sub 0 Dec,-2,-1,451,34.4,31.4,0,8.5,2400,2458,2553,2008-08-09,L - Cheick Kongo,2008-12-27,L - Pat Barry
Sheila Gaff,1989-12-29,FALSE,FALSE,FALSE,FALSE,FALSE,FALSE,FALSE,NA,Germany,female,women's bantamweight,9,16,2,0,0 KO 0 Sub 0 Dec,2,2 KO 0 Sub 0 Dec,-2,-1,374,23.5,28.9,0,7.5,2391,2458,2518,2013-04-27,L - Sara McMann,2013-08-03,L - Amanda Nunes
Johnny Rees,1982-10-21,FALSE,FALSE,FALSE,FALSE,FALSE,FALSE,FALSE,NA,United States,male,"welterweight, middleweight",16,16,2,0,0 KO 0 Sub 0 Dec,2,0 KO 2 Sub 0 Dec,-2,-1,785,25.9,27.5,0,7.5,2260,2458,2599,2008-07-19,L - Nate Loughran,2008-12-10,L - Steve Bruno
Vernon White,1971-12-03,FALSE,FALSE,FALSE,TRUE,TRUE,TRUE,FALSE,NA,United States,male,"light heavyweight, heavyweight",16,16,2,0,0 KO 0 Sub 0 Dec,1,1 KO 0 Sub 0 Dec,-1,0,1145,32.1,35.7,0,3.5,2197,2458,2639,2003-06-06,D - Ian Freeman,2004-08-21,L - Chuck Liddell
Milana Dudieva,1989-08-04,FALSE,FALSE,FALSE,FALSE,FALSE,FALSE,FALSE,NA,Russia,female,women's bantamweight,16,16,3,1,0 KO 0 Sub 1 Dec,2,2 KO 0 Sub 0 Dec,-2,1,1922,26,31,0,8.3,2423,2457,2488,2014-08-22,W - Elizabeth Phillips,2016-11-19,L - Marion Reneau
Antonio Trocoli,1990-12-06,FALSE,FALSE,TRUE,FALSE,FALSE,FALSE,FALSE,NA,Brazil,male,middleweight,16,16,4,0,0 KO 0 Sub 0 Dec,4,1 KO 2 Sub 1 Dec,-4,-1,1799,34.4,28.8,0,9.2,2324,2456,2738,2024-06-22,L - Shara Magomedov,2026-03-21,L - Mantas Kondratavicius
Jason Reinhardt,1969-10-31,FALSE,FALSE,FALSE,FALSE,FALSE,FALSE,FALSE,NA,United States,male,"bantamweight, featherweight, lightweight",16,16,3,0,0 KO 0 Sub 0 Dec,3,1 KO 2 Sub 0 Dec,-3,-1,472,40.4,27.7,0,9.7,2316,2456,2547,2007-11-17,L - Joe Lauzon,2011-08-14,L - Edwin Figueroa
Julio Paulino,1975-12-04,FALSE,FALSE,FALSE,FALSE,FALSE,FALSE,FALSE,NA,United States,male,welterweight,16,16,2,0,0 KO 0 Sub 0 Dec,2,0 KO 0 Sub 2 Dec,-2,-1,1800,34.6,28.1,0,10,2671,2455,2575,2010-03-21,L - Mike Pierce,2010-09-25,L - TJ Grant
Louis Cosce,1995-08-27,FALSE,FALSE,TRUE,FALSE,FALSE,FALSE,FALSE,NA,United States,male,welterweight,16,16,2,0,0 KO 0 Sub 0 Dec,2,1 KO 0 Sub 1 Dec,-2,-1,1647,26.1,30.9,1,10,2414,2455,2561,2020-11-21,L - Sasha Palatnikov,2022-09-17,L - Trevin Giles
Danillo Villefort,1983-08-05,FALSE,FALSE,FALSE,FALSE,TRUE,TRUE,FALSE,NA,Brazil,male,welterweight,16,16,1,0,0 KO 0 Sub 0 Dec,1,1 KO 0 Sub 0 Dec,-1,-1,817,26,27.4,0,11,2501,2454,2587,2009-08-08,L - Jesse Lennox,2009-08-08,L - Jesse Lennox
Connor Matthews,1992-05-31,FALSE,FALSE,TRUE,FALSE,FALSE,FALSE,FALSE,NA,United States,male,featherweight,16,16,3,0,0 KO 0 Sub 0 Dec,3,2 KO 1 Sub 0 Dec,-3,-1,974,32.5,27.4,0,7.7,2379,2454,2655,2024-03-30,L - Dennis Buzukja,2025-05-17,L - Yadier del Valle
Rob Emerson,1981-07-30,TRUE,FALSE,FALSE,FALSE,FALSE,FALSE,FALSE,NA,United States,male,lightweight,16,16,7,3,1 KO 0 Sub 2 Dec,3,0 KO 1 Sub 2 Dec,-1,2,4445,27.5,26.5,2,7.4,2446,2453,2518,2007-06-23,NC - Gray Maynard,2010-03-31,L - Nik Lentz
Brogan Walker,1989-02-08,TRUE,FALSE,FALSE,FALSE,FALSE,FALSE,FALSE,NA,"Guam, United States",female,women's flyweight,16,16,3,0,0 KO 0 Sub 0 Dec,3,1 KO 0 Sub 2 Dec,-3,-1,2637,34.8,25.8,0,7.3,2326,2453,2529,2022-08-06,L - Juliana Miller,2025-10-04,L - Veronica Hardy
Bec Rawlings,1989-02-11,TRUE,FALSE,FALSE,FALSE,FALSE,FALSE,FALSE,NA,Australia,female,"women's flyweight, women's strawweight",14,16,7,2,0 KO 1 Sub 1 Dec,5,1 KO 0 Sub 4 Dec,-4,2,5066,27.5,29.5,0,6.3,2307,2453,2412,2014-12-12,L - Heather Clark,2018-04-07,L - Ashlee Evans-Smith
Gabe Ruediger,1977-08-29,FALSE,FALSE,FALSE,FALSE,FALSE,TRUE,FALSE,NA,United States,male,lightweight,16,16,3,0,0 KO 0 Sub 0 Dec,3,2 KO 1 Sub 0 Dec,-3,-1,884,31.8,27,0,6,2303,2453,2511,2006-09-23,L - Melvin Guillard,2011-02-05,L - Paul Taylor
Jesse Forbes,1984-10-24,TRUE,FALSE,FALSE,FALSE,FALSE,TRUE,FALSE,NA,United States,male,"middleweight, light heavyweight",16,16,3,0,0 KO 0 Sub 0 Dec,3,1 KO 1 Sub 1 Dec,-3,-1,1253,24.2,30.3,0,10,2529,2452,2424,2006-06-24,L - Matt Hamill,2010-05-29,L - Ryan Jensen
Ericka Almeida,1989-03-05,FALSE,FALSE,FALSE,FALSE,FALSE,FALSE,FALSE,NA,Brazil,female,women's strawweight,16,16,2,0,0 KO 0 Sub 0 Dec,2,0 KO 0 Sub 2 Dec,-2,-1,1800,26.4,30.5,0,8.5,2360,2452,2437,2015-05-30,L - Juliana Lima,2015-10-24,L - Aisling Daly
Kalindra Faria,1986-07-23,FALSE,FALSE,FALSE,FALSE,FALSE,FALSE,FALSE,NA,Brazil,female,women's flyweight,12,16,3,0,0 KO 0 Sub 0 Dec,3,0 KO 2 Sub 1 Dec,-3,-1,1371,31.6,31.8,0,8,2176,2452,2471,2017-10-07,L - Mara Borella,2018-08-25,L - Joanne Wood
Karlos Vemola,1985-07-01,FALSE,FALSE,FALSE,FALSE,FALSE,FALSE,FALSE,NA,Czech Republic,male,middleweight,16,16,6,2,1 KO 1 Sub 0 Dec,4,0 KO 2 Sub 2 Dec,-2,1,3261,26.4,28.4,1,9.2,2550,2451,2501,2010-07-03,L - Jon Madsen,2013-06-08,L - Caio Magalhaes
Danilo Belluardo,1994-07-21,FALSE,FALSE,FALSE,FALSE,FALSE,FALSE,FALSE,NA,Italy,male,lightweight,16,16,2,0,0 KO 0 Sub 0 Dec,2,2 KO 0 Sub 0 Dec,-2,-1,514,25,30.6,0,7,2334,2451,2649,2019-06-01,L - Joel Alvarez,2019-09-28,L - Mark Madsen
Alex Karalexis,1977-09-20,TRUE,FALSE,FALSE,FALSE,FALSE,TRUE,FALSE,NA,United States,male,welterweight,16,16,3,1,1 KO 0 Sub 0 Dec,2,1 KO 1 Sub 0 Dec,-2,1,1309,27.9,28,0,8,2256,2451,2372,2005-04-09,W - Josh Rafferty,2006-01-16,L - Jason Von Flue
Gilbert Aldana,1977-08-25,FALSE,FALSE,FALSE,FALSE,FALSE,FALSE,FALSE,NA,United States,male,heavyweight,16,16,2,0,0 KO 0 Sub 0 Dec,2,2 KO 0 Sub 0 Dec,-2,-1,700,28.7,31.6,0,7.5,2417,2450,2611,2006-02-04,L - Paul Buentello,2006-07-08,L - Cheick Kongo
Chris De La Rocha,1979-05-15,FALSE,FALSE,FALSE,FALSE,FALSE,FALSE,FALSE,NA,United States,male,heavyweight,16,16,4,1,1 KO 0 Sub 0 Dec,3,3 KO 0 Sub 0 Dec,-1,1,1780,38,31.3,0,11.2,2409,2450,2510,2015-07-18,L - Daniel Omielanczuk,2018-12-15,L - Juan Adams
Chris Haseman,1969-06-02,FALSE,FALSE,FALSE,FALSE,FALSE,FALSE,FALSE,NA,Australia,male,light heavyweight,16,16,1,0,0 KO 0 Sub 0 Dec,1,0 KO 0 Sub 1 Dec,-1,-1,900,33.1,31.4,0,7,2285,2450,2636,2002-07-13,L - Evan Tanner,2002-07-13,L - Evan Tanner
Alex Soto,1984-02-15,FALSE,FALSE,FALSE,FALSE,FALSE,FALSE,FALSE,NA,Mexico,male,bantamweight,16,16,2,0,0 KO 0 Sub 0 Dec,2,1 KO 0 Sub 1 Dec,-2,-1,956,28,25.7,0,9.5,2403,2449,2600,2011-11-19,L - Michael McDonald,2012-05-15,L - Francisco Rivera Jr.
Josh Shockley,1989-11-15,FALSE,FALSE,FALSE,FALSE,FALSE,FALSE,FALSE,NA,United States,male,lightweight,16,16,2,0,0 KO 0 Sub 0 Dec,2,1 KO 0 Sub 1 Dec,-2,-1,1197,24.9,31.4,0,11,2380,2449,2543,2014-06-14,L - Jason Saggo,2015-02-22,L - Ivan Jorge
Alan Baudot,1988-02-01,FALSE,FALSE,FALSE,FALSE,FALSE,FALSE,FALSE,NA,France,male,heavyweight,16,16,4,0,0 KO 0 Sub 0 Dec,3,2 KO 0 Sub 1 Dec,-2,0,1868,33.6,31.5,0,5.2,2314,2449,2594,2020-10-10,L - Tom Aspinall,2022-06-25,L - Josh Parisian
Garett Whiteley,1980-12-13,FALSE,FALSE,FALSE,FALSE,FALSE,FALSE,FALSE,NA,United States,male,lightweight,16,16,3,0,0 KO 0 Sub 0 Dec,3,1 KO 0 Sub 2 Dec,-3,-1,2034,33.3,29.2,0,10.3,2298,2449,2500,2013-10-09,L - Alan Patrick,2014-12-13,L - David Michaud
Crafton Wallace,1972-04-15,FALSE,FALSE,FALSE,FALSE,TRUE,FALSE,FALSE,NA,United States,male,middleweight,16,16,2,0,0 KO 0 Sub 0 Dec,2,0 KO 2 Sub 0 Dec,-2,-1,553,34.4,25.9,0,5,2264,2449,2554,2006-08-17,L - Martin Kampmann,2006-10-10,L - Nate Marquardt
Gideon Ray,1973-05-27,TRUE,FALSE,FALSE,FALSE,FALSE,FALSE,FALSE,NA,United States,male,middleweight,16,16,3,0,0 KO 0 Sub 0 Dec,3,2 KO 1 Sub 0 Dec,-3,-1,605,32.5,25.8,0,6.7,2016,2448,2438,2005-02-05,L - David Loiseau,2006-11-11,L - Charles McCarthy
Shinsho Anzai,1985-12-01,FALSE,FALSE,FALSE,FALSE,FALSE,FALSE,FALSE,NA,Japan,male,welterweight,16,16,4,2,1 KO 0 Sub 1 Dec,2,1 KO 1 Sub 0 Dec,-1,2,2028,30.7,28.8,0,8.5,2237,2447,2628,2014-08-22,L - Alberto Mina,2018-06-23,L - Jake Matthews
Fredy Serrano,1979-09-22,TRUE,FALSE,FALSE,FALSE,FALSE,FALSE,FALSE,NA,Colombia,male,flyweight,16,16,4,2,2 KO 0 Sub 0 Dec,2,0 KO 0 Sub 2 Dec,-2,2,2538,36.4,27.8,1,9.5,2396,2446,2378,2015-03-21,W - Bentley Syler,2016-12-17,L - Hector Sandoval
Chris Saunders,1986-03-11,TRUE,FALSE,FALSE,FALSE,FALSE,FALSE,FALSE,NA,United States,male,lightweight,16,16,1,0,0 KO 0 Sub 0 Dec,1,0 KO 1 Sub 0 Dec,-1,-1,243,26.2,23.6,0,7,2527,2445,2581,2012-06-01,L - Myles Jury,2012-06-01,L - Myles Jury
Nick Penner,1980-03-26,FALSE,FALSE,FALSE,FALSE,FALSE,FALSE,FALSE,NA,Canada,male,light heavyweight,16,16,2,0,0 KO 0 Sub 0 Dec,2,2 KO 0 Sub 0 Dec,-2,-1,574,32.3,35.6,1,8,2334,2445,2529,2012-03-02,L - Anthony Perosh,2012-12-14,L - Cody Donovan
Cristiano Marcello,1977-12-03,TRUE,FALSE,FALSE,TRUE,FALSE,FALSE,FALSE,NA,Brazil,male,lightweight,16,16,4,1,0 KO 0 Sub 1 Dec,3,1 KO 0 Sub 2 Dec,-2,1,3173,35.2,28.8,0,8.8,2265,2445,2507,2012-06-01,L - Sam Sicilia,2014-02-15,L - Joe Proctor
Istela Nunes,1992-07-23,FALSE,FALSE,FALSE,FALSE,FALSE,FALSE,FALSE,NA,Brazil,female,women's strawweight,16,16,5,0,0 KO 0 Sub 0 Dec,5,2 KO 1 Sub 2 Dec,-5,-1,3157,30.6,27.2,0,10.8,2287,2444,2621,2021-10-16,L - Ariane Carnelossi,2025-04-05,L - Loma Lookboonmee
Junie Browning,1985-05-12,TRUE,FALSE,FALSE,FALSE,FALSE,FALSE,FALSE,NA,United States,male,lightweight,16,16,2,1,0 KO 1 Sub 0 Dec,1,0 KO 1 Sub 0 Dec,-1,1,510,23.7,27,1,4.5,2080,2444,2480,2008-12-13,W - Dave Kaplan,2009-04-01,L - Cole Miller
Isabela de Padua,1991-09-04,FALSE,FALSE,FALSE,FALSE,FALSE,FALSE,FALSE,NA,Brazil,NA,,16,16,1,0,0 KO 0 Sub 0 Dec,1,0 KO 0 Sub 1 Dec,-1,-1,900,28.2,25.8,0,11,2361,2443,2466,2019-11-16,L - Ariane da Silva,2019-11-16,L - Ariane da Silva
Jason Dent,1980-06-12,TRUE,FALSE,FALSE,FALSE,FALSE,FALSE,FALSE,NA,United States,male,lightweight,16,16,4,1,0 KO 1 Sub 0 Dec,3,0 KO 1 Sub 2 Dec,-1,1,2662,27.9,25.4,1,8.5,2343,2443,2497,2006-09-23,L - Roger Huerta,2009-11-21,L - George Sotiropoulos
Zarah Fairn,1986-12-10,FALSE,FALSE,FALSE,FALSE,FALSE,FALSE,FALSE,NA,France,female,women's featherweight,16,16,4,0,0 KO 0 Sub 0 Dec,4,1 KO 1 Sub 2 Dec,-4,-1,2254,34.7,28.5,0,9,2222,2443,2610,2019-10-05,L - Megan Anderson,2023-09-02,L - Jacqueline Cavalcanti
Justin Levens,1980-04-18,FALSE,FALSE,FALSE,FALSE,FALSE,TRUE,FALSE,NA,United States,male,middleweight,16,16,2,0,0 KO 0 Sub 0 Dec,2,1 KO 1 Sub 0 Dec,-2,-1,327,26.1,30.4,0,6.5,2131,2443,2470,2006-04-15,L - Evan Tanner,2006-06-28,L - Jorge Santiago
Marek Bujlo,1992-10-10,FALSE,FALSE,FALSE,FALSE,FALSE,FALSE,FALSE,NA,Poland,male,heavyweight,16,16,1,0,0 KO 0 Sub 0 Dec,1,0 KO 0 Sub 1 Dec,-1,-1,900,33.1,34,0,14,2441,2441,2637,2025-11-22,L - Denzel Freeman,2025-11-22,L - Denzel Freeman
Donny Walker,1980-01-04,FALSE,FALSE,FALSE,FALSE,FALSE,FALSE,FALSE,NA,United States,male,bantamweight,16,16,2,0,0 KO 0 Sub 0 Dec,2,0 KO 1 Sub 1 Dec,-2,-1,1060,31.6,30.9,0,9.5,2208,2441,2472,2011-07-02,L - Jeff Hougland,2011-09-17,L - Ken Stone
War Machine,1981-11-30,TRUE,FALSE,FALSE,FALSE,FALSE,FALSE,FALSE,NA,United States,male,welterweight,16,16,2,1,1 KO 0 Sub 0 Dec,1,0 KO 1 Sub 0 Dec,-1,1,777,26.3,32.5,2,6,2489,2440,2498,2007-12-08,W - Jared Rollins,2008-05-24,L - Yoshiyuki Yoshida
Guto Inocente,1986-05-29,FALSE,FALSE,FALSE,FALSE,TRUE,FALSE,FALSE,NA,Brazil,male,"light heavyweight, heavyweight",16,16,2,0,0 KO 0 Sub 0 Dec,2,1 KO 1 Sub 0 Dec,-2,-1,436,28.3,35.7,0,5,2436,2440,2703,2014-07-06,L - Derrick Lewis,2014-11-07,L - Anthony Perosh
Bea Malecki,1991-08-23,TRUE,FALSE,FALSE,FALSE,FALSE,FALSE,FALSE,NA,Sweden,female,women's bantamweight,16,16,3,2,0 KO 1 Sub 1 Dec,1,1 KO 0 Sub 0 Dec,-1,2,1613,28.8,25.1,0,10.3,2363,2440,2438,2019-06-01,W - Duda Santana,2021-08-21,L - Josiane Nunes
Brandon Wolff,1975-10-18,FALSE,FALSE,FALSE,FALSE,FALSE,TRUE,FALSE,NA,United States,male,welterweight,16,16,2,0,0 KO 0 Sub 0 Dec,2,1 KO 1 Sub 0 Dec,-2,-1,253,33.4,30.3,0,9,2242,2440,2617,2008-12-10,L - Ben Saunders,2009-05-23,L - Yoshiyuki Yoshida
Jocelyn Jones-Lybarger,1985-10-04,FALSE,FALSE,FALSE,FALSE,FALSE,FALSE,FALSE,NA,United States,female,women's strawweight,16,16,3,0,0 KO 0 Sub 0 Dec,3,0 KO 1 Sub 2 Dec,-3,-1,2619,30.7,29.4,0,9,2235,2440,2452,2015-12-12,L - Tecia Pennington,2017-01-15,L - Nina Nunes
Cortavious Romious,1994-01-06,FALSE,FALSE,TRUE,FALSE,FALSE,FALSE,FALSE,NA,United States,male,bantamweight,16,16,2,0,0 KO 0 Sub 0 Dec,2,1 KO 0 Sub 1 Dec,-2,-1,1428,31,31.5,0,3,2408,2439,2626,2024-11-09,L - Gaston Bolanos,2025-04-05,L - ChangHo Lee
Steve Lopez,1984-07-30,FALSE,FALSE,FALSE,FALSE,FALSE,FALSE,FALSE,NA,United States,male,lightweight,16,16,2,0,0 KO 0 Sub 0 Dec,2,1 KO 0 Sub 1 Dec,-2,-1,1248,25.6,28,0,8.5,2397,2439,2653,2009-09-19,L - Jim Miller,2010-09-25,L - Waylon Lowe
Marcos Vinicius,1979-12-05,TRUE,FALSE,FALSE,FALSE,FALSE,FALSE,FALSE,NA,Brazil,male,"flyweight, bantamweight, featherweight",16,16,3,1,1 KO 0 Sub 0 Dec,2,2 KO 0 Sub 0 Dec,-2,1,1832,33.1,29.7,1,7.3,2174,2439,2499,2012-06-23,W - Wagner Campos,2013-09-04,L - Ali Bagautinov
Ryan Roberts,1978-07-16,FALSE,FALSE,FALSE,FALSE,FALSE,FALSE,FALSE,NA,United States,male,lightweight,16,16,1,0,0 KO 0 Sub 0 Dec,1,0 KO 1 Sub 0 Dec,-1,-1,16,29.7,34.6,0,8,2570,2438,2652,2008-04-02,L - Marcus Aurelio,2008-04-02,L - Marcus Aurelio
Luiz Dutra Jr.,1982-05-06,TRUE,FALSE,FALSE,FALSE,FALSE,FALSE,FALSE,NA,Brazil,male,welterweight,16,16,2,0,0 KO 0 Sub 0 Dec,2,1 KO 0 Sub 0 Dec,-2,-1,475,32.4,28.2,0,7.5,2295,2438,2532,2014-01-04,L - Kiichi Kunimoto,2015-05-30,L - Tom Breese
Cristina Stanciu,1994-03-29,FALSE,FALSE,FALSE,FALSE,FALSE,FALSE,FALSE,NA,Romania,female,women's strawweight,16,16,2,0,0 KO 0 Sub 0 Dec,2,1 KO 0 Sub 1 Dec,-2,-1,1056,22.2,26.9,0,7.5,2247,2438,2428,2016-04-10,L - Maryna Moroz,2016-07-13,L - Cortney Casey
Adrian Serrano,1963-12-23,FALSE,FALSE,FALSE,FALSE,FALSE,FALSE,FALSE,NA,United States,male,lightweight,16,16,1,0,0 KO 0 Sub 0 Dec,1,0 KO 0 Sub 1 Dec,-1,-1,600,36.5,28.1,0,8,2215,2438,2428,2000-06-09,L - Shonie Carter,2000-06-09,L - Shonie Carter
Victor Rodriguez,1992-09-05,FALSE,FALSE,FALSE,FALSE,FALSE,FALSE,FALSE,NA,Mexico,male,"flyweight, bantamweight",16,16,2,0,0 KO 0 Sub 0 Dec,2,2 KO 0 Sub 0 Dec,-2,-1,226,28.4,29.1,0,8,2387,2435,2669,2020-10-31,L - Adrian Yanez,2021-05-22,L - Bruno Gustavo da Silva
Kiefer Crosbie,1990-04-05,FALSE,FALSE,FALSE,FALSE,FALSE,FALSE,FALSE,NA,Ireland,male,welterweight,16,16,3,0,0 KO 0 Sub 0 Dec,3,1 KO 2 Sub 0 Dec,-3,-1,672,34.4,27.7,0,9.7,2372,2435,2684,2023-09-09,L - Kevin Jousset,2025-08-23,L - Taiyilake Nueraji
Andy Enz,1991-08-15,TRUE,FALSE,FALSE,FALSE,FALSE,FALSE,FALSE,NA,United States,male,middleweight,16,16,3,0,0 KO 0 Sub 0 Dec,3,1 KO 0 Sub 2 Dec,-3,-1,1916,22.9,29.8,0,10,2326,2434,2535,2014-02-01,L - Clint Hester,2015-01-31,L - Thiago Santos
Kazuki Tokudome,1987-03-04,FALSE,FALSE,FALSE,FALSE,FALSE,FALSE,FALSE,NA,Japan,male,lightweight,16,16,4,1,0 KO 0 Sub 1 Dec,3,0 KO 1 Sub 2 Dec,-3,1,3154,26.7,29.9,1,8,2297,2434,2621,2013-03-02,W - Cristiano Marcello,2014-09-20,L - Johnny Case
Silvana Gomez Juarez,1984-12-06,FALSE,FALSE,FALSE,FALSE,FALSE,FALSE,FALSE,NA,Argentina,female,women's strawweight,16,16,4,1,1 KO 0 Sub 0 Dec,3,0 KO 2 Sub 1 Dec,-1,1,1381,37.4,31.1,1,9.8,2253,2433,2448,2021-10-09,L - Loopy Godinez,2022-11-12,L - Karolina Kowalkiewicz
Chris Heatherly,1987-11-24,FALSE,FALSE,FALSE,FALSE,FALSE,FALSE,FALSE,NA,United States,male,welterweight,16,16,2,0,0 KO 0 Sub 0 Dec,2,1 KO 1 Sub 0 Dec,-2,-1,428,26.9,30.7,0,7,2391,2432,2692,2014-08-23,L - Ben Saunders,2014-11-15,L - Augusto Montano
Ramona Pascual,1988-09-23,FALSE,FALSE,FALSE,FALSE,FALSE,FALSE,FALSE,NA,Hong Kong,female,women's featherweight,16,16,3,0,0 KO 0 Sub 0 Dec,3,1 KO 0 Sub 2 Dec,-3,-1,1986,33.8,26.4,0,9.7,2298,2432,2551,2022-02-26,L - Josiane Nunes,2022-11-05,L - Tamires Vidal
Roger Bowling,1982-12-05,FALSE,FALSE,FALSE,FALSE,TRUE,FALSE,FALSE,NA,United States,male,lightweight,16,16,3,0,0 KO 0 Sub 0 Dec,2,2 KO 0 Sub 0 Dec,-1,0,1464,30.7,31.1,0,11,2284,2432,2571,2013-04-20,L - Anthony Njokuani,2013-12-14,L - Abel Trujillo
Eric Wisely,1984-07-25,FALSE,FALSE,FALSE,FALSE,TRUE,FALSE,FALSE,NA,United States,male,featherweight,16,16,2,0,0 KO 0 Sub 0 Dec,2,0 KO 1 Sub 1 Dec,-2,-1,1003,27.6,24,0,9.5,2705,2431,2529,2012-01-28,L - Charles Oliveira,2012-04-14,L - Jason Young
Colin Robinson,1968-11-27,FALSE,FALSE,FALSE,FALSE,FALSE,FALSE,FALSE,NA,"United Kingdom, Northern Ireland",male,heavyweight,16,16,2,0,0 KO 0 Sub 0 Dec,2,2 KO 0 Sub 0 Dec,-2,-1,349,38.8,28.3,0,7.5,2215,2431,2456,2007-06-16,L - Eddie Sanchez,2008-01-19,L - Antoni Hardonk
Ronald Jhun,1970-09-21,FALSE,FALSE,FALSE,FALSE,TRUE,FALSE,FALSE,NA,United States,male,welterweight,16,16,1,0,0 KO 0 Sub 0 Dec,1,0 KO 1 Sub 0 Dec,-1,-1,377,33.9,30,0,6,2065,2431,2468,2004-08-21,L - Chris Lytle,2004-08-21,L - Chris Lytle
T.J. O'Brien,1987-01-01,TRUE,FALSE,FALSE,FALSE,FALSE,FALSE,FALSE,NA,United States,male,lightweight,16,16,2,0,0 KO 0 Sub 0 Dec,2,1 KO 1 Sub 0 Dec,-2,-1,954,24.3,26.7,0,10,2432,2430,2603,2010-11-20,L - Paul Kelly,2011-08-14,L - Cole Miller
Alexandre Ferreira,1979-04-25,FALSE,FALSE,FALSE,FALSE,FALSE,FALSE,FALSE,NA,Brazil,male,light heavyweight,16,16,1,0,0 KO 0 Sub 0 Dec,1,1 KO 0 Sub 0 Dec,-1,-1,140,31.6,39.9,0,6,2430,2430,2661,2010-11-13,L - Vladimir Matyushenko,2010-11-13,L - Vladimir Matyushenko
Byron Bloodworth,1983-08-16,FALSE,FALSE,FALSE,FALSE,FALSE,FALSE,FALSE,NA,United States,male,bantamweight,16,16,2,0,0 KO 0 Sub 0 Dec,2,2 KO 0 Sub 0 Dec,-2,-1,822,28.7,25.4,0,7,2395,2430,2612,2011-10-01,L - Mike Easton,2012-12-29,L - Erik Perez
Paul Rodriguez,1975-05-18,FALSE,FALSE,FALSE,TRUE,FALSE,FALSE,FALSE,NA,United States,male,welterweight,16,16,1,0,0 KO 0 Sub 0 Dec,1,0 KO 1 Sub 0 Dec,-1,-1,65,26.1,26.9,0,8,2229,2430,2373,2001-06-29,L - Tony DeSouza,2001-06-29,L - Tony DeSouza
Cindy Dandois,1984-10-26,FALSE,FALSE,FALSE,FALSE,FALSE,FALSE,FALSE,NA,Belgium,female,women's bantamweight,16,16,1,0,0 KO 0 Sub 0 Dec,1,0 KO 0 Sub 1 Dec,-1,-1,900,32.5,32.5,0,11,2397,2429,2681,2017-04-22,L - Alexis Davis,2017-04-22,L - Alexis Davis
Dequan Townsend,1986-05-11,FALSE,FALSE,FALSE,FALSE,FALSE,FALSE,FALSE,NA,United States,male,"middleweight, light heavyweight",16,16,4,0,0 KO 0 Sub 0 Dec,4,2 KO 0 Sub 2 Dec,-4,-1,2937,33.8,29.2,0,7.8,2318,2429,2667,2019-06-29,L - Dalcha Lungiambula,2020-10-03,L - Dusko Todorovic
Shane Howell,1983-11-28,FALSE,FALSE,FALSE,FALSE,FALSE,FALSE,FALSE,NA,United States,male,flyweight,16,16,2,0,0 KO 0 Sub 0 Dec,2,0 KO 1 Sub 1 Dec,-2,-1,1037,30.9,23.8,0,9,2216,2429,2556,2014-06-28,L - Ray Borg,2015-01-18,L - Paddy Holohan
Cain Carrizosa,1986-07-22,FALSE,FALSE,FALSE,FALSE,FALSE,FALSE,FALSE,NA,United States,male,lightweight,16,16,2,0,0 KO 0 Sub 0 Dec,2,0 KO 1 Sub 1 Dec,-2,-1,972,28.4,26.4,0,9,2614,2428,2528,2014-08-30,L - Chris Wade,2015-03-21,L - Leonardo Mafra
Yoislandy Izquierdo,1984-01-09,FALSE,FALSE,FALSE,FALSE,FALSE,FALSE,FALSE,NA,Cuba,male,lightweight,16,16,2,0,0 KO 0 Sub 0 Dec,2,0 KO 1 Sub 1 Dec,-2,-1,1288,28.4,32.1,0,10.5,2560,2428,2480,2012-04-14,L - Reza Madadi,2012-07-07,L - Rafaello Oliveira
Damacio Page,1982-09-30,TRUE,FALSE,FALSE,FALSE,FALSE,TRUE,FALSE,NA,United States,male,bantamweight,16,16,3,0,0 KO 0 Sub 0 Dec,3,0 KO 3 Sub 0 Dec,-3,-1,1142,29.2,29.4,1,5.7,2538,2428,2585,2011-03-03,L - Brian Bowles,2012-07-11,L - Alex Caceres
Pat Audinwood,1986-04-16,FALSE,FALSE,FALSE,FALSE,FALSE,FALSE,FALSE,NA,United States,male,lightweight,16,16,2,0,0 KO 0 Sub 0 Dec,2,0 KO 1 Sub 1 Dec,-2,-1,1127,24.5,25.7,0,9.5,2520,2428,2461,2010-09-25,L - Thiago Tavares,2010-12-11,L - John Makdessi
Mike Wessel,1977-12-02,TRUE,FALSE,FALSE,FALSE,FALSE,FALSE,FALSE,NA,United States,male,heavyweight,16,16,1,0,0 KO 0 Sub 0 Dec,1,1 KO 0 Sub 0 Dec,-1,-1,429,31.1,32.9,0,7,2508,2428,2589,2008-12-27,L - Antoni Hardonk,2008-12-27,L - Antoni Hardonk
Westin Wilson,1989-01-24,FALSE,FALSE,FALSE,FALSE,FALSE,FALSE,FALSE,NA,United States,male,featherweight,16,16,4,1,0 KO 1 Sub 0 Dec,3,3 KO 0 Sub 0 Dec,-1,1,572,35.3,28.4,0,9,2399,2428,2756,2023-07-01,L - Joanderson Brito,2025-08-23,L - Yizha
Renee Forte,1987-03-27,TRUE,FALSE,FALSE,FALSE,FALSE,FALSE,FALSE,NA,Brazil,male,"lightweight, welterweight",16,16,4,1,0 KO 0 Sub 1 Dec,3,1 KO 1 Sub 1 Dec,-2,1,2711,26.2,29.5,0,9.2,2356,2428,2583,2012-10-13,L - Sergio Moraes,2014-03-15,L - Francisco Trevino
Zarrukh Adashev,1992-07-29,FALSE,FALSE,FALSE,FALSE,FALSE,FALSE,FALSE,NA,Uzbekistan,male,flyweight,16,16,4,1,0 KO 0 Sub 1 Dec,3,2 KO 0 Sub 1 Dec,-1,1,1893,28.8,31,0,8,2495,2427,2552,2020-06-13,L - Tyson Nam,2022-06-04,L - Ode Osbourne
AJ Cunningham,1994-09-07,FALSE,FALSE,TRUE,FALSE,FALSE,FALSE,FALSE,NA,United States,male,"bantamweight, lightweight",16,16,2,0,0 KO 0 Sub 0 Dec,2,1 KO 0 Sub 1 Dec,-2,-1,1176,30,29.1,0,9,2400,2427,2851,2024-03-02,L - Ludovit Klein,2025-03-15,L - SuYoung You
Maurice Smith,1961-12-13,FALSE,FALSE,FALSE,TRUE,TRUE,FALSE,FALSE,TRUE,United States,male,heavyweight,-1,16,7,4,1 KO 1 Sub 2 Dec,3,0 KO 0 Sub 3 Dec,-1,2,6008,37.1,32.1,0,1.7,2265,2426,2550,1997-07-27,W - Mark Coleman,2000-11-17,L - Renato Sobral
Elizabeth Phillips,1986-08-20,FALSE,FALSE,FALSE,FALSE,FALSE,FALSE,FALSE,NA,United States,female,women's bantamweight,16,16,4,1,0 KO 0 Sub 1 Dec,3,0 KO 0 Sub 3 Dec,-1,1,3600,28.7,28.3,0,8.8,2213,2426,2399,2014-06-14,L - Valerie Letourneau,2016-08-20,L - Raquel Pennington
Dan Stittgen,1980-11-17,FALSE,FALSE,FALSE,FALSE,FALSE,FALSE,FALSE,NA,United States,male,welterweight,16,16,2,0,0 KO 0 Sub 0 Dec,2,1 KO 0 Sub 1 Dec,-2,-1,1153,31.4,29,0,10.5,2357,2425,2538,2012-02-04,L - Stephen Thompson,2012-07-11,L - Marcelo Guimaraes
David Lee,1988-04-12,FALSE,FALSE,FALSE,FALSE,FALSE,FALSE,FALSE,NA,"United Kingdom, England",male,lightweight,16,16,2,0,0 KO 0 Sub 0 Dec,2,0 KO 2 Sub 0 Dec,-2,-1,525,18.7,24.1,0,8,2155,2425,2481,2006-09-23,L - Tyson Griffin,2007-04-21,L - Junior Assuncao
Seth Petruzelli,1979-12-03,TRUE,FALSE,FALSE,FALSE,FALSE,TRUE,FALSE,NA,United States,male,light heavyweight,16,16,4,0,0 KO 0 Sub 0 Dec,4,1 KO 2 Sub 1 Dec,-4,-1,1950,28.9,29,1,6,2494,2424,2428,2006-10-10,L - Matt Hamill,2010-11-13,L - Karlos Vemola
Shamar Bailey,1982-09-22,TRUE,FALSE,FALSE,FALSE,TRUE,FALSE,FALSE,NA,United States,male,"lightweight, welterweight",16,16,3,1,0 KO 0 Sub 1 Dec,2,1 KO 0 Sub 1 Dec,-2,1,2092,28.9,28.9,0,8.7,2233,2424,2547,2011-06-04,W - Ryan McGillivray,2011-11-19,L - Danny Castillo
Ebenezer Fontes Braga,1969-04-14,FALSE,FALSE,FALSE,TRUE,FALSE,FALSE,FALSE,NA,Brazil,male,middleweight,16,16,1,1,0 KO 1 Sub 0 Dec,0,0 KO 0 Sub 0 Dec,1,1,207,29.5,23.1,0,6,2362,2423,2414,1998-10-16,W - Jeremy Horn,1998-10-16,W - Jeremy Horn
Peter Barrett,1986-08-10,FALSE,FALSE,TRUE,FALSE,FALSE,FALSE,FALSE,NA,United States,male,featherweight,16,16,2,0,0 KO 0 Sub 0 Dec,2,0 KO 1 Sub 1 Dec,-2,-1,1682,34.2,22.6,0,10.5,2484,2422,2706,2020-08-08,L - Youssef Zalal,2020-12-12,L - Chase Hooper
Elias Garcia,1992-09-13,FALSE,FALSE,FALSE,FALSE,FALSE,FALSE,FALSE,NA,United States,male,flyweight,16,16,2,0,0 KO 0 Sub 0 Dec,2,0 KO 1 Sub 1 Dec,-2,-1,1320,26,24.8,1,11,2422,2422,2651,2018-07-14,L - Mark De La Rosa,2018-12-01,L - Kai Kara-France
Collin Hart,1989-10-12,TRUE,FALSE,FALSE,FALSE,FALSE,FALSE,FALSE,NA,United States,male,middleweight,16,16,1,0,0 KO 0 Sub 0 Dec,1,0 KO 0 Sub 1 Dec,-1,-1,900,23.5,25,0,7,2412,2422,2530,2013-04-13,L - Luke Barnatt,2013-04-13,L - Luke Barnatt
Carls John de Tomas,1996-08-28,FALSE,FALSE,FALSE,FALSE,FALSE,FALSE,FALSE,NA,Philippines,male,bantamweight,16,16,2,0,0 KO 0 Sub 0 Dec,2,0 KO 1 Sub 1 Dec,-2,-1,1314,21,22.9,0,10,2385,2422,2489,2017-06-17,L - Naoki Inoue,2017-12-09,L - Alex Perez
Ben Wall,1989-03-25,TRUE,FALSE,FALSE,FALSE,FALSE,FALSE,FALSE,NA,Australia,male,"lightweight, welterweight",16,16,2,0,0 KO 0 Sub 0 Dec,2,2 KO 0 Sub 0 Dec,-2,-1,204,24.9,29.3,0,11.5,2352,2422,2611,2013-12-06,L - Alex Garcia,2014-05-10,L - Justin Salas
Suman Mokhtarian,1992-06-13,TRUE,FALSE,FALSE,FALSE,FALSE,FALSE,FALSE,NA,Australia,male,featherweight,16,16,2,0,0 KO 0 Sub 0 Dec,2,1 KO 0 Sub 1 Dec,-2,-1,1034,27,26.3,0,6.5,2337,2422,2565,2018-12-01,L - Sodiq Yusuff,2019-12-21,L - SeungWoo Choi
Sai Wang,1986-01-16,FALSE,FALSE,FALSE,FALSE,FALSE,FALSE,FALSE,NA,China,male,welterweight,16,16,2,1,0 KO 0 Sub 1 Dec,1,0 KO 0 Sub 1 Dec,1,1,1800,28.4,26,0,3.5,2674,2421,2242,2014-03-01,L - Lipeng Zhang,2014-08-22,W - Danny Mitchell
Tank Abbott,1965-04-26,FALSE,FALSE,FALSE,TRUE,TRUE,FALSE,FALSE,NA,United States,male,heavyweight,16,16,18,8,4 KO 3 Sub 1 Dec,10,3 KO 5 Sub 2 Dec,-4,2,6145,32.7,NA,0,3.4,2024,2421,2346,1995-07-14,W - John Matua,2003-11-21,L - Wesley Correira
Brock Jardine,1985-07-10,FALSE,FALSE,FALSE,FALSE,FALSE,FALSE,FALSE,NA,Canada,male,welterweight,16,16,2,0,0 KO 0 Sub 0 Dec,2,0 KO 1 Sub 1 Dec,-2,-1,1077,27.3,28.4,0,8.5,2563,2419,2642,2012-06-22,L - Rick Story,2013-02-23,L - Kenny Robertson
Tom Murphy,1974-11-19,TRUE,FALSE,FALSE,FALSE,FALSE,FALSE,FALSE,NA,United States,male,heavyweight,16,16,1,1,1 KO 0 Sub 0 Dec,0,0 KO 0 Sub 0 Dec,1,1,719,31.3,24,0,8,2493,2419,2383,2006-03-04,W - Icho Larenas,2006-03-04,W - Icho Larenas
Filip Pejic,1992-07-21,FALSE,FALSE,FALSE,FALSE,FALSE,FALSE,FALSE,NA,Croatia,male,bantamweight,16,16,1,0,0 KO 0 Sub 0 Dec,1,0 KO 1 Sub 0 Dec,-1,-1,136,23.7,26.1,0,10,2460,2419,2489,2016-04-10,L - Damian Stasiak,2016-04-10,L - Damian Stasiak
Jeff Curran,1977-09-02,FALSE,FALSE,FALSE,TRUE,TRUE,TRUE,FALSE,NA,United States,male,"bantamweight, lightweight",16,16,3,0,0 KO 0 Sub 0 Dec,3,0 KO 0 Sub 3 Dec,-3,-1,2700,31.8,30.9,0,7.7,2340,2419,2553,2004-01-31,L - Matt Serra,2012-05-15,L - Johnny Eduardo
Charlie Ontiveros,1991-07-04,FALSE,FALSE,FALSE,FALSE,FALSE,FALSE,FALSE,NA,United States,male,"lightweight, middleweight",16,16,3,0,0 KO 0 Sub 0 Dec,3,3 KO 0 Sub 0 Dec,-3,-1,785,30.2,30.5,0,7.7,2328,2419,2720,2020-10-31,L - Kevin Holland,2022-08-13,L - Gabriel Benitez
Henry Briones,1980-10-22,TRUE,FALSE,FALSE,FALSE,FALSE,FALSE,FALSE,NA,Mexico,male,bantamweight,16,16,5,1,0 KO 1 Sub 0 Dec,4,1 KO 1 Sub 2 Dec,-4,1,3078,35.8,32.2,1,10,2307,2418,2625,2014-11-15,W - Guido Cannetti,2018-05-19,L - Frankie Saenz
Charalampos Grigoriou,1992-03-31,FALSE,FALSE,TRUE,FALSE,FALSE,FALSE,FALSE,NA,"Cyprus, Greece, United States",male,bantamweight,16,16,2,0,0 KO 0 Sub 0 Dec,2,0 KO 1 Sub 1 Dec,-2,-1,1315,32.2,32.3,0,9.5,2305,2418,2450,2024-03-16,L - Chad Anheliger,2024-08-10,L - Toshiomi Kazama
Jessica Rakoczy,1977-04-14,TRUE,FALSE,FALSE,FALSE,FALSE,FALSE,FALSE,NA,Canada,female,"women's strawweight, women's bantamweight",15,16,2,0,0 KO 0 Sub 0 Dec,2,1 KO 0 Sub 1 Dec,-2,-1,1199,37.3,28.1,0,6.5,2302,2418,2467,2013-11-30,L - Julianna Pena,2015-04-25,L - Valerie Letourneau
James Giboo,1978-06-01,FALSE,FALSE,FALSE,FALSE,FALSE,FALSE,FALSE,NA,United States,male,welterweight,16,16,1,0,0 KO 0 Sub 0 Dec,1,1 KO 0 Sub 0 Dec,-1,-1,449,30.1,31.2,0,11,2285,2418,2533,2008-07-19,L - Brad Blackburn,2008-07-19,L - Brad Blackburn
Joao Zeferino,1986-01-15,FALSE,FALSE,FALSE,FALSE,FALSE,FALSE,FALSE,NA,Brazil,male,"welterweight, middleweight",16,16,2,0,0 KO 0 Sub 0 Dec,2,0 KO 0 Sub 2 Dec,-2,-1,1800,27.5,28.7,0,6.5,2900,2417,2619,2013-05-18,L - Rafael Natal,2013-09-04,L - Elias Silverio
Hayder Hassan,1982-10-20,TRUE,FALSE,FALSE,FALSE,TRUE,FALSE,FALSE,NA,United States,male,welterweight,16,16,2,0,0 KO 0 Sub 0 Dec,2,0 KO 2 Sub 0 Dec,-2,-1,512,32.9,26.1,0,7,2477,2417,2482,2015-07-12,L - Kamaru Usman,2015-12-19,L - Vicente Luque
Danny Martinez,1985-06-14,TRUE,FALSE,FALSE,FALSE,FALSE,TRUE,FALSE,NA,United States,male,"flyweight, bantamweight",16,16,4,1,0 KO 0 Sub 1 Dec,3,0 KO 0 Sub 3 Dec,1,1,3600,29.5,30.6,1,8.5,2477,2417,2525,2014-02-01,L - Chris Cariaso,2015-11-14,W - Richie Vaculik
Leonardo Guimaraes,1982-04-15,FALSE,FALSE,FALSE,FALSE,FALSE,FALSE,FALSE,NA,Brazil,male,middleweight,16,16,2,0,0 KO 0 Sub 0 Dec,2,0 KO 1 Sub 1 Dec,-2,-1,1786,34.1,27,0,9,2469,2417,2717,2016-02-21,L - Anthony Smith,2016-09-17,L - Antonio Carlos Junior
Wes Combs,1973-06-18,FALSE,FALSE,FALSE,FALSE,FALSE,FALSE,FALSE,NA,United States,male,light heavyweight,16,16,2,0,0 KO 0 Sub 0 Dec,2,0 KO 2 Sub 0 Dec,-2,-1,393,33.1,31.2,0,8,2365,2417,2270,2006-06-24,L - Mike Nickels,2006-08-26,L - Wilson Gouveia
Nandor Guelmino,1975-12-20,FALSE,FALSE,FALSE,FALSE,TRUE,FALSE,FALSE,NA,Austria,male,heavyweight,16,16,1,0,0 KO 0 Sub 0 Dec,1,1 KO 0 Sub 0 Dec,-1,-1,798,37.8,31.1,0,13,2283,2417,2535,2013-09-21,L - Daniel Omielanczuk,2013-09-21,L - Daniel Omielanczuk
Askar Mozharov,1994-10-26,FALSE,FALSE,FALSE,FALSE,FALSE,FALSE,FALSE,NA,Ukraine,male,light heavyweight,16,16,1,0,0 KO 0 Sub 0 Dec,1,1 KO 0 Sub 0 Dec,-1,-1,280,27.6,34.6,0,6,2416,2416,2737,2022-06-04,L - Alonzo Menifield,2022-06-04,L - Alonzo Menifield
Jimmy Quinlan,1986-05-25,TRUE,FALSE,FALSE,FALSE,FALSE,FALSE,FALSE,NA,United States,male,middleweight,16,16,1,0,0 KO 0 Sub 0 Dec,1,1 KO 0 Sub 0 Dec,-1,-1,202,26.9,33.4,0,8,2378,2416,2643,2013-04-13,L - Dylan Andrews,2013-04-13,L - Dylan Andrews
Wendell Oliveira,1983-06-01,TRUE,FALSE,FALSE,FALSE,FALSE,FALSE,FALSE,NA,Brazil,male,welterweight,16,16,2,0,0 KO 0 Sub 0 Dec,2,2 KO 0 Sub 0 Dec,-2,-1,477,31.6,25.2,0,5,2319,2416,2499,2014-09-13,L - Santiago Ponzinibbio,2015-05-30,L - Darren Till
Besam Yousef,1985-03-25,FALSE,FALSE,FALSE,FALSE,FALSE,FALSE,FALSE,NA,Syria,male,welterweight,16,16,2,0,0 KO 0 Sub 0 Dec,2,0 KO 1 Sub 1 Dec,-2,-1,1356,27.5,31.4,0,12,2271,2416,2425,2012-04-14,L - Simeon Thoresen,2013-04-06,L - Papy Abedi
Tateki Matsuda,1986-02-27,TRUE,FALSE,FALSE,FALSE,FALSE,FALSE,FALSE,NA,Japan,male,"flyweight, bantamweight",16,16,2,0,0 KO 0 Sub 0 Dec,2,0 KO 0 Sub 2 Dec,-2,-1,1800,28.7,26.3,0,10,2424,2415,2519,2014-09-05,L - Chris Beal,2015-01-18,L - Joby Sanchez
Brendon Marotte,1996-01-12,FALSE,FALSE,FALSE,FALSE,FALSE,FALSE,FALSE,NA,United States,male,"featherweight, lightweight",16,16,2,0,0 KO 0 Sub 0 Dec,2,1 KO 1 Sub 0 Dec,-2,-1,579,28.2,28.6,0,7.5,2377,2415,2677,2023-10-14,L - Terrance McKinney,2024-09-07,L - Isaac Dulgarian
Lee Murray,1977-11-12,FALSE,FALSE,FALSE,FALSE,FALSE,FALSE,FALSE,NA,"United Kingdom, England",male,middleweight,16,16,1,1,0 KO 1 Sub 0 Dec,0,0 KO 0 Sub 0 Dec,1,1,105,26.2,31.9,0,5,2378,2414,2668,2004-01-31,W - Jorge Rivera,2004-01-31,W - Jorge Rivera
Justin Jones,1987-09-06,FALSE,FALSE,FALSE,FALSE,FALSE,FALSE,FALSE,NA,United States,male,"middleweight, light heavyweight",16,16,2,0,0 KO 0 Sub 0 Dec,2,0 KO 0 Sub 2 Dec,-2,-1,1800,27.4,28.7,0,9,2678,2413,2605,2014-12-06,L - Corey Anderson,2015-04-04,L - Ronald Stallings
Terrence Mitchell,1989-12-30,TRUE,FALSE,FALSE,FALSE,FALSE,FALSE,FALSE,NA,United States,male,bantamweight,16,16,2,0,0 KO 0 Sub 0 Dec,2,2 KO 0 Sub 0 Dec,-2,-1,244,33.6,20.7,0,7,2352,2412,2623,2023-07-08,L - Cameron Saaiman,2023-09-16,L - Raul Rosas Jr.
Blood Diamond,1988-07-10,FALSE,FALSE,FALSE,FALSE,FALSE,FALSE,FALSE,NA,"New Zealand, Zimbabwe",male,welterweight,16,16,3,0,0 KO 0 Sub 0 Dec,3,0 KO 1 Sub 2 Dec,-3,-1,2078,34.3,32.2,0,12,2220,2412,2653,2022-02-12,L - Jeremiah Wells,2023-09-09,L - Charles Radtke
Bojan Mihajlovic,1980-03-30,FALSE,FALSE,FALSE,FALSE,FALSE,FALSE,FALSE,NA,Serbia,male,"light heavyweight, heavyweight",16,16,3,0,0 KO 0 Sub 0 Dec,3,3 KO 0 Sub 0 Dec,-3,-1,1271,36.8,31.3,0,8.3,2343,2411,2672,2016-07-23,L - Francis Ngannou,2017-09-02,L - Abdul-Kerim Edilov
Rodney Wallace,1981-11-21,FALSE,FALSE,FALSE,FALSE,FALSE,FALSE,FALSE,NA,United States,male,light heavyweight,16,16,3,0,0 KO 0 Sub 0 Dec,3,0 KO 0 Sub 3 Dec,-3,-1,2700,28.4,27.7,1,8,2200,2411,2584,2009-12-05,L - Brian Stann,2010-08-07,L - Phil Davis
Pearl Gonzalez,1986-08-12,FALSE,FALSE,FALSE,FALSE,FALSE,FALSE,FALSE,NA,United States,female,women's strawweight,16,16,2,0,0 KO 0 Sub 0 Dec,2,0 KO 1 Sub 1 Dec,-2,-1,1725,30.9,29.3,0,5.5,2576,2410,2583,2017-04-08,L - Cynthia Calvillo,2017-10-07,L - Poliana Botelho
Corey Hill,1978-10-03,TRUE,FALSE,FALSE,FALSE,FALSE,FALSE,FALSE,NA,United States,male,lightweight,16,16,3,1,1 KO 0 Sub 0 Dec,2,1 KO 1 Sub 0 Dec,-2,1,1194,29.7,28.3,0,8.7,1995,2410,2383,2008-01-23,W - Joe Veres,2008-12-10,L - Dale Hartt
Leonardo Morales,1992-12-22,TRUE,FALSE,FALSE,FALSE,FALSE,FALSE,FALSE,NA,Nicaragua,male,featherweight,16,16,2,0,0 KO 0 Sub 0 Dec,2,0 KO 1 Sub 1 Dec,-2,-1,1054,22.2,23.5,0,9,2404,2409,2493,2014-11-15,L - Yair Rodriguez,2015-06-06,L - Jose Alberto Quinonez
Gloria de Paula,1995-06-10,FALSE,FALSE,TRUE,FALSE,FALSE,FALSE,FALSE,NA,Brazil,female,women's strawweight,16,16,4,1,0 KO 0 Sub 1 Dec,3,1 KO 0 Sub 2 Dec,-1,1,2760,26.4,28.3,0,8.2,2223,2409,2389,2021-03-13,L - Jinh Yu Frey,2022-06-18,L - Maria Oliveira
Brendan Loughnane,1989-12-05,TRUE,FALSE,TRUE,FALSE,FALSE,FALSE,FALSE,NA,"United Kingdom, England",male,lightweight,16,16,1,0,0 KO 0 Sub 0 Dec,1,0 KO 0 Sub 1 Dec,-1,-1,900,23,25.2,0,9,2969,2407,2584,2012-12-14,L - Mike Wilkinson,2012-12-14,L - Mike Wilkinson
Scott Ferrozzo,1965-04-26,FALSE,FALSE,FALSE,FALSE,FALSE,FALSE,FALSE,NA,United States,male,"heavyweight, openweight",16,16,5,3,1 KO 1 Sub 1 Dec,2,1 KO 1 Sub 0 Dec,-1,3,2253,31.4,NA,0,5.8,2331,2407,2278,1996-02-16,L - Jerry Bohlander,1997-02-07,L - Vitor Belfort
Jason Black,1972-08-15,FALSE,FALSE,FALSE,TRUE,FALSE,FALSE,FALSE,NA,United States,male,lightweight,16,16,2,0,0 KO 0 Sub 0 Dec,2,0 KO 1 Sub 1 Dec,-2,-1,1369,35,24.4,1,5.5,2269,2407,2454,2007-06-12,L - Thiago Tavares,2007-10-20,L - Matt Grice
Daniel Jolly,1984-09-03,FALSE,FALSE,TRUE,FALSE,FALSE,FALSE,FALSE,NA,United States,male,light heavyweight,16,16,2,0,0 KO 0 Sub 0 Dec,2,2 KO 0 Sub 0 Dec,-2,-1,337,31.7,27.7,0,12,2193,2407,2579,2015-08-23,L - Misha Cirkunov,2017-02-04,L - Khalil Rountree Jr.
Talita Bernardo,1987-03-04,FALSE,FALSE,FALSE,FALSE,FALSE,FALSE,FALSE,NA,Brazil,female,women's bantamweight,14,16,4,1,0 KO 0 Sub 1 Dec,3,2 KO 0 Sub 1 Dec,-1,1,3342,31.3,33.2,0,8,2612,2406,2451,2017-09-02,L - Marion Reneau,2019-05-11,L - Viviane Araujo
Bill Mahood,1967-02-01,FALSE,FALSE,FALSE,FALSE,TRUE,FALSE,FALSE,NA,Canada,male,light heavyweight,16,16,1,0,0 KO 0 Sub 0 Dec,1,0 KO 1 Sub 0 Dec,-1,-1,138,38.3,25.9,0,4,2443,2406,2643,2005-06-04,L - Forrest Griffin,2005-06-04,L - Forrest Griffin
Danny Mitchell,1986-08-08,FALSE,FALSE,FALSE,FALSE,FALSE,FALSE,FALSE,NA,"United Kingdom, England",male,welterweight,16,16,2,0,0 KO 0 Sub 0 Dec,2,0 KO 0 Sub 2 Dec,-2,-1,1800,27.8,30.9,0,6.5,2370,2406,2423,2014-03-08,L - Igor Araujo,2014-08-22,L - Sai Wang
Sarah Alpar,1991-06-01,FALSE,FALSE,TRUE,FALSE,FALSE,FALSE,FALSE,NA,United States,female,"women's flyweight, women's bantamweight",16,16,2,0,0 KO 0 Sub 0 Dec,2,1 KO 0 Sub 1 Dec,-2,-1,1761,29.8,27.6,0,10.5,2365,2406,2491,2020-09-19,L - Jessica-Rose Clark,2021-09-18,L - Erin Blanchfield
Bristol Marunde,1982-04-20,TRUE,FALSE,FALSE,FALSE,TRUE,FALSE,FALSE,NA,United States,male,"welterweight, middleweight",16,16,2,0,0 KO 0 Sub 0 Dec,2,2 KO 0 Sub 0 Dec,-2,-1,929,31.1,27.9,0,10.5,2615,2405,2476,2013-04-13,L - Clint Hester,2013-08-03,L - Viscardi Andrade
Jamie Moyle,1989-03-17,TRUE,FALSE,FALSE,FALSE,FALSE,FALSE,FALSE,NA,United States,female,women's strawweight,16,16,3,1,0 KO 0 Sub 1 Dec,2,0 KO 0 Sub 2 Dec,-2,1,2700,28.4,25.5,0,10.3,2152,2405,2369,2016-12-03,W - Kailin Curran,2018-07-07,L - Emily Whitmire
Brandon Melendez,1983-03-24,TRUE,FALSE,FALSE,FALSE,FALSE,FALSE,FALSE,NA,United States,male,lightweight,16,16,1,0,0 KO 0 Sub 0 Dec,1,0 KO 1 Sub 0 Dec,-1,-1,429,24.2,23.1,0,5,2147,2405,2606,2007-06-23,L - Joe Lauzon,2007-06-23,L - Joe Lauzon
Bas Rutten,1965-02-24,FALSE,FALSE,FALSE,FALSE,FALSE,FALSE,FALSE,TRUE,Netherlands,male,heavyweight,-1,16,2,2,1 KO 0 Sub 1 Dec,0,0 KO 0 Sub 0 Dec,2,2,2115,34,28.3,0,3.5,2404,2404,2557,1999-01-08,W - Tsuyoshi Kosaka,1999-05-07,W - Kevin Randleman
Keith Rockel,1965-08-28,FALSE,FALSE,FALSE,FALSE,FALSE,FALSE,FALSE,NA,United States,male,middleweight,16,16,2,1,0 KO 1 Sub 0 Dec,1,0 KO 1 Sub 0 Dec,1,1,735,37.3,NA,0,7.5,2374,2403,2228,2002-01-11,L - Eugene Jackson,2003-11-21,W - Chris Liguori
Aleksandra Albu,1990-07-14,FALSE,FALSE,FALSE,FALSE,FALSE,FALSE,FALSE,NA,Russia,female,women's strawweight,16,16,4,2,0 KO 1 Sub 1 Dec,2,0 KO 1 Sub 1 Dec,-2,2,2375,27.4,25.4,0,10.5,2265,2403,2315,2015-04-11,W - Izabela Badurek,2019-10-26,L - Loma Lookboonmee
Mike Lullo,1979-07-14,FALSE,FALSE,FALSE,FALSE,FALSE,FALSE,FALSE,NA,United States,male,"featherweight, lightweight",16,16,2,0,0 KO 0 Sub 0 Dec,2,1 KO 0 Sub 1 Dec,-2,-1,1526,31.8,25.2,0,10,2338,2402,2566,2010-11-20,L - Edson Barboza,2011-09-17,L - Robbie Peralta
Scott Junk,1978-12-17,TRUE,FALSE,FALSE,FALSE,FALSE,FALSE,FALSE,NA,United States,male,heavyweight,16,16,1,0,0 KO 0 Sub 0 Dec,1,0 KO 1 Sub 0 Dec,-1,-1,199,28.8,32,0,8,2258,2402,2421,2007-09-22,L - Christian Wellisch,2007-09-22,L - Christian Wellisch
Roger Hollett,1978-10-08,FALSE,FALSE,FALSE,FALSE,FALSE,FALSE,FALSE,NA,Canada,male,light heavyweight,16,16,2,0,0 KO 0 Sub 0 Dec,2,0 KO 0 Sub 2 Dec,-2,-1,1800,34.3,34.6,0,7,2318,2401,2593,2012-09-22,L - Matt Hamill,2013-05-18,L - Fabio Maldonado
Steven Koslow,1997-01-22,FALSE,FALSE,FALSE,FALSE,FALSE,FALSE,FALSE,NA,United States,male,bantamweight,16,16,1,0,0 KO 0 Sub 0 Dec,1,1 KO 0 Sub 0 Dec,-1,-1,853,25.9,22,0,12,2400,2400,2560,2022-12-10,L - Cameron Saaiman,2022-12-10,L - Cameron Saaiman
Bob Cook,NA,FALSE,FALSE,FALSE,FALSE,FALSE,FALSE,FALSE,NA,United States,male,lightweight,16,16,1,1,0 KO 1 Sub 0 Dec,0,0 KO 0 Sub 0 Dec,1,1,389,NA,23.1,0,4,2400,2400,2200,2000-03-10,W - Tiki Ghosn,2000-03-10,W - Tiki Ghosn
Shanna Young,1991-02-20,FALSE,FALSE,TRUE,FALSE,FALSE,FALSE,FALSE,NA,United States,female,"women's flyweight, women's bantamweight",16,16,4,1,1 KO 0 Sub 0 Dec,3,1 KO 0 Sub 2 Dec,-1,1,2733,30.6,30.2,0,10,2291,2400,2525,2020-02-15,L - Macy Chiasson,2022-11-05,L - Miranda Maverick
Jessamyn Duke,1986-06-24,TRUE,FALSE,FALSE,FALSE,FALSE,FALSE,FALSE,NA,United States,female,women's bantamweight,14,16,4,1,0 KO 0 Sub 1 Dec,3,1 KO 0 Sub 2 Dec,-3,1,2844,28.1,31.4,0,7.8,2098,2400,2355,2013-11-30,W - Peggy Morgan,2015-07-25,L - Elizabeth Phillips
Denis Stojnic,1980-02-02,FALSE,FALSE,FALSE,FALSE,FALSE,FALSE,FALSE,NA,Bosnia and Herzegovina,male,heavyweight,16,16,2,0,0 KO 0 Sub 0 Dec,2,1 KO 1 Sub 0 Dec,-2,-1,911,29.2,23.9,0,6.5,2622,2398,2561,2009-02-07,L - Cain Velasquez,2009-06-13,L - Stefan Struve
Richie Smullen,1991-08-17,FALSE,FALSE,FALSE,FALSE,FALSE,FALSE,FALSE,NA,Ireland,male,lightweight,16,16,1,0,0 KO 0 Sub 0 Dec,1,0 KO 1 Sub 0 Dec,-1,-1,212,26.9,25,0,8,2571,2398,2609,2018-07-06,L - Luis Pena,2018-07-06,L - Luis Pena
Mike Whitehead,1981-06-29,TRUE,FALSE,FALSE,FALSE,TRUE,TRUE,FALSE,NA,United States,male,light heavyweight,16,16,1,0,0 KO 0 Sub 0 Dec,1,0 KO 0 Sub 1 Dec,-1,-1,900,24.6,30.3,0,9,2532,2398,2615,2006-02-04,L - Keith Jardine,2006-02-04,L - Keith Jardine
Dashon Johnson,1988-01-25,FALSE,FALSE,FALSE,FALSE,FALSE,FALSE,FALSE,NA,United States,male,"featherweight, lightweight",16,16,2,0,0 KO 0 Sub 0 Dec,2,0 KO 2 Sub 0 Dec,-2,-1,1065,26.5,23.5,0,6,2316,2398,2473,2014-06-27,L - Jake Matthews,2014-09-13,L - Godofredo Pepey
Rob Yundt,1980-05-05,FALSE,FALSE,FALSE,FALSE,FALSE,FALSE,FALSE,NA,United States,male,middleweight,16,16,2,0,0 KO 0 Sub 0 Dec,2,0 KO 2 Sub 0 Dec,-2,-1,306,27.9,29.3,0,7,2184,2398,2523,2008-02-02,L - Ricardo Almeida,2008-06-21,L - Rob Kimmons
Dan Spohn,1984-10-12,TRUE,FALSE,TRUE,FALSE,FALSE,FALSE,FALSE,NA,United States,male,light heavyweight,16,16,1,0,0 KO 0 Sub 0 Dec,1,0 KO 0 Sub 1 Dec,-1,-1,900,29.7,25.6,0,9,2573,2397,2479,2014-07-06,L - Pat Walsh,2014-07-06,L - Pat Walsh
Dan Bobish,1970-01-26,FALSE,FALSE,FALSE,TRUE,FALSE,FALSE,FALSE,NA,United States,male,heavyweight,16,16,2,1,1 KO 0 Sub 0 Dec,1,0 KO 1 Sub 0 Dec,-1,1,228,27.5,28.8,0,7,2522,2397,2441,1997-07-27,W - Brian Johnston,1997-07-27,L - Mark Kerr
Bruno Korea,1991-06-28,TRUE,FALSE,TRUE,FALSE,FALSE,FALSE,FALSE,NA,Brazil,male,bantamweight,16,16,1,0,0 KO 0 Sub 0 Dec,1,0 KO 1 Sub 0 Dec,-1,-1,807,24.4,22.8,0,13,2517,2397,2531,2015-11-07,L - Matheus Nicolau,2015-11-07,L - Matheus Nicolau
Zhumabek Tursyn,1986-04-17,FALSE,FALSE,FALSE,FALSE,FALSE,FALSE,FALSE,NA,China,male,"bantamweight, featherweight",16,16,3,0,0 KO 0 Sub 0 Dec,3,1 KO 1 Sub 1 Dec,-3,-1,1907,28.2,29.5,1,8.7,2467,2397,2484,2014-03-01,L - Mark Eddiva,2014-11-07,L - Marcus Brimage
Mike King,1983-08-04,TRUE,FALSE,FALSE,FALSE,FALSE,FALSE,FALSE,NA,United States,male,middleweight,16,16,1,0,0 KO 0 Sub 0 Dec,1,0 KO 1 Sub 0 Dec,-1,-1,513,31,26.9,1,7,2397,2397,2776,2014-07-19,L - Cathal Pendred,2014-07-19,L - Cathal Pendred
Mike Nickels,1971-12-13,TRUE,FALSE,FALSE,FALSE,FALSE,FALSE,FALSE,NA,United States,male,light heavyweight,16,16,2,1,0 KO 1 Sub 0 Dec,1,0 KO 1 Sub 0 Dec,-1,1,324,35,31.6,0,7.5,2270,2397,2592,2006-06-24,W - Wes Combs,2007-07-07,L - Stephan Bonnar
Mikey Burnett,1974-04-12,TRUE,FALSE,FALSE,FALSE,FALSE,FALSE,FALSE,NA,United States,male,"lightweight, welterweight",16,16,3,2,1 KO 0 Sub 1 Dec,1,0 KO 0 Sub 1 Dec,1,1,2746,24.4,32.3,0,3.3,2329,2395,2298,1998-03-13,W - Eugenio Tadeu,1999-01-08,W - Townsend Saunders
Mike Stumpf,1983-07-23,FALSE,FALSE,FALSE,FALSE,FALSE,FALSE,FALSE,NA,United States,male,welterweight,16,16,2,0,0 KO 0 Sub 0 Dec,2,0 KO 1 Sub 1 Dec,-2,-1,1132,28.8,24.6,0,8.5,2310,2395,2531,2011-09-17,L - TJ Waldburger,2013-01-26,L - Pascal Krauss
Justin Wren,1987-04-27,TRUE,FALSE,FALSE,FALSE,FALSE,FALSE,FALSE,NA,United States,male,heavyweight,16,16,1,0,0 KO 0 Sub 0 Dec,1,0 KO 0 Sub 1 Dec,-1,-1,900,22.6,29.8,0,7,2600,2393,2329,2009-12-05,L - Jon Madsen,2009-12-05,L - Jon Madsen
Jon Manley,1986-07-07,TRUE,FALSE,FALSE,FALSE,FALSE,FALSE,FALSE,NA,United States,male,welterweight,16,16,1,0,0 KO 0 Sub 0 Dec,1,0 KO 0 Sub 1 Dec,-1,-1,900,26.6,25.6,0,11,2465,2393,2642,2013-02-23,L - Neil Magny,2013-02-23,L - Neil Magny
Goran Reljic,1984-03-20,FALSE,FALSE,FALSE,FALSE,FALSE,FALSE,FALSE,NA,Croatia,male,"light heavyweight, middleweight",16,16,4,1,1 KO 0 Sub 0 Dec,3,0 KO 0 Sub 3 Dec,-3,1,3195,25.8,29.3,1,5.8,2348,2393,2611,2008-05-24,W - Wilson Gouveia,2010-11-13,L - Krzysztof Soszynski
Harry Hunsucker,1989-01-03,FALSE,FALSE,TRUE,FALSE,FALSE,FALSE,FALSE,NA,United States,male,"light heavyweight, heavyweight",16,16,3,0,0 KO 0 Sub 0 Dec,3,3 KO 0 Sub 0 Dec,-3,-1,227,32.9,29,0,6,2273,2393,2610,2021-03-20,L - Tai Tuivasa,2022-08-20,L - Tyson Pedro
Ednaldo Oliveira,1984-02-19,FALSE,FALSE,FALSE,FALSE,FALSE,FALSE,FALSE,NA,Brazil,male,"light heavyweight, heavyweight",16,16,2,0,0 KO 0 Sub 0 Dec,2,0 KO 1 Sub 1 Dec,-2,-1,1102,28.7,33,0,9,2267,2393,2596,2012-01-14,L - Gabriel Gonzaga,2013-08-03,L - Francimar Barroso
Michel Batista,1984-04-20,TRUE,FALSE,FALSE,FALSE,FALSE,FALSE,FALSE,NA,Cuba,male,heavyweight,16,16,1,0,0 KO 0 Sub 0 Dec,1,0 KO 1 Sub 0 Dec,-1,-1,134,34.6,32.4,0,9,2262,2392,2493,2018-11-30,L - Maurice Greene,2018-11-30,L - Maurice Greene
Motonobu Tezuka,1987-08-29,FALSE,FALSE,FALSE,FALSE,FALSE,FALSE,FALSE,NA,Japan,male,bantamweight,16,16,2,0,0 KO 0 Sub 0 Dec,2,0 KO 0 Sub 2 Dec,-2,-1,1800,25.3,27.4,0,9,2081,2392,2460,2012-11-10,L - Alex Caceres,2013-02-16,L - Vaughan Lee
Ryan Madigan,NA,FALSE,FALSE,FALSE,FALSE,FALSE,FALSE,FALSE,NA,United States,male,welterweight,16,16,1,0,0 KO 0 Sub 0 Dec,1,0 KO 1 Sub 0 Dec,-1,-1,215,NA,22.3,0,6,2248,2391,2581,2009-03-07,L - Tamdan McCrory,2009-03-07,L - Tamdan McCrory
Yasuhiro Urushitani,1976-09-08,FALSE,FALSE,FALSE,FALSE,FALSE,FALSE,FALSE,NA,Japan,male,flyweight,16,16,2,0,0 KO 0 Sub 0 Dec,2,1 KO 0 Sub 1 Dec,-2,-1,1211,35.8,25,0,5,2311,2390,2728,2012-03-02,L - Joseph Benavidez,2012-11-10,L - John Lineker
Rolles Gracie,1978-07-14,FALSE,FALSE,FALSE,FALSE,FALSE,FALSE,FALSE,NA,Brazil,male,heavyweight,16,16,1,0,0 KO 0 Sub 0 Dec,1,1 KO 0 Sub 0 Dec,-1,-1,391,31.6,28.2,0,11,2349,2389,2504,2010-02-06,L - Joey Beltran,2010-02-06,L - Joey Beltran
Larissa Pacheco,1994-09-07,TRUE,FALSE,FALSE,FALSE,FALSE,FALSE,FALSE,NA,Brazil,female,women's bantamweight,16,16,2,0,0 KO 0 Sub 0 Dec,2,1 KO 1 Sub 0 Dec,-2,-1,695,20.3,26.9,0,9,2951,2388,2419,2014-09-13,L - Jessica Andrade,2015-03-14,L - Germaine de Randamie
Jordan Radev,1976-03-04,FALSE,FALSE,FALSE,FALSE,FALSE,FALSE,FALSE,NA,Bulgaria,male,middleweight,16,16,2,0,0 KO 0 Sub 0 Dec,2,1 KO 0 Sub 1 Dec,-2,-1,933,31.5,30.4,0,6,2574,2387,2501,2007-06-12,L - Drew McFedries,2007-12-29,L - Dean Lister
Kerry Schall,1971-08-09,FALSE,FALSE,FALSE,FALSE,FALSE,FALSE,FALSE,NA,United States,male,heavyweight,16,16,1,0,0 KO 0 Sub 0 Dec,1,1 KO 0 Sub 0 Dec,-1,-1,508,34.2,30,0,7,2366,2387,2534,2005-11-05,L - Keith Jardine,2005-11-05,L - Keith Jardine
Steven Lynch,NA,FALSE,FALSE,FALSE,FALSE,FALSE,FALSE,FALSE,NA,"United Kingdom, Northern Ireland",male,welterweight,16,16,1,0,0 KO 0 Sub 0 Dec,1,0 KO 1 Sub 0 Dec,-1,-1,170,NA,21.1,0,7,2266,2387,2566,2007-06-16,L - Dustin Hazelett,2007-06-16,L - Dustin Hazelett
Maria Oliveira,1996-12-09,FALSE,FALSE,TRUE,FALSE,FALSE,FALSE,FALSE,NA,Brazil,female,women's strawweight,16,16,4,1,0 KO 0 Sub 1 Dec,3,0 KO 0 Sub 3 Dec,-2,1,3600,25.7,28.7,0,9.8,2196,2387,2375,2021-10-23,L - Tabatha Ricci,2023-06-10,L - Diana Belbita
Cory Walmsley,1974-07-06,FALSE,FALSE,FALSE,FALSE,FALSE,FALSE,FALSE,NA,United States,male,light heavyweight,16,16,1,0,0 KO 0 Sub 0 Dec,1,0 KO 1 Sub 0 Dec,-1,-1,152,32.1,30.5,0,8,2385,2385,2621,2006-08-26,L - David Heath,2006-08-26,L - David Heath
Tyler Toner,1983-03-31,FALSE,FALSE,FALSE,FALSE,TRUE,TRUE,FALSE,NA,United States,male,featherweight,16,16,1,0,0 KO 0 Sub 0 Dec,1,0 KO 0 Sub 1 Dec,-1,-1,900,27.7,27.2,0,7,2265,2384,2480,2010-12-04,L - Ian Loveland,2010-12-04,L - Ian Loveland
Dmitry Smolyakov,1984-08-05,FALSE,FALSE,FALSE,FALSE,FALSE,FALSE,FALSE,NA,Russia,male,heavyweight,16,16,3,0,0 KO 0 Sub 0 Dec,3,2 KO 1 Sub 0 Dec,-3,-1,834,33,28.2,0,8.3,2221,2384,2430,2016-07-23,L - Luis Henrique Barbosa,2019-04-27,L - Greg Hardy
Ikuhisa Minowa,1976-01-12,FALSE,FALSE,FALSE,TRUE,FALSE,FALSE,FALSE,NA,Japan,male,middleweight,16,16,1,1,1 KO 0 Sub 0 Dec,0,0 KO 0 Sub 0 Dec,1,1,722,24.3,22.5,0,5,2056,2383,2617,2000-04-14,W - Joe Slick,2000-04-14,W - Joe Slick
Daichi Abe,1991-11-27,FALSE,FALSE,FALSE,FALSE,FALSE,FALSE,FALSE,NA,Japan,male,welterweight,16,16,3,1,0 KO 0 Sub 1 Dec,2,0 KO 0 Sub 2 Dec,-2,1,2700,26.2,31,0,8.7,2341,2382,2592,2017-09-22,W - Hyun Gyu Lim,2018-06-23,L - Li Jingliang
Kimbo Slice,1974-02-08,TRUE,FALSE,FALSE,FALSE,FALSE,FALSE,FALSE,NA,"Bahamas, United States",male,heavyweight,16,16,2,1,0 KO 0 Sub 1 Dec,1,1 KO 0 Sub 0 Dec,-1,1,1464,36,34.8,0,3.5,2308,2382,2304,2009-12-05,W - Houston Alexander,2010-05-08,L - Matt Mitrione
Felipe Olivieri,1986-04-12,TRUE,FALSE,FALSE,FALSE,FALSE,FALSE,FALSE,NA,Brazil,male,lightweight,16,16,1,0,0 KO 0 Sub 0 Dec,1,0 KO 1 Sub 0 Dec,-1,-1,782,29.8,26.1,0,13,2285,2382,2586,2016-01-30,L - Anthony Rocco Martin,2016-01-30,L - Anthony Rocco Martin
Kevin Jordan,1970-12-31,FALSE,FALSE,FALSE,FALSE,TRUE,FALSE,FALSE,NA,United States,male,heavyweight,16,16,2,0,0 KO 0 Sub 0 Dec,2,1 KO 1 Sub 0 Dec,-2,-1,1119,34.7,28.9,0,3.5,2091,2382,2564,2005-06-04,L - Paul Buentello,2005-11-19,L - Gabriel Gonzaga
Roman Mitichyan,1978-09-04,FALSE,FALSE,FALSE,FALSE,FALSE,FALSE,FALSE,NA,"Armenia, United States",male,welterweight,16,16,2,1,0 KO 1 Sub 0 Dec,1,1 KO 0 Sub 0 Dec,-1,1,467,29.4,30.5,0,9.5,2354,2381,2409,2007-12-08,W - Dorian Price,2008-04-02,L - George Sotiropoulos
Sako Chivitchian,1984-03-11,TRUE,FALSE,FALSE,FALSE,FALSE,FALSE,FALSE,NA,"Armenia, United States",male,lightweight,16,16,1,0,0 KO 0 Sub 0 Dec,1,0 KO 0 Sub 1 Dec,-1,-1,900,26.7,31.3,0,8,2470,2379,2547,2010-12-04,L - Kyle Watson,2010-12-04,L - Kyle Watson
John Marsh,1970-09-15,FALSE,FALSE,FALSE,TRUE,FALSE,FALSE,FALSE,NA,United States,male,light heavyweight,16,16,1,0,0 KO 0 Sub 0 Dec,1,0 KO 0 Sub 1 Dec,-1,-1,900,34.6,39.8,0,8,2261,2379,2383,2005-04-16,L - Mike Van Arsdale,2005-04-16,L - Mike Van Arsdale
Eddie Mendez,1984-01-16,FALSE,FALSE,FALSE,FALSE,TRUE,FALSE,FALSE,NA,United States,male,middleweight,16,16,1,0,0 KO 0 Sub 0 Dec,1,0 KO 1 Sub 0 Dec,-1,-1,140,29.4,30.8,0,5,2436,2378,2571,2013-06-08,L - Daniel Sarafian,2013-06-08,L - Daniel Sarafian
Shannon Ross,1989-05-12,FALSE,FALSE,TRUE,FALSE,FALSE,FALSE,FALSE,NA,Australia,male,flyweight,16,16,3,0,0 KO 0 Sub 0 Dec,3,3 KO 0 Sub 0 Dec,-3,-1,615,34.2,27.6,0,9,2320,2378,2651,2023-02-11,L - Kleydson Rodrigues,2023-12-09,L - HyunSung Park
James McSweeney,1980-10-24,TRUE,FALSE,FALSE,FALSE,FALSE,FALSE,FALSE,NA,"United Kingdom, England",male,"light heavyweight, heavyweight",16,16,3,1,1 KO 0 Sub 0 Dec,2,2 KO 0 Sub 0 Dec,-2,1,1720,29.6,27.7,0,8.7,2278,2378,2511,2009-12-05,W - Darrill Schoonover,2010-10-16,L - Fabio Maldonado
Delson Heleno,1977-11-16,TRUE,FALSE,FALSE,FALSE,FALSE,FALSE,FALSE,NA,Brazil,male,middleweight,16,16,1,0,0 KO 0 Sub 0 Dec,1,1 KO 0 Sub 0 Dec,-1,-1,261,34.6,33.8,0,7,2508,2377,2505,2012-06-23,L - Francisco Trinaldo,2012-06-23,L - Francisco Trinaldo
Floyd Sword,1976-08-24,FALSE,FALSE,FALSE,FALSE,FALSE,FALSE,FALSE,NA,United States,male,middleweight,16,16,1,0,0 KO 0 Sub 0 Dec,1,0 KO 1 Sub 0 Dec,-1,-1,230,30.8,25.8,0,3,2429,2376,2583,2007-06-23,L - Thales Leites,2007-06-23,L - Thales Leites
Roldan Sangcha-an,1990-12-04,FALSE,FALSE,FALSE,FALSE,FALSE,FALSE,FALSE,NA,Philippines,male,flyweight,16,16,2,0,0 KO 0 Sub 0 Dec,2,0 KO 1 Sub 1 Dec,-2,-1,1393,24,29.4,1,8.5,2218,2375,2375,2014-06-27,L - Richie Vaculik,2015-05-16,L - Jon Delos Reyes
CJ Fernandes,1977-11-13,FALSE,FALSE,FALSE,FALSE,FALSE,FALSE,FALSE,NA,United States,male,lightweight,16,16,1,0,NA,0,NA,0,0,600,22.9,NA,0,8,2170,2375,2146,2000-09-22,D - Brad Gumm,2000-09-22,D - Brad Gumm
Galore Bofando,1982-05-22,FALSE,FALSE,FALSE,FALSE,FALSE,FALSE,FALSE,NA,"DR Congo, United Kingdom, England",male,welterweight,16,16,2,1,1 KO 0 Sub 0 Dec,1,1 KO 0 Sub 0 Dec,-1,1,380,35.4,34,0,8,2437,2374,2558,2017-07-16,W - Charlie Ward,2017-12-16,L - Chad Laprise
Anna Elmose,1984-10-06,FALSE,FALSE,FALSE,FALSE,FALSE,FALSE,FALSE,NA,Denmark,female,"women's strawweight, women's bantamweight",16,16,2,0,0 KO 0 Sub 0 Dec,2,1 KO 0 Sub 1 Dec,-2,-1,1126,31.9,28.6,0,6,2295,2373,2442,2016-05-08,L - Germaine de Randamie,2016-11-19,L - Amanda Cooper
Wes Sims,1979-10-12,TRUE,FALSE,FALSE,FALSE,TRUE,TRUE,FALSE,NA,United States,male,heavyweight,16,16,3,0,0 KO 0 Sub 0 Dec,3,2 KO 0 Sub 0 Dec,-3,-1,1035,24.1,24.2,0,4.7,2275,2373,2506,2003-06-06,L - Frank Mir,2004-04-02,L - Mike Kyle
Tom Blackledge,NA,FALSE,FALSE,FALSE,FALSE,FALSE,FALSE,FALSE,NA,"United Kingdom, England",male,light heavyweight,16,16,1,0,0 KO 0 Sub 0 Dec,1,0 KO 1 Sub 0 Dec,-1,-1,165,NA,38.4,0,9,2372,2372,2381,2011-02-26,L - Anthony Perosh,2011-02-26,L - Anthony Perosh
Sean Alvarez,1971-07-14,FALSE,FALSE,FALSE,FALSE,FALSE,FALSE,FALSE,NA,United States,male,heavyweight,16,16,1,0,0 KO 0 Sub 0 Dec,1,1 KO 0 Sub 0 Dec,-1,-1,406,31.8,24.5,0,4,2372,2372,2693,2003-04-25,L - Wesley Correira,2003-04-25,L - Wesley Correira
Issei Tamura,1984-03-12,FALSE,FALSE,FALSE,FALSE,FALSE,FALSE,FALSE,NA,Japan,male,"bantamweight, featherweight",16,16,3,1,1 KO 0 Sub 0 Dec,2,2 KO 0 Sub 0 Dec,-2,1,983,28.4,30.2,0,11.3,2330,2372,2628,2012-02-25,W - Tiequan Zhang,2013-03-16,L - TJ Dillashaw
John Halverson,1972-09-08,FALSE,FALSE,FALSE,FALSE,FALSE,FALSE,FALSE,NA,United States,male,lightweight,16,16,2,0,0 KO 0 Sub 0 Dec,2,1 KO 0 Sub 1 Dec,-2,-1,918,34.9,27.4,0,7,2195,2372,2545,2007-02-03,L - Roger Huerta,2008-03-01,L - Jorge Gurgel
Dan Cramer,1985-10-31,TRUE,FALSE,FALSE,FALSE,FALSE,FALSE,FALSE,NA,United States,male,welterweight,16,16,2,1,0 KO 0 Sub 1 Dec,1,0 KO 0 Sub 1 Dec,-1,1,1800,23.5,25,0,9.5,2547,2371,2480,2009-01-31,W - Matt Arroyo,2009-08-08,L - Matt Riddle
Dave Galera,1978-01-12,FALSE,FALSE,FALSE,FALSE,FALSE,FALSE,FALSE,NA,"Philippines, United States",male,bantamweight,16,16,1,0,0 KO 0 Sub 0 Dec,1,0 KO 0 Sub 1 Dec,-1,-1,900,36,27.1,0,7,2371,2371,2371,2014-01-04,L - Royston Wee,2014-01-04,L - Royston Wee
Joel Sutton,1969-07-07,FALSE,FALSE,FALSE,FALSE,FALSE,FALSE,FALSE,NA,United States,male,openweight,16,16,2,2,1 KO 1 Sub 0 Dec,0,0 KO 0 Sub 0 Dec,2,2,169,26.1,NA,0,9,2184,2371,2200,1995-07-14,W - Jack McGlaughlin,1995-09-08,W - Geza Kalman
Steve Jennum,1963-09-23,FALSE,FALSE,FALSE,FALSE,FALSE,FALSE,FALSE,NA,United States,male,openweight,-1,16,3,2,0 KO 2 Sub 0 Dec,1,0 KO 1 Sub 0 Dec,-1,2,448,31.5,NA,0,3.7,2116,2371,2237,1994-09-09,W - Harold Howard,1995-12-16,L - Tank Abbott
Anying Wang,1991-04-04,FALSE,FALSE,FALSE,FALSE,FALSE,FALSE,FALSE,NA,China,male,welterweight,16,16,2,1,1 KO 0 Sub 0 Dec,1,0 KO 1 Sub 0 Dec,-1,1,590,23.1,27.8,0,7.5,1932,2371,2339,2014-03-01,W - Albert Cheng,2014-08-22,L - Colby Covington
Jodie Esquibel,1986-05-07,TRUE,FALSE,FALSE,FALSE,FALSE,FALSE,FALSE,NA,United States,female,women's strawweight,16,16,4,0,0 KO 0 Sub 0 Dec,4,0 KO 0 Sub 4 Dec,-4,-1,3600,32.5,32.4,0,9.2,2174,2370,2531,2017-10-21,L - Karolina Kowalkiewicz,2019-08-17,L - Hannah Cifers
Joe Vedepo,1983-01-01,FALSE,FALSE,FALSE,FALSE,FALSE,FALSE,FALSE,NA,United States,male,middleweight,16,16,2,0,0 KO 0 Sub 0 Dec,2,1 KO 1 Sub 0 Dec,-2,-1,201,26,27.6,0,7.5,2531,2369,2513,2008-09-17,L - Alessio Sakara,2009-04-01,L - Rob Kimmons
Paul Jones,1963-02-10,FALSE,FALSE,FALSE,FALSE,FALSE,FALSE,FALSE,NA,United States,male,middleweight,16,16,2,1,0 KO 1 Sub 0 Dec,1,1 KO 0 Sub 0 Dec,-1,1,493,36.5,26.6,0,6,2274,2369,2442,1999-07-16,W - Flavio Luiz Moura,1999-09-24,L - Chuck Liddell
Aaron Brink,1974-11-12,FALSE,FALSE,FALSE,FALSE,FALSE,TRUE,FALSE,NA,United States,male,heavyweight,16,16,1,0,0 KO 0 Sub 0 Dec,1,0 KO 1 Sub 0 Dec,-1,-1,55,26,21.8,0,4,2270,2369,2405,2000-11-17,L - Andrei Arlovski,2000-11-17,L - Andrei Arlovski
Remco Pardoel,1969-05-23,FALSE,FALSE,FALSE,FALSE,FALSE,FALSE,FALSE,NA,Netherlands,male,openweight,16,16,5,3,1 KO 2 Sub 0 Dec,2,0 KO 2 Sub 0 Dec,-1,2,1703,25.4,NA,0,6.6,2264,2369,2260,1994-03-11,W - Alberto Cerro Leon,1995-09-08,L - Marco Ruas
Brad Morris,1979-11-01,FALSE,FALSE,FALSE,FALSE,FALSE,FALSE,FALSE,NA,Australia,male,"light heavyweight, heavyweight",16,16,2,0,0 KO 0 Sub 0 Dec,2,2 KO 0 Sub 0 Dec,-2,-1,604,28.7,29.5,0,9,2225,2369,2499,2008-04-19,L - Cain Velasquez,2008-09-17,L - Jason Brilz
Joseph Sandoval,1986-05-11,FALSE,FALSE,FALSE,FALSE,FALSE,FALSE,FALSE,NA,United States,male,bantamweight,16,16,2,0,0 KO 0 Sub 0 Dec,2,2 KO 0 Sub 0 Dec,-2,-1,99,25.5,27.7,0,10,2059,2368,2399,2011-10-01,L - Walel Watson,2012-01-20,L - Nick Denis
Neil Grove,1971-01-18,FALSE,FALSE,FALSE,FALSE,FALSE,FALSE,FALSE,NA,South Africa,male,heavyweight,16,16,1,0,0 KO 0 Sub 0 Dec,1,0 KO 1 Sub 0 Dec,-1,-1,63,38.1,29.3,0,9,2321,2367,2475,2009-02-21,L - Mike Ciesnolevicz,2009-02-21,L - Mike Ciesnolevicz
Luke Caudillo,1980-11-30,FALSE,FALSE,FALSE,FALSE,TRUE,FALSE,FALSE,NA,United States,male,lightweight,16,16,2,0,0 KO 0 Sub 0 Dec,2,1 KO 0 Sub 1 Dec,-2,-1,1169,26.7,29.3,0,8.5,2174,2366,2487,2007-06-12,L - Nate Mohr,2007-11-17,L - Marcus Aurelio
John Olav Einemo,1975-12-10,FALSE,FALSE,FALSE,TRUE,FALSE,FALSE,FALSE,NA,Norway,male,heavyweight,16,16,2,0,0 KO 0 Sub 0 Dec,2,1 KO 0 Sub 1 Dec,-2,-1,1399,35.8,31,1,4.5,2350,2365,2794,2011-06-11,L - Dave Herman,2012-01-28,L - Mike Russow
Roli Delgado,1981-11-22,TRUE,FALSE,FALSE,FALSE,FALSE,FALSE,FALSE,NA,United States,male,lightweight,16,16,3,1,0 KO 1 Sub 0 Dec,2,1 KO 0 Sub 1 Dec,-2,1,1540,27.5,26.7,0,10.3,2332,2365,2441,2008-12-13,W - John Polakowski,2009-11-14,L - Andre Winner
Pat Schilling,1988-08-28,FALSE,FALSE,FALSE,FALSE,FALSE,FALSE,FALSE,NA,United States,male,featherweight,16,16,2,0,0 KO 0 Sub 0 Dec,2,0 KO 1 Sub 1 Dec,-2,-1,997,23.6,23.5,0,6.5,2253,2365,2467,2012-01-20,L - Daniel Pineda,2012-06-01,L - Max Holloway
Ramiro Hernandez,1986-07-22,FALSE,FALSE,FALSE,FALSE,FALSE,FALSE,FALSE,NA,United States,male,bantamweight,16,16,2,0,0 KO 0 Sub 0 Dec,2,0 KO 1 Sub 1 Dec,-2,-1,970,27.3,28.1,0,8,2363,2364,2495,2013-09-04,L - Lucas Martins,2014-01-25,L - Hugo Viana
Aaron Wilkinson,1987-01-31,TRUE,FALSE,FALSE,FALSE,FALSE,FALSE,FALSE,NA,"United Kingdom, England",male,lightweight,16,16,1,0,0 KO 0 Sub 0 Dec,1,0 KO 1 Sub 0 Dec,-1,-1,123,23.8,23,0,6,2337,2364,2511,2010-12-04,L - Cody McKenzie,2010-12-04,L - Cody McKenzie
Kevin Jackson,1964-11-25,FALSE,FALSE,FALSE,FALSE,FALSE,FALSE,FALSE,NA,United States,male,"light heavyweight, middleweight",-1,16,4,2,1 KO 1 Sub 0 Dec,2,0 KO 2 Sub 0 Dec,-2,2,774,32.9,NA,0,3.2,2314,2364,2293,1997-07-27,W - Todd Butler,1998-03-13,L - Jerry Bohlander
Kelly Faszholz,1984-04-09,FALSE,FALSE,FALSE,FALSE,FALSE,FALSE,FALSE,NA,United States,female,women's bantamweight,16,16,2,0,0 KO 0 Sub 0 Dec,2,1 KO 0 Sub 1 Dec,-2,-1,1795,32.2,28.8,1,12,2459,2363,2508,2016-02-21,L - Lauren Murphy,2016-10-01,L - Ketlen Vieira
Alex Stiebling,1976-12-26,FALSE,FALSE,FALSE,TRUE,FALSE,TRUE,FALSE,NA,United States,male,middleweight,16,16,1,0,0 KO 0 Sub 0 Dec,1,0 KO 0 Sub 1 Dec,-1,-1,600,23.9,27.1,0,6,2200,2362,2480,2000-11-17,L - Mark Hughes,2000-11-17,L - Mark Hughes
Vinicius Queiroz,1983-08-29,FALSE,FALSE,FALSE,FALSE,FALSE,FALSE,FALSE,NA,Brazil,male,heavyweight,16,16,1,0,0 KO 0 Sub 0 Dec,1,0 KO 1 Sub 0 Dec,-1,-1,703,27.1,27.6,0,7,2653,2361,2560,2010-10-16,L - Rob Broughton,2010-10-16,L - Rob Broughton
Gokhan Saki,1983-10-19,FALSE,FALSE,FALSE,FALSE,FALSE,FALSE,FALSE,NA,"Netherlands, Turkey",male,light heavyweight,16,16,2,1,1 KO 0 Sub 0 Dec,1,1 KO 0 Sub 0 Dec,-1,1,381,34.3,28.3,1,4.5,2336,2361,2575,2017-09-22,W - Luis Henrique da Silva,2018-07-07,L - Khalil Rountree Jr.
Jay Silva,1981-05-25,FALSE,FALSE,FALSE,FALSE,FALSE,FALSE,FALSE,NA,Brazil,male,middleweight,16,16,2,0,0 KO 0 Sub 0 Dec,2,0 KO 0 Sub 2 Dec,-2,-1,1800,28.5,27.8,0,6,2459,2359,2500,2009-09-16,L - C.B. Dollaway,2010-01-11,L - Chris Leben
Amilcar Alves,1979-12-13,FALSE,FALSE,FALSE,FALSE,FALSE,FALSE,FALSE,NA,Brazil,male,welterweight,16,16,2,0,0 KO 0 Sub 0 Dec,2,0 KO 1 Sub 1 Dec,-2,-1,1691,30.9,30,0,10,2107,2358,2623,2010-08-28,L - Mike Pierce,2011-01-22,L - Charlie Brenneman
Brendan O'Reilly,1987-06-24,TRUE,FALSE,FALSE,FALSE,FALSE,FALSE,FALSE,NA,Australia,male,"lightweight, welterweight",16,16,4,1,0 KO 0 Sub 1 Dec,3,1 KO 0 Sub 2 Dec,-2,1,2835,28.3,31.3,0,7.5,2252,2357,2390,2014-08-22,L - Lipeng Zhang,2016-12-03,L - Dong Hyun Ma
Alex Chambers,1978-10-28,TRUE,FALSE,FALSE,FALSE,FALSE,FALSE,FALSE,NA,Australia,female,women's strawweight,16,16,5,1,0 KO 1 Sub 0 Dec,4,0 KO 3 Sub 1 Dec,-3,1,2730,37.7,24.4,1,10,2240,2357,2501,2014-12-12,L - Aisling Daly,2018-09-22,L - Livinha Souza
Horacio Gutierrez,1990-09-15,TRUE,FALSE,FALSE,FALSE,FALSE,FALSE,FALSE,NA,Mexico,male,"featherweight, lightweight",16,16,2,0,0 KO 0 Sub 0 Dec,2,1 KO 0 Sub 1 Dec,-2,-1,1052,25.5,25.8,0,7.5,2631,2356,2640,2015-11-21,L - Enrique Barzola,2016-08-06,L - Teruto Ishihara
Chris Brennan,1971-10-12,FALSE,FALSE,FALSE,TRUE,FALSE,FALSE,FALSE,NA,United States,male,welterweight,16,16,3,1,0 KO 1 Sub 0 Dec,2,0 KO 1 Sub 1 Dec,-2,1,1521,27.7,NA,0,6.3,2228,2355,2371,1998-03-13,W - Courtney Turner,2002-01-11,L - Gil Castillo
Heather Clark,1980-09-19,TRUE,FALSE,FALSE,FALSE,FALSE,FALSE,FALSE,NA,United States,female,women's strawweight,10,16,3,1,0 KO 0 Sub 1 Dec,2,0 KO 0 Sub 2 Dec,-2,1,2700,35.3,26.5,0,6.3,2425,2354,2551,2014-12-12,W - Bec Rawlings,2016-11-05,L - Alexa Grasso
Kiru Sahota,1995-05-28,FALSE,TRUE,FALSE,FALSE,FALSE,FALSE,FALSE,NA,"United Kingdom, England",male,flyweight,16,16,1,0,0 KO 0 Sub 0 Dec,1,1 KO 0 Sub 0 Dec,-1,-1,156,29.5,25.9,0,8,2353,2353,2625,2024-11-23,L - DongHun Choi,2024-11-23,L - DongHun Choi
Tim McKenzie,1982-07-21,FALSE,FALSE,FALSE,FALSE,FALSE,TRUE,FALSE,NA,United States,male,middleweight,16,16,1,0,0 KO 0 Sub 0 Dec,1,1 KO 0 Sub 0 Dec,-1,-1,100,26.7,34.7,0,11,2350,2353,2414,2009-04-01,L - Aaron Simpson,2009-04-01,L - Aaron Simpson
Fabiano Scherner,1972-06-30,FALSE,FALSE,FALSE,FALSE,FALSE,FALSE,FALSE,NA,Brazil,male,heavyweight,16,16,2,0,0 KO 0 Sub 0 Dec,2,2 KO 0 Sub 0 Dec,-2,-1,826,33.6,27.5,0,5.5,2344,2353,2460,2005-10-03,L - Brandon Vera,2006-05-27,L - Gabriel Gonzaga
Steve Byrnes,1979-08-26,TRUE,FALSE,FALSE,FALSE,FALSE,FALSE,FALSE,NA,United States,male,middleweight,16,16,1,0,0 KO 0 Sub 0 Dec,1,0 KO 0 Sub 1 Dec,-1,-1,900,27.3,21.8,0,9,2212,2353,2587,2006-12-13,L - Logan Clark,2006-12-13,L - Logan Clark
Danyelle Wolf,1983-09-08,FALSE,FALSE,TRUE,FALSE,FALSE,FALSE,FALSE,NA,United States,female,women's featherweight,16,16,1,0,0 KO 0 Sub 0 Dec,1,0 KO 0 Sub 1 Dec,-1,-1,900,39,31.9,0,10,2352,2352,2685,2022-09-10,L - Norma Dumont,2022-09-10,L - Norma Dumont
Rashad Coulter,1981-11-27,FALSE,FALSE,FALSE,FALSE,FALSE,FALSE,FALSE,NA,United States,male,heavyweight,16,16,4,1,0 KO 0 Sub 1 Dec,3,3 KO 0 Sub 0 Dec,1,1,2224,36.2,28.7,1,8.2,2283,2352,2403,2017-05-13,L - Chase Sherman,2018-11-24,W - Yaozong Hu
Tim Lajcik,1965-06-21,FALSE,FALSE,FALSE,FALSE,FALSE,FALSE,FALSE,NA,United States,male,heavyweight,16,16,3,0,0 KO 0 Sub 0 Dec,2,1 KO 0 Sub 1 Dec,-1,0,2100,34.5,31,0,5.3,2039,2352,2268,1999-07-16,L - Tsuyoshi Kosaka,2000-09-22,L - Jeff Monson
Dokonjonosuke Mishima,1972-04-19,FALSE,FALSE,FALSE,TRUE,FALSE,FALSE,FALSE,NA,Japan,male,lightweight,16,16,2,0,0 KO 0 Sub 0 Dec,2,0 KO 2 Sub 0 Dec,-2,-1,964,34.8,27.6,1,4,2316,2351,2679,2006-11-18,L - Joe Stevenson,2007-04-05,L - Kenny Florian
Mark Hall,1961-03-03,FALSE,FALSE,FALSE,FALSE,FALSE,FALSE,FALSE,NA,United States,male,openweight,16,16,7,4,2 KO 2 Sub 0 Dec,3,1 KO 2 Sub 0 Dec,-1,2,1280,35.1,NA,0,5.6,2230,2351,2241,1995-09-08,W - Harold Howard,1996-12-07,L - Don Frye
Richardson Moreira,1984-03-31,TRUE,FALSE,FALSE,FALSE,FALSE,FALSE,FALSE,NA,Brazil,male,"middleweight, heavyweight",16,16,2,0,0 KO 0 Sub 0 Dec,2,1 KO 0 Sub 1 Dec,-2,-1,920,30.5,30.6,0,10.5,2259,2350,2489,2014-05-31,L - Marcos Rogerio de Lima,2015-01-31,L - Ildemar Alcantara
Jeremy Larsen,1984-05-18,TRUE,FALSE,FALSE,FALSE,FALSE,FALSE,FALSE,NA,United States,male,lightweight,16,16,3,0,0 KO 0 Sub 0 Dec,3,3 KO 0 Sub 0 Dec,-3,-1,1085,28.8,24.9,1,11.3,2234,2350,2544,2012-06-01,L - Joe Proctor,2013-10-19,L - Andre Fili
Jose Medina,1991-05-17,FALSE,FALSE,TRUE,FALSE,FALSE,FALSE,FALSE,NA,Bolivia,male,middleweight,16,16,4,0,0 KO 0 Sub 0 Dec,4,2 KO 1 Sub 1 Dec,-4,-1,1414,34.1,28.9,0,7.2,2228,2349,2580,2024-08-24,L - Zachary Reese,2026-02-28,L - Ryan Gandra
Alexis Dufresne,1990-08-31,FALSE,FALSE,FALSE,FALSE,FALSE,FALSE,FALSE,NA,United States,NA,,16,16,2,0,0 KO 0 Sub 0 Dec,2,0 KO 0 Sub 2 Dec,-2,-1,1800,24.1,31.9,0,10.5,2121,2349,2383,2014-07-06,L - Sarah Moras,2015-01-03,L - Marion Reneau
Kelly Dullanty,1977-07-04,FALSE,FALSE,FALSE,FALSE,FALSE,FALSE,FALSE,NA,United States,male,lightweight,16,16,1,0,0 KO 0 Sub 0 Dec,1,0 KO 1 Sub 0 Dec,-1,-1,178,24.7,27.8,0,7,2208,2348,2323,2002-03-22,L - Matt Serra,2002-03-22,L - Matt Serra
Dave Beneteau,1967-06-22,FALSE,FALSE,FALSE,FALSE,FALSE,FALSE,FALSE,NA,Canada,male,"heavyweight, openweight",16,16,6,3,2 KO 0 Sub 1 Dec,3,0 KO 3 Sub 0 Dec,1,2,1366,28.4,NA,0,5.7,2201,2348,2296,1995-04-07,W - Asbel Cancio,1997-10-17,W - Carlos Barreto
Kenichi Yamamoto,1976-07-11,FALSE,FALSE,FALSE,TRUE,FALSE,FALSE,FALSE,NA,Japan,male,"welterweight, middleweight",-1,16,3,2,0 KO 1 Sub 1 Dec,1,0 KO 1 Sub 0 Dec,-1,2,1872,23.7,27.2,0,4.7,1899,2348,2266,1999-11-19,W - Daiju Takase,2000-12-16,L - Pat Miletich
Chuck O'Neil,1985-09-22,TRUE,FALSE,FALSE,FALSE,FALSE,FALSE,FALSE,NA,United States,male,welterweight,16,16,1,0,0 KO 0 Sub 0 Dec,1,0 KO 0 Sub 1 Dec,-1,-1,900,25.7,28.2,0,5,2336,2347,2499,2011-06-04,L - Chris Cope,2011-06-04,L - Chris Cope
Anistavio Medeiros,1988-05-01,TRUE,FALSE,FALSE,FALSE,FALSE,FALSE,FALSE,NA,Brazil,male,featherweight,16,16,1,0,0 KO 0 Sub 0 Dec,1,0 KO 1 Sub 0 Dec,-1,-1,132,24.1,32.4,0,6,2297,2347,2605,2012-06-23,L - Rodrigo Damm,2012-06-23,L - Rodrigo Damm
Keith Hackney,1958-04-15,FALSE,FALSE,FALSE,FALSE,FALSE,FALSE,FALSE,NA,United States,male,openweight,16,16,4,2,1 KO 1 Sub 0 Dec,2,0 KO 2 Sub 0 Dec,-2,2,774,36.9,30.2,0,4,2292,2347,2389,1994-09-09,W - Emmanuel Yarbrough,1995-12-16,L - Marco Ruas
Rob MacDonald,1978-09-05,TRUE,FALSE,FALSE,FALSE,FALSE,FALSE,FALSE,NA,Canada,male,light heavyweight,16,16,3,1,0 KO 1 Sub 0 Dec,2,0 KO 2 Sub 0 Dec,-1,1,501,27.8,30.6,1,5.3,2259,2347,2420,2006-03-04,L - Jason Lambert,2006-08-26,L - Eric Schafer
Rachael Ostovich,1991-02-25,TRUE,FALSE,FALSE,FALSE,FALSE,FALSE,FALSE,NA,United States,female,women's flyweight,7,16,4,1,0 KO 1 Sub 0 Dec,3,1 KO 2 Sub 0 Dec,-3,1,2221,27.9,27.3,0,7.2,2136,2347,2336,2017-12-01,W - Karine Gevorgyan,2020-11-28,L - Gina Mazany
Charlie Valencia,1974-10-31,FALSE,FALSE,FALSE,FALSE,FALSE,TRUE,FALSE,NA,United States,male,bantamweight,16,16,1,0,0 KO 0 Sub 0 Dec,1,1 KO 0 Sub 0 Dec,-1,-1,90,36.5,28.9,0,9,2344,2344,2416,2011-04-30,L - Ivan Menjivar,2011-04-30,L - Ivan Menjivar
Ron Waterman,1965-11-23,FALSE,FALSE,FALSE,TRUE,FALSE,TRUE,FALSE,NA,United States,male,heavyweight,16,16,4,2,1 KO 0 Sub 1 Dec,1,1 KO 0 Sub 0 Dec,1,1,1999,33.8,NA,0,5.5,2477,2343,2286,1999-05-07,W - Chris Condo,2000-04-14,W - Satoshi Honma
Adam Cella,1985-06-26,TRUE,FALSE,FALSE,FALSE,FALSE,FALSE,FALSE,NA,United States,male,middleweight,16,16,1,0,0 KO 0 Sub 0 Dec,1,0 KO 1 Sub 0 Dec,-1,-1,191,27.8,30.2,0,8,2141,2343,2594,2013-04-06,L - Tor Troeng,2013-04-06,L - Tor Troeng
Rodrigo de Lima,1991-05-19,FALSE,FALSE,FALSE,FALSE,FALSE,FALSE,FALSE,NA,Brazil,male,"lightweight, welterweight",16,16,2,0,0 KO 0 Sub 0 Dec,2,1 KO 0 Sub 1 Dec,-2,-1,1352,23.4,28,0,7.5,2417,2342,2639,2014-06-27,L - Neil Magny,2015-02-14,L - Efrain Escudero
Yusaku Kinoshita,2000-08-21,FALSE,FALSE,TRUE,FALSE,FALSE,FALSE,FALSE,NA,Japan,male,welterweight,16,16,2,0,0 KO 0 Sub 0 Dec,2,2 KO 0 Sub 0 Dec,-2,-1,505,22.7,29.6,0,8,2272,2341,2644,2023-02-04,L - Adam Fugitt,2023-08-26,L - Billy Ray Goff
Gilbert Smith,1981-10-19,TRUE,FALSE,FALSE,FALSE,FALSE,FALSE,FALSE,NA,United States,male,middleweight,16,16,1,0,0 KO 0 Sub 0 Dec,1,0 KO 1 Sub 0 Dec,-1,-1,769,31.5,29.9,0,5,2605,2340,2511,2013-04-13,L - Bubba McDaniel,2013-04-13,L - Bubba McDaniel
Lipeng Zhang,1990-03-10,FALSE,FALSE,FALSE,FALSE,FALSE,FALSE,FALSE,NA,China,male,lightweight,16,16,4,2,0 KO 0 Sub 2 Dec,2,0 KO 0 Sub 2 Dec,-2,2,3600,24.6,28.4,0,5,2562,2340,2448,2014-03-01,W - Sai Wang,2015-05-16,L - Kajan Johnson
Chris Sanford,1968-03-12,FALSE,FALSE,FALSE,FALSE,FALSE,TRUE,FALSE,NA,United States,male,middleweight,16,16,1,0,0 KO 0 Sub 0 Dec,1,1 KO 0 Sub 0 Dec,-1,-1,261,37.1,27.4,0,6,2469,2340,2527,2005-04-09,L - Josh Koscheck,2005-04-09,L - Josh Koscheck
Wade Shipp,1975-02-09,FALSE,FALSE,FALSE,FALSE,FALSE,FALSE,FALSE,NA,United States,male,heavyweight,16,16,1,0,0 KO 0 Sub 0 Dec,1,1 KO 0 Sub 0 Dec,-1,-1,280,29.1,26.1,0,7,2370,2340,2480,2004-04-02,L - Jonathan Wiezorek,2004-04-02,L - Jonathan Wiezorek
Mark Weir,1967-09-19,FALSE,FALSE,FALSE,TRUE,FALSE,TRUE,FALSE,NA,"United Kingdom, England",male,middleweight,16,16,3,1,1 KO 0 Sub 0 Dec,2,1 KO 1 Sub 0 Dec,-2,1,835,35.2,27.6,0,6.3,2300,2338,2562,2002-07-13,W - Eugene Jackson,2003-04-25,L - David Loiseau
Neil Wain,NA,FALSE,FALSE,FALSE,FALSE,FALSE,FALSE,FALSE,NA,"United Kingdom, England",male,heavyweight,16,16,1,0,0 KO 0 Sub 0 Dec,1,1 KO 0 Sub 0 Dec,-1,-1,91,NA,33.8,0,7,2469,2337,2600,2008-10-18,L - Shane Carwin,2008-10-18,L - Shane Carwin
Chris Tickle,1982-02-01,TRUE,FALSE,FALSE,FALSE,FALSE,FALSE,FALSE,NA,United States,male,lightweight,16,16,1,0,0 KO 0 Sub 0 Dec,1,0 KO 0 Sub 1 Dec,-1,-1,900,30.3,27,0,6,2227,2335,2537,2012-06-01,L - Daron Cruickshank,2012-06-01,L - Daron Cruickshank
Mark Schultz,1960-10-26,FALSE,FALSE,FALSE,FALSE,FALSE,FALSE,FALSE,NA,United States,male,openweight,16,16,1,1,1 KO 0 Sub 0 Dec,0,0 KO 0 Sub 0 Dec,1,1,720,35.6,30.3,0,5,2198,2335,2328,1996-05-17,W - Gary Goodridge,1996-05-17,W - Gary Goodridge
Marcelo Aguiar,1969-01-20,FALSE,FALSE,FALSE,FALSE,FALSE,FALSE,FALSE,NA,Brazil,male,lightweight,16,16,1,0,0 KO 0 Sub 0 Dec,1,1 KO 0 Sub 0 Dec,-1,-1,274,31.4,26.7,0,5,2334,2334,2738,2000-06-09,L - Matt Hughes,2000-06-09,L - Matt Hughes
Yuri Villefort,1991-03-23,FALSE,FALSE,FALSE,FALSE,TRUE,FALSE,FALSE,NA,Brazil,male,welterweight,16,16,2,0,0 KO 0 Sub 0 Dec,2,0 KO 0 Sub 2 Dec,-2,-1,1800,22.2,24.6,0,11.5,2530,2332,2482,2013-02-23,L - Nah-shon Burrell,2013-09-04,L - Sean Spencer
Takenori Sato,1985-06-08,FALSE,FALSE,FALSE,FALSE,FALSE,FALSE,FALSE,NA,Japan,male,welterweight,16,16,2,0,0 KO 0 Sub 0 Dec,2,2 KO 0 Sub 0 Dec,-2,-1,130,29,29.7,0,6,2384,2332,2750,2014-02-15,L - Erick Silva,2014-09-20,L - Hyun Gyu Lim
Rex Holman,1968-12-25,FALSE,FALSE,FALSE,FALSE,FALSE,FALSE,FALSE,NA,United States,male,light heavyweight,16,16,1,0,0 KO 0 Sub 0 Dec,1,1 KO 0 Sub 0 Dec,-1,-1,240,38.2,30.4,0,6,2332,2332,2571,2007-03-03,L - Matt Hamill,2007-03-03,L - Matt Hamill
Shana Dobson,1989-03-30,TRUE,FALSE,FALSE,FALSE,FALSE,FALSE,FALSE,NA,United States,female,women's flyweight,10,16,6,2,2 KO 0 Sub 0 Dec,4,2 KO 0 Sub 2 Dec,-1,1,3232,30.4,25.7,1,9.7,2290,2332,2422,2017-12-01,W - Ariel Beck,2021-02-20,L - Casey O'Neill
Alexandre Barros,1976-11-19,FALSE,FALSE,FALSE,FALSE,FALSE,FALSE,FALSE,NA,Brazil,male,welterweight,16,16,1,0,0 KO 0 Sub 0 Dec,1,1 KO 0 Sub 0 Dec,-1,-1,489,32.2,26.8,0,7,2450,2331,2708,2009-01-17,L - Martin Kampmann,2009-01-17,L - Martin Kampmann
Vik Grujic,1977-02-06,TRUE,FALSE,FALSE,FALSE,FALSE,FALSE,FALSE,NA,Australia,male,welterweight,16,16,4,1,1 KO 0 Sub 0 Dec,3,1 KO 0 Sub 2 Dec,-2,1,2281,37.6,31.7,0,9.5,2148,2331,2294,2014-04-16,L - Nordine Taleb,2015-05-09,L - Brendan O'Reilly
Flavio Luiz Moura,1976-01-26,FALSE,FALSE,FALSE,FALSE,FALSE,FALSE,FALSE,NA,Brazil,male,middleweight,16,16,1,0,0 KO 0 Sub 0 Dec,1,0 KO 1 Sub 0 Dec,-1,-1,260,23.5,36.4,0,4,2491,2330,2200,1999-07-16,L - Paul Jones,1999-07-16,L - Paul Jones
Ivan Serati,1974-10-20,FALSE,FALSE,FALSE,FALSE,FALSE,FALSE,FALSE,NA,Italy,male,light heavyweight,16,16,1,0,0 KO 0 Sub 0 Dec,1,1 KO 0 Sub 0 Dec,-1,-1,122,34.2,27,0,9,2385,2330,2440,2009-01-17,L - Tomasz Drwal,2009-01-17,L - Tomasz Drwal
John Lober,1968-02-26,FALSE,FALSE,FALSE,FALSE,FALSE,FALSE,FALSE,NA,United States,male,middleweight,16,16,1,0,0 KO 0 Sub 0 Dec,1,0 KO 1 Sub 0 Dec,-1,-1,460,30.6,25.9,0,1,2120,2328,2648,1998-10-16,L - Frank Shamrock,1998-10-16,L - Frank Shamrock
Paul Varelans,1969-09-17,FALSE,FALSE,FALSE,FALSE,FALSE,FALSE,FALSE,NA,United States,male,openweight,16,16,8,4,1 KO 2 Sub 1 Dec,4,3 KO 1 Sub 0 Dec,-1,2,2312,26.2,NA,0,4.6,2326,2326,2258,1995-07-14,W - Cal Worsham,1996-12-07,L - Kimo Leopoldo
Richie Hightower,1981-11-24,TRUE,FALSE,FALSE,FALSE,FALSE,FALSE,FALSE,NA,United States,male,welterweight,16,16,1,0,0 KO 0 Sub 0 Dec,1,1 KO 0 Sub 0 Dec,-1,-1,260,26,27.9,0,9,2098,2326,2350,2007-12-08,L - Troy Mandaloniz,2007-12-08,L - Troy Mandaloniz
Fredson Paixao,1979-05-13,FALSE,FALSE,FALSE,FALSE,FALSE,TRUE,FALSE,NA,Brazil,male,featherweight,16,16,1,0,0 KO 0 Sub 0 Dec,1,1 KO 0 Sub 0 Dec,-1,-1,51,31.6,27.2,0,10,2309,2325,2397,2010-12-04,L - Pablo Garza,2010-12-04,L - Pablo Garza
Elvis Sinosic,1971-02-13,FALSE,FALSE,FALSE,FALSE,FALSE,FALSE,FALSE,NA,Australia,male,light heavyweight,16,16,7,1,0 KO 1 Sub 0 Dec,6,4 KO 0 Sub 2 Dec,-6,1,2919,32.7,27,1,4,2100,2324,2570,2001-02-23,W - Jeremy Horn,2007-04-21,L - Michael Bisping
Phil Johns,1969-12-31,FALSE,FALSE,FALSE,FALSE,FALSE,FALSE,FALSE,NA,United States,male,lightweight,16,16,1,0,0 KO 0 Sub 0 Dec,1,0 KO 1 Sub 0 Dec,-1,-1,125,31.1,30.6,0,3,2108,2323,2485,2001-02-23,L - Fabiano Iha,2001-02-23,L - Fabiano Iha
Jason DeLucia,1969-07-24,FALSE,FALSE,FALSE,FALSE,FALSE,FALSE,FALSE,NA,United States,male,"middleweight, openweight",16,16,4,2,0 KO 2 Sub 0 Dec,2,1 KO 1 Sub 0 Dec,-2,2,608,26,NA,0,6.5,2102,2323,2356,1993-11-12,W - Trent Jenkins,1999-11-19,L - Joe Slick
Steve Vigneault,1978-02-14,FALSE,FALSE,FALSE,FALSE,FALSE,FALSE,FALSE,NA,Canada,male,middleweight,16,16,1,0,0 KO 0 Sub 0 Dec,1,0 KO 1 Sub 0 Dec,-1,-1,129,28,26.7,0,2,2384,2322,2488,2006-03-04,L - Mike Swick,2006-03-04,L - Mike Swick
Brian Johnston,1968-07-28,FALSE,FALSE,FALSE,FALSE,TRUE,FALSE,FALSE,NA,United States,male,"heavyweight, openweight",16,16,6,2,1 KO 1 Sub 0 Dec,4,1 KO 3 Sub 0 Dec,-3,1,1068,28.3,NA,0,4,2294,2322,2409,1996-07-12,W - Scott Fiedler,1997-07-27,L - Dan Bobish
DeAnna Bennett,1984-11-18,TRUE,FALSE,FALSE,FALSE,FALSE,FALSE,FALSE,NA,United States,female,women's flyweight,6,16,1,0,NA,0,NA,0,0,900,33,30.4,0,5,2517,2320,2109,2017-12-01,D - Melinda Fabian,2017-12-01,D - Melinda Fabian
Tommy Hayden,1986-03-11,TRUE,FALSE,FALSE,FALSE,FALSE,FALSE,FALSE,NA,United States,male,"featherweight, lightweight",16,16,2,0,0 KO 0 Sub 0 Dec,2,0 KO 2 Sub 0 Dec,-2,-1,526,26.1,29.4,0,7,2415,2319,2700,2012-01-20,L - Fabricio Camoes,2012-08-11,L - Dennis Bermudez
Chris Avila,1993-01-16,FALSE,FALSE,FALSE,FALSE,FALSE,FALSE,FALSE,NA,United States,male,featherweight,16,16,2,0,0 KO 0 Sub 0 Dec,2,0 KO 0 Sub 2 Dec,-2,-1,1800,23.7,28.8,0,10.5,2186,2319,2547,2016-08-20,L - Artem Lobov,2016-11-05,L - Enrique Barzola
Geza Kalman,NA,FALSE,FALSE,FALSE,FALSE,FALSE,FALSE,FALSE,NA,Canada,male,openweight,16,16,2,1,1 KO 0 Sub 0 Dec,1,1 KO 0 Sub 0 Dec,1,1,405,NA,32.2,0,8.5,2004,2319,2221,1995-09-08,L - Joel Sutton,1996-07-12,W - Dieuseul Berto
Sherman Pendergarst,1967-02-01,FALSE,FALSE,FALSE,FALSE,FALSE,FALSE,FALSE,NA,United States,male,heavyweight,16,16,1,0,0 KO 0 Sub 0 Dec,1,1 KO 0 Sub 0 Dec,-1,-1,195,39.8,30.8,0,7,1968,2319,2241,2006-11-18,L - Antoni Hardonk,2006-11-18,L - Antoni Hardonk
Charlie Ward,1980-12-17,FALSE,FALSE,FALSE,FALSE,FALSE,FALSE,FALSE,NA,Ireland,male,welterweight,16,16,2,0,0 KO 0 Sub 0 Dec,2,2 KO 0 Sub 0 Dec,-2,-1,183,36.3,33.2,0,11,2511,2318,2450,2016-11-19,L - Abdul Razak Alhassan,2017-07-16,L - Galore Bofando
Julie Kedzie,1981-03-18,FALSE,FALSE,FALSE,FALSE,TRUE,FALSE,FALSE,NA,United States,female,women's bantamweight,7,16,2,0,0 KO 0 Sub 0 Dec,2,0 KO 0 Sub 2 Dec,-2,-1,1800,32.5,29.9,0,8,2312,2316,2391,2013-07-27,L - Germaine de Randamie,2013-12-06,L - Bethe Correia
Brian Geraghty,1980-11-04,TRUE,FALSE,FALSE,FALSE,FALSE,FALSE,FALSE,NA,United States,male,lightweight,16,16,1,0,0 KO 0 Sub 0 Dec,1,1 KO 0 Sub 0 Dec,-1,-1,129,26.6,23.8,0,9,2239,2316,2303,2007-06-23,L - Matt Wiman,2007-06-23,L - Matt Wiman
Tedd Williams,1969-12-19,FALSE,FALSE,FALSE,FALSE,FALSE,FALSE,FALSE,NA,United States,male,heavyweight,16,16,2,1,1 KO 0 Sub 0 Dec,1,0 KO 0 Sub 1 Dec,-1,1,1103,30.5,NA,0,3.5,2263,2315,2205,2000-03-10,W - Steve Judson,2000-09-22,L - Ian Freeman
Sam Morgan,1981-09-28,TRUE,FALSE,FALSE,FALSE,TRUE,FALSE,FALSE,NA,United States,male,welterweight,16,16,2,0,0 KO 0 Sub 0 Dec,2,1 KO 0 Sub 1 Dec,-2,-1,921,24.5,28,0,6.5,2154,2315,2664,2005-11-05,L - Josh Burkman,2006-08-17,L - Forrest Petz
Syuri Kondo,1989-02-08,FALSE,FALSE,FALSE,FALSE,FALSE,FALSE,FALSE,NA,Japan,female,women's strawweight,16,16,4,1,0 KO 0 Sub 1 Dec,3,1 KO 0 Sub 2 Dec,-3,1,2733,29.5,27.7,0,8.5,2200,2314,2448,2017-09-22,W - Chan Mi Jeon,2019-06-22,L - Ashley Yoder
James Zikic,1977-03-31,FALSE,FALSE,FALSE,FALSE,FALSE,FALSE,FALSE,NA,"United Kingdom, England",male,light heavyweight,16,16,1,0,0 KO 0 Sub 0 Dec,1,0 KO 0 Sub 1 Dec,-1,-1,900,25.3,23.4,0,5,2362,2313,2672,2002-07-13,L - Phillip Miller,2002-07-13,L - Phillip Miller
Josh Haynes,1977-07-30,TRUE,FALSE,FALSE,FALSE,FALSE,FALSE,FALSE,NA,United States,male,"welterweight, middleweight, light heavyweight",16,16,3,0,0 KO 0 Sub 0 Dec,3,2 KO 0 Sub 1 Dec,-3,-1,1919,29.3,28.2,0,6,2219,2312,2506,2006-06-24,L - Michael Bisping,2007-04-07,L - Luke Cummo
Oli Thompson,1980-01-02,FALSE,FALSE,FALSE,FALSE,FALSE,FALSE,FALSE,NA,"United Kingdom, England",male,heavyweight,16,16,2,0,0 KO 0 Sub 0 Dec,2,1 KO 1 Sub 0 Dec,-2,-1,923,32.4,26.8,0,9.5,2355,2311,2513,2012-03-02,L - Shawn Jordan,2012-08-04,L - Phil De Fries
Martin Sano,1991-05-30,FALSE,FALSE,FALSE,FALSE,FALSE,FALSE,FALSE,NA,United States,male,welterweight,16,16,1,0,0 KO 0 Sub 0 Dec,1,1 KO 0 Sub 0 Dec,-1,-1,15,30.3,28.8,0,12,2311,2311,2662,2021-09-25,L - Matthew Semelsberger,2021-09-25,L - Matthew Semelsberger
Hector Ramirez,1976-03-28,FALSE,FALSE,FALSE,FALSE,FALSE,FALSE,FALSE,NA,United States,male,light heavyweight,16,16,2,0,0 KO 0 Sub 0 Dec,2,1 KO 0 Sub 1 Dec,-2,-1,1356,30.9,28.1,1,5,2246,2311,2535,2006-11-18,L - James Irvin,2007-06-16,L - Forrest Griffin
Roger Zapata,1986-05-09,TRUE,FALSE,FALSE,FALSE,FALSE,FALSE,FALSE,NA,United States,male,welterweight,16,16,1,0,0 KO 0 Sub 0 Dec,1,1 KO 0 Sub 0 Dec,-1,-1,647,29.4,29.8,0,10,2310,2310,2085,2015-09-26,L - Shinsho Anzai,2015-09-26,L - Shinsho Anzai
Wagner Silva,1987-02-07,TRUE,FALSE,FALSE,FALSE,FALSE,FALSE,FALSE,NA,Brazil,male,"welterweight, middleweight",16,16,2,0,0 KO 0 Sub 0 Dec,2,0 KO 2 Sub 0 Dec,-2,-1,1172,27.5,28.4,0,10,2374,2309,2532,2014-05-31,L - Ricardo Abreu,2014-11-08,L - Colby Covington
Dustin Neace,1986-09-12,TRUE,FALSE,FALSE,FALSE,TRUE,FALSE,FALSE,NA,United States,male,featherweight,16,16,1,0,0 KO 0 Sub 0 Dec,1,0 KO 1 Sub 0 Dec,-1,-1,518,25.2,27.3,0,10,2287,2309,2534,2011-12-03,L - Bryan Caraway,2011-12-03,L - Bryan Caraway
Guilherme Bomba,1986-03-23,TRUE,FALSE,FALSE,FALSE,FALSE,FALSE,FALSE,NA,Brazil,male,middleweight,16,16,1,0,0 KO 0 Sub 0 Dec,1,0 KO 0 Sub 1 Dec,-1,-1,900,28.3,32.5,0,9,2459,2308,2469,2014-07-05,L - Luke Zachrich,2014-07-05,L - Luke Zachrich
Sean Gannon,NA,FALSE,FALSE,FALSE,FALSE,FALSE,FALSE,FALSE,NA,United States,male,heavyweight,16,16,1,0,0 KO 0 Sub 0 Dec,1,1 KO 0 Sub 0 Dec,-1,-1,254,NA,32.2,0,2,2308,2308,2588,2005-10-07,L - Branden Lee Hinkle,2005-10-07,L - Branden Lee Hinkle
Lance Gibson Sr.,1970-11-20,FALSE,FALSE,FALSE,FALSE,FALSE,FALSE,FALSE,NA,Canada,male,"light heavyweight, middleweight",16,16,2,1,1 KO 0 Sub 0 Dec,1,1 KO 0 Sub 0 Dec,-1,1,1113,29.7,28.2,0,3.5,2256,2308,2364,2000-03-10,W - Jermaine Andre,2000-12-16,L - Evan Tanner
Bobby Southworth,1969-12-16,TRUE,FALSE,FALSE,TRUE,TRUE,FALSE,FALSE,NA,United States,male,light heavyweight,16,16,1,0,0 KO 0 Sub 0 Dec,1,0 KO 0 Sub 1 Dec,-1,-1,900,35.3,24.8,0,4,2586,2307,2258,2005-04-09,L - Sam Hoger,2005-04-09,L - Sam Hoger
Curtis Stout,1973-11-07,FALSE,FALSE,FALSE,FALSE,FALSE,FALSE,FALSE,NA,United States,male,middleweight,16,16,2,0,0 KO 0 Sub 0 Dec,2,0 KO 1 Sub 1 Dec,-2,-1,965,29,28.3,0,7,2120,2307,2318,2001-02-23,L - Phil Baroni,2004-06-19,L - Trevor Prangley
Roberto Traven,1968-09-16,FALSE,FALSE,FALSE,FALSE,FALSE,FALSE,FALSE,NA,Brazil,male,"heavyweight, openweight",16,16,2,1,0 KO 1 Sub 0 Dec,1,0 KO 1 Sub 0 Dec,-1,1,148,30.6,NA,0,8,2179,2304,2292,1996-09-20,W - Dave Berry,2001-11-02,L - Frank Mir
Shayna Baszler,1980-08-08,TRUE,FALSE,FALSE,FALSE,TRUE,FALSE,FALSE,NA,United States,female,women's bantamweight,16,16,2,0,0 KO 0 Sub 0 Dec,2,2 KO 0 Sub 0 Dec,-2,-1,532,34.3,29,0,3.5,2169,2304,2515,2014-08-30,L - Bethe Correia,2015-03-21,L - Amanda Nunes
John Cofer,1984-04-29,TRUE,FALSE,FALSE,FALSE,FALSE,FALSE,FALSE,NA,United States,male,lightweight,16,16,2,0,0 KO 0 Sub 0 Dec,2,1 KO 1 Sub 0 Dec,-2,-1,1470,28.4,26.7,1,7.5,2320,2301,2458,2012-06-01,L - Justin Lawrence,2012-12-15,L - Mike Rio
Kazushi Sakuraba,1969-07-14,FALSE,FALSE,FALSE,TRUE,FALSE,FALSE,FALSE,TRUE,Japan,male,heavyweight,-1,16,2,1,0 KO 1 Sub 0 Dec,0,0 KO 0 Sub 0 Dec,1,1,335,28.4,33,0,3.5,2335,2300,2200,1997-12-21,NC - Marcus Silveira,1997-12-21,W - Marcus Silveira
Mark Holst,1985-08-14,FALSE,FALSE,FALSE,FALSE,FALSE,FALSE,FALSE,NA,Canada,male,lightweight,16,16,2,0,0 KO 0 Sub 0 Dec,2,0 KO 1 Sub 1 Dec,-2,-1,1185,25,26.2,0,7,2332,2300,2473,2010-06-19,L - John Gunderson,2010-10-16,L - Paul Sass
Brian Gassaway,1972-08-07,FALSE,FALSE,FALSE,FALSE,FALSE,TRUE,FALSE,NA,United States,male,welterweight,16,16,1,0,0 KO 0 Sub 0 Dec,1,0 KO 1 Sub 0 Dec,-1,-1,416,33,23.6,0,4,2317,2300,2747,2005-08-20,L - Diego Sanchez,2005-08-20,L - Diego Sanchez
Freek Hamaker,NA,FALSE,FALSE,FALSE,FALSE,FALSE,FALSE,FALSE,NA,Netherlands,male,openweight,16,16,1,1,0 KO 1 Sub 0 Dec,0,0 KO 0 Sub 0 Dec,1,1,292,NA,NA,0,11,2300,2300,2200,1994-03-11,W - Thaddeus Luster,1994-03-11,W - Thaddeus Luster
Justin Martin,NA,FALSE,FALSE,FALSE,FALSE,FALSE,FALSE,FALSE,NA,United States,male,heavyweight,16,16,1,1,0 KO 1 Sub 0 Dec,0,0 KO 0 Sub 0 Dec,1,1,14,NA,NA,0,9,2300,2300,2200,1997-02-07,W - Eric Martin,1997-02-07,W - Eric Martin
Sione Latu,NA,FALSE,FALSE,FALSE,FALSE,FALSE,FALSE,FALSE,NA,United States,male,middleweight,16,16,1,1,1 KO 0 Sub 0 Dec,0,0 KO 0 Sub 0 Dec,1,1,601,NA,21.3,0,7,2300,2300,2200,1999-03-05,W - Joey Roberts,1999-03-05,W - Joey Roberts
Cesar Marscucci,NA,FALSE,FALSE,FALSE,FALSE,FALSE,FALSE,FALSE,NA,Brazil,male,lightweight,16,16,1,1,1 KO 0 Sub 0 Dec,0,0 KO 0 Sub 0 Dec,1,1,627,NA,NA,0,7,2300,2300,2200,1998-10-16,W - Paulo Santos,1998-10-16,W - Paulo Santos
Mark Robinson,1969-12-31,FALSE,FALSE,FALSE,FALSE,FALSE,FALSE,FALSE,NA,United States,male,heavyweight,16,16,1,0,NA,0,NA,0,0,207,31.1,34.3,0,6,2300,2300,2676,2001-02-23,NC - Bobby Hoffman,2001-02-23,NC - Bobby Hoffman
Marcelo Mello,1973-03-30,FALSE,FALSE,FALSE,FALSE,FALSE,FALSE,FALSE,NA,Brazil,male,lightweight,16,16,1,1,1 KO 0 Sub 0 Dec,0,0 KO 0 Sub 0 Dec,1,1,83,26.1,19.5,0,5,2300,2300,2200,1999-05-07,W - David Roberts,1999-05-07,W - David Roberts
Steve Nelmark,NA,FALSE,FALSE,FALSE,FALSE,FALSE,FALSE,FALSE,NA,United States,male,openweight,16,16,3,2,1 KO 1 Sub 0 Dec,1,1 KO 0 Sub 0 Dec,-1,2,605,NA,NA,0,4.3,2242,2300,2193,1996-05-17,W - Tai Bowden,1996-12-07,L - Tank Abbott
Rafael Carino,1973-07-16,FALSE,FALSE,FALSE,FALSE,FALSE,FALSE,FALSE,NA,Brazil,male,openweight,16,16,1,1,1 KO 0 Sub 0 Dec,0,0 KO 0 Sub 0 Dec,1,1,332,22.8,25,0,4,2200,2300,2200,1996-05-17,W - Matt Andersen,1996-05-17,W - Matt Andersen
Onassis Parungao,NA,FALSE,FALSE,FALSE,FALSE,FALSE,FALSE,FALSE,NA,"Spain, Philippines, United States",male,openweight,16,16,1,1,0 KO 1 Sub 0 Dec,0,0 KO 0 Sub 0 Dec,1,1,326,NA,NA,0,10,2171,2300,2200,1995-09-08,W - Francesco Maturi,1995-09-08,W - Francesco Maturi
Jon Hess,NA,FALSE,FALSE,FALSE,FALSE,FALSE,FALSE,FALSE,NA,United States,male,openweight,16,16,1,1,1 KO 0 Sub 0 Dec,0,0 KO 0 Sub 0 Dec,1,1,83,NA,20.7,0,5,2171,2300,2200,1995-04-07,W - Andy Anderson,1995-04-07,W - Andy Anderson
Gerard Gordeau,1956-03-30,FALSE,FALSE,FALSE,FALSE,FALSE,FALSE,FALSE,NA,Netherlands,male,openweight,16,16,3,2,2 KO 0 Sub 0 Dec,1,0 KO 1 Sub 0 Dec,-1,2,189,37.6,27.7,0,4.3,2171,2300,2200,1993-11-12,W - Teila Tuli,1993-11-12,L - Royce Gracie
Scott Bessac,1965-10-05,FALSE,FALSE,FALSE,FALSE,FALSE,FALSE,FALSE,NA,United States,male,openweight,16,16,2,1,0 KO 1 Sub 0 Dec,1,0 KO 1 Sub 0 Dec,-1,1,309,30.1,NA,0,9.5,2158,2300,2212,1995-09-08,W - David Hood,1995-12-16,L - Joe Charles
Yuki Kondo,1975-07-17,FALSE,FALSE,FALSE,TRUE,FALSE,FALSE,FALSE,NA,Japan,male,"light heavyweight, middleweight",16,16,3,1,1 KO 0 Sub 0 Dec,2,0 KO 1 Sub 1 Dec,-2,1,1759,25.5,26,0,4,2122,2300,2523,2000-09-22,W - Alexandre Dantas,2001-06-29,L - Vladimir Matyushenko
Joe Charles,1958-07-18,FALSE,FALSE,FALSE,FALSE,FALSE,FALSE,FALSE,NA,United States,male,"heavyweight, openweight",16,16,4,2,0 KO 2 Sub 0 Dec,2,0 KO 2 Sub 0 Dec,-1,1,633,37.5,30.2,0,6.8,2048,2300,2338,1994-12-16,W - Kevin Rosier,1997-12-21,L - Vitor Belfort
Kazuo Takahashi,1969-03-13,FALSE,FALSE,FALSE,TRUE,FALSE,FALSE,FALSE,NA,Japan,male,lightweight,16,16,1,1,0 KO 0 Sub 1 Dec,0,0 KO 0 Sub 0 Dec,1,1,900,27.9,33,0,3,2025,2300,2200,1997-02-07,W - Wallid Ismail,1997-02-07,W - Wallid Ismail
Mike Patt,NA,FALSE,FALSE,FALSE,FALSE,FALSE,FALSE,FALSE,NA,United States,male,light heavyweight,16,16,2,0,0 KO 0 Sub 0 Dec,2,2 KO 0 Sub 0 Dec,-2,-1,510,NA,29.5,0,8,2277,2299,2590,2008-09-06,L - Tim Boetsch,2009-03-07,L - Brandon Vera
Bharat Khandare,1989-06-20,FALSE,FALSE,FALSE,FALSE,FALSE,FALSE,FALSE,NA,India,male,featherweight,16,16,1,0,0 KO 0 Sub 0 Dec,1,0 KO 1 Sub 0 Dec,-1,-1,256,28.4,20,0,8,2296,2296,2450,2017-11-25,L - Song Yadong,2017-11-25,L - Song Yadong
Jamie Yager,1983-11-29,TRUE,FALSE,FALSE,FALSE,FALSE,FALSE,FALSE,NA,United States,male,middleweight,16,16,1,0,0 KO 0 Sub 0 Dec,1,1 KO 0 Sub 0 Dec,-1,-1,565,26.6,33,0,5,2502,2294,2447,2010-06-19,L - Rich Attonito,2010-06-19,L - Rich Attonito
Jin Soo Son,1993-04-01,FALSE,FALSE,FALSE,FALSE,FALSE,FALSE,FALSE,NA,South Korea,male,bantamweight,16,16,2,0,0 KO 0 Sub 0 Dec,2,0 KO 0 Sub 2 Dec,-2,-1,1800,25.9,25.8,2,9,2387,2294,2727,2018-09-15,L - Petr Yan,2019-07-20,L - Mario Bautista
Micheal Gillmore,1987-03-28,TRUE,FALSE,FALSE,FALSE,FALSE,FALSE,FALSE,NA,United States,male,"welterweight, middleweight",16,16,2,0,0 KO 0 Sub 0 Dec,2,1 KO 1 Sub 0 Dec,-2,-1,914,34.7,29.7,0,7.5,2249,2293,2491,2021-08-28,L - Andre Petroski,2022-02-26,L - Ramiz Brahimaj
Alvaro Herrera,1990-05-14,TRUE,FALSE,FALSE,FALSE,FALSE,FALSE,FALSE,NA,Mexico,male,"lightweight, welterweight",16,16,4,1,1 KO 0 Sub 0 Dec,3,1 KO 2 Sub 0 Dec,-3,1,795,26.8,27.1,0,12,2134,2290,2494,2015-11-21,W - Vernon Ramos,2018-07-28,L - Devin Powell
Samy Schiavo,1975-12-24,FALSE,FALSE,FALSE,FALSE,FALSE,FALSE,FALSE,NA,France,male,lightweight,16,16,2,0,0 KO 0 Sub 0 Dec,2,1 KO 1 Sub 0 Dec,-2,-1,962,32.5,27.1,0,10.5,2231,2288,2518,2008-04-02,L - Clay Guida,2008-10-18,L - Per Eklund
Mike Jackson,1985-03-22,FALSE,FALSE,FALSE,FALSE,FALSE,FALSE,FALSE,NA,United States,male,welterweight,16,16,4,1,0 KO 0 Sub 0 Dec,2,1 KO 1 Sub 0 Dec,-1,1,1270,34.7,29.8,0,9.5,2223,2287,2307,2016-02-06,L - Mickey Gall,2022-10-15,L - Pete Rodriguez
Josh Clopton,1981-07-11,TRUE,FALSE,FALSE,FALSE,FALSE,FALSE,FALSE,NA,United States,male,featherweight,16,16,2,0,0 KO 0 Sub 0 Dec,2,0 KO 0 Sub 2 Dec,-2,-1,1800,31.2,26.8,0,9.5,2267,2283,2609,2011-12-03,L - Steven Siler,2013-08-03,L - Rani Yahya
Joe Veres,1977-11-09,FALSE,FALSE,FALSE,FALSE,FALSE,FALSE,FALSE,NA,United States,male,lightweight,16,16,2,0,0 KO 0 Sub 0 Dec,2,2 KO 0 Sub 0 Dec,-2,-1,346,30,28.8,0,8.5,2194,2283,2393,2007-09-19,L - Gray Maynard,2008-01-23,L - Corey Hill
Dante Rivera,1974-12-08,TRUE,FALSE,FALSE,FALSE,FALSE,FALSE,FALSE,NA,United States,male,middleweight,16,16,1,0,0 KO 0 Sub 0 Dec,1,0 KO 0 Sub 1 Dec,-1,-1,900,33.5,22.4,0,5,2404,2282,2256,2008-06-21,L - Matt Riddle,2008-06-21,L - Matt Riddle
Jeff Newton,1966-12-11,FALSE,FALSE,FALSE,FALSE,FALSE,FALSE,FALSE,NA,United States,male,light heavyweight,16,16,1,0,0 KO 0 Sub 0 Dec,1,0 KO 1 Sub 0 Dec,-1,-1,425,38.9,25.4,0,6,2282,2282,2305,2005-11-19,L - Sam Hoger,2005-11-19,L - Sam Hoger
Hector Aldana,1988-08-17,TRUE,FALSE,FALSE,FALSE,FALSE,FALSE,FALSE,NA,Mexico,male,welterweight,16,16,3,0,0 KO 0 Sub 0 Dec,3,2 KO 0 Sub 1 Dec,-3,-1,1937,30.4,27,1,10,2212,2281,2553,2018-06-23,L - Song Kenan,2019-10-12,L - Miguel Baeza
Razak Al-Hassan,1982-05-14,FALSE,FALSE,FALSE,FALSE,FALSE,FALSE,FALSE,NA,United States,male,light heavyweight,16,16,2,0,0 KO 0 Sub 0 Dec,2,0 KO 1 Sub 1 Dec,-2,-1,1144,27,24.8,0,6.5,2356,2280,2419,2008-12-10,L - Steve Cantwell,2009-10-24,L - Kyle Kingsbury
Enson Inoue,1967-04-15,FALSE,FALSE,FALSE,TRUE,FALSE,FALSE,FALSE,NA,United States,male,lightweight,16,16,1,1,0 KO 1 Sub 0 Dec,0,0 KO 0 Sub 0 Dec,1,1,96,30.1,32.2,0,3,2218,2280,2200,1997-05-30,W - Royce Alger,1997-05-30,W - Royce Alger
Koji Oishi,1977-05-31,FALSE,FALSE,FALSE,FALSE,FALSE,FALSE,FALSE,NA,Japan,male,"welterweight, lightweight",16,16,2,0,0 KO 0 Sub 0 Dec,2,1 KO 0 Sub 1 Dec,-2,-1,984,25.4,24.1,0,7,2473,2278,2572,2000-04-14,L - LaVerne Clark,2005-06-04,L - Nick Diaz
Igor Zinoviev,1966-05-23,FALSE,FALSE,FALSE,FALSE,FALSE,FALSE,FALSE,NA,Russia,male,light heavyweight,16,16,1,0,0 KO 0 Sub 0 Dec,1,1 KO 0 Sub 0 Dec,-1,-1,22,31.8,25.3,0,1,2278,2278,2521,1998-03-13,L - Frank Shamrock,1998-03-13,L - Frank Shamrock
David Dodd,1973-09-22,FALSE,FALSE,FALSE,FALSE,FALSE,FALSE,FALSE,NA,United States,male,"middleweight, heavyweight",16,16,2,0,0 KO 0 Sub 0 Dec,2,0 KO 0 Sub 2 Dec,-2,-1,1500,26.3,25,0,5,2218,2278,2438,1999-07-16,L - Travis Fulton,2000-06-09,L - Tyrone Roberts
Izabela Badurek,1991-07-11,FALSE,FALSE,FALSE,FALSE,FALSE,FALSE,FALSE,NA,Poland,female,women's strawweight,16,16,1,0,0 KO 0 Sub 0 Dec,1,0 KO 1 Sub 0 Dec,-1,-1,514,23.8,24.7,0,10,2272,2277,2200,2015-04-11,L - Aleksandra Albu,2015-04-11,L - Aleksandra Albu
James Hammortree,1983-11-29,TRUE,FALSE,FALSE,FALSE,FALSE,FALSE,FALSE,NA,United States,male,middleweight,16,16,1,0,0 KO 0 Sub 0 Dec,1,0 KO 0 Sub 1 Dec,-1,-1,900,26.6,23.6,0,9,2254,2277,2604,2010-06-19,L - Chris Camozzi,2010-06-19,L - Chris Camozzi
Kailin Curran,1991-04-11,FALSE,FALSE,FALSE,FALSE,FALSE,FALSE,FALSE,NA,United States,female,women's strawweight,16,16,7,1,0 KO 1 Sub 0 Dec,6,1 KO 2 Sub 3 Dec,-4,1,4941,25.2,29.5,1,9.1,2332,2275,2319,2014-11-22,L - Paige VanZant,2017-11-25,L - Yan Xiaonan
Johnny Rhodes,NA,FALSE,FALSE,FALSE,FALSE,FALSE,FALSE,FALSE,NA,United States,male,openweight,16,16,3,2,0 KO 2 Sub 0 Dec,1,0 KO 1 Sub 0 Dec,-1,2,987,NA,NA,0,5.7,2271,2271,2166,1994-03-11,W - David Levicki,1994-03-11,L - Patrick Smith
John Lewis,NA,FALSE,FALSE,FALSE,FALSE,FALSE,FALSE,FALSE,NA,United States,male,"bantamweight, lightweight",16,16,2,1,1 KO 0 Sub 0 Dec,1,1 KO 0 Sub 0 Dec,-1,1,628,NA,NA,0,5,2162,2271,2315,1999-09-24,W - Lowell Anderson,2000-11-17,L - Jens Pulver
Sam Adkins,1965-04-26,FALSE,FALSE,FALSE,FALSE,FALSE,FALSE,FALSE,NA,United States,male,openweight,16,16,4,2,0 KO 1 Sub 1 Dec,2,1 KO 1 Sub 0 Dec,-1,1,224,31.1,NA,0,6.5,1952,2271,2216,1996-02-16,W - Keith Mielke,1996-09-20,L - Tank Abbott
Paul Georgieff,1982-09-22,TRUE,FALSE,FALSE,FALSE,FALSE,FALSE,FALSE,NA,United States,male,welterweight,16,16,1,0,0 KO 0 Sub 0 Dec,1,0 KO 1 Sub 0 Dec,-1,-1,282,25.2,28.4,0,7,2268,2268,2568,2007-12-08,L - Jonathan Goulet,2007-12-08,L - Jonathan Goulet
Dwayne Cason,NA,FALSE,FALSE,FALSE,FALSE,FALSE,FALSE,FALSE,NA,United States,male,heavyweight,16,16,2,1,1 KO 0 Sub 0 Dec,1,0 KO 1 Sub 0 Dec,-1,1,276,NA,NA,0,5,2268,2268,2366,1997-10-17,W - Houston Dorr,1997-10-17,L - Mark Kerr
Alex Hunter,NA,FALSE,FALSE,FALSE,FALSE,FALSE,FALSE,FALSE,NA,United States,male,heavyweight,16,16,2,2,1 KO 0 Sub 1 Dec,0,0 KO 0 Sub 0 Dec,2,2,862,NA,NA,0,7.5,2268,2268,2115,1997-07-27,W - Sam Fulton,1997-10-17,W - Harry Moskowitz
Tony Petarra,1966-11-08,FALSE,FALSE,FALSE,FALSE,FALSE,FALSE,FALSE,NA,United States,male,middleweight,16,16,1,0,0 KO 0 Sub 0 Dec,1,1 KO 0 Sub 0 Dec,-1,-1,173,32.5,22.8,0,4,2283,2267,2505,1999-05-07,L - Wanderlei Silva,1999-05-07,L - Wanderlei Silva
Rick Davis,NA,FALSE,FALSE,FALSE,FALSE,FALSE,FALSE,FALSE,NA,United States,male,lightweight,16,16,1,0,0 KO 0 Sub 0 Dec,1,1 KO 0 Sub 0 Dec,-1,-1,97,NA,23.2,0,9,2267,2267,2357,2006-05-27,L - Melvin Guillard,2006-05-27,L - Melvin Guillard
Zhikui Yao,1991-02-07,FALSE,FALSE,FALSE,FALSE,FALSE,FALSE,FALSE,NA,China,male,flyweight,16,16,4,1,0 KO 0 Sub 1 Dec,3,1 KO 0 Sub 2 Dec,-2,1,2744,24.6,29.8,0,10.8,2086,2266,2383,2014-08-22,L - Royston Wee,2016-11-26,L - Jenel Lausa
Edward Faaloloto,1984-07-15,FALSE,FALSE,FALSE,FALSE,FALSE,TRUE,FALSE,NA,United States,male,lightweight,16,16,2,0,0 KO 0 Sub 0 Dec,2,1 KO 1 Sub 0 Dec,-2,-1,299,27.1,25.4,0,8,2240,2265,2609,2011-06-26,L - Michael Johnson,2011-11-05,L - Terry Etim
Nick Sanzo,1963-01-16,FALSE,FALSE,FALSE,FALSE,FALSE,FALSE,FALSE,NA,United States,male,lightweight,16,16,2,1,1 KO 0 Sub 0 Dec,1,0 KO 1 Sub 0 Dec,-1,1,87,34.1,NA,0,2.5,2263,2263,2331,1997-02-07,W - Jackie Lee,1997-02-07,L - Jerry Bohlander
Sanae Kikuta,1971-09-10,FALSE,FALSE,FALSE,TRUE,FALSE,FALSE,FALSE,NA,Japan,male,middleweight,16,16,1,1,0 KO 1 Sub 0 Dec,0,0 KO 0 Sub 0 Dec,1,1,278,28.6,33.6,0,3,2287,2262,2483,2000-04-14,W - Eugene Jackson,2000-04-14,W - Eugene Jackson
David Velasquez,1966-10-19,FALSE,FALSE,FALSE,FALSE,FALSE,FALSE,FALSE,NA,United States,male,lightweight,16,16,1,0,0 KO 0 Sub 0 Dec,1,1 KO 0 Sub 0 Dec,-1,-1,461,33.4,25.3,0,5,2108,2262,2200,2000-03-10,L - Jens Pulver,2000-03-10,L - Jens Pulver
Allen Berube,1974-08-25,TRUE,FALSE,FALSE,FALSE,FALSE,FALSE,FALSE,NA,United States,male,lightweight,16,16,1,0,0 KO 0 Sub 0 Dec,1,0 KO 1 Sub 0 Dec,-1,-1,262,32.8,27.9,0,8,2184,2260,2568,2007-06-23,L - Leonard Garcia,2007-06-23,L - Leonard Garcia
Rodolfo Rubio,1987-01-29,TRUE,FALSE,FALSE,FALSE,FALSE,FALSE,FALSE,NA,Mexico,male,featherweight,16,16,1,0,0 KO 0 Sub 0 Dec,1,0 KO 0 Sub 1 Dec,-1,-1,900,27.8,23,0,6,2220,2259,2353,2014-11-08,L - Diego Rivas,2014-11-08,L - Diego Rivas
Icho Larenas,1982-03-12,FALSE,FALSE,FALSE,FALSE,FALSE,FALSE,FALSE,NA,Argentina,male,heavyweight,16,16,1,0,0 KO 0 Sub 0 Dec,1,1 KO 0 Sub 0 Dec,-1,-1,719,24,31.3,0,8,2299,2258,2294,2006-03-04,L - Tom Murphy,2006-03-04,L - Tom Murphy
Andre Pederneiras,1967-03-22,FALSE,FALSE,FALSE,FALSE,FALSE,FALSE,FALSE,NA,Brazil,male,welterweight,16,16,1,0,0 KO 0 Sub 0 Dec,1,1 KO 0 Sub 0 Dec,-1,-1,440,32.3,31.4,0,2,2270,2258,2363,1999-07-16,L - Pat Miletich,1999-07-16,L - Pat Miletich
Cameron Dollar,1987-05-12,TRUE,FALSE,FALSE,FALSE,FALSE,FALSE,FALSE,NA,United States,male,lightweight,16,16,1,0,0 KO 0 Sub 0 Dec,1,0 KO 1 Sub 0 Dec,-1,-1,286,22.1,29,0,10,2401,2257,2334,2009-06-20,L - Jason Dent,2009-06-20,L - Jason Dent
Josh Schockman,1980-12-29,FALSE,FALSE,FALSE,FALSE,TRUE,FALSE,FALSE,NA,United States,male,heavyweight,16,16,1,0,0 KO 0 Sub 0 Dec,1,0 KO 0 Sub 1 Dec,-1,-1,900,25.9,22.1,0,9,2310,2257,2529,2006-11-18,L - Jake O'Brien,2006-11-18,L - Jake O'Brien
Jeremy Jackson,1982-09-19,FALSE,FALSE,FALSE,FALSE,FALSE,TRUE,FALSE,NA,United States,male,welterweight,16,16,2,0,0 KO 0 Sub 0 Dec,2,0 KO 2 Sub 0 Dec,-2,-1,1095,22.6,28,0,6.5,2285,2257,2361,2003-09-26,L - Nick Diaz,2006-11-11,L - Pete Spratt
Solomon Hutcherson,1972-08-13,TRUE,FALSE,FALSE,FALSE,FALSE,FALSE,FALSE,NA,United States,male,middleweight,16,16,1,0,0 KO 0 Sub 0 Dec,1,1 KO 0 Sub 0 Dec,-1,-1,255,33.9,25.4,0,7,2337,2255,2468,2006-06-24,L - Luigi Fioravanti,2006-06-24,L - Luigi Fioravanti
Duda Santana,1996-01-10,FALSE,FALSE,FALSE,FALSE,FALSE,FALSE,FALSE,NA,Brazil,female,women's bantamweight,16,16,1,0,0 KO 0 Sub 0 Dec,1,0 KO 1 Sub 0 Dec,-1,-1,419,23.4,27.8,0,10,2255,2255,2163,2019-06-01,L - Bea Malecki,2019-06-01,L - Bea Malecki
Diego Saraiva,1982-04-23,FALSE,FALSE,FALSE,FALSE,FALSE,FALSE,FALSE,NA,United States,male,lightweight,16,16,3,0,0 KO 0 Sub 0 Dec,3,0 KO 0 Sub 3 Dec,-3,-1,2700,25.1,24.2,1,7.7,2137,2254,2492,2007-02-03,L - Dustin Hazelett,2007-09-22,L - Jeremy Stephens
Steve Steinbeiss,1981-05-05,FALSE,FALSE,FALSE,FALSE,FALSE,TRUE,FALSE,NA,United States,male,middleweight,16,16,2,0,0 KO 0 Sub 0 Dec,2,0 KO 1 Sub 1 Dec,-2,-1,1136,28.8,30.7,0,10,2543,2253,2455,2009-09-16,L - Ryan Jensen,2010-08-01,L - Rob Kimmons
Ryan Thomas,1984-11-05,FALSE,FALSE,FALSE,FALSE,FALSE,FALSE,FALSE,NA,United States,male,welterweight,16,16,2,0,0 KO 0 Sub 0 Dec,2,0 KO 2 Sub 0 Dec,-2,-1,805,23.9,26.6,0,9.5,2578,2252,2462,2008-08-09,L - Ben Saunders,2008-11-15,L - Matt Brown
Daiju Takase,1978-04-20,FALSE,FALSE,FALSE,TRUE,FALSE,FALSE,FALSE,NA,Japan,male,"welterweight, middleweight",16,16,3,0,0 KO 0 Sub 0 Dec,3,2 KO 0 Sub 1 Dec,-3,-1,1326,21.8,25.9,0,4.7,2360,2252,2395,1999-07-16,L - Jeremy Horn,2000-12-16,L - Fabiano Iha
Tiki Ghosn,1977-02-09,FALSE,FALSE,FALSE,FALSE,TRUE,TRUE,FALSE,NA,United States,male,welterweight,16,16,4,0,0 KO 0 Sub 0 Dec,4,1 KO 3 Sub 0 Dec,-4,-1,1480,25,NA,0,4.8,2255,2252,2427,2000-03-10,L - Bob Cook,2004-04-02,L - Chris Lytle
Dave Kaplan,1979-11-16,TRUE,FALSE,FALSE,FALSE,FALSE,FALSE,FALSE,NA,United States,male,lightweight,16,16,2,0,0 KO 0 Sub 0 Dec,2,0 KO 1 Sub 1 Dec,-2,-1,1292,29.3,25.6,1,8,2140,2251,2366,2008-12-13,L - Junie Browning,2009-05-23,L - George Roop
Amaury Bitetti,1969-04-14,FALSE,FALSE,FALSE,FALSE,FALSE,FALSE,FALSE,NA,Brazil,male,"middleweight, openweight",16,16,2,1,0 KO 0 Sub 0 Dec,1,1 KO 0 Sub 0 Dec,1,1,905,29.1,28.3,0,5.5,2346,2249,2300,1996-05-17,L - Don Frye,2000-06-09,W - Alex Andrade
Jeff Joslin,1975-04-30,FALSE,FALSE,FALSE,FALSE,FALSE,FALSE,FALSE,NA,Canada,male,welterweight,16,16,1,0,0 KO 0 Sub 0 Dec,1,0 KO 0 Sub 1 Dec,-1,-1,900,31.6,29,0,2,2249,2249,2817,2006-12-13,L - Josh Koscheck,2006-12-13,L - Josh Koscheck
Manny Rodriguez,1985-04-25,TRUE,FALSE,FALSE,FALSE,FALSE,FALSE,FALSE,NA,Australia,male,welterweight,16,16,1,0,0 KO 0 Sub 0 Dec,1,1 KO 0 Sub 0 Dec,-1,-1,297,27.6,31.8,0,8,2496,2248,2439,2012-12-14,L - Benny Alloway,2012-12-14,L - Benny Alloway
Zach Light,1974-02-06,FALSE,FALSE,FALSE,FALSE,TRUE,TRUE,FALSE,NA,United States,male,welterweight,16,16,1,0,0 KO 0 Sub 0 Dec,1,0 KO 1 Sub 0 Dec,-1,-1,145,28.4,31.4,0,3,2241,2247,2396,2002-06-22,L - Pete Spratt,2002-06-22,L - Pete Spratt
Cesar Arzamendia,1991-01-31,TRUE,FALSE,FALSE,FALSE,FALSE,FALSE,FALSE,NA,Paraguay,male,lightweight,16,16,2,0,0 KO 0 Sub 0 Dec,2,2 KO 0 Sub 0 Dec,-2,-1,369,25.2,31.3,0,11.5,2190,2247,2333,2015-11-21,L - Polo Reyes,2016-07-30,L - Damien Brown
Nissen Osterneck,1981-05-01,FALSE,FALSE,FALSE,FALSE,FALSE,TRUE,FALSE,NA,United States,male,middleweight,16,16,1,0,0 KO 0 Sub 0 Dec,1,0 KO 0 Sub 1 Dec,-1,-1,900,27.9,37.1,0,9,2441,2244,2569,2009-04-01,L - Jorge Rivera,2009-04-01,L - Jorge Rivera
Kristof Midoux,1972-07-30,FALSE,FALSE,FALSE,FALSE,FALSE,FALSE,FALSE,NA,France,male,heavyweight,16,16,1,0,0 KO 0 Sub 0 Dec,1,1 KO 0 Sub 0 Dec,-1,-1,352,34,21.9,0,7,2173,2244,2477,2006-08-17,L - Jake O'Brien,2006-08-17,L - Jake O'Brien
Jeff Cox,1968-08-02,FALSE,FALSE,FALSE,FALSE,FALSE,FALSE,FALSE,NA,United States,male,lightweight,16,16,2,0,0 KO 0 Sub 0 Dec,2,0 KO 2 Sub 0 Dec,-2,-1,213,39.3,25.4,0,8,2307,2241,2538,2007-06-12,L - Gleison Tibau,2008-04-02,L - Manny Gamburyan
Marcus Jones,1973-08-15,TRUE,FALSE,FALSE,FALSE,FALSE,FALSE,FALSE,NA,United States,male,heavyweight,16,16,1,0,0 KO 0 Sub 0 Dec,1,1 KO 0 Sub 0 Dec,-1,-1,310,36.3,31.4,0,5,2241,2241,2158,2009-12-05,L - Matt Mitrione,2009-12-05,L - Matt Mitrione
Ron Faircloth,1979-08-16,FALSE,FALSE,FALSE,FALSE,FALSE,TRUE,FALSE,NA,United States,male,light heavyweight,16,16,1,0,NA,0,NA,0,0,310,26.1,24.1,0,8,2237,2237,2345,2005-10-07,NC - Alessio Sakara,2005-10-07,NC - Alessio Sakara
Joe Pardo,NA,FALSE,FALSE,FALSE,FALSE,FALSE,FALSE,FALSE,NA,United States,male,heavyweight,16,16,1,0,0 KO 0 Sub 0 Dec,1,0 KO 1 Sub 0 Dec,-1,-1,661,NA,32.9,0,4,2097,2237,2500,1998-05-15,L - Mike Van Arsdale,1998-05-15,L - Mike Van Arsdale
Yaozong Hu,1995-04-07,FALSE,FALSE,FALSE,FALSE,FALSE,FALSE,FALSE,NA,China,male,"middleweight, heavyweight",16,16,3,0,0 KO 0 Sub 0 Dec,3,0 KO 2 Sub 1 Dec,-3,-1,2239,24.3,33.1,0,10.7,2116,2236,2414,2017-11-25,L - Cyril Asker,2021-10-30,L - Andre Petroski
Joe Moreira,1961-07-03,FALSE,FALSE,FALSE,FALSE,FALSE,FALSE,FALSE,NA,Brazil,male,"middleweight, openweight",16,16,2,1,0 KO 0 Sub 1 Dec,1,0 KO 0 Sub 1 Dec,1,1,1500,35.3,30.1,0,4.5,2235,2235,2218,1996-02-16,L - Paul Varelans,1997-07-27,W - Yuri Vaulin
Leigh Remedios,1976-01-13,FALSE,FALSE,FALSE,FALSE,FALSE,FALSE,FALSE,NA,"United Kingdom, England",male,lightweight,16,16,1,0,0 KO 0 Sub 0 Dec,1,0 KO 1 Sub 0 Dec,-1,-1,398,26.5,24.3,0,4,2056,2234,2381,2002-07-13,L - Genki Sudo,2002-07-13,L - Genki Sudo
Rocky Lee,1987-04-08,FALSE,FALSE,FALSE,FALSE,FALSE,FALSE,FALSE,NA,Taiwan,male,featherweight,16,16,1,0,0 KO 0 Sub 0 Dec,1,0 KO 0 Sub 1 Dec,-1,-1,900,28,23,0,12,2097,2233,2339,2015-04-11,L - Taylor Lapilus,2015-04-11,L - Taylor Lapilus
Lisa Ellis,1982-11-15,TRUE,FALSE,FALSE,FALSE,FALSE,FALSE,FALSE,NA,United States,female,women's strawweight,16,16,2,0,0 KO 0 Sub 0 Dec,2,0 KO 2 Sub 0 Dec,-2,-1,734,32.3,28.2,0,7,2097,2231,2273,2014-12-12,L - Felice Herrig,2015-05-09,L - Bec Rawlings
Ryan McGillivray,1986-09-27,TRUE,FALSE,FALSE,FALSE,FALSE,FALSE,FALSE,NA,Canada,male,welterweight,16,16,1,0,0 KO 0 Sub 0 Dec,1,0 KO 0 Sub 1 Dec,-1,-1,900,24.7,28.7,0,8,2283,2228,2322,2011-06-04,L - Shamar Bailey,2011-06-04,L - Shamar Bailey
Tai Bowden,NA,FALSE,FALSE,FALSE,FALSE,FALSE,FALSE,FALSE,NA,United States,male,openweight,16,16,2,1,0 KO 1 Sub 0 Dec,1,1 KO 0 Sub 0 Dec,1,1,731,NA,NA,0,6,2228,2228,2200,1996-05-17,L - Steve Nelmark,1996-12-07,W - Jack Nilson
Royce Alger,1965-03-06,FALSE,FALSE,FALSE,FALSE,FALSE,FALSE,FALSE,NA,United States,male,"middleweight, lightweight",16,16,2,0,0 KO 0 Sub 0 Dec,2,1 KO 1 Sub 0 Dec,-2,-1,475,33.3,31.5,0,4.5,2227,2227,2263,1997-05-30,L - Enson Inoue,1999-07-16,L - Eugene Jackson
Maia Kahaunaele,1982-03-19,TRUE,FALSE,FALSE,FALSE,FALSE,FALSE,FALSE,NA,United States,female,women's strawweight,16,16,1,0,0 KO 0 Sub 0 Dec,1,0 KO 1 Sub 0 Dec,-1,-1,230,35.9,25.6,0,9,2225,2225,2591,2018-02-03,L - Polyana Viana,2018-02-03,L - Polyana Viana
Townsend Saunders,1967-04-20,FALSE,FALSE,FALSE,FALSE,FALSE,FALSE,FALSE,NA,United States,male,"lightweight, welterweight",16,16,2,0,0 KO 0 Sub 0 Dec,2,0 KO 0 Sub 2 Dec,-2,-1,1800,31.3,27.4,0,4.5,2152,2225,2378,1998-03-13,L - Pat Miletich,1999-01-08,L - Mikey Burnett
John Kolosci,1974-11-26,TRUE,FALSE,FALSE,FALSE,TRUE,FALSE,FALSE,NA,United States,male,welterweight,16,16,1,0,0 KO 0 Sub 0 Dec,1,0 KO 1 Sub 0 Dec,-1,-1,282,33,25.3,0,6,2155,2223,2494,2007-12-08,L - Matt Arroyo,2007-12-08,L - Matt Arroyo
Mark Scanlon,NA,FALSE,FALSE,FALSE,FALSE,FALSE,FALSE,FALSE,NA,"United Kingdom, England",male,welterweight,16,16,1,0,0 KO 0 Sub 0 Dec,1,0 KO 0 Sub 1 Dec,-1,-1,900,NA,23.6,1,7,2128,2223,2440,2010-11-13,L - Pascal Krauss,2010-11-13,L - Pascal Krauss
Vernon Ramos,1992-06-03,TRUE,FALSE,FALSE,FALSE,FALSE,FALSE,FALSE,NA,Panama,male,welterweight,16,16,1,0,0 KO 0 Sub 0 Dec,1,1 KO 0 Sub 0 Dec,-1,-1,30,23.5,25.5,0,11,2614,2222,2128,2015-11-21,L - Alvaro Herrera,2015-11-21,L - Alvaro Herrera
Tulio Palhares,NA,FALSE,FALSE,FALSE,FALSE,FALSE,FALSE,FALSE,NA,Brazil,male,middleweight,16,16,1,1,1 KO 0 Sub 0 Dec,0,0 KO 0 Sub 0 Dec,1,1,540,NA,NA,0,8,2010,2220,2200,1998-10-16,W - Adriano Santos,1998-10-16,W - Adriano Santos
Melinda Fabian,1987-06-25,TRUE,FALSE,FALSE,FALSE,FALSE,FALSE,FALSE,NA,Hungary,female,women's flyweight,13,16,2,0,0 KO 0 Sub 0 Dec,1,0 KO 0 Sub 1 Dec,-1,0,1800,30.7,30.9,0,9,2344,2218,2457,2017-12-01,D - DeAnna Bennett,2018-06-23,L - Ji Yeon Kim
Frank Caracci,1970-02-16,FALSE,FALSE,FALSE,FALSE,FALSE,FALSE,FALSE,NA,United States,male,lightweight,16,16,1,0,0 KO 0 Sub 0 Dec,1,0 KO 1 Sub 0 Dec,-1,-1,419,28.9,25.1,0,7,2172,2217,2361,1999-01-08,L - LaVerne Clark,1999-01-08,L - LaVerne Clark
Brad Gumm,NA,FALSE,FALSE,FALSE,FALSE,FALSE,FALSE,FALSE,NA,United States,male,lightweight,16,16,2,0,0 KO 0 Sub 0 Dec,1,0 KO 0 Sub 1 Dec,0,0,1200,NA,25.4,0,7.5,2192,2216,2353,2000-03-10,L - Shonie Carter,2000-09-22,D - CJ Fernandes
Nate Schroeder,1973-06-02,FALSE,FALSE,FALSE,FALSE,FALSE,FALSE,FALSE,NA,United States,male,heavyweight,16,16,1,0,0 KO 0 Sub 0 Dec,1,0 KO 1 Sub 0 Dec,-1,-1,433,27,33.7,0,7,2190,2214,2162,2000-06-09,L - Ian Freeman,2000-06-09,L - Ian Freeman
Chris Indich,1987-04-22,TRUE,FALSE,FALSE,FALSE,FALSE,FALSE,FALSE,NA,Australia,male,welterweight,16,16,2,0,0 KO 0 Sub 0 Dec,2,1 KO 0 Sub 1 Dec,-2,-1,1195,27.1,31.4,0,9.5,2043,2214,2334,2014-04-16,L - Richard Walsh,2014-06-27,L - Vik Grujic
Jianping Yang,1986-01-07,FALSE,FALSE,FALSE,FALSE,FALSE,FALSE,FALSE,NA,China,male,featherweight,16,16,1,0,0 KO 0 Sub 0 Dec,1,0 KO 0 Sub 1 Dec,-1,-1,900,28.6,32.7,0,4,2483,2211,2314,2014-08-22,L - Guangyou Ning,2014-08-22,L - Guangyou Ning
Hugo Duarte,1968-08-09,FALSE,FALSE,FALSE,TRUE,FALSE,FALSE,FALSE,NA,Brazil,male,heavyweight,16,16,1,0,0 KO 0 Sub 0 Dec,1,1 KO 0 Sub 0 Dec,-1,-1,43,29.8,33.1,0,3,2364,2208,2329,1998-05-15,L - Tank Abbott,1998-05-15,L - Tank Abbott
Jack Nilson,NA,FALSE,FALSE,FALSE,FALSE,FALSE,FALSE,FALSE,NA,United States,male,"heavyweight, openweight",16,16,2,1,1 KO 0 Sub 0 Dec,1,0 KO 1 Sub 0 Dec,1,1,369,NA,NA,0,9,1966,2207,2150,1996-12-07,L - Tai Bowden,1997-05-30,W - Saeed Hosseini
Stephen Bass,1982-11-14,TRUE,FALSE,FALSE,FALSE,FALSE,FALSE,FALSE,NA,United States,male,featherweight,16,16,1,0,0 KO 0 Sub 0 Dec,1,0 KO 0 Sub 1 Dec,-1,-1,900,29.1,26.7,0,6,2223,2206,2365,2011-12-03,L - Marcus Brimage,2011-12-03,L - Marcus Brimage
Dean Barry,1992-07-03,FALSE,FALSE,FALSE,FALSE,FALSE,FALSE,FALSE,NA,Ireland,male,welterweight,16,16,1,0,NA,1,NA,-1,-1,232,29.8,37.1,0,11,2206,2206,2128,2022-04-23,L - Mike Jackson,2022-04-23,L - Mike Jackson
Keigo Kunihara,NA,FALSE,FALSE,FALSE,FALSE,FALSE,FALSE,FALSE,NA,Japan,male,heavyweight,16,16,1,0,0 KO 0 Sub 0 Dec,1,0 KO 1 Sub 0 Dec,-1,-1,362,NA,27.5,0,7,2205,2205,2200,2005-10-07,L - Marcio Cruz,2005-10-07,L - Marcio Cruz
Darrill Schoonover,1985-06-18,TRUE,FALSE,FALSE,FALSE,FALSE,FALSE,FALSE,NA,United States,male,heavyweight,16,16,1,0,0 KO 0 Sub 0 Dec,1,1 KO 0 Sub 0 Dec,-1,-1,800,24.5,29.1,0,6,2194,2203,2261,2009-12-05,L - James McSweeney,2009-12-05,L - James McSweeney
Wagner Campos,1981-07-31,TRUE,FALSE,FALSE,FALSE,FALSE,FALSE,FALSE,NA,Brazil,male,featherweight,16,16,1,0,0 KO 0 Sub 0 Dec,1,1 KO 0 Sub 0 Dec,-1,-1,664,30.9,32.5,0,10,2015,2203,2362,2012-06-23,L - Marcos Vinicius,2012-06-23,L - Marcos Vinicius
Noe Hernandez,NA,FALSE,FALSE,FALSE,FALSE,FALSE,FALSE,FALSE,NA,United States,male,middleweight,16,16,1,0,0 KO 0 Sub 0 Dec,1,0 KO 0 Sub 1 Dec,-1,-1,720,NA,28.4,0,6,2172,2202,2200,1998-05-15,L - Chuck Liddell,1998-05-15,L - Chuck Liddell
Cal Worsham,1963-06-11,FALSE,FALSE,FALSE,FALSE,FALSE,FALSE,FALSE,NA,United States,male,openweight,16,16,3,1,1 KO 0 Sub 0 Dec,2,1 KO 1 Sub 0 Dec,-1,1,427,32.8,29.1,0,4.7,2456,2200,2193,1995-07-14,L - Paul Varelans,1996-12-07,L - Tank Abbott
Orlando Wiet,1965-10-24,FALSE,FALSE,FALSE,FALSE,FALSE,FALSE,FALSE,NA,"Netherlands, Suriname",male,openweight,16,16,2,1,1 KO 0 Sub 0 Dec,1,1 KO 0 Sub 0 Dec,-1,1,259,28.4,NA,0,9,2200,2200,2200,1994-03-11,W - Robert Lucarelli,1994-03-11,L - Remco Pardoel
Alfonso Alcarez,1970-06-10,FALSE,FALSE,FALSE,FALSE,FALSE,FALSE,FALSE,NA,United States,male,lightweight,16,16,1,0,NA,0,NA,0,0,600,29.3,24.8,0,2,2200,2200,2200,1999-09-24,D - Jens Pulver,1999-09-24,D - Jens Pulver
Steven Graham,NA,FALSE,FALSE,FALSE,FALSE,FALSE,FALSE,FALSE,NA,United States,male,heavyweight,16,16,2,1,0 KO 1 Sub 0 Dec,1,1 KO 0 Sub 0 Dec,-1,1,283,NA,NA,0,5.5,2200,2200,2200,1997-05-30,W - Dmitriy Stepanov,1997-05-30,L - Randy Couture
Todd Medina,1970-04-30,FALSE,FALSE,FALSE,FALSE,FALSE,FALSE,FALSE,NA,United States,male,openweight,16,16,2,1,1 KO 0 Sub 0 Dec,1,1 KO 0 Sub 0 Dec,-1,1,307,24.9,NA,0,4.5,2188,2200,2200,1995-04-07,W - Larry Cureton,1995-04-07,L - Dave Beneteau
Harold Howard,NA,FALSE,FALSE,FALSE,FALSE,FALSE,FALSE,FALSE,NA,Canada,male,openweight,16,16,3,1,1 KO 0 Sub 0 Dec,2,0 KO 2 Sub 0 Dec,-2,1,234,NA,NA,0,4,2100,2200,2200,1994-09-09,W - Roland Payne,1995-09-08,L - Mark Hall
Kevin Rosier,1962-01-06,FALSE,FALSE,FALSE,FALSE,FALSE,FALSE,FALSE,NA,United States,male,openweight,16,16,3,1,1 KO 0 Sub 0 Dec,2,1 KO 1 Sub 0 Dec,-2,1,333,32.2,33.8,0,6.3,2074,2200,2200,1993-11-12,W - Zane Frazier,1994-12-16,L - Joe Charles
Marcus Bossett,NA,FALSE,FALSE,FALSE,FALSE,FALSE,FALSE,FALSE,NA,United States,male,openweight,16,16,3,1,1 KO 0 Sub 0 Dec,2,0 KO 2 Sub 0 Dec,-2,1,444,NA,NA,0,7,2051,2200,2233,1994-12-16,W - Eldo Dias Xavier,1996-12-07,L - Steve Nelmark
Braxton Smith,1990-01-01,FALSE,FALSE,FALSE,FALSE,FALSE,FALSE,FALSE,NA,United States,male,heavyweight,16,16,1,0,0 KO 0 Sub 0 Dec,1,1 KO 0 Sub 0 Dec,-1,-1,130,33.3,38,0,10,2198,2198,2518,2023-05-06,L - Parker Porter,2023-05-06,L - Parker Porter
James Toney,1968-08-24,FALSE,FALSE,FALSE,FALSE,FALSE,FALSE,FALSE,NA,United States,male,heavyweight,16,16,1,0,0 KO 0 Sub 0 Dec,1,0 KO 1 Sub 0 Dec,-1,-1,199,42,47.2,0,2,2197,2197,2956,2010-08-28,L - Randy Couture,2010-08-28,L - Randy Couture
Shane Primm,1984-07-30,TRUE,FALSE,FALSE,FALSE,FALSE,FALSE,FALSE,NA,Germany,male,light heavyweight,16,16,1,0,0 KO 0 Sub 0 Dec,1,0 KO 1 Sub 0 Dec,-1,-1,507,24.4,31.4,0,6,2148,2197,2427,2008-12-13,L - Krzysztof Soszynski,2008-12-13,L - Krzysztof Soszynski
Chris Liguori,NA,FALSE,FALSE,FALSE,FALSE,FALSE,FALSE,FALSE,NA,United States,male,middleweight,16,16,1,0,0 KO 0 Sub 0 Dec,1,0 KO 1 Sub 0 Dec,-1,-1,209,NA,38.2,0,7,2399,2196,2307,2003-11-21,L - Keith Rockel,2003-11-21,L - Keith Rockel
Josh Ferguson,1988-05-13,TRUE,FALSE,FALSE,FALSE,FALSE,FALSE,FALSE,NA,United States,male,"flyweight, bantamweight",16,16,2,0,0 KO 0 Sub 0 Dec,2,0 KO 1 Sub 1 Dec,-2,-1,1522,23.9,29.5,0,8,2409,2195,2488,2011-12-03,L - Roland Delorme,2012-07-11,L - Chris Cariaso
Emily Kagan,1981-07-14,TRUE,FALSE,FALSE,FALSE,FALSE,FALSE,FALSE,NA,United States,female,women's strawweight,16,16,2,0,0 KO 0 Sub 0 Dec,2,0 KO 1 Sub 1 Dec,-2,-1,1453,33.9,27.3,0,11.5,2087,2195,2230,2014-12-12,L - Angela Hill,2015-12-10,L - Kailin Curran
Jason Godsey,1964-01-01,FALSE,FALSE,FALSE,FALSE,FALSE,FALSE,FALSE,NA,United States,male,heavyweight,16,16,2,0,0 KO 0 Sub 0 Dec,2,0 KO 2 Sub 0 Dec,-2,-1,242,35.5,23.9,0,6.5,2171,2193,2618,1999-03-05,L - Pete Williams,1999-09-24,L - Jeremy Horn
Jason Tan,1981-12-17,FALSE,FALSE,FALSE,FALSE,FALSE,FALSE,FALSE,NA,"United Kingdom, England",male,welterweight,16,16,2,0,0 KO 0 Sub 0 Dec,2,2 KO 0 Sub 0 Dec,-2,-1,700,26,30.2,0,9,2148,2192,2583,2007-06-16,L - Marcus Davis,2008-05-24,L - Dong Hyun Kim
Yoshinori Horie,1995-05-10,FALSE,FALSE,FALSE,FALSE,FALSE,FALSE,FALSE,NA,Japan,male,featherweight,16,16,1,0,0 KO 0 Sub 0 Dec,1,1 KO 0 Sub 0 Dec,-1,-1,849,24.2,28.1,0,7,2669,2190,2716,2019-07-27,L - Hakeem Dawodu,2019-07-27,L - Hakeem Dawodu
Jorge de Oliveira,1985-12-31,FALSE,FALSE,FALSE,FALSE,FALSE,FALSE,FALSE,NA,Brazil,male,"lightweight, welterweight",16,16,2,0,0 KO 0 Sub 0 Dec,2,0 KO 1 Sub 1 Dec,-2,-1,1092,29,25.5,0,7.5,2253,2187,2638,2014-11-08,L - Dhiego Lima,2015-03-21,L - Christos Giagos
Jules Bruchez,1977-08-16,TRUE,FALSE,FALSE,FALSE,FALSE,FALSE,FALSE,NA,United States,male,light heavyweight,16,16,1,0,0 KO 0 Sub 0 Dec,1,0 KO 1 Sub 0 Dec,-1,-1,87,31.3,28.4,0,7,2187,2187,2334,2008-12-13,L - Eliot Marshall,2008-12-13,L - Eliot Marshall
Gerald Strebendt,1979-03-01,FALSE,FALSE,FALSE,FALSE,FALSE,FALSE,FALSE,NA,United States,male,lightweight,16,16,1,0,0 KO 0 Sub 0 Dec,1,1 KO 0 Sub 0 Dec,-1,-1,165,24.6,25,0,7,2384,2185,2200,2003-09-26,L - Josh Thomson,2003-09-26,L - Josh Thomson
Ron Van Clief,1943-01-25,FALSE,FALSE,FALSE,FALSE,FALSE,FALSE,FALSE,NA,United States,male,openweight,16,16,1,0,0 KO 0 Sub 0 Dec,1,0 KO 1 Sub 0 Dec,-1,-1,229,51.9,28,0,4,2185,2185,2642,1994-12-16,L - Royce Gracie,1994-12-16,L - Royce Gracie
John Polakowski,1981-06-21,TRUE,FALSE,FALSE,FALSE,FALSE,TRUE,FALSE,NA,United States,male,lightweight,16,16,1,0,0 KO 0 Sub 0 Dec,1,0 KO 1 Sub 0 Dec,-1,-1,438,27.5,27.1,0,10,2185,2185,2252,2008-12-13,L - Roli Delgado,2008-12-13,L - Roli Delgado
Tom Egan,NA,FALSE,FALSE,FALSE,FALSE,FALSE,FALSE,FALSE,NA,Ireland,male,welterweight,16,16,1,0,0 KO 0 Sub 0 Dec,1,1 KO 0 Sub 0 Dec,-1,-1,276,NA,21.5,0,6,2137,2181,2596,2009-01-17,L - John Hathaway,2009-01-17,L - John Hathaway
Marcos Mariano,1986-10-12,FALSE,FALSE,FALSE,FALSE,FALSE,FALSE,FALSE,NA,Brazil,male,lightweight,16,16,2,0,0 KO 0 Sub 0 Dec,2,0 KO 1 Sub 1 Dec,-2,-1,1195,32.6,25.2,0,7,2280,2180,2644,2019-02-09,L - Lando Vannata,2019-09-21,L - Claudio Puelles
Greg Stott,NA,FALSE,FALSE,FALSE,FALSE,FALSE,FALSE,FALSE,NA,United States,male,heavyweight,16,16,1,0,0 KO 0 Sub 0 Dec,1,1 KO 0 Sub 0 Dec,-1,-1,17,NA,28.8,0,4,2178,2178,2571,1997-10-17,L - Mark Kerr,1997-10-17,L - Mark Kerr
Julian Sanchez,NA,FALSE,FALSE,FALSE,FALSE,FALSE,FALSE,FALSE,NA,United States,male,openweight,16,16,1,0,0 KO 0 Sub 0 Dec,1,0 KO 1 Sub 0 Dec,-1,-1,45,NA,31.8,0,3,2178,2178,2571,1996-09-20,L - Mark Coleman,1996-09-20,L - Mark Coleman
Nick Serra,1978-03-27,FALSE,FALSE,FALSE,FALSE,FALSE,FALSE,FALSE,NA,United States,male,welterweight,16,16,1,0,0 KO 0 Sub 0 Dec,1,0 KO 0 Sub 1 Dec,-1,-1,900,24.2,23.2,0,2,2300,2175,2538,2002-06-22,L - Benji Radach,2002-06-22,L - Benji Radach
Eddie Ruiz,1967-06-10,FALSE,FALSE,FALSE,FALSE,FALSE,FALSE,FALSE,NA,United States,male,lightweight,16,16,1,0,0 KO 0 Sub 0 Dec,1,0 KO 0 Sub 1 Dec,-1,-1,900,36,26.7,0,8,2175,2175,2539,2003-06-06,L - Yves Edwards,2003-06-06,L - Yves Edwards
Alex Schoenauer,1976-05-05,TRUE,FALSE,FALSE,FALSE,FALSE,FALSE,FALSE,NA,Argentina,male,middleweight,16,16,1,0,0 KO 0 Sub 0 Dec,1,1 KO 0 Sub 0 Dec,-1,-1,20,28.9,25.8,0,8,2457,2172,2248,2005-04-09,L - Mike Swick,2005-04-09,L - Mike Swick
Paul Creighton,1970-06-04,FALSE,FALSE,FALSE,FALSE,FALSE,FALSE,FALSE,NA,United States,male,lightweight,16,16,1,0,0 KO 0 Sub 0 Dec,1,1 KO 0 Sub 0 Dec,-1,-1,503,31.9,23.4,0,3,2172,2172,2519,2002-05-10,L - BJ Penn,2002-05-10,L - BJ Penn
Scott Morris,NA,FALSE,FALSE,FALSE,FALSE,FALSE,FALSE,FALSE,NA,United States,male,openweight,16,16,2,1,0 KO 1 Sub 0 Dec,1,1 KO 0 Sub 0 Dec,-1,1,50,NA,24.4,0,6,2171,2171,2150,1994-03-11,W - Sean Daugherty,1994-03-11,L - Patrick Smith
Frank Lester,1984-06-10,TRUE,FALSE,FALSE,FALSE,FALSE,FALSE,FALSE,NA,Germany,male,welterweight,16,16,1,0,0 KO 0 Sub 0 Dec,1,0 KO 1 Sub 0 Dec,-1,-1,220,25,24.5,0,9,2317,2170,2177,2009-06-20,L - Nick Osipczak,2009-06-20,L - Nick Osipczak
Christina Marks,1985-11-09,TRUE,FALSE,FALSE,FALSE,FALSE,FALSE,FALSE,NA,United States,female,women's flyweight,16,16,1,0,0 KO 0 Sub 0 Dec,1,0 KO 1 Sub 0 Dec,-1,-1,120,32.1,22.8,0,7,2050,2170,2287,2017-12-01,L - Montana De La Rosa,2017-12-01,L - Montana De La Rosa
Minoki Ichihara,1968-06-30,FALSE,FALSE,FALSE,FALSE,FALSE,FALSE,FALSE,NA,Japan,male,openweight,16,16,1,0,0 KO 0 Sub 0 Dec,1,0 KO 1 Sub 0 Dec,-1,-1,308,25.7,27.2,0,15,2169,2169,2500,1994-03-11,L - Royce Gracie,1994-03-11,L - Royce Gracie
Anthony Macias,1969-02-09,FALSE,FALSE,FALSE,TRUE,FALSE,FALSE,FALSE,NA,United States,male,openweight,16,16,3,1,0 KO 1 Sub 0 Dec,2,0 KO 2 Sub 0 Dec,-1,1,300,26.2,28.9,0,7,1904,2168,2216,1994-12-16,L - Dan Severn,1995-07-14,L - Oleg Taktarov
Dorian Price,1977-08-20,TRUE,FALSE,FALSE,FALSE,FALSE,FALSE,FALSE,NA,United States,male,welterweight,16,16,1,0,0 KO 0 Sub 0 Dec,1,0 KO 1 Sub 0 Dec,-1,-1,23,30.3,29.3,0,8,2066,2167,2291,2007-12-08,L - Roman Mitichyan,2007-12-08,L - Roman Mitichyan
Jared Rollins,1977-01-26,TRUE,FALSE,FALSE,FALSE,FALSE,FALSE,FALSE,NA,United States,male,welterweight,16,16,1,0,0 KO 0 Sub 0 Dec,1,1 KO 0 Sub 0 Dec,-1,-1,721,30.9,26,1,3,2166,2166,2384,2007-12-08,L - War Machine,2007-12-08,L - War Machine
Rainy Martinez,NA,FALSE,FALSE,FALSE,FALSE,FALSE,FALSE,FALSE,NA,United States,male,lightweight,16,16,1,0,0 KO 0 Sub 0 Dec,1,0 KO 1 Sub 0 Dec,-1,-1,78,NA,23,0,2,2123,2163,2463,1997-02-07,L - Jerry Bohlander,1997-02-07,L - Jerry Bohlander
Rodrigo Ruas,1977-10-06,FALSE,FALSE,FALSE,FALSE,FALSE,FALSE,FALSE,NA,Brazil,male,middleweight,16,16,1,0,0 KO 0 Sub 0 Dec,1,1 KO 0 Sub 0 Dec,-1,-1,514,24.7,31.2,0,5,2058,2163,2461,2002-06-22,L - Tony Fryklund,2002-06-22,L - Tony Fryklund
Valeri Ignatov,1973-08-10,FALSE,FALSE,FALSE,FALSE,FALSE,FALSE,FALSE,NA,Bulgaria,male,"lightweight, middleweight",16,16,2,0,0 KO 0 Sub 0 Dec,2,1 KO 0 Sub 1 Dec,-2,-1,1077,25.8,27,0,5.5,2136,2162,2474,1999-03-05,L - Evan Tanner,1999-09-24,L - Matt Hughes
Andy Wang,1977-05-28,TRUE,FALSE,FALSE,FALSE,FALSE,FALSE,FALSE,NA,Taiwan,male,lightweight,16,16,1,0,0 KO 0 Sub 0 Dec,1,1 KO 0 Sub 0 Dec,-1,-1,70,30.1,23.2,0,6,2312,2161,2480,2007-06-23,L - Cole Miller,2007-06-23,L - Cole Miller
Chan Mi Jeon,1997-08-28,FALSE,FALSE,FALSE,FALSE,FALSE,FALSE,FALSE,NA,South Korea,female,women's strawweight,16,16,2,0,0 KO 0 Sub 0 Dec,2,0 KO 0 Sub 2 Dec,-2,-1,1800,19.9,26.7,0,9.5,2100,2160,2351,2017-06-10,L - JJ Aldrich,2017-09-22,L - Syuri Kondo
Keiichiro Yamamiya,1972-07-12,FALSE,FALSE,FALSE,FALSE,FALSE,FALSE,FALSE,NA,Japan,male,middleweight,16,16,1,0,0 KO 0 Sub 0 Dec,1,1 KO 0 Sub 0 Dec,-1,-1,792,27.4,33.2,0,4,2097,2160,2444,1999-11-19,L - Eugene Jackson,1999-11-19,L - Eugene Jackson
Bentley Syler,1985-12-22,TRUE,FALSE,FALSE,FALSE,FALSE,FALSE,FALSE,NA,Bolivia,male,flyweight,16,16,1,0,0 KO 0 Sub 0 Dec,1,1 KO 0 Sub 0 Dec,-1,-1,694,29.2,35.5,0,12,2159,2159,2290,2015-03-21,L - Fredy Serrano,2015-03-21,L - Fredy Serrano
Nolan Ticman,1988-05-17,FALSE,FALSE,FALSE,FALSE,FALSE,FALSE,FALSE,NA,United States,male,"flyweight, bantamweight",16,16,2,0,0 KO 0 Sub 0 Dec,2,0 KO 0 Sub 2 Dec,-2,-1,1800,26.6,29.1,0,11,2153,2158,2442,2014-08-16,L - Frankie Saenz,2015-05-16,L - Zhikui Yao
Fabio Gurgel,1970-01-18,FALSE,FALSE,FALSE,FALSE,FALSE,FALSE,FALSE,NA,Brazil,male,openweight,16,16,1,0,0 KO 0 Sub 0 Dec,1,0 KO 0 Sub 1 Dec,-1,-1,900,26.7,22.6,0,6,2249,2155,2418,1996-09-20,L - Jerry Bohlander,1996-09-20,L - Jerry Bohlander
Jason Thacker,1975-08-18,FALSE,FALSE,FALSE,FALSE,FALSE,FALSE,FALSE,NA,Canada,male,middleweight,16,16,1,0,0 KO 0 Sub 0 Dec,1,1 KO 0 Sub 0 Dec,-1,-1,95,29.6,24.7,0,5,2154,2154,2410,2005-04-09,L - Chris Leben,2005-04-09,L - Chris Leben
Peggy Morgan,1979-12-16,TRUE,FALSE,FALSE,FALSE,FALSE,FALSE,FALSE,NA,United States,female,women's bantamweight,16,16,1,0,0 KO 0 Sub 0 Dec,1,0 KO 0 Sub 1 Dec,-1,-1,900,34,27.4,0,4,2268,2153,2330,2013-11-30,L - Jessamyn Duke,2013-11-30,L - Jessamyn Duke
Jim Mullen,NA,FALSE,FALSE,FALSE,FALSE,FALSE,FALSE,FALSE,NA,United States,male,heavyweight,16,16,1,0,0 KO 0 Sub 0 Dec,1,1 KO 0 Sub 0 Dec,-1,-1,482,NA,31.8,0,7,2153,2153,2407,1997-02-07,L - Scott Ferrozzo,1997-02-07,L - Scott Ferrozzo
Joao Roque,1971-07-22,FALSE,FALSE,FALSE,FALSE,FALSE,FALSE,FALSE,NA,Angola,male,bantamweight,16,16,1,0,0 KO 0 Sub 0 Dec,1,0 KO 0 Sub 1 Dec,-1,-1,900,28.9,25.5,0,6,2152,2152,2464,2000-06-09,L - Jens Pulver,2000-06-09,L - Jens Pulver
Harry Moskowitz,1968-07-16,FALSE,FALSE,FALSE,FALSE,FALSE,FALSE,FALSE,NA,United States,male,heavyweight,16,16,2,0,0 KO 0 Sub 0 Dec,2,0 KO 0 Sub 2 Dec,-2,-1,915,29.5,NA,0,5.5,1923,2150,2356,1997-10-17,L - Alex Hunter,1998-05-15,L - Andre Roberts
CM Punk,1978-10-26,FALSE,FALSE,FALSE,FALSE,FALSE,FALSE,FALSE,NA,United States,male,welterweight,16,16,2,0,0 KO 0 Sub 0 Dec,1,0 KO 1 Sub 0 Dec,0,0,1034,38.7,28.9,0,4,2145,2145,2249,2016-09-10,L - Mickey Gall,2018-06-09,NC - Mike Jackson
Ryan Parker,NA,FALSE,FALSE,FALSE,FALSE,FALSE,FALSE,FALSE,NA,United States,male,openweight,16,16,1,0,0 KO 0 Sub 0 Dec,1,0 KO 1 Sub 0 Dec,-1,-1,185,NA,26.3,0,7,2145,2145,2369,1995-09-08,L - Remco Pardoel,1995-09-08,L - Remco Pardoel
Angela Magana,1983-08-02,TRUE,FALSE,FALSE,FALSE,FALSE,FALSE,FALSE,NA,United States,female,women's strawweight,16,16,3,0,0 KO 0 Sub 0 Dec,3,1 KO 1 Sub 1 Dec,-3,-1,2232,32.5,27,0,8,2075,2144,2471,2014-12-12,L - Tecia Pennington,2017-12-02,L - Amanda Cooper
Daniel Barrera,1980-12-23,TRUE,FALSE,FALSE,FALSE,FALSE,FALSE,FALSE,NA,United States,male,welterweight,16,16,1,0,0 KO 0 Sub 0 Dec,1,0 KO 0 Sub 1 Dec,-1,-1,900,27,24.7,0,5,2257,2141,2400,2007-12-08,L - Ben Saunders,2007-12-08,L - Ben Saunders
Alexander Torres,1988-05-29,TRUE,FALSE,FALSE,FALSE,FALSE,FALSE,FALSE,NA,Colombia,male,featherweight,16,16,1,0,0 KO 0 Sub 0 Dec,1,0 KO 0 Sub 1 Dec,-1,-1,900,26.8,27.4,0,11,2343,2140,2006,2015-02-28,L - Masio Fullen,2015-02-28,L - Masio Fullen
Joao Marcos Pierini,1971-12-11,FALSE,FALSE,FALSE,FALSE,FALSE,FALSE,FALSE,NA,Brazil,male,lightweight,16,16,1,0,0 KO 0 Sub 0 Dec,1,1 KO 0 Sub 0 Dec,-1,-1,79,30.5,25.7,0,6,2137,2137,2335,2002-06-22,L - Yves Edwards,2002-06-22,L - Yves Edwards
Karine Gevorgyan,1989-03-09,TRUE,FALSE,FALSE,FALSE,FALSE,FALSE,FALSE,NA,Armenia,NA,,16,16,1,0,0 KO 0 Sub 0 Dec,1,0 KO 1 Sub 0 Dec,-1,-1,100,28.7,26.8,0,9,2136,2136,2255,2017-12-01,L - Rachael Ostovich,2017-12-01,L - Rachael Ostovich
Steve Berger,1973-05-20,TRUE,FALSE,FALSE,FALSE,TRUE,FALSE,FALSE,NA,United States,male,welterweight,16,16,3,0,0 KO 0 Sub 0 Dec,2,1 KO 0 Sub 1 Dec,-1,0,1254,28.7,23.4,0,6.3,2028,2133,2458,2001-05-04,L - Tony DeSouza,2002-06-22,L - Robbie Lawler
Katsuhisa Fujii,1972-08-15,FALSE,FALSE,FALSE,TRUE,FALSE,FALSE,FALSE,NA,Japan,male,middleweight,16,16,2,1,1 KO 0 Sub 0 Dec,1,0 KO 1 Sub 0 Dec,-1,1,1049,27.3,23.9,0,5.5,2090,2132,2157,1999-11-19,W - Masutatsu Yano,1999-11-19,L - Kenichi Yamamoto
Allan Goes,1971-04-20,FALSE,FALSE,FALSE,TRUE,FALSE,FALSE,FALSE,NA,Brazil,male,middleweight,16,16,1,0,0 KO 0 Sub 0 Dec,1,0 KO 0 Sub 1 Dec,-1,-1,900,27.1,27.7,0,8,2496,2130,2200,1998-05-15,L - Dan Henderson,1998-05-15,L - Dan Henderson
Lodune Sincaid,1973-05-07,TRUE,FALSE,FALSE,FALSE,FALSE,TRUE,FALSE,NA,United States,male,middleweight,16,16,1,0,0 KO 0 Sub 0 Dec,1,1 KO 0 Sub 0 Dec,-1,-1,197,31.9,33.1,0,7,2260,2129,2386,2005-04-09,L - Nate Quarry,2005-04-09,L - Nate Quarry
Scott Baker,NA,FALSE,FALSE,FALSE,FALSE,FALSE,FALSE,FALSE,NA,United States,male,openweight,16,16,1,0,0 KO 0 Sub 0 Dec,1,0 KO 1 Sub 0 Dec,-1,-1,401,NA,24.6,0,14,2200,2128,2300,1994-03-11,L - Jason DeLucia,1994-03-11,L - Jason DeLucia
Melton Bowen,1969-03-10,FALSE,FALSE,FALSE,FALSE,FALSE,FALSE,FALSE,NA,United States,male,openweight,16,16,1,0,0 KO 0 Sub 0 Dec,1,0 KO 1 Sub 0 Dec,-1,-1,287,25.8,31.2,0,6,2128,2128,2300,1994-12-16,L - Steve Jennum,1994-12-16,L - Steve Jennum
John Dowdy,NA,FALSE,FALSE,FALSE,FALSE,FALSE,FALSE,FALSE,NA,United States,male,openweight,16,16,1,0,0 KO 0 Sub 0 Dec,1,1 KO 0 Sub 0 Dec,-1,-1,122,NA,27.3,0,10,2048,2128,2300,1995-04-07,L - Guy Mezger,1995-04-07,L - Guy Mezger
Joe Son,1970-11-20,FALSE,FALSE,FALSE,TRUE,FALSE,FALSE,FALSE,NA,United States,male,openweight,16,16,1,0,0 KO 0 Sub 0 Dec,1,0 KO 1 Sub 0 Dec,-1,-1,164,24.1,36.7,0,5,1957,2128,2300,1994-12-16,L - Keith Hackney,1994-12-16,L - Keith Hackney
Albert Cheng,1985-02-07,FALSE,FALSE,FALSE,FALSE,FALSE,FALSE,FALSE,NA,Canada,male,welterweight,16,16,1,0,0 KO 0 Sub 0 Dec,1,1 KO 0 Sub 0 Dec,-1,-1,300,29.1,22.9,0,7,2415,2127,2300,2014-03-01,L - Anying Wang,2014-03-01,L - Anying Wang
Jermaine Andre,1973-07-16,FALSE,FALSE,FALSE,FALSE,FALSE,FALSE,FALSE,NA,United States,male,middleweight,16,16,1,0,0 KO 0 Sub 0 Dec,1,1 KO 0 Sub 0 Dec,-1,-1,815,26.7,29.3,0,2,2338,2127,2196,2000-03-10,L - Lance Gibson Sr.,2000-03-10,L - Lance Gibson Sr.
Rudyard Moncayo,1973-05-17,FALSE,FALSE,FALSE,FALSE,FALSE,FALSE,FALSE,NA,Ecuador,male,openweight,16,16,1,0,0 KO 0 Sub 0 Dec,1,0 KO 1 Sub 0 Dec,-1,-1,68,22.2,31.9,0,7,2127,2127,2298,1995-07-14,L - Patrick Smith,1995-07-14,L - Patrick Smith
Edilberto de Oliveira,1982-11-22,FALSE,FALSE,FALSE,FALSE,FALSE,FALSE,FALSE,NA,Brazil,male,welterweight,16,16,2,0,0 KO 0 Sub 0 Dec,2,2 KO 0 Sub 0 Dec,-2,-1,742,24.6,27.4,0,9,2139,2126,2409,2007-04-21,L - Paul Taylor,2007-09-19,L - Luke Cummo
Billy Miles,1978-04-28,TRUE,FALSE,FALSE,FALSE,FALSE,FALSE,FALSE,NA,United States,male,welterweight,16,16,1,0,0 KO 0 Sub 0 Dec,1,0 KO 1 Sub 0 Dec,-1,-1,96,29.6,30.4,0,4,2125,2125,2543,2007-12-08,L - George Sotiropoulos,2007-12-08,L - George Sotiropoulos
Yuki Sasaki,1976-09-12,FALSE,FALSE,FALSE,TRUE,FALSE,FALSE,FALSE,NA,Japan,male,middleweight,16,16,1,0,0 KO 0 Sub 0 Dec,1,0 KO 0 Sub 1 Dec,-1,-1,900,29.9,30.5,0,3,2041,2125,2590,2006-08-17,L - Dean Lister,2006-08-17,L - Dean Lister
Courtney Turner,NA,FALSE,FALSE,FALSE,FALSE,FALSE,FALSE,FALSE,NA,United States,male,welterweight,16,16,1,0,0 KO 0 Sub 0 Dec,1,0 KO 1 Sub 0 Dec,-1,-1,80,NA,26.4,0,8,2124,2124,2285,1998-03-13,L - Chris Brennan,1998-03-13,L - Chris Brennan
H. Brown Morrison,1984-11-03,TRUE,FALSE,FALSE,FALSE,FALSE,FALSE,FALSE,NA,Panama,male,featherweight,16,16,1,0,0 KO 0 Sub 0 Dec,1,0 KO 1 Sub 0 Dec,-1,-1,630,30,26.4,0,9,2186,2123,2405,2014-11-15,L - Gabriel Benitez,2014-11-15,L - Gabriel Benitez
Koji Kitao,1963-08-12,FALSE,FALSE,FALSE,TRUE,FALSE,FALSE,FALSE,NA,Japan,male,openweight,16,16,1,0,0 KO 0 Sub 0 Dec,1,1 KO 0 Sub 0 Dec,-1,-1,40,32.8,35.2,0,6,2242,2120,2271,1996-05-17,L - Mark Hall,1996-05-17,L - Mark Hall
Reza Nasri,NA,FALSE,FALSE,FALSE,FALSE,FALSE,FALSE,FALSE,NA,Iran,male,openweight,16,16,1,0,0 KO 0 Sub 0 Dec,1,1 KO 0 Sub 0 Dec,-1,-1,28,NA,28.1,0,4,2120,2120,2273,1996-09-20,L - Brian Johnston,1996-09-20,L - Brian Johnston
Josh Rafferty,1981-01-06,TRUE,FALSE,FALSE,FALSE,FALSE,FALSE,FALSE,NA,United States,male,welterweight,16,16,1,0,0 KO 0 Sub 0 Dec,1,1 KO 0 Sub 0 Dec,-1,-1,100,24.3,27.6,0,9,2163,2118,2414,2005-04-09,L - Alex Karalexis,2005-04-09,L - Alex Karalexis
Satoshi Honma,1968-05-19,FALSE,FALSE,FALSE,TRUE,FALSE,FALSE,FALSE,NA,Japan,male,heavyweight,16,16,1,0,0 KO 0 Sub 0 Dec,1,0 KO 0 Sub 1 Dec,-1,-1,900,31.9,34.4,0,4,2122,2117,2261,2000-04-14,L - Ron Waterman,2000-04-14,L - Ron Waterman
Bob Gilstrap,NA,FALSE,FALSE,FALSE,FALSE,FALSE,FALSE,FALSE,NA,United States,male,middleweight,16,16,1,0,0 KO 0 Sub 0 Dec,1,0 KO 1 Sub 0 Dec,-1,-1,54,NA,21.7,0,9,2117,2117,2300,1998-05-15,L - Carlos Newton,1998-05-15,L - Carlos Newton
Azamat Gashimov,1990-04-07,FALSE,FALSE,FALSE,FALSE,FALSE,FALSE,FALSE,NA,Russia,male,"flyweight, bantamweight",16,16,2,0,0 KO 0 Sub 0 Dec,2,1 KO 1 Sub 0 Dec,-2,-1,531,22.9,26.7,0,11,2280,2114,2588,2012-11-17,L - Ivan Menjivar,2013-05-18,L - John Lineker
Kris Rotharmel,1972-01-31,TRUE,FALSE,FALSE,FALSE,FALSE,FALSE,FALSE,NA,United States,male,light heavyweight,16,16,1,0,0 KO 0 Sub 0 Dec,1,0 KO 1 Sub 0 Dec,-1,-1,241,34.4,27.8,0,3,2111,2111,2269,2006-06-28,L - Rob MacDonald,2006-06-28,L - Rob MacDonald
Yoji Anjo,1967-03-28,FALSE,FALSE,FALSE,TRUE,FALSE,FALSE,FALSE,NA,Japan,male,"light heavyweight, middleweight, heavyweight",16,16,3,0,0 KO 0 Sub 0 Dec,3,1 KO 1 Sub 1 Dec,-3,-1,1408,32.5,32.3,0,3.7,2004,2111,2308,1997-12-21,L - Tank Abbott,2000-12-16,L - Matt Lindland
Danny Abbadi,1983-07-03,TRUE,FALSE,FALSE,FALSE,FALSE,FALSE,FALSE,NA,Jordan,male,"lightweight, middleweight",16,16,2,0,0 KO 0 Sub 0 Dec,2,0 KO 1 Sub 1 Dec,-2,-1,1076,23.1,30.6,0,7,2014,2108,2302,2006-06-24,L - Kalib Starnes,2006-09-23,L - Jorge Gurgel
Cale Yarbrough,1986-12-27,TRUE,FALSE,FALSE,FALSE,TRUE,FALSE,FALSE,NA,United States,male,middleweight,16,16,1,0,0 KO 0 Sub 0 Dec,1,1 KO 0 Sub 0 Dec,-1,-1,114,21.6,31,0,7,2554,2106,2362,2008-07-19,L - Tim Credeur,2008-07-19,L - Tim Credeur
Wallid Ismail,1964-02-23,FALSE,FALSE,FALSE,TRUE,FALSE,FALSE,FALSE,NA,Brazil,male,lightweight,16,16,1,0,0 KO 0 Sub 0 Dec,1,0 KO 0 Sub 1 Dec,-1,-1,900,33,27.9,0,3,2353,2100,2200,1997-02-07,L - Kazuo Takahashi,1997-02-07,L - Kazuo Takahashi
Marcus Silveira,1964-12-09,FALSE,FALSE,FALSE,FALSE,FALSE,FALSE,FALSE,NA,Brazil,male,heavyweight,16,16,2,0,0 KO 0 Sub 0 Dec,1,0 KO 1 Sub 0 Dec,-1,0,335,33,28.4,0,3.5,2247,2100,2200,1997-12-21,NC - Kazushi Sakuraba,1997-12-21,L - Kazushi Sakuraba
Joey Gilbert,1976-06-05,FALSE,FALSE,FALSE,FALSE,FALSE,FALSE,FALSE,NA,United States,male,lightweight,16,16,1,0,0 KO 0 Sub 0 Dec,1,1 KO 0 Sub 0 Dec,-1,-1,298,24.9,22.4,0,7,2228,2100,2200,2001-05-04,L - BJ Penn,2001-05-04,L - BJ Penn
Fred Ettish,1955-10-12,FALSE,FALSE,FALSE,FALSE,FALSE,FALSE,FALSE,NA,United States,male,openweight,16,16,1,0,0 KO 0 Sub 0 Dec,1,0 KO 1 Sub 0 Dec,-1,-1,187,38.4,NA,0,5,2228,2100,2200,1994-03-11,L - Johnny Rhodes,1994-03-11,L - Johnny Rhodes
Jack McGlaughlin,1961-10-01,FALSE,FALSE,FALSE,FALSE,FALSE,FALSE,FALSE,NA,United States,male,openweight,16,16,1,0,0 KO 0 Sub 0 Dec,1,0 KO 1 Sub 0 Dec,-1,-1,121,33.8,26,0,9,2119,2100,2200,1995-07-14,L - Joel Sutton,1995-07-14,L - Joel Sutton
Francesco Maturi,NA,FALSE,FALSE,FALSE,FALSE,FALSE,FALSE,FALSE,NA,United States,male,openweight,16,16,1,0,0 KO 0 Sub 0 Dec,1,0 KO 1 Sub 0 Dec,-1,-1,326,NA,NA,0,10,2100,2100,2200,1995-09-08,L - Onassis Parungao,1995-09-08,L - Onassis Parungao
Eric Martin,NA,FALSE,FALSE,FALSE,FALSE,FALSE,FALSE,FALSE,NA,United States,male,heavyweight,16,16,1,0,0 KO 0 Sub 0 Dec,1,0 KO 1 Sub 0 Dec,-1,-1,14,NA,NA,0,9,2100,2100,2200,1997-02-07,L - Justin Martin,1997-02-07,L - Justin Martin
Paulo Santos,NA,FALSE,FALSE,FALSE,FALSE,FALSE,FALSE,FALSE,NA,Brazil,male,lightweight,16,16,1,0,0 KO 0 Sub 0 Dec,1,1 KO 0 Sub 0 Dec,-1,-1,627,NA,NA,0,7,2100,2100,2200,1998-10-16,L - Cesar Marscucci,1998-10-16,L - Cesar Marscucci
Chris Condo,NA,FALSE,FALSE,FALSE,FALSE,FALSE,FALSE,FALSE,NA,United States,male,heavyweight,16,16,1,0,0 KO 0 Sub 0 Dec,1,1 KO 0 Sub 0 Dec,-1,-1,28,NA,33.5,0,7,2100,2100,2200,1999-05-07,L - Ron Waterman,1999-05-07,L - Ron Waterman
Donnie Chappell,NA,FALSE,FALSE,FALSE,FALSE,FALSE,FALSE,FALSE,NA,United States,male,middleweight,16,16,1,0,0 KO 0 Sub 0 Dec,1,0 KO 1 Sub 0 Dec,-1,-1,91,NA,26.3,0,5,2100,2100,2200,1997-07-27,L - Tony Fryklund,1997-07-27,L - Tony Fryklund
Dmitriy Stepanov,NA,FALSE,FALSE,FALSE,FALSE,FALSE,FALSE,FALSE,NA,Russia,male,heavyweight,16,16,1,0,0 KO 0 Sub 0 Dec,1,0 KO 1 Sub 0 Dec,-1,-1,90,NA,NA,0,6,2100,2100,2200,1997-05-30,L - Steven Graham,1997-05-30,L - Steven Graham
Wes Albritton,NA,FALSE,FALSE,FALSE,FALSE,FALSE,FALSE,FALSE,NA,United States,male,lightweight,16,16,1,0,0 KO 0 Sub 0 Dec,1,1 KO 0 Sub 0 Dec,-1,-1,31,NA,22.3,0,4,2100,2100,2200,1997-05-30,L - Tito Ortiz,1997-05-30,L - Tito Ortiz
Jackie Lee,NA,FALSE,FALSE,FALSE,FALSE,FALSE,FALSE,FALSE,NA,United States,male,lightweight,16,16,1,0,0 KO 0 Sub 0 Dec,1,1 KO 0 Sub 0 Dec,-1,-1,48,NA,34.1,0,4,2100,2100,2200,1997-02-07,L - Nick Sanzo,1997-02-07,L - Nick Sanzo
Dave Berry,NA,FALSE,FALSE,FALSE,FALSE,FALSE,FALSE,FALSE,NA,United States,male,openweight,16,16,1,0,0 KO 0 Sub 0 Dec,1,0 KO 1 Sub 0 Dec,-1,-1,83,NA,28,0,8,2100,2100,2200,1996-09-20,L - Roberto Traven,1996-09-20,L - Roberto Traven
Scott Fiedler,NA,FALSE,FALSE,FALSE,FALSE,FALSE,FALSE,FALSE,NA,United States,male,openweight,16,16,1,0,0 KO 0 Sub 0 Dec,1,0 KO 1 Sub 0 Dec,-1,-1,145,NA,28,0,5,2100,2100,2200,1996-07-12,L - Brian Johnston,1996-07-12,L - Brian Johnston
Paul Herrera,1964-02-21,FALSE,FALSE,FALSE,FALSE,FALSE,FALSE,FALSE,NA,United States,male,openweight,16,16,1,0,0 KO 0 Sub 0 Dec,1,1 KO 0 Sub 0 Dec,-1,-1,13,32,30.1,0,8,2100,2100,2200,1996-02-16,L - Gary Goodridge,1996-02-16,L - Gary Goodridge
Thomas Ramirez,NA,FALSE,FALSE,FALSE,FALSE,FALSE,FALSE,FALSE,NA,Puerto Rico,male,openweight,16,16,1,0,0 KO 0 Sub 0 Dec,1,1 KO 0 Sub 0 Dec,-1,-1,8,NA,30.2,0,5,2100,2100,2200,1996-02-16,L - Don Frye,1996-02-16,L - Don Frye
Ernie Verdicia,NA,FALSE,FALSE,FALSE,FALSE,FALSE,FALSE,FALSE,NA,United States,male,openweight,16,16,1,0,0 KO 0 Sub 0 Dec,1,0 KO 1 Sub 0 Dec,-1,-1,143,NA,27.6,0,7,2100,2100,2200,1995-04-07,L - Oleg Taktarov,1995-04-07,L - Oleg Taktarov
Andy Anderson,1974-07-16,FALSE,FALSE,FALSE,FALSE,FALSE,FALSE,FALSE,NA,United States,male,openweight,16,16,1,0,0 KO 0 Sub 0 Dec,1,1 KO 0 Sub 0 Dec,-1,-1,83,20.7,NA,0,5,2100,2100,2200,1995-04-07,L - Jon Hess,1995-04-07,L - Jon Hess
Asbel Cancio,NA,FALSE,FALSE,FALSE,FALSE,FALSE,FALSE,FALSE,NA,United States,male,openweight,16,16,1,0,0 KO 0 Sub 0 Dec,1,1 KO 0 Sub 0 Dec,-1,-1,21,NA,27.8,0,9,2100,2100,2200,1995-04-07,L - Dave Beneteau,1995-04-07,L - Dave Beneteau
Eldo Dias Xavier,1964-07-16,FALSE,FALSE,FALSE,FALSE,FALSE,FALSE,FALSE,NA,Brazil,male,openweight,16,16,1,0,0 KO 0 Sub 0 Dec,1,1 KO 0 Sub 0 Dec,-1,-1,295,30.4,NA,0,9,2100,2100,2200,1994-12-16,L - Marcus Bossett,1994-12-16,L - Marcus Bossett
Roland Payne,NA,FALSE,FALSE,FALSE,FALSE,FALSE,FALSE,FALSE,NA,United States,male,openweight,16,16,1,0,0 KO 0 Sub 0 Dec,1,1 KO 0 Sub 0 Dec,-1,-1,46,NA,NA,0,5,2100,2100,2200,1994-09-09,L - Harold Howard,1994-09-09,L - Harold Howard
Alberto Cerro Leon,NA,FALSE,FALSE,FALSE,FALSE,FALSE,FALSE,FALSE,NA,Spain,male,openweight,16,16,1,0,0 KO 0 Sub 0 Dec,1,0 KO 1 Sub 0 Dec,-1,-1,591,NA,24.8,0,13,2100,2100,2200,1994-03-11,L - Remco Pardoel,1994-03-11,L - Remco Pardoel
Robert Lucarelli,NA,FALSE,FALSE,FALSE,FALSE,FALSE,FALSE,FALSE,NA,United States,male,openweight,16,16,1,0,0 KO 0 Sub 0 Dec,1,1 KO 0 Sub 0 Dec,-1,-1,170,NA,28.4,0,12,2100,2100,2200,1994-03-11,L - Orlando Wiet,1994-03-11,L - Orlando Wiet
Thaddeus Luster,NA,FALSE,FALSE,FALSE,FALSE,FALSE,FALSE,FALSE,NA,United States,male,openweight,16,16,1,0,0 KO 0 Sub 0 Dec,1,0 KO 1 Sub 0 Dec,-1,-1,292,NA,NA,0,11,2100,2100,2200,1994-03-11,L - Freek Hamaker,1994-03-11,L - Freek Hamaker
Sean Daugherty,1975-12-04,FALSE,FALSE,FALSE,FALSE,FALSE,FALSE,FALSE,NA,United States,male,openweight,16,16,1,0,0 KO 0 Sub 0 Dec,1,0 KO 1 Sub 0 Dec,-1,-1,20,18.3,NA,0,8,2100,2100,2200,1994-03-11,L - Scott Morris,1994-03-11,L - Scott Morris
Art Jimmerson,1963-08-04,FALSE,FALSE,FALSE,FALSE,FALSE,FALSE,FALSE,NA,United States,male,openweight,16,16,1,0,0 KO 0 Sub 0 Dec,1,0 KO 1 Sub 0 Dec,-1,-1,138,30.3,26.9,0,6,2100,2100,2200,1993-11-12,L - Royce Gracie,1993-11-12,L - Royce Gracie
Teila Tuli,1969-06-14,FALSE,FALSE,FALSE,FALSE,FALSE,FALSE,FALSE,NA,United States,male,openweight,16,16,1,0,0 KO 0 Sub 0 Dec,1,1 KO 0 Sub 0 Dec,-1,-1,26,24.4,37.6,0,8,2100,2100,2200,1993-11-12,L - Gerard Gordeau,1993-11-12,L - Gerard Gordeau
Alexandre Dantas,1979-03-01,FALSE,FALSE,FALSE,FALSE,FALSE,FALSE,FALSE,NA,Brazil,male,"heavyweight, middleweight",16,16,2,0,0 KO 0 Sub 0 Dec,2,2 KO 0 Sub 0 Dec,-2,-1,1037,22.8,25.7,0,6,2094,2100,2465,2000-09-22,L - Yuki Kondo,2003-02-28,L - Gan McGee
John Matua,NA,FALSE,FALSE,FALSE,FALSE,FALSE,FALSE,FALSE,NA,United States,male,openweight,16,16,1,0,0 KO 0 Sub 0 Dec,1,1 KO 0 Sub 0 Dec,-1,-1,20,NA,30.2,0,5,2088,2100,2200,1995-07-14,L - Tank Abbott,1995-07-14,L - Tank Abbott
Moti Horenstein,1964-03-23,FALSE,FALSE,FALSE,FALSE,FALSE,FALSE,FALSE,NA,Israel,male,"heavyweight, openweight",16,16,2,0,0 KO 0 Sub 0 Dec,2,1 KO 1 Sub 0 Dec,-2,-1,305,32.8,30.1,0,6.5,2081,2100,2350,1996-07-12,L - Mark Coleman,1997-07-27,L - Mark Kerr
Gerry Harris,NA,FALSE,FALSE,FALSE,FALSE,FALSE,FALSE,FALSE,NA,United States,male,openweight,16,16,1,0,0 KO 0 Sub 0 Dec,1,0 KO 1 Sub 0 Dec,-1,-1,67,NA,26,0,5,2081,2100,2200,1995-09-08,L - Paul Varelans,1995-09-08,L - Paul Varelans
David Hood,NA,FALSE,FALSE,FALSE,FALSE,FALSE,FALSE,FALSE,NA,United States,male,openweight,16,16,1,0,0 KO 0 Sub 0 Dec,1,0 KO 1 Sub 0 Dec,-1,-1,31,NA,29.9,0,11,2068,2100,2200,1995-09-08,L - Scott Bessac,1995-09-08,L - Scott Bessac
Joey Roberts,1977-11-11,FALSE,FALSE,FALSE,FALSE,FALSE,FALSE,FALSE,NA,United States,male,middleweight,16,16,1,0,0 KO 0 Sub 0 Dec,1,1 KO 0 Sub 0 Dec,-1,-1,601,21.3,NA,0,7,2063,2100,2200,1999-03-05,L - Sione Latu,1999-03-05,L - Sione Latu
David Levicki,NA,FALSE,FALSE,FALSE,FALSE,FALSE,FALSE,FALSE,NA,United States,male,openweight,16,16,1,0,0 KO 0 Sub 0 Dec,1,0 KO 1 Sub 0 Dec,-1,-1,733,NA,NA,0,10,2060,2100,2200,1994-03-11,L - Johnny Rhodes,1994-03-11,L - Johnny Rhodes
Cristophe Leninger,1959-10-12,FALSE,FALSE,FALSE,FALSE,FALSE,FALSE,FALSE,NA,United States,male,"lightweight, openweight",16,16,2,0,0 KO 0 Sub 0 Dec,2,0 KO 1 Sub 1 Dec,-2,-1,1189,36.3,30,0,3,2049,2100,2285,1994-09-09,L - Ken Shamrock,1997-05-30,L - Guy Mezger
Eugenio Tadeu,1963-08-17,FALSE,FALSE,FALSE,FALSE,FALSE,FALSE,FALSE,NA,Brazil,male,welterweight,16,16,1,0,0 KO 0 Sub 0 Dec,1,1 KO 0 Sub 0 Dec,-1,-1,586,34.6,23.9,0,5,2028,2100,2200,1998-03-13,L - Mikey Burnett,1998-03-13,L - Mikey Burnett
Larry Cureton,NA,FALSE,FALSE,FALSE,FALSE,FALSE,FALSE,FALSE,NA,United States,male,openweight,16,16,2,0,0 KO 0 Sub 0 Dec,2,1 KO 1 Sub 0 Dec,-2,-1,378,NA,29.8,0,7,2028,2100,2200,1995-04-07,L - Todd Medina,1995-09-08,L - Marco Ruas
Emmanuel Yarbrough,1960-09-05,FALSE,FALSE,FALSE,TRUE,FALSE,FALSE,FALSE,NA,United States,male,openweight,16,16,1,0,0 KO 0 Sub 0 Dec,1,1 KO 0 Sub 0 Dec,-1,-1,119,34,36.4,0,3,2028,2100,2200,1994-09-09,L - Keith Hackney,1994-09-09,L - Keith Hackney
Felix Mitchell,NA,FALSE,FALSE,FALSE,FALSE,FALSE,FALSE,FALSE,NA,United States,male,openweight,16,16,3,0,0 KO 0 Sub 0 Dec,3,1 KO 1 Sub 1 Dec,-3,-1,379,NA,32.5,0,6.3,1993,2100,2232,1994-09-09,L - Ken Shamrock,1996-12-07,L - Mark Hall
Trent Jenkins,NA,FALSE,FALSE,FALSE,FALSE,FALSE,FALSE,FALSE,NA,United States,male,openweight,16,16,2,0,0 KO 0 Sub 0 Dec,2,0 KO 2 Sub 0 Dec,-2,-1,381,NA,29.5,0,5.5,1973,2100,2200,1993-11-12,L - Jason DeLucia,1995-12-16,L - Mark Hall
Zane Frazier,1966-07-16,FALSE,FALSE,FALSE,FALSE,FALSE,TRUE,FALSE,NA,United States,male,openweight,16,16,2,0,0 KO 0 Sub 0 Dec,2,2 KO 0 Sub 0 Dec,-2,-1,454,28.6,32.4,0,5,1954,2100,2150,1993-11-12,L - Kevin Rosier,1996-05-17,L - Cal Worsham
Jason Fairn,NA,FALSE,FALSE,FALSE,FALSE,FALSE,FALSE,FALSE,NA,Canada,male,openweight,16,16,1,0,0 KO 0 Sub 0 Dec,1,1 KO 0 Sub 0 Dec,-1,-1,133,NA,27,0,10,1919,2100,2200,1994-12-16,L - Guy Mezger,1994-12-16,L - Guy Mezger
Matt Andersen,1971-05-29,FALSE,FALSE,FALSE,FALSE,FALSE,FALSE,FALSE,NA,United States,male,openweight,16,16,1,0,0 KO 0 Sub 0 Dec,1,1 KO 0 Sub 0 Dec,-1,-1,332,25,22.8,0,4,1903,2100,2200,1996-05-17,L - Rafael Carino,1996-05-17,L - Rafael Carino
Keith Mielke,NA,FALSE,FALSE,FALSE,FALSE,FALSE,FALSE,FALSE,NA,United States,male,openweight,16,16,1,0,0 KO 0 Sub 0 Dec,1,0 KO 1 Sub 0 Dec,-1,-1,50,NA,30.8,0,9,1897,2100,2200,1996-02-16,L - Sam Adkins,1996-02-16,L - Sam Adkins
David Roberts,1979-11-15,TRUE,FALSE,FALSE,FALSE,FALSE,FALSE,FALSE,NA,United States,male,lightweight,16,16,1,0,0 KO 0 Sub 0 Dec,1,1 KO 0 Sub 0 Dec,-1,-1,83,19.5,26.1,0,5,1892,2100,2200,1999-05-07,L - Marcelo Mello,1999-05-07,L - Marcelo Mello
Carlos Barreto,1968-07-22,FALSE,FALSE,FALSE,TRUE,FALSE,FALSE,FALSE,NA,Brazil,male,heavyweight,16,16,1,0,0 KO 0 Sub 0 Dec,1,0 KO 0 Sub 1 Dec,-1,-1,900,29.2,30.3,0,5,2370,2098,2193,1997-10-17,L - Dave Beneteau,1997-10-17,L - Dave Beneteau
Masio Fullen,1987-10-06,TRUE,FALSE,FALSE,FALSE,FALSE,FALSE,FALSE,NA,Mexico,male,featherweight,16,16,3,1,0 KO 0 Sub 1 Dec,2,0 KO 1 Sub 1 Dec,-2,1,1901,27.8,27,0,8.7,2235,2097,2434,2015-02-28,W - Alexander Torres,2016-01-30,L - Alex Caceres
John Campetella,NA,FALSE,FALSE,FALSE,FALSE,FALSE,FALSE,FALSE,NA,United States,male,openweight,16,16,1,0,0 KO 0 Sub 0 Dec,1,1 KO 0 Sub 0 Dec,-1,-1,88,NA,30.5,0,7,2097,2097,2192,1996-07-12,L - Gary Goodridge,1996-07-12,L - Gary Goodridge
Steve Judson,NA,FALSE,FALSE,FALSE,FALSE,FALSE,FALSE,FALSE,NA,United States,male,heavyweight,16,16,2,0,0 KO 0 Sub 0 Dec,2,2 KO 0 Sub 0 Dec,-2,-1,233,NA,32.8,0,2,2039,2096,2222,1999-09-24,L - Brad Kohler,2000-03-10,L - Tedd Williams
Josh Stuart,NA,FALSE,FALSE,FALSE,FALSE,FALSE,FALSE,FALSE,NA,United States,male,welterweight,16,16,1,0,0 KO 0 Sub 0 Dec,1,1 KO 0 Sub 0 Dec,-1,-1,75,NA,24.3,0,7,2093,2093,2178,1998-03-13,L - LaVerne Clark,1998-03-13,L - LaVerne Clark
Darrel Gholar,1962-11-07,FALSE,FALSE,FALSE,FALSE,FALSE,FALSE,FALSE,NA,United States,male,middleweight,16,16,1,0,0 KO 0 Sub 0 Dec,1,0 KO 1 Sub 0 Dec,-1,-1,477,36.2,27.9,0,2,2367,2090,2422,1999-01-08,L - Evan Tanner,1999-01-08,L - Evan Tanner
Lowell Anderson,NA,FALSE,FALSE,FALSE,FALSE,FALSE,FALSE,FALSE,NA,United States,male,lightweight,16,16,1,0,0 KO 0 Sub 0 Dec,1,1 KO 0 Sub 0 Dec,-1,-1,613,NA,NA,0,5,2088,2088,2159,1999-09-24,L - John Lewis,1999-09-24,L - John Lewis
Kit Cope,1977-03-17,FALSE,FALSE,FALSE,FALSE,FALSE,TRUE,FALSE,NA,United States,male,welterweight,16,16,1,0,0 KO 0 Sub 0 Dec,1,0 KO 1 Sub 0 Dec,-1,-1,337,28.6,29.4,0,4,2248,2087,2569,2005-11-05,L - Kenny Florian,2005-11-05,L - Kenny Florian
Jorge Patino,1973-05-08,FALSE,FALSE,FALSE,TRUE,TRUE,FALSE,FALSE,NA,Brazil,male,welterweight,16,16,1,0,0 KO 0 Sub 0 Dec,1,0 KO 0 Sub 1 Dec,-1,-1,1260,25.7,30.8,0,1,2322,2081,2500,1999-01-08,L - Pat Miletich,1999-01-08,L - Pat Miletich
Sam Fulton,NA,FALSE,FALSE,FALSE,FALSE,FALSE,FALSE,FALSE,NA,United States,male,"heavyweight, openweight",16,16,2,0,0 KO 0 Sub 0 Dec,2,1 KO 1 Sub 0 Dec,-2,-1,247,NA,NA,0,8,2012,2079,2164,1996-09-20,L - Scott Ferrozzo,1997-07-27,L - Alex Hunter
Yuri Vaulin,1963-09-13,FALSE,FALSE,FALSE,FALSE,FALSE,FALSE,FALSE,NA,Latvia,male,middleweight,16,16,1,0,0 KO 0 Sub 0 Dec,1,0 KO 0 Sub 1 Dec,-1,-1,900,33.9,36.1,0,3,2074,2074,2110,1997-07-27,L - Joe Moreira,1997-07-27,L - Joe Moreira
Houston Dorr,NA,FALSE,FALSE,FALSE,FALSE,FALSE,FALSE,FALSE,NA,United States,male,heavyweight,16,16,1,0,0 KO 0 Sub 0 Dec,1,1 KO 0 Sub 0 Dec,-1,-1,223,NA,NA,0,7,2073,2073,2200,1997-10-17,L - Dwayne Cason,1997-10-17,L - Dwayne Cason
Dieuseul Berto,1958-03-24,FALSE,FALSE,FALSE,FALSE,FALSE,FALSE,FALSE,NA,"Haiti, United States",male,openweight,16,16,1,0,0 KO 0 Sub 0 Dec,1,1 KO 0 Sub 0 Dec,-1,-1,357,38.3,NA,0,8,2072,2072,2248,1996-07-12,L - Geza Kalman,1996-07-12,L - Geza Kalman
Masutatsu Yano,1975-07-11,FALSE,FALSE,FALSE,FALSE,FALSE,FALSE,FALSE,NA,Japan,male,middleweight,16,16,1,0,0 KO 0 Sub 0 Dec,1,1 KO 0 Sub 0 Dec,-1,-1,494,24.4,27.3,0,6,2245,2071,2100,1999-11-19,L - Katsuhisa Fujii,1999-11-19,L - Katsuhisa Fujii
He-Man Gipson,1973-03-01,FALSE,FALSE,FALSE,FALSE,FALSE,FALSE,FALSE,NA,United States,male,openweight,16,16,1,0,0 KO 0 Sub 0 Dec,1,0 KO 1 Sub 0 Dec,-1,-1,186,22.4,26.4,0,10,2165,2071,2100,1995-07-14,L - Anthony Macias,1995-07-14,L - Anthony Macias
Ray Wizard,NA,FALSE,FALSE,FALSE,FALSE,FALSE,FALSE,FALSE,NA,United States,male,openweight,16,16,1,0,0 KO 0 Sub 0 Dec,1,0 KO 1 Sub 0 Dec,-1,-1,58,NA,30.5,0,9,2071,2071,2100,1994-03-11,L - Patrick Smith,1994-03-11,L - Patrick Smith
Adriano Santos,NA,FALSE,FALSE,FALSE,FALSE,FALSE,FALSE,FALSE,NA,Brazil,male,middleweight,16,16,1,0,0 KO 0 Sub 0 Dec,1,1 KO 0 Sub 0 Dec,-1,-1,540,NA,NA,0,8,2069,2069,2090,1998-10-16,L - Tulio Palhares,1998-10-16,L - Tulio Palhares
Saeed Hosseini,NA,FALSE,FALSE,FALSE,FALSE,FALSE,FALSE,FALSE,NA,Iran,male,heavyweight,16,16,1,0,0 KO 0 Sub 0 Dec,1,1 KO 0 Sub 0 Dec,-1,-1,83,NA,NA,0,8,2064,2064,2071,1997-05-30,L - Jack Nilson,1997-05-30,L - Jack Nilson
Ross Pointon,1978-02-18,TRUE,FALSE,FALSE,FALSE,FALSE,FALSE,FALSE,NA,"United Kingdom, England",male,"welterweight, middleweight",16,16,2,0,0 KO 0 Sub 0 Dec,2,0 KO 2 Sub 0 Dec,-2,-1,637,28.6,30.4,0,6.5,1823,2049,2427,2006-06-24,L - Rory Singer,2007-01-25,L - Rich Clementi
Alex Andrade,1974-05-14,FALSE,FALSE,FALSE,TRUE,FALSE,FALSE,FALSE,NA,United States,male,middleweight,16,16,1,0,NA,1,NA,-1,-1,343,26.1,31.2,0,4,2147,2019,2169,2000-06-09,L - Amaury Bitetti,2000-06-09,L - Amaury Bitetti
Todd Butler,NA,FALSE,FALSE,FALSE,FALSE,FALSE,FALSE,FALSE,NA,United States,male,middleweight,16,16,1,0,0 KO 0 Sub 0 Dec,1,1 KO 0 Sub 0 Dec,-1,-1,87,NA,32.7,0,4,2136,2007,2200,1997-07-27,L - Kevin Jackson,1997-07-27,L - Kevin Jackson
Ariel Beck,1990-09-16,TRUE,FALSE,FALSE,FALSE,FALSE,FALSE,FALSE,NA,United States,female,women's flyweight,16,16,1,0,0 KO 0 Sub 0 Dec,1,1 KO 0 Sub 0 Dec,-1,-1,473,27.2,28.7,0,10,2005,2005,2269,2017-12-01,L - Shana Dobson,2017-12-01,L - Shana Dobson
Tony Halme,1963-01-06,FALSE,FALSE,FALSE,FALSE,FALSE,FALSE,FALSE,NA,Finland,male,heavyweight,16,16,1,0,0 KO 0 Sub 0 Dec,1,0 KO 1 Sub 0 Dec,-1,-1,60,34.4,33.9,0,7,1952,1952,2200,1997-05-30,L - Randy Couture,1997-05-30,L - Randy Couture
