fighter,date_of_birth,tuf,r2ufc,dwcs,pride,sf,wec,bmf,hof,country,gender,weightclass,current_rank,rank_flag,current_p4p,p4p_flag,peak_rank,peak_p4p,bouts,wins,win_types,losses,loss_types,streak,best_streak,bonus,slot,elo,peak_elo,opp_elo,debut,debut_result,prev_bout,prev_result,next_date,next_opp
Islam Makhachev,1991-10-27,FALSE,FALSE,FALSE,FALSE,FALSE,FALSE,FALSE,NA,Russia,male,"welterweight, lightweight",-1,NA,1,NA,-1,1,18,17,3 KO 8 Sub 6 Dec,1,1 KO 0 Sub 0 Dec,16,16,6,3.8,3780,3780,3078,2015-05-23,W - Leo Kuntz,2025-11-15,W - Jack Della Maddalena,NA,NA
Ilia Topuria,1997-01-21,FALSE,FALSE,FALSE,FALSE,FALSE,FALSE,FALSE,NA,"Georgia, Spain",male,"lightweight, featherweight",-1,NA,2,NA,-1,1,9,9,6 KO 1 Sub 2 Dec,0,0 KO 0 Sub 0 Dec,9,9,6,4,3645,3645,3169,2020-10-10,W - Youssef Zalal,2025-06-28,W - Charles Oliveira,2026-06-14,Justin Gaethje
Charles Oliveira,1989-10-17,FALSE,FALSE,FALSE,FALSE,FALSE,FALSE,TRUE,NA,Brazil,male,lightweight,3,NA,12,NA,-1,3,37,25,4 KO 17 Sub 4 Dec,11,5 KO 4 Sub 2 Dec,2,11,21,3.5,3588,3636,3010,2010-08-01,W - Darren Elkins,2026-03-07,W - Max Holloway,NA,NA
Petr Yan,1993-02-11,FALSE,FALSE,FALSE,FALSE,FALSE,FALSE,FALSE,NA,Russia,male,bantamweight,-1,NA,5,NA,-1,5,16,12,4 KO 0 Sub 8 Dec,4,0 KO 0 Sub 3 Dec,4,7,5,3.5,3532,3532,3059,2018-06-23,W - Teruto Ishihara,2025-12-06,W - Merab Dvalishvili,NA,NA
Alex Pereira,1987-07-07,FALSE,FALSE,FALSE,FALSE,FALSE,FALSE,FALSE,NA,Brazil,male,"heavyweight, light heavyweight",2,NA,4,NA,-1,2,12,10,8 KO 0 Sub 2 Dec,2,1 KO 0 Sub 1 Dec,1,5,7,2.1,3526,3526,3283,2021-11-06,W - Andreas Michailidis,2025-10-04,W - Magomed Ankalaev,2026-06-14,Ciryl Gane
Khamzat Chimaev,1994-05-01,FALSE,FALSE,FALSE,FALSE,FALSE,FALSE,FALSE,NA,"United Arab Emirates, Russia, Sweden",male,middleweight,1,NA,10,NA,-1,3,10,9,2 KO 4 Sub 3 Dec,1,0 KO 0 Sub 1 Dec,-1,9,7,3.2,3525,3617,3148,2020-07-15,W - John Phillips,2026-05-09,L - Sean Strickland,NA,NA
Justin Gaethje,1988-11-14,FALSE,FALSE,FALSE,FALSE,FALSE,FALSE,TRUE,NA,United States,male,lightweight,0,NA,16,NA,0,7,15,10,6 KO 0 Sub 4 Dec,5,3 KO 2 Sub 0 Dec,2,4,15,1.7,3480,3509,3287,2017-07-07,W - Michael Johnson,2026-01-24,W - Paddy Pimblett,2026-06-14,Ilia Topuria
Sean Strickland,1991-02-27,FALSE,FALSE,FALSE,FALSE,FALSE,FALSE,FALSE,NA,United States,male,middleweight,-1,NA,7,NEW,-1,7,25,18,5 KO 1 Sub 12 Dec,7,2 KO 0 Sub 5 Dec,2,6,5,4.5,3479,3479,2978,2014-03-15,W - Bubba McDaniel,2026-05-09,W - Khamzat Chimaev,NA,NA
Kamaru Usman,1987-05-11,TRUE,FALSE,FALSE,FALSE,FALSE,FALSE,FALSE,NA,"Nigeria, United States",male,"welterweight, middleweight",8,NA,16,NA,-1,1,19,16,4 KO 1 Sub 11 Dec,3,1 KO 0 Sub 2 Dec,1,15,6,2.8,3478,3722,3151,2015-07-12,W - Hayder Hassan,2025-06-14,W - Joaquin Buckley,NA,NA
Carlos Ulberg,1990-11-07,FALSE,FALSE,TRUE,FALSE,FALSE,FALSE,FALSE,NA,"New Zealand, Samoa",male,light heavyweight,-1,NA,14,NA,-1,14,11,10,6 KO 1 Sub 3 Dec,1,1 KO 0 Sub 0 Dec,10,10,5,5.7,3477,3477,2908,2021-03-06,L - Kennedy Nzechukwu,2026-04-11,W - Jiri Prochazka,NA,NA
Shavkat Rakhmonov,1994-10-23,FALSE,FALSE,FALSE,FALSE,FALSE,FALSE,FALSE,NA,Kazakhstan,male,welterweight,16,NA,16,NA,2,15,7,7,1 KO 5 Sub 1 Dec,0,0 KO 0 Sub 0 Dec,7,7,3,4.3,3464,3464,3075,2020-10-24,W - Alex Oliveira,2024-12-07,W - Ian Machado Garry,NA,NA
Merab Dvalishvili,1991-01-10,FALSE,FALSE,FALSE,FALSE,FALSE,FALSE,FALSE,NA,"Georgia, United States",male,bantamweight,1,NA,7,NA,-1,2,17,14,1 KO 1 Sub 12 Dec,3,0 KO 1 Sub 2 Dec,-1,14,5,4.9,3462,3625,3053,2017-12-09,L - Frankie Saenz,2025-12-06,L - Petr Yan,NA,NA
Carlos Prates,1993-08-17,FALSE,FALSE,TRUE,FALSE,FALSE,FALSE,FALSE,NA,Brazil,male,welterweight,2,NA,16,NA,2,16,8,7,7 KO 0 Sub 0 Dec,1,0 KO 0 Sub 1 Dec,3,4,7,3.8,3462,3462,3075,2024-02-10,W - Trevin Giles,2026-05-02,W - Jack Della Maddalena,NA,NA
Arman Tsarukyan,1996-10-11,FALSE,FALSE,FALSE,FALSE,FALSE,FALSE,FALSE,NA,"Armenia, Russia",male,lightweight,2,NA,15,NA,1,13,12,10,4 KO 1 Sub 5 Dec,2,0 KO 0 Sub 2 Dec,5,5,6,3.5,3460,3460,3026,2019-04-20,L - Islam Makhachev,2025-11-22,W - Dan Hooker,NA,NA
Nassourdine Imavov,1996-03-01,FALSE,FALSE,FALSE,FALSE,FALSE,FALSE,FALSE,NA,"France, Russia",male,middleweight,3,NA,16,NA,1,16,12,9,4 KO 0 Sub 5 Dec,2,0 KO 0 Sub 2 Dec,5,5,1,3.8,3454,3454,3006,2020-10-03,W - Jordan Williams,2025-09-06,W - Caio Borralho,NA,NA
Ian Machado Garry,1997-11-17,FALSE,FALSE,FALSE,FALSE,FALSE,FALSE,FALSE,NA,"Brazil, Ireland",male,welterweight,1,NA,16,NA,1,16,11,10,3 KO 0 Sub 7 Dec,1,0 KO 0 Sub 1 Dec,2,8,1,4.8,3453,3453,2995,2021-11-06,W - Jordan Williams,2025-11-22,W - Belal Muhammad,NA,NA
Alexander Volkanovski,1988-09-29,FALSE,FALSE,FALSE,FALSE,FALSE,FALSE,FALSE,NA,Australia,male,featherweight,-1,NA,3,NA,-1,1,18,15,5 KO 0 Sub 10 Dec,3,2 KO 0 Sub 1 Dec,2,12,6,3,3451,3598,3163,2016-11-26,W - Yusuke Kasuya,2026-02-01,W - Diego Lopes,NA,NA
Dricus Du Plessis,1994-01-14,FALSE,FALSE,FALSE,FALSE,FALSE,FALSE,FALSE,NA,South Africa,male,middleweight,2,NA,13,NA,-1,4,10,9,4 KO 2 Sub 3 Dec,1,0 KO 0 Sub 1 Dec,-1,9,4,4,3429,3538,3145,2020-10-10,W - Markus Perez,2025-08-16,L - Khamzat Chimaev,NA,NA
Tom Aspinall,1993-04-11,FALSE,FALSE,FALSE,FALSE,FALSE,FALSE,FALSE,NA,"United Kingdom, England",male,heavyweight,-1,NA,6,NA,-1,6,10,8,6 KO 2 Sub 0 Dec,1,1 KO 0 Sub 0 Dec,0,5,7,3.1,3424,3424,3059,2020-07-25,W - Jake Collier,2025-10-25,NC - Ciryl Gane,NA,NA
Sean Brady,1992-11-23,FALSE,FALSE,FALSE,FALSE,FALSE,FALSE,FALSE,NA,United States,male,welterweight,6,NA,16,NA,1,16,11,9,0 KO 4 Sub 5 Dec,2,2 KO 0 Sub 0 Dec,1,5,3,5.8,3418,3485,3112,2019-10-18,W - Court McGee,2026-05-09,W - Joaquin Buckley,NA,NA
Umar Nurmagomedov,1996-01-03,FALSE,FALSE,FALSE,FALSE,FALSE,FALSE,FALSE,NA,Russia,male,bantamweight,2,NA,16,NA,1,16,9,8,1 KO 2 Sub 5 Dec,1,0 KO 0 Sub 1 Dec,2,6,3,5.4,3417,3417,3062,2021-01-20,W - Sergey Morozov,2026-01-24,W - Deiveson Figueiredo,NA,NA
Michael Morales,1999-06-24,FALSE,FALSE,TRUE,FALSE,FALSE,FALSE,FALSE,NA,"Ecuador, Mexico",male,welterweight,3,NA,16,NA,3,16,7,7,5 KO 0 Sub 2 Dec,0,0 KO 0 Sub 0 Dec,7,7,3,4.1,3417,3417,2989,2022-01-22,W - Trevin Giles,2025-11-15,W - Sean Brady,NA,NA
Movsar Evloev,1994-02-11,FALSE,FALSE,FALSE,FALSE,FALSE,FALSE,FALSE,NA,Russia,male,featherweight,1,NA,16,NA,1,16,10,10,0 KO 0 Sub 10 Dec,0,0 KO 0 Sub 0 Dec,10,10,1,6.4,3412,3412,2917,2019-04-20,W - SeungWoo Choi,2026-03-21,W - Lerone Murphy,NA,NA
Magomed Ankalaev,1992-06-02,FALSE,FALSE,FALSE,FALSE,FALSE,FALSE,FALSE,NA,Russia,male,light heavyweight,1,NA,16,OUT,-1,5,16,12,6 KO 0 Sub 6 Dec,2,1 KO 1 Sub 0 Dec,-1,9,4,3.9,3405,3550,3021,2018-03-17,L - Paul Craig,2025-10-04,L - Alex Pereira,NA,NA
Max Holloway,1991-12-04,FALSE,FALSE,FALSE,FALSE,FALSE,FALSE,TRUE,NA,United States,male,"lightweight, featherweight",4,NA,16,NA,-1,3,32,23,11 KO 2 Sub 10 Dec,9,1 KO 1 Sub 7 Dec,-1,13,13,2.9,3403,3572,3041,2012-02-04,L - Dustin Poirier,2026-03-07,L - Charles Oliveira,NA,NA
Alexander Volkov,1988-10-24,FALSE,FALSE,FALSE,FALSE,FALSE,FALSE,FALSE,NA,Russia,male,heavyweight,2,NA,16,NA,2,16,19,14,6 KO 1 Sub 7 Dec,5,1 KO 1 Sub 3 Dec,2,4,3,2.3,3390,3390,3052,2016-11-19,W - Tim Johnson,2026-05-09,W - Waldo Cortes-Acosta,NA,NA
Valentina Shevchenko,1988-03-07,FALSE,FALSE,FALSE,FALSE,FALSE,FALSE,FALSE,NA,"Kyrgyzstan, Peru",female,women's flyweight,-1,NA,1,NA,-1,1,19,15,4 KO 2 Sub 9 Dec,3,0 KO 1 Sub 2 Dec,3,9,3,2.2,3388,3388,2893,2015-12-19,W - Sarah Kaufman,2025-11-15,W - Zhang Weili,NA,NA
Joshua Van,2001-10-10,FALSE,FALSE,FALSE,FALSE,FALSE,FALSE,FALSE,NA,"Myanmar, United States",male,flyweight,-1,NA,9,NA,-1,9,11,10,4 KO 0 Sub 6 Dec,1,1 KO 0 Sub 0 Dec,7,7,2,7.2,3375,3375,2858,2023-06-24,W - Zhalgas Zhumagulov,2026-05-09,W - Tatsuro Taira,NA,NA
Ciryl Gane,1990-04-12,FALSE,FALSE,FALSE,FALSE,FALSE,FALSE,FALSE,NA,France,male,heavyweight,1,NA,16,NA,0,14,13,10,4 KO 2 Sub 4 Dec,2,0 KO 1 Sub 1 Dec,0,7,4,2.7,3372,3372,3154,2019-08-10,W - Raphael Pessoa,2025-10-25,NC - Tom Aspinall,2026-06-14,Alex Pereira
Sean O'Malley,1994-10-24,FALSE,FALSE,TRUE,FALSE,FALSE,FALSE,FALSE,NA,United States,male,bantamweight,2,NA,16,NA,-1,5,15,11,6 KO 0 Sub 5 Dec,3,1 KO 1 Sub 1 Dec,1,4,9,3,3351,3392,3013,2017-12-01,W - Terrion Ware,2026-01-24,W - Song Yadong,2026-06-14,Aiemann Zahabi
Benoit Saint Denis,1995-12-18,FALSE,FALSE,FALSE,FALSE,FALSE,FALSE,FALSE,NA,France,male,lightweight,5,NA,16,NA,5,16,12,9,5 KO 4 Sub 0 Dec,3,2 KO 0 Sub 1 Dec,4,5,6,4.9,3346,3346,2991,2021-10-30,L - Elizeu Zaleski dos Santos,2026-02-01,W - Dan Hooker,2026-07-11,Paddy Pimblett
Belal Muhammad,1988-07-09,FALSE,FALSE,FALSE,FALSE,FALSE,FALSE,FALSE,NA,"Palestine, United States",male,welterweight,5,NA,16,NA,-1,5,21,15,2 KO 1 Sub 12 Dec,5,1 KO 0 Sub 4 Dec,-2,6,4,5.2,3346,3679,3006,2016-07-07,L - Alan Jouban,2025-11-22,L - Ian Machado Garry,2026-06-06,Gabriel Bonfim
Michael Page,1987-04-07,FALSE,FALSE,FALSE,FALSE,FALSE,FALSE,FALSE,NA,"United Kingdom, England",male,"welterweight, middleweight",13,NA,16,NA,9,16,5,4,0 KO 0 Sub 4 Dec,1,0 KO 0 Sub 1 Dec,3,3,0,3.4,3316,3316,3097,2024-03-09,W - Kevin Holland,2026-03-21,W - Sam Patterson,NA,NA
Aljamain Sterling,1989-07-31,FALSE,FALSE,FALSE,FALSE,FALSE,FALSE,FALSE,NA,"Jamaica, United States",male,featherweight,4,NA,16,NA,-1,6,23,18,2 KO 4 Sub 11 Dec,5,2 KO 0 Sub 3 Dec,2,9,1,5.4,3310,3503,3011,2014-02-22,W - Cody Gibson,2026-04-25,W - Youssef Zalal,NA,NA
Jack Della Maddalena,1996-09-10,FALSE,FALSE,TRUE,FALSE,FALSE,FALSE,FALSE,NA,Australia,male,welterweight,4,NA,16,NA,-1,7,10,8,4 KO 1 Sub 3 Dec,2,1 KO 0 Sub 1 Dec,-2,8,6,3,3298,3451,3099,2022-01-22,W - Pete Rodriguez,2026-05-02,L - Carlos Prates,NA,NA
Paulo Costa,1991-04-21,TRUE,FALSE,FALSE,FALSE,FALSE,FALSE,FALSE,NA,Brazil,male,"light heavyweight, middleweight",7,NA,16,NA,2,16,12,8,5 KO 0 Sub 3 Dec,4,1 KO 0 Sub 3 Dec,2,5,4,3.5,3292,3292,3062,2017-03-11,W - Garreth McLellan,2026-04-11,W - Azamat Murzakanov,NA,NA
Mario Bautista,1993-07-01,FALSE,FALSE,FALSE,FALSE,FALSE,FALSE,FALSE,NA,United States,male,bantamweight,8,NA,16,NA,8,16,14,11,1 KO 4 Sub 6 Dec,3,1 KO 1 Sub 1 Dec,1,8,4,7.1,3281,3319,2887,2019-01-19,L - Cory Sandhagen,2026-02-07,W - Vinicius Oliveira,2026-07-11,Cory Sandhagen
Caio Borralho,1993-01-16,FALSE,FALSE,TRUE,FALSE,FALSE,FALSE,FALSE,NA,Brazil,male,middleweight,4,NA,16,NA,4,16,9,8,1 KO 1 Sub 6 Dec,1,0 KO 0 Sub 1 Dec,1,7,3,2.9,3280,3280,2968,2022-04-16,W - Gadzhi Omargadzhiev,2026-03-07,W - Reinier de Ridder,NA,NA
Brendan Allen,1995-12-28,FALSE,FALSE,TRUE,FALSE,FALSE,FALSE,FALSE,NA,United States,male,middleweight,4,NA,16,NA,4,16,18,14,2 KO 7 Sub 5 Dec,4,2 KO 0 Sub 2 Dec,2,7,4,4.8,3279,3282,2953,2019-10-18,W - Kevin Holland,2025-10-18,W - Reinier de Ridder,2026-06-06,Edmen Shahbazyan
Yaroslav Amosov,1993-09-09,FALSE,FALSE,FALSE,FALSE,FALSE,FALSE,FALSE,NA,Ukraine,male,welterweight,10,NA,16,NA,10,16,2,2,0 KO 2 Sub 0 Dec,0,0 KO 0 Sub 0 Dec,2,2,1,7,3279,3279,3142,2025-12-13,W - Neil Magny,2026-05-09,W - Joel Alvarez,NA,NA
Jiri Prochazka,1992-10-14,FALSE,FALSE,FALSE,FALSE,FALSE,FALSE,FALSE,NA,Czech Republic,male,light heavyweight,3,NA,16,NA,-1,9,9,6,5 KO 1 Sub 0 Dec,3,3 KO 0 Sub 0 Dec,-1,3,8,2.6,3277,3377,3228,2020-07-11,W - Volkan Oezdemir,2026-04-11,L - Carlos Ulberg,NA,NA
Joe Pyfer,1996-09-17,FALSE,FALSE,TRUE,FALSE,FALSE,FALSE,FALSE,NA,United States,male,middleweight,6,NA,16,NA,6,16,8,7,4 KO 2 Sub 1 Dec,1,0 KO 0 Sub 1 Dec,4,4,5,3.8,3276,3276,2917,2022-09-17,W - Alen Amedovski,2026-03-28,W - Israel Adesanya,NA,NA
Lerone Murphy,1991-07-22,FALSE,FALSE,FALSE,FALSE,FALSE,FALSE,FALSE,NA,"United Kingdom, England",male,featherweight,3,NA,16,NA,3,16,11,9,3 KO 0 Sub 6 Dec,1,0 KO 0 Sub 1 Dec,-1,9,3,5.2,3263,3317,2930,2019-09-07,D - Zubaira Tukhugov,2026-03-21,L - Movsar Evloev,NA,NA
Colby Covington,1988-02-22,FALSE,FALSE,FALSE,FALSE,FALSE,FALSE,FALSE,NA,United States,male,welterweight,16,NA,16,NA,0,16,17,12,2 KO 3 Sub 7 Dec,5,2 KO 1 Sub 2 Dec,-2,7,2,4.6,3259,3453,3054,2014-08-22,W - Anying Wang,2024-12-14,L - Joaquin Buckley,NA,NA
Cory Sandhagen,1992-04-20,FALSE,FALSE,FALSE,FALSE,FALSE,FALSE,FALSE,NA,United States,male,bantamweight,4,NA,16,NA,2,16,16,11,6 KO 1 Sub 4 Dec,5,0 KO 1 Sub 4 Dec,-1,5,5,3.6,3253,3311,3101,2018-01-27,W - Austin Arnett,2025-10-04,L - Merab Dvalishvili,2026-07-11,Mario Bautista
Mateusz Gamrot,1990-12-11,FALSE,FALSE,FALSE,FALSE,FALSE,FALSE,FALSE,NA,Poland,male,lightweight,7,NA,16,NA,5,16,13,9,3 KO 2 Sub 4 Dec,4,0 KO 1 Sub 3 Dec,1,4,5,4,3253,3309,3052,2020-10-17,L - Guram Kutateladze,2026-04-11,W - Esteban Ribovics,NA,NA
Sergei Pavlovich,1992-05-13,FALSE,FALSE,FALSE,FALSE,FALSE,FALSE,FALSE,NA,Russia,male,heavyweight,3,NA,16,NA,1,16,11,8,6 KO 0 Sub 2 Dec,3,2 KO 0 Sub 1 Dec,2,6,4,3.6,3253,3341,2982,2018-11-24,L - Alistair Overeem,2025-08-23,W - Waldo Cortes-Acosta,2026-05-30,Tallison Teixeira
Kyoji Horiguchi,1990-10-12,FALSE,FALSE,FALSE,FALSE,FALSE,FALSE,FALSE,NA,Japan,male,flyweight,5,NA,16,NA,3,16,10,9,2 KO 1 Sub 6 Dec,1,0 KO 1 Sub 0 Dec,5,5,1,6,3248,3248,2751,2013-10-19,W - Dustin Pague,2026-02-07,W - Amir Albazi,2026-06-20,Manel Kape
Anthony Hernandez,1993-10-18,FALSE,FALSE,TRUE,FALSE,FALSE,FALSE,FALSE,NA,"Mexico, United States",male,middleweight,6,NA,16,NA,4,16,12,9,2 KO 5 Sub 2 Dec,3,2 KO 1 Sub 0 Dec,-1,8,4,4.2,3241,3375,2910,2019-02-02,L - Markus Perez,2026-02-21,L - Sean Strickland,NA,NA
Leon Edwards,1991-08-25,FALSE,FALSE,FALSE,FALSE,FALSE,FALSE,FALSE,NA,"United Kingdom, England, Jamaica",male,welterweight,7,NA,16,NA,-1,3,20,14,3 KO 1 Sub 10 Dec,5,1 KO 1 Sub 3 Dec,-3,8,2,3.9,3230,3663,3030,2014-11-08,L - Claudio Silva,2025-11-15,L - Carlos Prates,NA,NA
Robert Whittaker,1990-12-20,TRUE,FALSE,FALSE,FALSE,FALSE,FALSE,FALSE,NA,Australia,male,"light heavyweight, middleweight",10,NA,16,NA,-1,8,24,17,6 KO 0 Sub 11 Dec,7,3 KO 1 Sub 3 Dec,-2,9,9,2.5,3220,3446,3044,2012-12-14,W - Brad Scott,2025-07-26,L - Reinier de Ridder,NA,NA
Gabriel Bonfim,1997-08-20,FALSE,FALSE,TRUE,FALSE,FALSE,FALSE,FALSE,NA,Brazil,male,welterweight,11,NA,16,NA,10,16,7,6,1 KO 3 Sub 2 Dec,1,1 KO 0 Sub 0 Dec,4,4,3,4.7,3217,3217,2993,2023-01-21,W - Mounir Lazzez,2025-11-08,W - Randy Brown,2026-06-06,Belal Muhammad
Yair Rodriguez,1992-10-06,TRUE,FALSE,FALSE,FALSE,FALSE,FALSE,FALSE,NA,Mexico,male,featherweight,5,NA,16,NA,0,16,16,11,4 KO 1 Sub 6 Dec,4,2 KO 1 Sub 1 Dec,1,6,9,2.6,3216,3311,2967,2014-11-15,W - Leonardo Morales,2025-04-12,W - Patricio Freire,NA,NA
Gregory Rodrigues,1992-02-17,FALSE,FALSE,TRUE,FALSE,FALSE,FALSE,FALSE,NA,Brazil,male,middleweight,12,NA,16,NA,11,16,13,10,7 KO 0 Sub 3 Dec,3,2 KO 0 Sub 1 Dec,3,3,6,5,3212,3212,2844,2021-06-05,W - Dusko Todorovic,2026-03-07,W - Brunno Ferreira,NA,NA
Paddy Pimblett,1995-01-03,FALSE,FALSE,FALSE,FALSE,FALSE,FALSE,FALSE,NA,"United Kingdom, England",male,lightweight,6,NA,16,NA,5,16,8,7,2 KO 3 Sub 2 Dec,1,0 KO 0 Sub 1 Dec,-1,7,6,2.9,3209,3267,2971,2021-09-04,W - Luigi Vendramini,2026-01-24,L - Justin Gaethje,2026-07-11,Benoit Saint Denis
Natalia Silva,1997-02-03,FALSE,FALSE,FALSE,FALSE,FALSE,FALSE,FALSE,NA,Brazil,female,women's flyweight,1,NA,4,NA,1,4,8,8,2 KO 0 Sub 6 Dec,0,0 KO 0 Sub 0 Dec,8,8,2,6.8,3209,3209,2798,2022-06-18,W - Jasmine Jasudavicius,2026-01-24,W - Rose Namajunas,NA,NA
Renato Moicano,1989-05-21,FALSE,FALSE,FALSE,FALSE,FALSE,FALSE,FALSE,NA,Brazil,male,lightweight,9,NA,16,NA,4,16,20,13,2 KO 7 Sub 4 Dec,7,3 KO 2 Sub 2 Dec,1,4,2,4.4,3208,3264,2964,2014-12-20,W - Tom Niinimaki,2026-04-04,W - Chris Duncan,NA,NA
Joaquin Buckley,1994-04-27,FALSE,FALSE,FALSE,FALSE,FALSE,FALSE,FALSE,NA,United States,male,welterweight,9,NA,16,NA,6,16,17,11,8 KO 0 Sub 3 Dec,6,3 KO 0 Sub 3 Dec,-2,6,6,4.5,3203,3404,2949,2020-08-08,L - Kevin Holland,2026-05-09,L - Sean Brady,NA,NA
Steve Garcia,1992-05-22,FALSE,FALSE,TRUE,FALSE,FALSE,FALSE,FALSE,NA,United States,male,featherweight,9,NA,16,NA,8,16,10,8,7 KO 0 Sub 1 Dec,2,1 KO 0 Sub 1 Dec,7,7,4,6.2,3201,3201,2801,2020-02-29,L - Luis Pena,2025-11-01,W - David Onama,2026-06-14,Diego Lopes
Erin Blanchfield,1999-05-04,FALSE,FALSE,FALSE,FALSE,FALSE,FALSE,FALSE,NA,United States,female,women's flyweight,4,NA,8,NA,2,4,9,8,0 KO 4 Sub 4 Dec,1,0 KO 0 Sub 1 Dec,2,6,1,6.8,3201,3201,2873,2021-09-18,W - Sarah Alpar,2025-11-15,W - Tracy Cortez,NA,NA
Alexandre Pantoja,1990-04-16,TRUE,FALSE,FALSE,FALSE,FALSE,FALSE,FALSE,NA,Brazil,male,flyweight,1,NA,11,NA,-1,4,18,14,2 KO 6 Sub 6 Dec,4,1 KO 0 Sub 3 Dec,-1,8,6,5.4,3200,3351,2894,2017-01-28,W - Eric Shelton,2025-12-06,L - Joshua Van,NA,NA
Zhang Weili,1989-08-13,FALSE,FALSE,FALSE,FALSE,FALSE,FALSE,FALSE,NA,China,female,"women's flyweight, women's strawweight",1,NA,3,NA,-1,1,13,10,2 KO 2 Sub 6 Dec,3,1 KO 0 Sub 2 Dec,-1,5,5,3.3,3197,3303,2933,2018-08-04,W - Danielle Taylor,2025-11-15,L - Valentina Shevchenko,NA,NA
Aiemann Zahabi,1987-11-19,FALSE,FALSE,FALSE,FALSE,FALSE,FALSE,FALSE,NA,Canada,male,"bantamweight, featherweight",6,NA,16,NA,6,16,10,8,2 KO 0 Sub 6 Dec,2,1 KO 0 Sub 1 Dec,7,7,1,7.3,3195,3195,2853,2017-02-19,W - Reginaldo Vieira,2025-10-18,W - Marlon Vera,2026-06-14,Sean O'Malley
Rafa Garcia,1994-08-05,FALSE,FALSE,FALSE,FALSE,FALSE,FALSE,FALSE,NA,"Mexico, United States",male,lightweight,16,NA,16,NA,16,16,11,7,1 KO 1 Sub 5 Dec,4,1 KO 0 Sub 3 Dec,3,3,0,7.1,3195,3195,2848,2021-03-13,L - Nasrat Haqparast,2026-04-25,W - Alexander Hernandez,NA,NA
Pat Sabatini,1990-11-09,FALSE,FALSE,FALSE,FALSE,FALSE,FALSE,FALSE,NA,United States,male,featherweight,16,NA,16,NA,16,16,11,9,0 KO 3 Sub 6 Dec,2,2 KO 0 Sub 0 Dec,4,4,1,7.1,3189,3189,2847,2021-04-24,W - Tristan Connelly,2026-05-09,W - William Gomis,NA,NA
Diego Lopes,1994-12-30,FALSE,FALSE,TRUE,FALSE,FALSE,FALSE,FALSE,NA,"Brazil, Mexico",male,featherweight,2,NA,16,NA,2,16,9,6,3 KO 1 Sub 2 Dec,3,0 KO 0 Sub 3 Dec,-1,5,7,3.3,3184,3245,3117,2023-05-06,L - Movsar Evloev,2026-02-01,L - Alexander Volkanovski,2026-06-14,Steve Garcia
Manon Fiorot,1990-02-17,FALSE,FALSE,FALSE,FALSE,FALSE,FALSE,FALSE,NA,France,female,women's flyweight,2,NA,5,NA,1,4,9,8,3 KO 0 Sub 5 Dec,1,0 KO 0 Sub 1 Dec,1,7,0,5.9,3179,3230,2846,2021-01-20,W - Victoria Leonardo,2025-10-18,W - Jasmine Jasudavicius,NA,NA
Amanda Nunes,1988-05-30,FALSE,FALSE,FALSE,FALSE,TRUE,FALSE,FALSE,TRUE,Brazil,female,women's bantamweight,16,NA,16,NA,-1,1,18,16,7 KO 3 Sub 6 Dec,2,1 KO 1 Sub 0 Dec,2,12,5,2.9,3179,3223,2751,2013-08-03,W - Sheila Gaff,2023-06-10,W - Irene Aldana,NA,NA
Melquizael Costa,1996-09-14,FALSE,FALSE,FALSE,FALSE,FALSE,FALSE,FALSE,NA,Brazil,male,featherweight,12,NA,16,NA,12,16,9,7,2 KO 2 Sub 3 Dec,2,1 KO 1 Sub 0 Dec,6,6,2,6.8,3173,3173,2870,2023-01-21,L - Thiago Moises,2026-02-21,W - Dan Ige,2026-05-16,Arnold Allen
Jean Silva,1996-12-27,FALSE,FALSE,TRUE,FALSE,FALSE,FALSE,FALSE,NA,Brazil,male,featherweight,6,NA,16,NA,6,16,7,6,4 KO 1 Sub 1 Dec,1,1 KO 0 Sub 0 Dec,1,5,4,4.9,3172,3172,2873,2024-01-13,W - Westin Wilson,2026-01-24,W - Arnold Allen,NA,NA
Manel Kape,1993-11-14,FALSE,FALSE,FALSE,FALSE,FALSE,FALSE,FALSE,NA,"Angola, Portugal",male,flyweight,2,NA,16,NA,2,16,10,7,5 KO 0 Sub 2 Dec,3,0 KO 0 Sub 3 Dec,3,4,3,5.6,3171,3171,2859,2021-02-06,L - Alexandre Pantoja,2025-12-13,W - Brandon Royval,2026-06-20,Kyoji Horiguchi
Christian Leroy Duncan,1995-07-24,FALSE,FALSE,FALSE,FALSE,FALSE,FALSE,FALSE,NA,"United Kingdom, England",male,middleweight,13,NA,16,NA,12,16,9,7,5 KO 0 Sub 2 Dec,2,0 KO 0 Sub 2 Dec,4,4,2,6.9,3166,3166,2789,2023-03-18,W - Dusko Todorovic,2026-03-21,W - Roman Dolidze,NA,NA
Quillan Salkilld,1999-12-28,FALSE,FALSE,TRUE,FALSE,FALSE,FALSE,FALSE,NA,Australia,male,lightweight,12,NA,16,NA,12,16,5,5,3 KO 1 Sub 1 Dec,0,0 KO 0 Sub 0 Dec,5,5,4,7.4,3165,3165,2816,2025-02-08,W - Anshul Jubli,2026-05-02,W - Beneil Dariush,NA,NA
Fares Ziam,1997-03-21,FALSE,FALSE,FALSE,FALSE,FALSE,FALSE,FALSE,NA,"Algeria, France",male,lightweight,14,NA,16,NA,14,16,10,8,2 KO 0 Sub 6 Dec,2,0 KO 1 Sub 1 Dec,6,6,1,8.6,3163,3163,2795,2019-09-07,L - Don Madge,2025-12-06,W - Nazim Sadykhov,2026-06-06,Tom Nolan
Myktybek Orolbai,1998-02-10,FALSE,FALSE,FALSE,FALSE,FALSE,FALSE,FALSE,NA,Kyrgyzstan,male,"welterweight, lightweight",16,NA,16,NA,16,16,6,5,1 KO 2 Sub 2 Dec,1,0 KO 0 Sub 1 Dec,3,3,1,6.2,3161,3161,2925,2023-11-18,W - Uros Medic,2026-03-14,W - Chris Curtis,NA,NA
Waldo Cortes-Acosta,1991-10-03,FALSE,FALSE,TRUE,FALSE,FALSE,FALSE,FALSE,NA,Dominican Republic,male,heavyweight,4,NA,16,NA,4,16,13,10,5 KO 0 Sub 5 Dec,3,0 KO 0 Sub 3 Dec,-1,5,2,4.5,3157,3236,2841,2022-10-29,W - Jared Vanderaa,2026-05-09,L - Alexander Volkov,NA,NA
Mike Malott,1991-11-07,FALSE,FALSE,TRUE,FALSE,FALSE,FALSE,FALSE,NA,Canada,male,welterweight,12,NA,16,NA,11,16,8,7,3 KO 2 Sub 2 Dec,1,1 KO 0 Sub 0 Dec,4,4,3,4.2,3141,3141,2796,2022-04-09,W - Mickey Gall,2026-04-18,W - Gilbert Burns,NA,NA
Dominick Reyes,1989-12-26,FALSE,FALSE,FALSE,FALSE,FALSE,FALSE,FALSE,NA,United States,male,light heavyweight,11,NA,16,NA,1,15,15,10,6 KO 1 Sub 3 Dec,5,4 KO 0 Sub 1 Dec,1,6,4,3.7,3138,3194,3011,2017-06-25,W - Joachim Christensen,2026-04-11,W - Johnny Walker,NA,NA
Tatiana Suarez,1990-12-19,TRUE,FALSE,FALSE,FALSE,FALSE,FALSE,FALSE,NA,United States,female,women's strawweight,2,NA,10,NA,1,7,10,9,1 KO 5 Sub 3 Dec,1,0 KO 0 Sub 1 Dec,2,7,3,5,3138,3138,2781,2016-07-08,W - Amanda Cooper,2026-04-11,W - Loopy Godinez,NA,NA
Ikram Aliskerov,1992-12-07,FALSE,FALSE,TRUE,FALSE,FALSE,FALSE,FALSE,NA,Russia,male,middleweight,16,NA,16,NA,15,16,5,4,3 KO 0 Sub 1 Dec,1,1 KO 0 Sub 0 Dec,2,2,1,5.8,3134,3134,2956,2023-05-06,W - Phil Hawes,2025-10-25,W - JunYong Park,2026-06-27,Brunno Ferreira
Aaron Pico,1996-09-23,FALSE,FALSE,FALSE,FALSE,FALSE,FALSE,FALSE,NA,United States,male,featherweight,13,NA,16,NA,13,16,2,1,0 KO 0 Sub 1 Dec,1,1 KO 0 Sub 0 Dec,1,1,0,4,3132,3132,3199,2025-08-16,L - Lerone Murphy,2026-04-11,W - Patricio Freire,NA,NA
Song Yadong,1997-12-02,FALSE,FALSE,FALSE,FALSE,FALSE,FALSE,FALSE,NA,China,male,bantamweight,5,NA,16,NA,5,16,16,11,5 KO 1 Sub 5 Dec,4,1 KO 0 Sub 3 Dec,-1,4,6,4.1,3130,3217,2929,2017-11-25,W - Bharat Khandare,2026-01-24,L - Sean O'Malley,2026-05-30,Deiveson Figueiredo
Daniel Rodriguez,1986-12-31,FALSE,FALSE,TRUE,FALSE,FALSE,FALSE,FALSE,NA,United States,male,welterweight,15,NA,16,NA,13,16,14,10,3 KO 1 Sub 6 Dec,4,1 KO 1 Sub 2 Dec,3,4,1,4.6,3130,3130,2911,2020-02-15,W - Tim Means,2025-07-19,W - Kevin Holland,NA,NA
Kayla Harrison,1990-07-02,FALSE,FALSE,FALSE,FALSE,FALSE,FALSE,FALSE,NA,United States,female,women's bantamweight,-1,NA,2,NA,-1,2,3,3,0 KO 2 Sub 1 Dec,0,0 KO 0 Sub 0 Dec,3,3,1,5,3128,3128,2929,2024-04-13,W - Holly Holm,2025-06-07,W - Julianna Pena,NA,NA
Raoni Barcelos,1987-05-01,FALSE,FALSE,FALSE,FALSE,FALSE,FALSE,FALSE,NA,Brazil,male,bantamweight,14,NA,16,NA,14,16,15,11,2 KO 2 Sub 7 Dec,4,1 KO 0 Sub 3 Dec,5,5,3,6.7,3127,3127,2831,2018-07-14,W - Kurt Holobaugh,2026-04-25,W - Montel Jackson,NA,NA
Jan Blachowicz,1983-02-24,FALSE,FALSE,FALSE,FALSE,FALSE,FALSE,FALSE,NA,Poland,male,light heavyweight,4,NA,16,NA,-1,6,22,12,5 KO 2 Sub 5 Dec,8,1 KO 1 Sub 6 Dec,0,5,6,2.7,3123,3488,3022,2014-10-03,W - Ilir Latifi,2025-12-06,D - Bogdan Guskov,NA,NA
Tatsuro Taira,2000-01-27,FALSE,FALSE,FALSE,FALSE,FALSE,FALSE,FALSE,NA,Japan,male,flyweight,3,NA,16,NA,3,16,10,8,3 KO 3 Sub 2 Dec,2,1 KO 0 Sub 1 Dec,-1,6,5,5.6,3121,3188,2865,2022-05-14,W - Carlos Candelario,2026-05-09,L - Joshua Van,NA,NA
Grant Dawson,1994-02-20,FALSE,FALSE,TRUE,FALSE,FALSE,FALSE,FALSE,NA,United States,male,lightweight,16,NA,16,NA,10,16,15,12,2 KO 5 Sub 5 Dec,2,2 KO 0 Sub 0 Dec,1,5,2,5.8,3121,3258,2887,2019-03-09,W - Julian Erosa,2026-05-09,W - Mateusz Rebecki,NA,NA
Farid Basharat,1997-08-02,FALSE,FALSE,TRUE,FALSE,FALSE,FALSE,FALSE,NA,"Afghanistan, United Kingdom, England",male,bantamweight,15,NA,16,NA,15,16,6,6,0 KO 1 Sub 5 Dec,0,0 KO 0 Sub 0 Dec,6,6,0,9.8,3120,3121,2850,2023-03-04,W - Da'Mon Blackshear,2026-02-07,W - Jean Matsumoto,NA,NA
David Martinez,1998-08-03,FALSE,FALSE,TRUE,FALSE,FALSE,FALSE,FALSE,NA,Mexico,male,bantamweight,9,NA,16,NA,9,16,3,3,1 KO 0 Sub 2 Dec,0,0 KO 0 Sub 0 Dec,3,3,1,3,3114,3114,2881,2025-03-29,W - Saimon Oliveira,2026-02-28,W - Marlon Vera,NA,NA
Khalil Rountree Jr.,1990-02-26,TRUE,FALSE,FALSE,FALSE,FALSE,FALSE,FALSE,NA,United States,male,light heavyweight,5,NA,16,NA,4,16,18,10,7 KO 0 Sub 3 Dec,7,4 KO 1 Sub 2 Dec,-1,5,6,4.3,3109,3168,2799,2016-07-08,L - Andrew Sanchez,2025-10-04,L - Jiri Prochazka,NA,NA
Jakub Wiklacz,1996-09-10,FALSE,FALSE,FALSE,FALSE,FALSE,FALSE,FALSE,NA,Poland,male,bantamweight,16,NA,16,NA,16,16,2,2,0 KO 1 Sub 1 Dec,0,0 KO 0 Sub 0 Dec,2,2,1,10,3104,3104,2990,2025-10-04,W - Patchy Mix,2026-02-07,W - Muin Gafurov,2026-06-06,Marcus McGhee
Azamat Murzakanov,1989-04-12,FALSE,FALSE,TRUE,FALSE,FALSE,FALSE,FALSE,NA,Russia,male,light heavyweight,8,NA,16,NA,6,16,7,6,5 KO 0 Sub 1 Dec,1,1 KO 0 Sub 0 Dec,-1,6,2,6,3104,3213,2904,2022-03-12,W - Tafon Nchukwi,2026-04-11,L - Paulo Costa,NA,NA
Deiveson Figueiredo,1987-12-18,FALSE,FALSE,FALSE,FALSE,FALSE,FALSE,FALSE,NA,Brazil,male,bantamweight,7,NA,16,NA,-1,8,21,14,4 KO 4 Sub 6 Dec,6,2 KO 1 Sub 3 Dec,-1,5,4,4.8,3100,3334,3056,2017-06-03,W - Marco Beltran,2026-01-24,L - Umar Nurmagomedov,2026-05-30,Song Yadong
Rizvan Kuniev,1992-03-10,FALSE,FALSE,TRUE,FALSE,FALSE,FALSE,FALSE,NA,Russia,male,heavyweight,8,NA,16,NA,6,16,2,1,0 KO 0 Sub 1 Dec,1,0 KO 0 Sub 1 Dec,1,1,0,3,3099,3099,3143,2025-06-21,L - Curtis Blaydes,2026-02-07,W - Jailton Almeida,2026-06-27,Tyrell Fortune
Dan Hooker,1990-02-13,FALSE,FALSE,FALSE,FALSE,FALSE,FALSE,FALSE,NA,New Zealand,male,lightweight,8,NA,16,NA,4,16,24,14,7 KO 2 Sub 5 Dec,10,4 KO 2 Sub 4 Dec,-2,4,6,4.7,3083,3186,2945,2014-06-27,W - Ian Entwistle,2026-02-01,L - Benoit Saint Denis,NA,NA
Mauricio Ruffy,1996-06-17,FALSE,FALSE,TRUE,FALSE,FALSE,FALSE,FALSE,NA,Brazil,male,lightweight,10,NA,16,NA,9,16,5,4,3 KO 0 Sub 1 Dec,1,0 KO 1 Sub 0 Dec,1,3,3,5,3081,3081,2914,2024-05-04,W - Jamie Mullarkey,2026-02-01,W - Rafael Fiziev,2026-06-14,Michael Chandler
Joel Alvarez,1993-03-02,FALSE,FALSE,FALSE,FALSE,FALSE,FALSE,FALSE,NA,Spain,male,"welterweight, lightweight",16,NA,16,NA,15,16,11,8,4 KO 3 Sub 1 Dec,3,1 KO 1 Sub 1 Dec,-1,4,1,8,3080,3180,2864,2019-02-23,L - Damir Ismagulov,2026-05-09,L - Yaroslav Amosov,NA,NA
Youssef Zalal,1996-09-04,FALSE,FALSE,FALSE,FALSE,FALSE,FALSE,FALSE,NA,Morocco,male,featherweight,8,NA,16,NA,7,16,13,8,0 KO 4 Sub 4 Dec,4,0 KO 0 Sub 4 Dec,-1,5,2,8,3078,3157,2773,2020-02-08,W - Austin Lingo,2026-04-25,L - Aljamain Sterling,NA,NA
Manuel Torres,1995-03-25,FALSE,FALSE,TRUE,FALSE,FALSE,FALSE,FALSE,NA,Mexico,male,lightweight,16,NA,16,NA,13,16,6,5,4 KO 1 Sub 0 Dec,1,1 KO 0 Sub 0 Dec,2,3,5,5,3077,3077,2848,2022-05-14,W - Frank Camacho,2025-12-06,W - Grant Dawson,2026-06-27,Rafael Fiziev
Jared Cannonier,1984-03-16,FALSE,FALSE,FALSE,FALSE,FALSE,FALSE,FALSE,NA,United States,male,middleweight,11,NA,16,NA,2,16,20,11,7 KO 0 Sub 4 Dec,9,3 KO 0 Sub 6 Dec,-1,3,8,3.1,3077,3348,3028,2015-01-03,L - Shawn Jordan,2025-08-16,L - Michael Page,NA,NA
Volkan Oezdemir,1989-09-19,FALSE,FALSE,FALSE,FALSE,FALSE,FALSE,FALSE,NA,"Switzerland, Turkey",male,light heavyweight,9,NA,16,NA,2,16,16,9,5 KO 1 Sub 3 Dec,7,2 KO 1 Sub 4 Dec,1,3,3,4.1,3072,3092,3021,2017-02-04,W - Ovince Saint Preux,2025-11-22,W - Alonzo Menifield,NA,NA
Payton Talbott,1998-09-09,FALSE,FALSE,TRUE,FALSE,FALSE,FALSE,FALSE,NA,United States,male,bantamweight,11,NA,16,NA,11,16,6,5,2 KO 1 Sub 2 Dec,1,0 KO 0 Sub 1 Dec,2,3,2,5.3,3070,3070,2778,2023-11-18,W - Nick Aguirre,2025-12-06,W - Henry Cejudo,NA,NA
Bogdan Guskov,1992-09-12,FALSE,FALSE,FALSE,FALSE,FALSE,FALSE,FALSE,NA,"Russia, Uzbekistan",male,light heavyweight,10,NA,16,NA,8,16,6,4,3 KO 1 Sub 0 Dec,1,0 KO 1 Sub 0 Dec,0,4,2,6,3070,3070,2878,2023-09-02,L - Volkan Oezdemir,2025-12-06,D - Jan Blachowicz,NA,NA
Drakkar Klose,1988-03-09,FALSE,FALSE,FALSE,FALSE,FALSE,FALSE,FALSE,NA,United States,male,lightweight,16,NA,16,NA,16,16,13,10,2 KO 0 Sub 8 Dec,3,2 KO 0 Sub 1 Dec,1,4,2,7.3,3068,3091,2812,2017-01-15,W - Devin Powell,2025-08-16,W - Edson Barboza,NA,NA
Charles Jourdain,1995-11-27,FALSE,FALSE,FALSE,FALSE,FALSE,FALSE,FALSE,NA,Canada,male,bantamweight,16,NA,16,NA,16,16,17,9,2 KO 4 Sub 3 Dec,7,1 KO 1 Sub 5 Dec,3,3,5,6.1,3067,3067,2773,2019-05-18,L - Des Green,2026-04-18,W - Kyler Phillips,NA,NA
Nathaniel Wood,1993-05-08,FALSE,FALSE,FALSE,FALSE,FALSE,FALSE,FALSE,NA,"United Kingdom, England",male,featherweight,16,NA,16,NA,16,16,14,11,0 KO 3 Sub 8 Dec,3,1 KO 0 Sub 2 Dec,4,4,2,8.2,3067,3067,2763,2018-06-01,W - Johnny Eduardo,2026-03-21,W - Losene Keita,NA,NA
Virna Jandiroba,1988-05-30,FALSE,FALSE,FALSE,FALSE,FALSE,FALSE,FALSE,NA,Brazil,female,women's strawweight,3,NA,11,NA,1,8,13,9,1 KO 3 Sub 5 Dec,4,0 KO 0 Sub 4 Dec,1,5,2,6.4,3062,3156,2770,2019-04-27,L - Carla Esparza,2026-04-04,W - Tabatha Ricci,NA,NA
Montel Jackson,1992-04-24,FALSE,FALSE,TRUE,FALSE,FALSE,FALSE,FALSE,NA,United States,male,bantamweight,16,NA,16,NA,14,16,13,9,3 KO 1 Sub 5 Dec,4,0 KO 0 Sub 4 Dec,-2,6,2,8.3,3060,3141,2820,2018-08-04,L - Ricky Simon,2026-04-25,L - Raoni Barcelos,NA,NA
Mackenzie Dern,1993-03-24,FALSE,FALSE,FALSE,FALSE,FALSE,FALSE,FALSE,NA,"Brazil, United States",female,women's strawweight,-1,NA,6,NA,-1,5,16,11,0 KO 5 Sub 6 Dec,5,1 KO 0 Sub 4 Dec,3,4,6,3.4,3059,3059,2720,2018-03-03,W - Ashley Yoder,2025-10-25,W - Virna Jandiroba,NA,NA
Arnold Allen,1994-01-22,FALSE,FALSE,FALSE,FALSE,FALSE,FALSE,FALSE,NA,"United Kingdom, England",male,featherweight,7,NA,16,NA,3,16,14,11,2 KO 2 Sub 7 Dec,3,0 KO 0 Sub 3 Dec,-1,10,3,4.5,3057,3306,2929,2015-06-20,W - Alan Omer,2026-01-24,L - Jean Silva,2026-05-16,Melquizael Costa
Kevin Vallejos,2001-12-08,FALSE,FALSE,TRUE,FALSE,FALSE,FALSE,FALSE,NA,Argentina,male,featherweight,10,NA,16,NA,10,16,4,4,3 KO 0 Sub 1 Dec,0,0 KO 0 Sub 0 Dec,4,4,2,3.8,3055,3055,2804,2025-03-15,W - SeungWoo Choi,2026-03-14,W - Josh Emmett,NA,NA
Uros Medic,1993-04-25,FALSE,FALSE,TRUE,FALSE,FALSE,FALSE,FALSE,NA,Serbia,male,welterweight,14,NA,16,NA,12,16,10,7,7 KO 0 Sub 0 Dec,3,1 KO 2 Sub 0 Dec,3,3,3,7.5,3054,3054,2760,2021-03-06,W - Aalon Cruz,2026-02-21,W - Geoff Neal,NA,NA
Michael Chandler,1986-04-24,FALSE,FALSE,FALSE,FALSE,TRUE,FALSE,FALSE,NA,United States,male,lightweight,13,NA,16,NA,4,16,7,2,2 KO 0 Sub 0 Dec,5,2 KO 1 Sub 2 Dec,-3,1,5,2.6,3052,3230,3266,2021-01-23,W - Dan Hooker,2025-04-12,L - Paddy Pimblett,2026-06-14,Mauricio Ruffy
Israel Adesanya,1989-07-22,FALSE,FALSE,FALSE,FALSE,FALSE,FALSE,FALSE,NA,"Nigeria, New Zealand",male,middleweight,9,NA,16,NA,-1,2,19,13,5 KO 0 Sub 8 Dec,6,3 KO 1 Sub 2 Dec,-4,9,8,1.7,3052,3576,3168,2018-02-10,W - Rob Wilkinson,2026-03-28,L - Joe Pyfer,NA,NA
Vinicius Oliveira,1995-11-30,FALSE,FALSE,TRUE,FALSE,FALSE,FALSE,FALSE,NA,Brazil,male,"featherweight, bantamweight",12,NA,16,NA,11,16,5,4,1 KO 0 Sub 3 Dec,1,0 KO 1 Sub 0 Dec,-1,4,3,6.2,3050,3130,2918,2024-03-02,W - Benardo Sopaj,2026-02-07,L - Mario Bautista,2026-06-20,Giga Chikadze
Ludovit Klein,1995-02-22,FALSE,FALSE,FALSE,FALSE,FALSE,FALSE,FALSE,NA,Slovakia,male,lightweight,16,NA,16,NA,16,16,12,8,2 KO 0 Sub 6 Dec,3,0 KO 1 Sub 2 Dec,1,4,1,7.8,3044,3080,2800,2020-09-26,W - Shane Young,2025-10-25,W - Mateusz Rebecki,NA,NA
Alexa Grasso,1993-08-09,FALSE,FALSE,FALSE,FALSE,FALSE,FALSE,FALSE,NA,Mexico,female,women's flyweight,3,NA,7,NA,-1,1,15,9,1 KO 2 Sub 6 Dec,5,0 KO 1 Sub 4 Dec,1,5,3,2.7,3043,3104,2773,2016-11-05,W - Heather Clark,2026-03-28,W - Maycee Barber,NA,NA
Reinier de Ridder,1990-09-07,FALSE,FALSE,FALSE,FALSE,FALSE,FALSE,FALSE,NA,Netherlands,male,middleweight,8,NA,16,NA,4,16,6,4,1 KO 2 Sub 1 Dec,2,1 KO 0 Sub 1 Dec,-2,4,1,2.2,3042,3243,3078,2024-11-09,W - Gerald Meerschaert,2026-03-07,L - Caio Borralho,NA,NA
Johnny Walker,1992-03-30,FALSE,FALSE,TRUE,FALSE,FALSE,FALSE,FALSE,NA,"Brazil, Ireland",male,"heavyweight, light heavyweight",14,NA,16,NA,5,16,16,8,6 KO 1 Sub 1 Dec,7,4 KO 0 Sub 3 Dec,-1,3,5,3.6,3036,3129,2986,2018-11-17,W - Khalil Rountree Jr.,2026-04-11,L - Dominick Reyes,NA,NA
Vicente Luque,1991-11-27,TRUE,FALSE,FALSE,FALSE,FALSE,FALSE,FALSE,NA,"Brazil, United States",male,"middleweight, welterweight",16,NA,16,NA,4,16,25,17,8 KO 7 Sub 2 Dec,8,2 KO 1 Sub 5 Dec,1,6,9,5.6,3034,3341,2869,2015-07-12,L - Mike Graves,2026-04-11,W - Kelvin Gastelum,NA,NA
Nikita Krylov,1992-03-07,FALSE,FALSE,FALSE,FALSE,FALSE,FALSE,FALSE,NA,"Russia, Ukraine",male,light heavyweight,13,NA,16,NA,5,16,21,12,5 KO 5 Sub 2 Dec,9,3 KO 4 Sub 2 Dec,1,5,1,6,3034,3197,2847,2013-08-31,L - Soa Palelei,2026-01-24,W - Modestas Bukauskas,NA,NA
Roman Dolidze,1988-07-15,FALSE,FALSE,FALSE,FALSE,FALSE,FALSE,FALSE,NA,Georgia,male,middleweight,15,NA,16,NA,7,16,14,9,5 KO 0 Sub 4 Dec,5,0 KO 1 Sub 4 Dec,-2,4,3,4.6,3030,3264,2929,2020-07-18,W - Khadis Ibragimov,2026-03-21,L - Christian Leroy Duncan,NA,NA
Kevin Holland,1992-11-05,FALSE,FALSE,TRUE,FALSE,FALSE,FALSE,FALSE,NA,United States,male,welterweight,16,NA,16,NA,10,16,29,16,6 KO 5 Sub 5 Dec,12,2 KO 3 Sub 7 Dec,1,5,10,4.5,3028,3183,2934,2018-08-04,L - Thiago Santos,2026-04-11,W - Randy Brown,NA,NA
Asu Almabayev,1994-01-25,FALSE,FALSE,FALSE,FALSE,FALSE,FALSE,FALSE,NA,Kazakhstan,male,flyweight,8,NA,16,NA,7,16,7,6,0 KO 2 Sub 4 Dec,1,1 KO 0 Sub 0 Dec,2,4,1,7.1,3027,3034,2775,2023-08-05,W - Ode Osbourne,2025-11-22,W - Alex Perez,2026-06-27,Charles Johnson
Beneil Dariush,1989-05-06,FALSE,FALSE,FALSE,FALSE,FALSE,FALSE,FALSE,NA,United States,male,lightweight,15,NA,16,NA,3,16,26,17,3 KO 5 Sub 9 Dec,8,7 KO 1 Sub 0 Dec,-2,8,5,4.7,3026,3411,2970,2014-01-15,W - Charlie Brenneman,2026-05-02,L - Quillan Salkilld,NA,NA
Serghei Spivac,1995-01-24,FALSE,FALSE,FALSE,FALSE,FALSE,FALSE,FALSE,NA,Moldova,male,heavyweight,6,NA,16,NA,6,16,15,9,3 KO 3 Sub 3 Dec,6,4 KO 0 Sub 2 Dec,1,3,2,4.9,3026,3124,2856,2019-05-04,L - Walt Harris,2026-02-21,W - Ante Delija,NA,NA
Mason Jones,1995-04-26,FALSE,FALSE,FALSE,FALSE,FALSE,FALSE,FALSE,NA,"United Kingdom, Wales",male,lightweight,16,NA,16,NA,16,16,7,4,1 KO 0 Sub 3 Dec,2,0 KO 0 Sub 2 Dec,3,3,3,7.7,3023,3023,2687,2021-01-20,L - Mike Davis,2026-03-21,W - Axel Sola,NA,NA
Alexander Hernandez,1992-10-01,FALSE,FALSE,FALSE,FALSE,FALSE,FALSE,FALSE,NA,United States,male,lightweight,16,NA,16,NA,11,16,18,10,5 KO 0 Sub 5 Dec,8,3 KO 1 Sub 4 Dec,-1,4,3,5.4,3021,3139,2906,2018-03-03,W - Beneil Dariush,2026-04-25,L - Rafa Garcia,NA,NA
Cezary Oleksiejczuk,2000-01-06,FALSE,FALSE,TRUE,FALSE,FALSE,FALSE,FALSE,NA,Poland,male,middleweight,16,NA,16,NA,16,16,1,1,0 KO 0 Sub 1 Dec,0,0 KO 0 Sub 0 Dec,1,1,0,3,3021,3021,2858,2025-12-13,W - Cesar Almeida,2025-12-13,W - Cesar Almeida,NA,NA
Shara Magomedov,1994-05-16,FALSE,FALSE,FALSE,FALSE,FALSE,FALSE,FALSE,NA,Russia,male,middleweight,16,NA,16,NA,14,16,6,5,2 KO 0 Sub 3 Dec,1,0 KO 0 Sub 1 Dec,1,4,4,4.8,3018,3067,2789,2023-10-21,W - Bruno Silva,2025-07-26,W - Marc-Andre Barriault,2026-06-27,Michel Pereira
Bryce Mitchell,1994-10-04,TRUE,FALSE,FALSE,FALSE,FALSE,FALSE,FALSE,NA,United States,male,"bantamweight, featherweight",16,NA,16,NA,9,16,12,9,1 KO 1 Sub 7 Dec,3,1 KO 2 Sub 0 Dec,1,6,2,5.6,3011,3130,2858,2018-07-06,W - Tyler Diamond,2025-07-26,W - Said Nurmagomedov,2026-06-06,Victor Henry
Stephen Thompson,1983-02-11,FALSE,FALSE,FALSE,FALSE,FALSE,FALSE,FALSE,NA,United States,male,welterweight,16,NA,16,NA,1,16,22,12,6 KO 0 Sub 6 Dec,9,2 KO 1 Sub 6 Dec,-3,7,8,3.7,3011,3319,3019,2012-02-04,W - Dan Stittgen,2025-07-12,L - Gabriel Bonfim,NA,NA
Brian Ortega,1991-02-21,FALSE,FALSE,FALSE,FALSE,FALSE,FALSE,FALSE,NA,"Mexico, United States",male,featherweight,11,NA,16,NA,1,16,14,8,3 KO 4 Sub 1 Dec,5,2 KO 0 Sub 3 Dec,-2,6,8,3.1,3010,3290,3060,2014-07-26,NC - Mike De La Torre,2025-08-23,L - Aljamain Sterling,NA,NA
Kai Kara-France,1993-03-26,TRUE,FALSE,FALSE,FALSE,FALSE,FALSE,FALSE,NA,New Zealand,male,flyweight,16,NA,16,NA,2,16,13,8,3 KO 0 Sub 5 Dec,5,1 KO 2 Sub 2 Dec,-1,3,6,5.3,3008,3091,2844,2018-12-01,W - Elias Garcia,2025-06-28,L - Alexandre Pantoja,NA,NA
Nicolas Dalby,1984-11-16,FALSE,FALSE,FALSE,FALSE,FALSE,FALSE,FALSE,NA,Denmark,male,welterweight,16,NA,16,NA,16,16,15,8,1 KO 0 Sub 7 Dec,5,1 KO 0 Sub 4 Dec,1,4,3,7.3,3006,3116,2821,2015-05-30,W - Elizeu Zaleski dos Santos,2025-11-22,W - Saygid Izagakhmaev,NA,NA
Tofiq Musayev,1989-12-15,FALSE,FALSE,FALSE,FALSE,FALSE,FALSE,FALSE,NA,Azerbaijan,male,lightweight,16,NA,16,NA,16,16,2,1,0 KO 0 Sub 1 Dec,1,0 KO 1 Sub 0 Dec,1,1,1,5.5,3005,3005,2951,2025-06-21,L - Myktybek Orolbai,2026-03-28,W - Ignacio Bahamondes,NA,NA
Jalin Turner,1995-05-18,FALSE,FALSE,TRUE,FALSE,FALSE,FALSE,FALSE,NA,United States,male,lightweight,16,NA,16,NA,9,16,14,8,5 KO 3 Sub 0 Dec,6,2 KO 1 Sub 3 Dec,1,5,2,6.9,3002,3140,2863,2018-10-06,L - Vicente Luque,2025-12-06,W - Edson Barboza,NA,NA
Rafael Fiziev,1993-03-05,FALSE,FALSE,FALSE,FALSE,FALSE,FALSE,FALSE,NA,"Azerbaijan, Kyrgyzstan",male,lightweight,11,NA,16,NA,6,16,12,7,3 KO 0 Sub 4 Dec,5,3 KO 0 Sub 2 Dec,-1,6,7,3.9,3001,3182,2996,2019-04-20,L - Magomed Mustafaev,2026-02-01,L - Mauricio Ruffy,2026-06-27,Manuel Torres
Steve Erceg,1995-07-27,FALSE,FALSE,FALSE,FALSE,FALSE,FALSE,FALSE,NA,Australia,male,"flyweight, bantamweight",10,NA,16,NA,7,16,8,5,1 KO 0 Sub 4 Dec,3,1 KO 0 Sub 2 Dec,2,3,2,3.8,2997,2997,2905,2023-06-10,W - David Dvorak,2026-05-02,W - Tim Elliott,NA,NA
Losene Keita,1997-12-30,FALSE,FALSE,FALSE,FALSE,FALSE,FALSE,FALSE,NA,"Belgium, Guinea",male,featherweight,16,NA,16,NA,16,16,1,0,0 KO 0 Sub 0 Dec,1,0 KO 0 Sub 1 Dec,-1,-1,0,8,2996,2996,3035,2026-03-21,L - Nathaniel Wood,2026-03-21,L - Nathaniel Wood,NA,NA
Jean Matsumoto,1999-09-09,FALSE,FALSE,TRUE,FALSE,FALSE,FALSE,FALSE,NA,Brazil,male,bantamweight,16,NA,16,NA,16,16,5,3,0 KO 1 Sub 2 Dec,2,0 KO 0 Sub 2 Dec,-1,2,0,6,2994,2994,2879,2024-04-06,W - Dan Argueta,2026-02-07,L - Farid Basharat,2026-06-27,Bekzat Almakhan
Neil Magny,1987-08-03,TRUE,FALSE,FALSE,FALSE,FALSE,FALSE,FALSE,NA,United States,male,welterweight,16,NA,16,NA,5,16,37,24,7 KO 3 Sub 14 Dec,13,4 KO 6 Sub 3 Dec,-1,7,5,4.7,2994,3291,2920,2013-02-23,W - Jon Manley,2025-12-13,L - Yaroslav Amosov,NA,NA
Daniel Marcos,1993-03-07,FALSE,FALSE,TRUE,FALSE,FALSE,FALSE,FALSE,NA,Peru,male,bantamweight,16,NA,16,NA,16,16,7,5,1 KO 1 Sub 3 Dec,1,0 KO 0 Sub 1 Dec,1,2,0,9.6,2992,2992,2836,2023-01-21,W - Saimon Oliveira,2025-11-08,W - Miles Johns,NA,NA
Mairon Santos,2000-06-10,TRUE,FALSE,FALSE,FALSE,FALSE,FALSE,FALSE,NA,Brazil,male,"lightweight, featherweight",16,NA,16,NA,16,16,4,4,2 KO 0 Sub 2 Dec,0,0 KO 0 Sub 0 Dec,4,4,0,7.2,2992,2992,2763,2024-08-24,W - Kaan Ofli,2025-12-06,W - Muhammad Naimov,NA,NA
Tyrell Fortune,1990-07-04,FALSE,FALSE,FALSE,FALSE,FALSE,FALSE,FALSE,NA,United States,male,heavyweight,10,NA,16,NA,10,16,1,1,0 KO 0 Sub 1 Dec,0,0 KO 0 Sub 0 Dec,1,1,0,9,2992,2992,3024,2026-03-28,W - Marcin Tybura,2026-03-28,W - Marcin Tybura,2026-06-27,Rizvan Kuniev
Carlos Leal,1994-05-04,FALSE,FALSE,FALSE,FALSE,FALSE,FALSE,FALSE,NA,Brazil,male,welterweight,16,NA,16,NA,16,16,4,2,1 KO 0 Sub 1 Dec,2,1 KO 0 Sub 1 Dec,1,1,0,8.8,2990,3010,2915,2024-10-26,L - Rinat Fakhretdinov,2026-02-21,W - Chidi Njokuani,NA,NA
Abus Magomedov,1990-09-02,FALSE,FALSE,FALSE,FALSE,FALSE,FALSE,FALSE,NA,"Germany, Russia",male,middleweight,16,NA,16,NA,14,16,7,4,1 KO 1 Sub 2 Dec,3,1 KO 1 Sub 1 Dec,-1,3,1,5.6,2990,3090,2939,2022-09-03,W - Dustin Stoltzfus,2025-10-04,L - Joe Pyfer,NA,NA
Dustin Jacoby,1988-04-04,FALSE,FALSE,TRUE,FALSE,FALSE,FALSE,FALSE,NA,United States,male,light heavyweight,16,NA,16,NA,13,16,17,10,7 KO 0 Sub 3 Dec,6,1 KO 1 Sub 4 Dec,3,4,3,7,2989,3074,2753,2011-10-29,L - Clifford Starks,2026-02-07,W - Julius Walker,NA,NA
Curtis Blaydes,1991-02-18,FALSE,FALSE,FALSE,FALSE,FALSE,FALSE,FALSE,NA,United States,male,heavyweight,7,NA,16,NA,2,16,21,14,8 KO 0 Sub 6 Dec,6,5 KO 0 Sub 1 Dec,-1,4,5,3.5,2989,3343,2979,2016-04-10,L - Francis Ngannou,2026-04-11,L - Josh Hokit,NA,NA
Patricio Freire,1987-07-07,FALSE,FALSE,FALSE,FALSE,FALSE,FALSE,FALSE,NA,Brazil,male,featherweight,15,NA,16,NA,11,16,3,1,0 KO 0 Sub 1 Dec,2,0 KO 0 Sub 2 Dec,-1,1,0,4.3,2988,3122,3040,2025-04-12,L - Yair Rodriguez,2026-04-11,L - Aaron Pico,NA,NA
Ramazan Temirov,1997-01-31,FALSE,FALSE,FALSE,FALSE,FALSE,FALSE,FALSE,NA,Uzbekistan,male,flyweight,16,NA,16,NA,13,16,2,2,1 KO 0 Sub 1 Dec,0,0 KO 0 Sub 0 Dec,2,2,1,8,2985,2985,2784,2024-10-12,W - CJ Vergara,2025-03-01,W - Charles Johnson,NA,NA
Nursulton Ruziboev,1993-11-19,FALSE,FALSE,FALSE,FALSE,FALSE,FALSE,FALSE,NA,Uzbekistan,male,middleweight,16,NA,16,NA,16,16,5,4,3 KO 0 Sub 1 Dec,1,0 KO 0 Sub 1 Dec,2,2,1,5.2,2985,2985,2773,2023-07-01,W - Brunno Ferreira,2025-05-17,W - Dustin Stoltzfus,2026-06-27,Andrey Pulyaev
Jamahal Hill,1991-05-19,FALSE,FALSE,TRUE,FALSE,FALSE,FALSE,FALSE,NA,United States,male,light heavyweight,6,NA,16,NA,-1,13,11,6,4 KO 0 Sub 2 Dec,4,3 KO 0 Sub 1 Dec,-3,4,4,2.8,2985,3258,2981,2020-01-25,W - Darko Stosic,2025-06-21,L - Khalil Rountree Jr.,NA,NA
Jasmine Jasudavicius,1989-03-01,FALSE,FALSE,TRUE,FALSE,FALSE,FALSE,FALSE,NA,"Canada, Lithuania",female,women's flyweight,6,NA,16,NA,5,16,12,9,0 KO 3 Sub 6 Dec,3,1 KO 0 Sub 2 Dec,1,5,3,7.2,2985,2996,2713,2022-01-22,W - Kay Hansen,2026-04-18,W - Karine Silva,NA,NA
Raul Rosas Jr.,2004-10-08,FALSE,FALSE,TRUE,FALSE,FALSE,FALSE,FALSE,NA,"Mexico, United States",male,bantamweight,13,NA,16,NA,13,16,7,6,1 KO 2 Sub 3 Dec,1,0 KO 0 Sub 1 Dec,5,5,3,4.9,2982,2982,2625,2022-12-10,W - Jay Perrin,2026-03-07,W - Rob Font,NA,NA
Daniel Santos,1995-03-12,FALSE,FALSE,FALSE,FALSE,FALSE,FALSE,FALSE,NA,Brazil,male,"featherweight, bantamweight",16,NA,16,NA,16,16,5,4,2 KO 0 Sub 2 Dec,1,0 KO 0 Sub 1 Dec,4,4,1,8.6,2982,2982,2784,2022-04-09,L - Julio Arce,2025-10-04,W - JooSang Yoo,2026-05-16,Dooho Choi
David Onama,1994-06-07,FALSE,FALSE,FALSE,FALSE,FALSE,FALSE,FALSE,NA,Uganda,male,"featherweight, lightweight",14,NA,16,NA,13,16,9,6,2 KO 1 Sub 3 Dec,3,1 KO 0 Sub 2 Dec,-1,4,3,5.1,2981,3068,2775,2021-10-23,L - Mason Jones,2025-11-01,L - Steve Garcia,NA,NA
Edmen Shahbazyan,1997-11-20,FALSE,FALSE,TRUE,FALSE,FALSE,FALSE,FALSE,NA,United States,male,middleweight,16,NA,16,NA,9,16,14,9,6 KO 1 Sub 2 Dec,5,3 KO 1 Sub 1 Dec,3,4,2,5.9,2981,2981,2817,2018-11-30,W - Darren Stewart,2025-10-04,W - Andre Muniz,2026-06-06,Brendan Allen
Gillian Robertson,1995-05-17,TRUE,FALSE,FALSE,FALSE,FALSE,FALSE,FALSE,NA,Canada,female,women's strawweight,5,NA,16,NA,5,16,20,14,3 KO 7 Sub 4 Dec,6,1 KO 1 Sub 4 Dec,5,5,2,8.6,2981,2981,2619,2017-12-01,W - Emily Whitmire,2026-03-14,W - Amanda Lemos,NA,NA
Bo Nickal,1996-01-14,FALSE,FALSE,TRUE,FALSE,FALSE,FALSE,FALSE,NA,United States,male,middleweight,16,NA,16,NA,15,16,6,5,2 KO 2 Sub 1 Dec,1,1 KO 0 Sub 0 Dec,1,4,2,4.3,2971,2971,2787,2023-03-04,W - Jamie Pickett,2025-11-15,W - Rodolfo Vieira,2026-06-14,Kyle Daukaus
Aleksandar Rakic,1992-02-06,FALSE,FALSE,FALSE,FALSE,FALSE,FALSE,FALSE,NA,"Austria, Serbia",male,"heavyweight, light heavyweight",12,NA,16,NA,2,16,11,6,2 KO 0 Sub 4 Dec,5,3 KO 0 Sub 2 Dec,-4,4,1,5.2,2971,3216,3035,2017-09-02,W - Francimar Barroso,2025-10-25,L - Azamat Murzakanov,NA,NA
Derrick Lewis,1985-02-07,FALSE,FALSE,FALSE,FALSE,FALSE,FALSE,FALSE,NA,United States,male,heavyweight,9,NA,16,NA,2,16,31,20,16 KO 0 Sub 4 Dec,11,8 KO 2 Sub 1 Dec,-1,6,8,3.3,2971,3347,2922,2014-04-19,W - Jack May,2026-01-24,L - Waldo Cortes-Acosta,2026-06-14,Josh Hokit
Punahele Soriano,1992-11-22,FALSE,FALSE,TRUE,FALSE,FALSE,FALSE,FALSE,NA,United States,male,welterweight,16,NA,16,NA,16,16,11,7,4 KO 0 Sub 3 Dec,4,1 KO 1 Sub 2 Dec,4,4,1,6.8,2969,2969,2715,2019-12-14,W - Oskar Piechota,2026-02-21,W - Ramiz Brahimaj,NA,NA
Rose Namajunas,1992-06-29,TRUE,FALSE,FALSE,FALSE,FALSE,FALSE,FALSE,NA,"Lithuania, United States",female,women's flyweight,5,NA,14,NA,-1,2,19,12,2 KO 3 Sub 7 Dec,7,1 KO 1 Sub 5 Dec,-1,3,6,2.4,2968,3120,2870,2014-12-12,L - Carla Esparza,2026-01-24,L - Natalia Silva,NA,NA
Tagir Ulanbekov,1991-08-07,FALSE,FALSE,FALSE,FALSE,FALSE,FALSE,FALSE,NA,Russia,male,flyweight,13,NA,16,NA,10,16,8,6,0 KO 2 Sub 4 Dec,2,0 KO 1 Sub 1 Dec,-1,4,0,10.2,2967,3037,2753,2020-10-10,W - Bruno Gustavo da Silva,2025-11-22,L - Kyoji Horiguchi,NA,NA
Chris Duncan,1993-05-10,FALSE,FALSE,TRUE,FALSE,FALSE,FALSE,FALSE,NA,"United Kingdom, Scotland",male,lightweight,16,NA,16,NA,16,16,8,6,0 KO 3 Sub 3 Dec,2,0 KO 2 Sub 0 Dec,-1,4,2,6.8,2966,3039,2794,2023-03-18,W - Omar Morales,2026-04-04,L - Renato Moicano,NA,NA
Marlon Vera,1992-12-02,TRUE,FALSE,FALSE,FALSE,FALSE,FALSE,FALSE,NA,Ecuador,male,bantamweight,10,NA,16,NA,3,16,26,15,7 KO 4 Sub 4 Dec,11,0 KO 0 Sub 11 Dec,-4,5,8,5.4,2963,3282,2848,2014-11-15,L - Marco Beltran,2026-02-28,L - David Martinez,NA,NA
Josh Hokit,1997-11-12,FALSE,FALSE,TRUE,FALSE,FALSE,FALSE,FALSE,NA,United States,male,heavyweight,5,NA,16,NA,5,16,3,3,2 KO 0 Sub 1 Dec,0,0 KO 0 Sub 0 Dec,3,3,4,7.3,2959,2959,2828,2025-11-08,W - Max Gimenis,2026-04-11,W - Curtis Blaydes,2026-06-14,Derrick Lewis
Jingnan Xiong,1988-01-12,FALSE,FALSE,FALSE,FALSE,FALSE,FALSE,FALSE,NA,China,female,women's strawweight,16,NA,16,NA,16,16,0,NA,NA,NA,NA,NA,NA,0,NA,2959,NA,2591,NA,NA,NA,NA,2026-05-30,Angela Hill
Nurullo Aliev,2000-12-08,FALSE,FALSE,TRUE,FALSE,FALSE,FALSE,FALSE,NA,Tajikistan,male,lightweight,16,NA,16,NA,16,16,3,3,0 KO 0 Sub 3 Dec,0,0 KO 0 Sub 0 Dec,3,3,0,12.3,2955,2955,2739,2023-02-25,W - Rafael Alves,2025-11-22,W - Shem Rock,NA,NA
Saygid Izagakhmaev,1994-09-03,FALSE,FALSE,FALSE,FALSE,FALSE,FALSE,FALSE,NA,Russia,male,welterweight,16,NA,16,NA,16,16,1,0,0 KO 0 Sub 0 Dec,1,0 KO 0 Sub 1 Dec,-1,-1,0,8,2954,2954,2961,2025-11-22,L - Nicolas Dalby,2025-11-22,L - Nicolas Dalby,NA,NA
Ethyn Ewing,1998-02-16,FALSE,FALSE,FALSE,FALSE,FALSE,FALSE,FALSE,NA,United States,male,"bantamweight, featherweight",16,NA,16,NA,16,16,2,2,1 KO 0 Sub 1 Dec,0,0 KO 0 Sub 0 Dec,2,2,0,6.5,2953,2953,2890,2025-11-15,W - Malcolm Wellmaker,2026-04-04,W - Rafael Estevam,NA,NA
Jake Matthews,1994-08-19,TRUE,FALSE,FALSE,FALSE,FALSE,FALSE,FALSE,NA,Australia,male,welterweight,16,NA,16,NA,16,16,23,15,2 KO 6 Sub 7 Dec,8,1 KO 4 Sub 3 Dec,-1,3,3,6,2950,3078,2768,2014-06-27,W - Dashon Johnson,2025-09-28,L - Neil Magny,2026-05-30,Muslim Salikhov
Michal Oleksiejczuk,1995-02-22,FALSE,FALSE,FALSE,FALSE,FALSE,FALSE,FALSE,NA,Poland,male,middleweight,16,NA,16,NA,16,16,18,10,8 KO 0 Sub 2 Dec,7,0 KO 5 Sub 2 Dec,3,3,5,6.6,2947,2947,2796,2017-12-30,NC - Khalil Rountree Jr.,2026-02-07,W - Marc-Andre Barriault,NA,NA
Diego Ferreira,1985-01-18,FALSE,FALSE,FALSE,FALSE,FALSE,FALSE,FALSE,NA,Brazil,male,lightweight,16,NA,16,NA,8,16,17,10,5 KO 2 Sub 3 Dec,7,4 KO 0 Sub 3 Dec,-2,6,7,6.3,2946,3246,2925,2014-06-28,W - Colton Smith,2025-09-13,L - Alexander Hernandez,NA,NA
Yan Xiaonan,1989-06-16,FALSE,FALSE,FALSE,FALSE,FALSE,FALSE,FALSE,NA,China,female,women's strawweight,4,NA,13,NA,1,8,13,9,1 KO 0 Sub 8 Dec,4,1 KO 0 Sub 3 Dec,-1,6,1,5.3,2946,3039,2742,2017-11-25,W - Kailin Curran,2025-04-12,L - Virna Jandiroba,NA,NA
Brunno Ferreira,1992-11-04,FALSE,FALSE,TRUE,FALSE,FALSE,FALSE,FALSE,NA,Brazil,male,middleweight,16,NA,16,NA,15,16,9,6,3 KO 2 Sub 1 Dec,3,2 KO 1 Sub 0 Dec,-1,3,2,7.2,2945,3005,2856,2023-01-21,W - Gregory Rodrigues,2026-03-07,L - Gregory Rodrigues,2026-06-27,Ikram Aliskerov
Roman Kopylov,1992-05-04,FALSE,FALSE,FALSE,FALSE,FALSE,FALSE,FALSE,NA,Russia,male,middleweight,16,NA,16,NA,14,16,12,7,5 KO 0 Sub 2 Dec,5,0 KO 2 Sub 3 Dec,1,4,3,6.2,2945,2988,2837,2019-11-09,L - Karl Roberson,2026-05-09,W - Marco Tulio,NA,NA
Joseph Morales,1994-08-22,TRUE,FALSE,FALSE,FALSE,FALSE,FALSE,FALSE,NA,United States,male,flyweight,16,NA,16,NA,14,16,5,3,0 KO 3 Sub 0 Dec,2,1 KO 0 Sub 1 Dec,2,2,1,9.4,2943,2943,2729,2017-08-05,W - Roberto Sanchez,2025-11-08,W - Matt Schnell,NA,NA
Manoel Sousa,1997-06-04,FALSE,FALSE,TRUE,FALSE,FALSE,FALSE,FALSE,NA,Brazil,male,lightweight,16,NA,16,NA,16,16,1,1,1 KO 0 Sub 0 Dec,0,0 KO 0 Sub 0 Dec,1,1,1,10,2942,2942,2644,2026-03-14,W - Bolaji Oki,2026-03-14,W - Bolaji Oki,NA,NA
Daniil Donchenko,2001-08-04,TRUE,FALSE,FALSE,FALSE,FALSE,FALSE,FALSE,NA,Ukraine,male,welterweight,16,NA,16,NA,16,16,2,2,1 KO 0 Sub 1 Dec,0,0 KO 0 Sub 0 Dec,2,2,0,10.5,2941,2941,2752,2025-09-13,W - Rodrigo Sezinando,2026-02-07,W - Alex Morono,2026-06-27,Andreas Gustafsson
Chris Padilla,1995-09-14,FALSE,FALSE,FALSE,FALSE,FALSE,FALSE,FALSE,NA,United States,male,lightweight,16,NA,16,NA,16,16,5,4,2 KO 1 Sub 1 Dec,0,0 KO 0 Sub 0 Dec,0,4,0,7.6,2939,2956,2811,2024-04-27,W - James Llontop,2026-04-11,D - MarQuel Mederos,NA,NA
Joselyne Edwards,1995-09-29,FALSE,FALSE,FALSE,FALSE,FALSE,FALSE,FALSE,NA,Panama,female,women's bantamweight,3,NA,16,NA,3,16,13,9,2 KO 2 Sub 5 Dec,4,0 KO 0 Sub 4 Dec,5,5,1,8.9,2938,2938,2551,2021-01-16,W - Yanan Wu,2026-04-25,W - Norma Dumont,NA,NA
Navajo Stirling,1997-11-07,FALSE,FALSE,TRUE,FALSE,FALSE,FALSE,FALSE,NA,New Zealand,male,light heavyweight,16,NA,16,NA,16,16,4,4,1 KO 0 Sub 3 Dec,0,0 KO 0 Sub 0 Dec,4,4,0,8,2937,2937,2726,2024-12-14,W - Tuco Tokkos,2026-03-28,W - Bruno Lopes,2026-06-20,Ion Cutelaba
Ion Cutelaba,1993-12-14,FALSE,FALSE,FALSE,FALSE,FALSE,FALSE,FALSE,NA,Moldova,male,light heavyweight,16,NA,16,NA,15,16,20,9,4 KO 2 Sub 3 Dec,10,3 KO 4 Sub 3 Dec,1,2,1,5.2,2936,2936,2814,2016-06-18,L - Misha Cirkunov,2026-03-14,W - Oumar Sy,2026-06-20,Navajo Stirling
Raquel Pennington,1988-09-05,TRUE,FALSE,FALSE,FALSE,FALSE,FALSE,FALSE,NA,"Mexico, United States",female,women's bantamweight,2,NA,12,NA,-1,5,19,13,0 KO 3 Sub 10 Dec,6,1 KO 0 Sub 5 Dec,-1,6,1,5.3,2936,2989,2649,2013-11-30,W - Roxanne Modafferi,2024-10-05,L - Julianna Pena,NA,NA
Gunnar Nelson,1988-07-28,FALSE,FALSE,FALSE,FALSE,FALSE,FALSE,FALSE,NA,Iceland,male,welterweight,16,NA,16,NA,8,16,16,10,0 KO 8 Sub 2 Dec,6,1 KO 0 Sub 5 Dec,-1,4,5,3.3,2935,3116,2888,2012-09-29,W - DaMarques Johnson,2025-03-22,L - Kevin Holland,NA,NA
Davey Grant,1985-12-18,TRUE,FALSE,FALSE,FALSE,FALSE,FALSE,FALSE,NA,"United Kingdom, England",male,bantamweight,16,NA,16,NA,16,16,16,9,3 KO 1 Sub 5 Dec,7,0 KO 4 Sub 3 Dec,1,3,6,7,2934,3022,2736,2013-11-30,L - Chris Holdsworth,2026-04-25,W - Juan Martinetti,NA,NA
Ketlen Vieira,1991-08-26,FALSE,FALSE,FALSE,FALSE,FALSE,FALSE,FALSE,NA,Brazil,female,"women's bantamweight, women's featherweight",5,NA,16,NA,2,11,14,9,0 KO 1 Sub 8 Dec,5,1 KO 0 Sub 4 Dec,-1,4,0,6.1,2934,2934,2763,2016-10-01,W - Kelly Faszholz,2025-11-01,L - Norma Dumont,2026-05-16,Jacqueline Cavalcanti
Denise Gomes,1999-12-30,FALSE,FALSE,TRUE,FALSE,FALSE,FALSE,FALSE,NA,Brazil,female,women's strawweight,12,NA,16,NA,12,16,8,6,3 KO 0 Sub 3 Dec,2,0 KO 0 Sub 2 Dec,4,4,2,9.2,2933,2933,2660,2022-09-17,L - Loma Lookboonmee,2025-11-08,W - Tecia Pennington,NA,NA
King Green,1986-09-09,FALSE,FALSE,FALSE,FALSE,TRUE,FALSE,FALSE,NA,United States,male,lightweight,16,NA,16,NA,7,16,30,16,4 KO 3 Sub 9 Dec,12,5 KO 1 Sub 6 Dec,3,4,8,5.1,2932,3149,2862,2013-02-02,W - Jacob Volkmann,2026-05-09,W - Jeremy Stephens,NA,NA
Kaue Fernandes,1995-03-17,FALSE,FALSE,FALSE,FALSE,FALSE,FALSE,FALSE,NA,Brazil,male,lightweight,16,NA,16,NA,16,16,4,3,2 KO 0 Sub 1 Dec,1,0 KO 0 Sub 1 Dec,3,3,1,10,2930,2930,2698,2023-11-04,L - Marc Diakiese,2025-09-06,W - Harry Hardwick,NA,NA
Jim Miller,1983-08-30,FALSE,FALSE,FALSE,FALSE,FALSE,FALSE,FALSE,NA,United States,male,lightweight,16,NA,16,NA,4,16,47,28,6 KO 14 Sub 8 Dec,18,2 KO 3 Sub 13 Dec,1,7,16,5.4,2928,3077,2781,2008-10-18,W - David Baron,2026-05-09,W - Jared Gordon,NA,NA
Elijah Smith,2002-09-05,FALSE,FALSE,TRUE,FALSE,FALSE,FALSE,FALSE,NA,United States,male,bantamweight,16,NA,16,NA,16,16,3,3,1 KO 1 Sub 1 Dec,0,0 KO 0 Sub 0 Dec,3,3,1,9,2925,2925,2721,2025-02-15,W - Vince Morales,2026-03-14,W - SuYoung You,NA,NA
Li Jingliang,1988-03-20,FALSE,FALSE,FALSE,FALSE,FALSE,FALSE,FALSE,NA,China,male,welterweight,16,NA,16,NA,11,16,18,11,8 KO 0 Sub 3 Dec,7,1 KO 2 Sub 4 Dec,-2,4,7,5.6,2925,3095,2762,2014-05-24,W - David Michaud,2024-08-17,L - Carlos Prates,NA,NA
Sam Patterson,1996-04-30,FALSE,FALSE,TRUE,FALSE,FALSE,FALSE,FALSE,NA,"United Kingdom, England",male,welterweight,16,NA,16,NA,16,16,6,4,2 KO 2 Sub 0 Dec,2,1 KO 0 Sub 1 Dec,-1,4,0,8,2924,2948,2747,2023-03-18,L - Yanal Ashmouz,2026-03-21,L - Michael Page,NA,NA
Jordan Leavitt,1995-06-02,FALSE,FALSE,TRUE,FALSE,FALSE,FALSE,FALSE,NA,United States,male,"featherweight, lightweight",16,NA,16,NA,16,16,9,6,2 KO 2 Sub 2 Dec,3,0 KO 2 Sub 1 Dec,2,2,3,8.4,2923,2923,2746,2020-12-05,W - Matt Wiman,2026-02-21,W - Yadier del Valle,2026-06-06,Joanderson Brito
Nazim Sadykhov,1994-05-16,FALSE,FALSE,TRUE,FALSE,FALSE,FALSE,FALSE,NA,"Azerbaijan, United States",male,lightweight,16,NA,16,NA,16,16,6,4,3 KO 1 Sub 0 Dec,1,1 KO 0 Sub 0 Dec,-1,2,4,6.5,2923,2996,2772,2023-02-18,W - Evan Elder,2025-12-06,L - Fares Ziam,2026-06-27,Matheus Camilo
Baisangur Susurkaev,2001-01-08,FALSE,FALSE,TRUE,FALSE,FALSE,FALSE,FALSE,NA,Russia,male,middleweight,16,NA,16,NA,16,16,3,3,1 KO 2 Sub 0 Dec,0,0 KO 0 Sub 0 Dec,3,3,0,10.3,2922,2922,2642,2025-08-16,W - Eric Nolan,2026-05-09,W - Djorden Santos,NA,NA
Lerryan Douglas,1995-04-27,FALSE,FALSE,TRUE,FALSE,FALSE,FALSE,FALSE,NA,Brazil,male,featherweight,16,NA,16,NA,16,16,1,1,1 KO 0 Sub 0 Dec,0,0 KO 0 Sub 0 Dec,1,1,0,4,2922,2922,2891,2026-03-28,W - Julian Erosa,2026-03-28,W - Julian Erosa,NA,NA
Drew Dober,1988-10-19,TRUE,FALSE,FALSE,FALSE,FALSE,FALSE,FALSE,NA,United States,male,lightweight,16,NA,16,NA,13,16,27,15,11 KO 1 Sub 3 Dec,11,3 KO 4 Sub 4 Dec,2,3,10,6.2,2920,3093,2751,2013-11-30,L - Sean Spencer,2026-03-07,W - Michael Johnson,NA,NA
Kyle Daukaus,1993-02-27,FALSE,FALSE,TRUE,FALSE,FALSE,FALSE,FALSE,NA,United States,male,middleweight,16,NA,16,NA,16,16,9,4,1 KO 2 Sub 1 Dec,4,2 KO 0 Sub 2 Dec,2,2,2,7,2919,2919,2814,2020-06-27,L - Brendan Allen,2025-11-15,W - Gerald Meerschaert,2026-06-14,Bo Nickal
Jacobe Smith,1996-01-17,FALSE,FALSE,TRUE,FALSE,FALSE,FALSE,FALSE,NA,United States,male,welterweight,16,NA,16,NA,16,16,3,3,2 KO 1 Sub 0 Dec,0,0 KO 0 Sub 0 Dec,3,3,1,8.3,2918,2918,2709,2025-01-11,W - Preston Parsons,2026-02-21,W - Josiah Harrell,NA,NA
Kai Kamaka III,1995-01-05,FALSE,FALSE,FALSE,FALSE,FALSE,FALSE,FALSE,NA,United States,male,"lightweight, featherweight",16,NA,16,NA,16,16,5,2,0 KO 0 Sub 2 Dec,2,1 KO 0 Sub 1 Dec,1,1,1,8.8,2917,2917,2555,2020-08-15,W - Tony Kelley,2026-04-04,W - Dakota Hope,NA,NA
Allan Nascimento,1991-09-11,FALSE,FALSE,TRUE,FALSE,FALSE,FALSE,FALSE,NA,Brazil,male,flyweight,16,NA,16,NA,16,16,5,4,0 KO 2 Sub 2 Dec,1,0 KO 0 Sub 1 Dec,4,4,2,8.2,2916,2916,2711,2021-10-30,L - Tagir Ulanbekov,2025-11-01,W - Cody Durden,2026-06-20,Mitch Raposo
William Gomis,1997-06-13,FALSE,FALSE,FALSE,FALSE,FALSE,FALSE,FALSE,NA,France,male,featherweight,16,NA,16,NA,16,16,7,5,1 KO 0 Sub 4 Dec,2,0 KO 0 Sub 2 Dec,-1,4,0,6.3,2916,2973,2837,2022-09-03,W - Jarno Errens,2026-05-09,L - Pat Sabatini,NA,NA
Maycee Barber,1998-05-18,FALSE,FALSE,TRUE,FALSE,FALSE,FALSE,FALSE,NA,United States,female,women's flyweight,6,NA,15,NA,4,14,13,10,4 KO 0 Sub 6 Dec,3,1 KO 0 Sub 2 Dec,-1,7,1,5,2916,3059,2709,2018-11-10,W - Hannah Cifers,2026-03-28,L - Alexa Grasso,NA,NA
Jeremiah Wells,1986-10-30,FALSE,FALSE,FALSE,FALSE,FALSE,FALSE,FALSE,NA,United States,male,welterweight,16,NA,16,NA,16,16,7,5,2 KO 1 Sub 2 Dec,2,0 KO 1 Sub 1 Dec,1,4,1,8.1,2915,2961,2801,2021-06-26,W - Warlley Alves,2025-11-01,W - Themba Gorimbo,NA,NA
Mario Pinto,1998-03-14,FALSE,FALSE,TRUE,FALSE,FALSE,FALSE,FALSE,NA,Portugal,male,heavyweight,16,NA,16,NA,16,16,3,3,2 KO 0 Sub 1 Dec,0,0 KO 0 Sub 0 Dec,3,3,1,6.3,2915,2915,2662,2025-03-01,W - Austen Lane,2026-03-21,W - Felipe Franco,NA,NA
Esteban Ribovics,1996-04-27,FALSE,FALSE,TRUE,FALSE,FALSE,FALSE,FALSE,NA,Argentina,male,lightweight,16,NA,16,NA,16,16,7,4,1 KO 0 Sub 3 Dec,3,0 KO 1 Sub 2 Dec,-1,3,3,7.6,2913,2948,2885,2023-03-04,L - Loik Radzhabov,2026-04-11,L - Mateusz Gamrot,NA,NA
MarQuel Mederos,1996-11-30,FALSE,FALSE,TRUE,FALSE,FALSE,FALSE,FALSE,NA,United States,male,lightweight,16,NA,16,NA,16,16,4,3,0 KO 0 Sub 3 Dec,0,0 KO 0 Sub 0 Dec,0,3,0,11.8,2912,2912,2726,2024-02-03,W - Landon Quinones,2026-04-11,D - Chris Padilla,NA,NA
Alex Perez,1992-03-21,FALSE,FALSE,TRUE,FALSE,FALSE,FALSE,FALSE,NA,United States,male,flyweight,11,NA,16,NA,4,16,14,8,4 KO 2 Sub 2 Dec,6,2 KO 3 Sub 1 Dec,1,3,3,6.6,2910,3031,2872,2017-12-09,W - Carls John de Tomas,2026-01-24,W - Charles Johnson,2026-05-30,Sumudaerji
Jonathan Martinez,1994-04-20,FALSE,FALSE,FALSE,FALSE,FALSE,FALSE,FALSE,NA,United States,male,bantamweight,16,NA,16,NA,10,16,15,10,4 KO 0 Sub 6 Dec,5,1 KO 0 Sub 4 Dec,-2,6,3,6.6,2910,3195,2770,2018-10-27,L - Andre Soukhamthath,2024-11-16,L - Marcus McGhee,NA,NA
Marcus McGhee,1990-05-07,FALSE,FALSE,FALSE,FALSE,FALSE,FALSE,FALSE,NA,United States,male,bantamweight,16,NA,16,NA,12,16,5,4,2 KO 1 Sub 1 Dec,1,0 KO 0 Sub 1 Dec,-1,4,3,6.4,2908,2924,2860,2023-04-29,W - Journey Newson,2025-07-26,L - Petr Yan,2026-06-06,Jakub Wiklacz
Joanderson Brito,1995-02-11,FALSE,FALSE,TRUE,FALSE,FALSE,FALSE,FALSE,NA,Brazil,male,featherweight,16,NA,16,NA,16,16,9,6,3 KO 2 Sub 1 Dec,3,0 KO 0 Sub 3 Dec,1,5,2,5.7,2908,3110,2741,2022-01-15,L - Bill Algeo,2025-12-13,W - Isaac Thomson,2026-06-06,Jordan Leavitt
Tom Nolan,2000-03-08,FALSE,FALSE,TRUE,FALSE,FALSE,FALSE,FALSE,NA,Australia,male,lightweight,16,NA,16,NA,16,16,5,4,1 KO 1 Sub 2 Dec,1,1 KO 0 Sub 0 Dec,4,4,1,7.6,2908,2908,2736,2024-01-13,L - Nikolas Motta,2025-09-28,W - Charlie Campbell,2026-06-06,Fares Ziam
Vitor Petrino,1997-08-28,FALSE,FALSE,TRUE,FALSE,FALSE,FALSE,FALSE,NA,Brazil,male,heavyweight,16,NA,16,NA,15,16,9,7,2 KO 2 Sub 3 Dec,2,1 KO 1 Sub 0 Dec,3,4,3,5.9,2908,3030,2724,2023-03-11,W - Anton Turkalj,2026-03-14,W - Steven Asplund,NA,NA
Valter Walker,1997-12-14,FALSE,FALSE,FALSE,FALSE,FALSE,FALSE,FALSE,NA,"Brazil, Russia",male,heavyweight,13,NA,16,NA,13,16,5,4,0 KO 4 Sub 0 Dec,1,0 KO 0 Sub 1 Dec,4,4,2,8.6,2908,2908,2616,2024-04-06,L - Lukasz Brzeski,2025-10-25,W - Louie Sutherland,NA,NA
Amir Albazi,1993-10-27,FALSE,FALSE,FALSE,FALSE,FALSE,FALSE,FALSE,NA,"Iraq, Sweden",male,flyweight,7,NA,16,NA,2,16,7,5,1 KO 2 Sub 2 Dec,2,0 KO 0 Sub 2 Dec,-2,5,0,5.4,2907,3002,2881,2020-07-18,W - Malcolm Gordon,2026-02-07,L - Kyoji Horiguchi,NA,NA
Brandon Royval,1992-08-16,FALSE,FALSE,FALSE,FALSE,FALSE,FALSE,FALSE,NA,United States,male,flyweight,4,NA,16,NA,1,16,12,7,1 KO 3 Sub 3 Dec,5,2 KO 1 Sub 2 Dec,-2,3,6,4.2,2907,3077,2955,2020-05-30,W - Tim Elliott,2025-12-13,L - Manel Kape,NA,NA
Gabriel Santos,1996-11-28,FALSE,FALSE,FALSE,FALSE,FALSE,FALSE,FALSE,NA,Brazil,male,featherweight,16,NA,16,NA,16,16,4,2,0 KO 1 Sub 1 Dec,2,1 KO 0 Sub 1 Dec,2,2,0,7.2,2906,2906,2833,2023-03-18,L - Lerone Murphy,2025-02-08,W - Jack Jenkins,NA,NA
JunYong Park,1991-02-27,FALSE,FALSE,FALSE,FALSE,FALSE,FALSE,FALSE,NA,South Korea,male,middleweight,16,NA,16,NA,16,16,13,9,0 KO 3 Sub 6 Dec,4,1 KO 1 Sub 2 Dec,-1,4,1,6.4,2906,2993,2755,2019-08-31,L - Anthony Hernandez,2025-10-25,L - Ikram Aliskerov,NA,NA
Dooho Choi,1991-04-10,FALSE,FALSE,FALSE,FALSE,FALSE,FALSE,FALSE,NA,South Korea,male,featherweight,16,NA,16,NA,11,16,9,5,5 KO 0 Sub 0 Dec,3,2 KO 0 Sub 1 Dec,2,3,5,4.7,2905,2905,2803,2014-11-22,W - Juan Manuel Puig,2024-12-07,W - Nate Landwehr,2026-05-16,Daniel Santos
Chepe Mariscal,1992-10-27,FALSE,FALSE,FALSE,FALSE,FALSE,FALSE,FALSE,NA,United States,male,featherweight,16,NA,16,NA,16,16,6,5,1 KO 0 Sub 4 Dec,1,0 KO 0 Sub 1 Dec,-1,5,1,6.8,2905,2987,2796,2023-06-24,W - Trevor Peek,2025-11-15,L - Pat Sabatini,NA,NA
Tracy Cortez,1993-12-10,FALSE,FALSE,TRUE,FALSE,FALSE,FALSE,FALSE,NA,"Mexico, United States",female,women's flyweight,8,NA,16,NA,8,16,8,6,0 KO 0 Sub 6 Dec,2,0 KO 1 Sub 1 Dec,-1,5,0,8.1,2903,2950,2755,2019-11-16,W - Vanessa Melo,2025-11-15,L - Erin Blanchfield,NA,NA
Jose Delano,1996-09-11,FALSE,FALSE,TRUE,FALSE,FALSE,FALSE,FALSE,NA,Brazil,male,featherweight,16,NA,16,NA,16,16,1,1,0 KO 0 Sub 1 Dec,0,0 KO 0 Sub 0 Dec,1,1,0,6,2903,2903,2851,2026-04-04,W - Robert Ruchala,2026-04-04,W - Robert Ruchala,NA,NA
Randy Brown,1990-07-08,FALSE,FALSE,FALSE,FALSE,FALSE,FALSE,FALSE,NA,"Jamaica, United States",male,welterweight,16,NA,16,NA,16,16,22,14,4 KO 3 Sub 7 Dec,8,3 KO 2 Sub 3 Dec,-2,4,3,5.6,2902,3163,2817,2016-01-30,W - Matt Dwyer,2026-04-11,L - Kevin Holland,NA,NA
Brandon Moreno,1993-12-07,TRUE,FALSE,FALSE,FALSE,FALSE,FALSE,FALSE,NA,Mexico,male,flyweight,9,NA,16,NA,-1,9,20,11,3 KO 3 Sub 5 Dec,7,1 KO 0 Sub 6 Dec,-2,3,7,3.5,2900,3343,2946,2016-10-01,W - Louis Smolka,2026-02-28,L - Lone'er Kavanagh,NA,NA
Terrance McKinney,1994-09-15,FALSE,FALSE,TRUE,FALSE,FALSE,FALSE,FALSE,NA,United States,male,lightweight,16,NA,16,NA,16,16,13,8,5 KO 3 Sub 0 Dec,5,3 KO 2 Sub 0 Dec,1,2,0,7.8,2900,2900,2719,2021-06-12,W - Matt Frevola,2026-03-28,W - Kyle Nelson,NA,NA
Geoff Neal,1990-08-28,FALSE,FALSE,TRUE,FALSE,FALSE,FALSE,FALSE,NA,United States,male,welterweight,16,NA,16,NA,6,16,14,8,5 KO 1 Sub 2 Dec,6,2 KO 1 Sub 3 Dec,-2,5,3,4.6,2899,3180,2985,2018-02-18,W - Brian Camozzi,2026-02-21,L - Uros Medic,NA,NA
Norma Dumont,1990-10-01,FALSE,FALSE,FALSE,FALSE,FALSE,FALSE,FALSE,NA,Brazil,female,women's bantamweight,4,NA,16,NA,3,15,12,9,0 KO 0 Sub 9 Dec,3,1 KO 0 Sub 2 Dec,-1,6,0,5.8,2896,3069,2711,2020-02-29,L - Megan Anderson,2026-04-25,L - Joselyne Edwards,NA,NA
Julianna Pena,1989-08-19,TRUE,FALSE,FALSE,FALSE,FALSE,FALSE,FALSE,NA,"Mexico, United States, Venezuela",female,women's bantamweight,1,NA,9,NA,-1,3,12,8,2 KO 2 Sub 4 Dec,4,0 KO 3 Sub 1 Dec,-1,4,2,3.7,2896,3015,2807,2013-11-30,W - Jessica Rakoczy,2025-06-07,L - Kayla Harrison,NA,NA
Rongzhu,2000-03-07,FALSE,TRUE,FALSE,FALSE,FALSE,FALSE,FALSE,NA,China,male,lightweight,16,NA,16,NA,16,16,6,3,1 KO 0 Sub 2 Dec,3,1 KO 1 Sub 1 Dec,2,2,1,8.3,2895,2895,2669,2021-04-24,L - Rodrigo Vargas,2025-08-23,W - Austin Hubbard,NA,NA
Lone'er Kavanagh,1999-06-09,FALSE,FALSE,TRUE,FALSE,FALSE,FALSE,FALSE,NA,"China, United Kingdom, England",male,flyweight,6,NA,16,NA,6,16,4,3,0 KO 0 Sub 3 Dec,1,1 KO 0 Sub 0 Dec,1,2,1,6.8,2894,2894,2758,2024-11-23,W - Jose Ochoa,2026-02-28,W - Brandon Moreno,NA,NA
Muslim Salikhov,1984-06-09,FALSE,FALSE,FALSE,FALSE,FALSE,FALSE,FALSE,NA,Russia,male,welterweight,16,NA,16,NA,14,16,14,9,5 KO 0 Sub 4 Dec,5,3 KO 1 Sub 1 Dec,-1,5,4,5.1,2894,3108,2868,2017-11-25,L - Alex Garcia,2025-11-08,L - Uros Medic,2026-05-30,Jake Matthews
Ateba Gautier,2002-04-10,FALSE,FALSE,TRUE,FALSE,FALSE,FALSE,FALSE,NA,Cameroon,male,middleweight,16,NA,16,NA,16,16,5,5,4 KO 0 Sub 1 Dec,0,0 KO 0 Sub 0 Dec,5,5,2,7,2894,2894,2574,2025-03-29,W - Jose Medina,2026-05-09,W - Ozzy Diaz,NA,NA
Yana Santos,1989-11-11,FALSE,FALSE,FALSE,FALSE,FALSE,FALSE,FALSE,NA,Russia,female,"women's bantamweight, women's featherweight",7,NA,16,NA,5,16,12,7,0 KO 0 Sub 7 Dec,5,3 KO 0 Sub 2 Dec,3,3,0,5.6,2894,2894,2722,2018-03-03,L - Cris Cyborg,2025-10-04,W - Macy Chiasson,NA,NA
Luke Riley,1999-06-30,FALSE,FALSE,FALSE,FALSE,FALSE,FALSE,FALSE,NA,"United Kingdom, England",male,featherweight,16,NA,16,NA,16,16,2,2,1 KO 0 Sub 1 Dec,0,0 KO 0 Sub 0 Dec,2,2,1,4.5,2894,2894,2659,2025-11-22,W - Bogdan Grad,2026-03-21,W - Michael Aswell Jr.,NA,NA
Rafael Dos Anjos,1984-10-26,FALSE,FALSE,FALSE,FALSE,FALSE,FALSE,FALSE,NA,"Brazil, United States",male,"welterweight, lightweight",16,NA,16,NA,-1,4,36,21,4 KO 5 Sub 12 Dec,15,4 KO 1 Sub 10 Dec,-3,5,8,3.7,2892,3445,2969,2008-11-15,L - Jeremy Stephens,2024-10-26,L - Geoff Neal,NA,NA
Jack Hermansson,1988-06-10,FALSE,FALSE,FALSE,FALSE,FALSE,FALSE,FALSE,NA,"Norway, Sweden",male,"welterweight, middleweight",16,NA,16,NA,4,16,19,11,3 KO 3 Sub 5 Dec,8,5 KO 1 Sub 2 Dec,-2,4,2,4.5,2887,3276,2945,2016-09-03,W - Scott Askham,2025-11-22,L - Myktybek Orolbai,NA,NA
Cam Rowston,1995-01-19,FALSE,FALSE,TRUE,FALSE,FALSE,FALSE,FALSE,NA,Australia,male,middleweight,16,NA,16,NA,16,16,3,3,2 KO 0 Sub 1 Dec,0,0 KO 0 Sub 0 Dec,3,3,0,7,2887,2887,2688,2025-09-28,W - Andre Petroski,2026-05-02,W - Robert Bryczek,NA,NA
Sean Woodson,1992-06-07,FALSE,FALSE,TRUE,FALSE,FALSE,FALSE,FALSE,NA,United States,male,featherweight,16,NA,16,NA,16,16,10,7,2 KO 0 Sub 5 Dec,2,1 KO 1 Sub 0 Dec,-1,4,0,8.1,2882,3023,2716,2019-10-18,W - Kyle Bochniak,2025-04-12,L - Dan Ige,NA,NA
Jamall Emmers,1989-07-24,FALSE,FALSE,TRUE,FALSE,FALSE,FALSE,FALSE,NA,United States,male,featherweight,16,NA,16,NA,16,16,9,5,2 KO 0 Sub 3 Dec,4,1 KO 1 Sub 2 Dec,2,2,0,9.4,2878,2878,2692,2020-03-07,L - Giga Chikadze,2025-11-08,W - Hyder Amil,NA,NA
Jai Herbert,1988-05-13,FALSE,FALSE,FALSE,FALSE,FALSE,FALSE,FALSE,NA,"United Kingdom, England, Jamaica",male,lightweight,16,NA,16,NA,16,16,10,4,2 KO 0 Sub 2 Dec,5,2 KO 1 Sub 2 Dec,1,1,0,8.4,2878,2878,2787,2020-07-25,L - Francisco Trinaldo,2026-04-18,W - Mandel Nallo,NA,NA
Javier Reyes,1993-10-10,FALSE,FALSE,TRUE,FALSE,FALSE,FALSE,FALSE,NA,Colombia,male,featherweight,16,NA,16,NA,16,16,1,1,1 KO 0 Sub 0 Dec,0,0 KO 0 Sub 0 Dec,1,1,0,10,2877,2877,2830,2026-02-28,W - Douglas Silva de Andrade,2026-02-28,W - Douglas Silva de Andrade,NA,NA
Felipe Lima,1998-05-07,FALSE,FALSE,FALSE,FALSE,FALSE,FALSE,FALSE,NA,"Brazil, Sweden",male,"bantamweight, featherweight",16,NA,16,NA,16,16,3,2,0 KO 1 Sub 1 Dec,1,0 KO 0 Sub 1 Dec,-1,2,1,7.3,2876,3045,2875,2024-06-22,W - Muhammad Naimov,2025-06-28,L - Payton Talbott,NA,NA
Chris Gutierrez,1991-04-22,FALSE,FALSE,FALSE,FALSE,FALSE,FALSE,FALSE,NA,"Colombia, Guatemala, United States",male,"bantamweight, featherweight",16,NA,16,NA,12,16,15,10,3 KO 0 Sub 7 Dec,4,0 KO 1 Sub 3 Dec,-1,4,1,8.1,2871,3005,2789,2018-11-30,L - Raoni Barcelos,2025-10-04,L - Farid Basharat,NA,NA
Dan Ige,1991-08-06,FALSE,FALSE,TRUE,FALSE,FALSE,FALSE,FALSE,NA,United States,male,featherweight,16,NA,16,NA,8,16,21,11,5 KO 1 Sub 5 Dec,10,1 KO 0 Sub 9 Dec,-2,6,4,4.6,2871,3091,2967,2018-01-20,L - Julio Arce,2026-02-21,L - Melquizael Costa,NA,NA
Kelvin Gastelum,1991-10-24,TRUE,FALSE,FALSE,FALSE,FALSE,FALSE,FALSE,NA,"Mexico, United States",male,middleweight,16,NA,16,NA,3,16,26,14,3 KO 2 Sub 9 Dec,11,0 KO 4 Sub 7 Dec,-1,5,7,3,2869,3269,3004,2013-04-13,W - Uriah Hall,2026-04-11,L - Vicente Luque,NA,NA
Yousri Belgaroui,1992-06-02,FALSE,FALSE,TRUE,FALSE,FALSE,FALSE,FALSE,NA,"Netherlands, Tunisia",male,middleweight,16,NA,16,NA,16,16,2,2,2 KO 0 Sub 0 Dec,0,0 KO 0 Sub 0 Dec,2,2,0,8.5,2869,2869,2907,2025-10-18,W - Azamat Bekoev,2026-03-28,W - Mansur Abdul-Malik,NA,NA
Ryan Spann,1991-08-24,FALSE,FALSE,TRUE,FALSE,FALSE,FALSE,FALSE,NA,United States,male,heavyweight,16,NA,16,NA,8,16,16,10,4 KO 4 Sub 2 Dec,6,3 KO 2 Sub 1 Dec,2,4,4,5.6,2866,3083,2816,2018-09-22,W - Luis Henrique Barbosa,2026-04-25,W - Marcus Buchecha,NA,NA
Mike Davis,1992-10-07,FALSE,FALSE,TRUE,FALSE,FALSE,FALSE,FALSE,NA,United States,male,lightweight,16,NA,16,NA,16,16,7,5,2 KO 1 Sub 2 Dec,2,0 KO 1 Sub 1 Dec,1,4,1,8.3,2865,2898,2767,2019-04-27,L - Gilbert Burns,2025-07-12,W - Mitch Ramirez,NA,NA
Cody Garbrandt,1991-07-07,FALSE,FALSE,FALSE,FALSE,FALSE,FALSE,FALSE,NA,United States,male,bantamweight,16,NA,16,NA,-1,5,17,10,6 KO 0 Sub 4 Dec,7,4 KO 1 Sub 2 Dec,1,6,4,4.7,2864,3147,2883,2015-01-03,W - Marcus Brimage,2026-03-07,W - Xiao Long,2026-07-11,Adrian Yanez
Modestas Bukauskas,1994-02-10,FALSE,FALSE,FALSE,FALSE,FALSE,FALSE,FALSE,NA,"United Kingdom, England, Lithuania",male,light heavyweight,16,NA,16,NA,16,16,12,7,3 KO 1 Sub 3 Dec,5,4 KO 0 Sub 1 Dec,-1,4,1,7.5,2864,2984,2741,2020-07-15,W - Andreas Michailidis,2026-01-24,L - Nikita Krylov,2026-05-16,Rodolfo Bellato
Jacob Malkoun,1995-08-26,FALSE,FALSE,FALSE,FALSE,FALSE,FALSE,FALSE,NA,Australia,male,middleweight,16,NA,16,NA,16,16,9,6,1 KO 0 Sub 5 Dec,3,1 KO 0 Sub 1 Dec,3,3,0,7.8,2863,2863,2655,2020-10-24,L - Phil Hawes,2026-05-02,W - Gerald Meerschaert,NA,NA
Josh Emmett,1985-03-04,FALSE,FALSE,FALSE,FALSE,FALSE,FALSE,FALSE,NA,United States,male,featherweight,16,NA,16,NA,3,16,17,10,4 KO 0 Sub 6 Dec,7,2 KO 2 Sub 3 Dec,-3,5,5,4.2,2862,3240,2977,2016-05-08,W - Jon Tuck,2026-03-14,L - Kevin Vallejos,NA,NA
Wang Cong,1992-05-15,FALSE,TRUE,FALSE,FALSE,FALSE,FALSE,FALSE,NA,China,female,women's flyweight,12,NA,16,NA,11,16,5,4,1 KO 0 Sub 3 Dec,1,0 KO 1 Sub 0 Dec,3,3,0,8.8,2862,2862,2604,2024-08-24,W - Victoria Leonardo,2026-02-07,W - Eduarda Moura,NA,NA
Trey Ogden,1989-11-14,FALSE,FALSE,FALSE,FALSE,FALSE,FALSE,FALSE,NA,United States,male,lightweight,16,NA,16,NA,16,16,7,3,0 KO 0 Sub 3 Dec,3,0 KO 0 Sub 3 Dec,-1,2,0,10,2861,3011,2836,2022-04-16,L - Jordan Leavitt,2025-01-11,L - Thiago Moises,NA,NA
Tim Elliott,1986-12-24,TRUE,FALSE,FALSE,FALSE,FALSE,FALSE,FALSE,NA,United States,male,"flyweight, bantamweight",12,NA,16,NA,5,16,22,10,0 KO 3 Sub 7 Dec,12,0 KO 5 Sub 7 Dec,-1,2,6,6.5,2860,3006,2759,2012-05-05,L - John Dodson,2026-05-02,L - Steve Erceg,NA,NA
Da'Mon Blackshear,1994-08-12,FALSE,FALSE,FALSE,FALSE,FALSE,FALSE,FALSE,NA,United States,male,bantamweight,16,NA,16,NA,16,16,10,5,1 KO 3 Sub 1 Dec,4,1 KO 0 Sub 3 Dec,-1,3,2,9.4,2860,2985,2785,2022-08-13,D - Youssef Zalal,2025-07-26,L - Davey Grant,NA,NA
Nasrat Haqparast,1995-08-22,FALSE,FALSE,FALSE,FALSE,FALSE,FALSE,FALSE,NA,"Afghanistan, Germany",male,lightweight,16,NA,16,NA,16,16,15,10,2 KO 0 Sub 8 Dec,5,2 KO 0 Sub 3 Dec,-1,5,4,6.4,2860,2995,2766,2017-10-21,L - Marcin Held,2025-10-25,L - Quillan Salkilld,NA,NA
Ignacio Bahamondes,1997-08-27,FALSE,FALSE,TRUE,FALSE,FALSE,FALSE,FALSE,NA,Chile,male,lightweight,16,NA,16,NA,15,16,10,6,3 KO 2 Sub 1 Dec,4,0 KO 0 Sub 4 Dec,-2,3,5,6.4,2856,3104,2855,2021-04-10,L - John Makdessi,2026-03-28,L - Tofiq Musayev,NA,NA
Santiago Ponzinibbio,1986-09-26,TRUE,FALSE,FALSE,FALSE,FALSE,FALSE,FALSE,NA,Argentina,male,welterweight,16,NA,16,NA,7,16,20,12,7 KO 0 Sub 5 Dec,8,4 KO 0 Sub 4 Dec,-1,7,6,3.8,2855,3262,2852,2013-11-09,L - Ryan LaFlare,2025-05-03,L - Daniel Rodriguez,NA,NA
Aliaskhab Khizriev,1990-08-24,FALSE,FALSE,TRUE,FALSE,FALSE,FALSE,FALSE,NA,Russia,male,middleweight,16,NA,16,NA,16,16,2,1,0 KO 1 Sub 0 Dec,0,0 KO 0 Sub 0 Dec,0,1,0,7,2855,2855,2711,2022-03-26,W - Denis Tiuliulin,2024-02-03,NC - Makhmud Muradov,NA,NA
Ailin Perez,1994-10-05,FALSE,FALSE,FALSE,FALSE,FALSE,FALSE,FALSE,NA,Argentina,female,women's bantamweight,6,NA,16,NA,6,16,7,6,0 KO 1 Sub 5 Dec,1,0 KO 1 Sub 0 Dec,6,6,0,11,2855,2855,2507,2022-09-03,L - Stephanie Egger,2026-02-28,W - Macy Chiasson,NA,NA
Kai Asakura,1993-10-31,FALSE,FALSE,FALSE,FALSE,FALSE,FALSE,FALSE,NA,Japan,male,"bantamweight, flyweight",16,NA,16,NA,14,16,2,0,0 KO 0 Sub 0 Dec,2,0 KO 2 Sub 0 Dec,-2,-1,0,3,2854,2989,2890,2024-12-07,L - Alexandre Pantoja,2025-08-16,L - Tim Elliott,2026-05-30,Cameron Smotherman
Iasmin Lucindo,2002-01-08,FALSE,FALSE,FALSE,FALSE,FALSE,FALSE,FALSE,NA,Brazil,female,women's strawweight,16,NA,16,NA,7,16,7,5,0 KO 1 Sub 4 Dec,2,0 KO 0 Sub 2 Dec,1,4,1,4.6,2852,2852,2687,2022-08-13,L - Yazmin Jauregui,2025-08-09,W - Angela Hill,NA,NA
Alexia Thainara,1995-11-20,FALSE,FALSE,TRUE,FALSE,FALSE,FALSE,FALSE,NA,Brazil,female,women's strawweight,13,NA,16,NA,13,16,3,3,0 KO 1 Sub 2 Dec,0,0 KO 0 Sub 0 Dec,3,3,1,9.7,2851,2851,2590,2025-03-22,W - Molly McCann,2026-03-28,W - Bruna Brasil,NA,NA
Alonzo Menifield,1987-10-18,FALSE,FALSE,TRUE,FALSE,FALSE,FALSE,FALSE,NA,United States,male,light heavyweight,15,NA,16,NA,11,16,17,10,4 KO 2 Sub 4 Dec,6,4 KO 0 Sub 2 Dec,-1,2,2,6.4,2849,3021,2780,2019-01-19,W - Vinicius Moreira,2025-11-22,L - Volkan Oezdemir,2026-05-30,Zhang Mingyang
Jonathan Micallef,1999-03-05,FALSE,FALSE,TRUE,FALSE,FALSE,FALSE,FALSE,NA,Australia,male,welterweight,16,NA,16,NA,16,16,3,3,0 KO 1 Sub 2 Dec,0,0 KO 0 Sub 0 Dec,3,3,0,10.7,2848,2858,2729,2025-02-08,W - Kevin Jousset,2026-05-02,W - Themba Gorimbo,NA,NA
Jimmy Crute,1996-03-04,FALSE,FALSE,TRUE,FALSE,FALSE,FALSE,FALSE,NA,Australia,male,light heavyweight,16,NA,16,NA,12,16,12,6,2 KO 4 Sub 0 Dec,4,2 KO 2 Sub 0 Dec,2,2,3,5.1,2848,2937,2777,2018-12-01,W - Paul Craig,2025-09-28,W - Ivan Erslan,NA,NA
Gokhan Saricam,1991-02-26,FALSE,FALSE,FALSE,FALSE,FALSE,FALSE,FALSE,NA,"Belgium, Turkey",male,heavyweight,16,NA,16,NA,16,16,1,1,1 KO 0 Sub 0 Dec,0,0 KO 0 Sub 0 Dec,1,1,0,8,2848,2848,2670,2026-04-18,W - Tanner Boser,2026-04-18,W - Tanner Boser,NA,NA
Chris Curtis,1987-07-15,FALSE,FALSE,TRUE,FALSE,FALSE,FALSE,FALSE,NA,United States,male,"welterweight, middleweight",16,NA,16,NA,13,16,12,6,3 KO 0 Sub 3 Dec,5,1 KO 0 Sub 4 Dec,-1,3,4,5.4,2847,3123,2962,2021-11-06,W - Phil Hawes,2026-03-14,L - Myktybek Orolbai,NA,NA
Andreas Gustafsson,1991-02-20,FALSE,FALSE,TRUE,FALSE,FALSE,FALSE,FALSE,NA,Sweden,male,welterweight,16,NA,16,NA,16,16,2,1,0 KO 0 Sub 1 Dec,1,1 KO 0 Sub 0 Dec,-1,1,0,10.5,2847,2876,3011,2025-06-07,W - Khaos Williams,2025-09-06,L - Rinat Fakhretdinov,2026-06-27,Daniil Donchenko
Brady Hiestand,1999-04-30,TRUE,FALSE,FALSE,FALSE,FALSE,FALSE,FALSE,NA,United States,male,bantamweight,16,NA,16,NA,16,16,4,3,1 KO 1 Sub 1 Dec,1,0 KO 0 Sub 1 Dec,3,3,1,7,2846,2846,2629,2021-08-28,L - Ricky Turcios,2024-06-15,W - Garrett Armfield,NA,NA
Ricky Simon,1992-08-31,FALSE,FALSE,TRUE,FALSE,FALSE,FALSE,FALSE,NA,United States,male,bantamweight,16,NA,16,NA,9,16,17,10,2 KO 3 Sub 5 Dec,6,2 KO 0 Sub 4 Dec,0,5,4,6.5,2846,3149,2841,2018-04-21,W - Merab Dvalishvili,2026-03-28,D - Adrian Yanez,NA,NA
Rodrigo Vera,1995-10-18,FALSE,FALSE,FALSE,FALSE,FALSE,FALSE,FALSE,NA,Peru,male,featherweight,16,NA,16,NA,16,16,0,NA,NA,NA,NA,NA,NA,0,NA,2846,NA,2693,NA,NA,NA,NA,2026-05-30,Zhu Kangjie
Seokhyeon Ko,1993-09-24,FALSE,FALSE,TRUE,FALSE,FALSE,FALSE,FALSE,NA,South Korea,male,welterweight,16,NA,16,NA,16,16,2,2,0 KO 0 Sub 2 Dec,0,0 KO 0 Sub 0 Dec,2,2,0,9.5,2844,2844,2905,2025-06-21,W - Oban Elliott,2025-11-01,W - Phil Rowe,NA,NA
Adrian Yanez,1993-11-29,FALSE,FALSE,TRUE,FALSE,FALSE,FALSE,FALSE,NA,United States,male,bantamweight,16,NA,16,NA,12,16,10,6,5 KO 0 Sub 1 Dec,3,2 KO 0 Sub 1 Dec,0,5,5,5.4,2843,2923,2774,2020-10-31,W - Victor Rodriguez,2026-03-28,D - Ricky Simon,2026-07-11,Cody Garbrandt
Zhang Mingyang,1998-08-16,FALSE,TRUE,FALSE,FALSE,FALSE,FALSE,FALSE,NA,China,male,light heavyweight,16,NA,16,NA,13,16,4,3,3 KO 0 Sub 0 Dec,1,1 KO 0 Sub 0 Dec,-1,3,3,4.5,2843,2940,2781,2024-02-17,W - Brendson Ribeiro,2025-08-23,L - Johnny Walker,2026-05-30,Alonzo Menifield
Louis Lee Scott,2000-02-26,FALSE,FALSE,TRUE,FALSE,FALSE,FALSE,FALSE,NA,"United Kingdom, England",male,bantamweight,16,NA,16,NA,16,16,0,NA,NA,NA,NA,NA,NA,NA,NA,2842,NA,NA,NA,NA,NA,NA,NA,NA
Victor Henry,1987-05-04,FALSE,FALSE,FALSE,FALSE,FALSE,FALSE,FALSE,NA,United States,male,bantamweight,16,NA,16,NA,16,16,7,4,1 KO 0 Sub 3 Dec,2,0 KO 1 Sub 1 Dec,1,1,0,7.6,2841,2989,2832,2022-01-22,W - Raoni Barcelos,2025-04-05,W - Pedro Falcao,2026-06-06,Bryce Mitchell
Mick Parkin,1995-10-02,FALSE,FALSE,TRUE,FALSE,FALSE,FALSE,FALSE,NA,"United Kingdom, England",male,heavyweight,16,NA,16,NA,12,16,5,4,1 KO 0 Sub 3 Dec,1,0 KO 0 Sub 1 Dec,-1,4,1,11,2840,2903,2772,2023-07-22,W - Jamal Pogues,2025-03-22,L - Marcin Tybura,NA,NA
Ante Delija,1990-08-07,FALSE,FALSE,FALSE,FALSE,FALSE,FALSE,FALSE,NA,Croatia,male,heavyweight,11,NA,16,NA,9,16,3,1,1 KO 0 Sub 0 Dec,2,1 KO 0 Sub 1 Dec,-2,1,1,4.7,2838,3058,3011,2025-09-06,W - Marcin Tybura,2026-02-21,L - Serghei Spivac,NA,NA
Charles Johnson,1991-01-10,FALSE,FALSE,FALSE,FALSE,FALSE,FALSE,FALSE,NA,United States,male,flyweight,14,NA,16,NA,12,16,14,8,3 KO 0 Sub 5 Dec,6,1 KO 0 Sub 5 Dec,1,4,3,8.4,2837,2954,2773,2022-07-23,L - Muhammad Mokaev,2026-03-14,W - Bruno Gustavo da Silva,2026-06-27,Asu Almabayev
Marvin Vettori,1993-09-20,FALSE,FALSE,FALSE,FALSE,FALSE,FALSE,FALSE,NA,Italy,male,middleweight,16,NA,16,NA,2,16,18,9,0 KO 2 Sub 7 Dec,8,0 KO 0 Sub 8 Dec,-4,5,4,4.9,2837,3266,2974,2016-08-20,W - Alberto Uda,2025-12-06,L - Brunno Ferreira,NA,NA
Irene Aldana,1988-03-26,FALSE,FALSE,FALSE,FALSE,FALSE,FALSE,FALSE,NA,Mexico,female,women's bantamweight,7,NA,16,NA,2,12,14,8,3 KO 1 Sub 4 Dec,6,0 KO 0 Sub 6 Dec,-1,3,5,6.3,2834,2915,2692,2016-12-17,L - Leslie Smith,2024-09-14,L - Norma Dumont,NA,NA
Fatima Kline,2000-07-12,FALSE,FALSE,FALSE,FALSE,FALSE,FALSE,FALSE,NA,United States,female,women's strawweight,11,NA,16,NA,11,16,4,3,2 KO 0 Sub 1 Dec,1,0 KO 0 Sub 1 Dec,3,3,1,11.2,2832,2832,2649,2024-07-13,L - Jasmine Jasudavicius,2025-11-15,W - Angela Hill,2026-07-18,Amanda Ribas
Marwan Rahiki,2002-05-10,FALSE,FALSE,TRUE,FALSE,FALSE,FALSE,FALSE,NA,Morocco,male,featherweight,16,NA,16,NA,16,16,2,2,2 KO 0 Sub 0 Dec,0,0 KO 0 Sub 0 Dec,2,2,1,4,2832,2832,2564,2026-03-14,W - Harry Hardwick,2026-05-02,W - Ollie Schmid,NA,NA
Calvin Kattar,1988-03-26,FALSE,FALSE,FALSE,FALSE,FALSE,FALSE,FALSE,NA,United States,male,featherweight,16,NA,16,NA,4,16,15,7,4 KO 0 Sub 3 Dec,8,1 KO 0 Sub 7 Dec,-5,2,5,3.7,2831,3201,3024,2017-07-29,W - Andre Fili,2025-07-12,L - Steve Garcia,NA,NA
Tallison Teixeira,1999-12-07,FALSE,FALSE,TRUE,FALSE,FALSE,FALSE,FALSE,NA,Brazil,male,heavyweight,15,NA,16,NA,11,16,3,2,1 KO 0 Sub 1 Dec,1,1 KO 0 Sub 0 Dec,1,1,1,2.7,2829,2829,2944,2025-02-08,W - Justin Tafa,2026-02-01,W - Tai Tuivasa,2026-05-30,Sergei Pavlovich
Marcin Tybura,1985-11-09,FALSE,FALSE,FALSE,FALSE,FALSE,FALSE,FALSE,NA,Poland,male,heavyweight,12,NA,16,NA,7,16,24,14,5 KO 1 Sub 8 Dec,10,5 KO 1 Sub 4 Dec,-2,5,4,5.1,2827,3144,2873,2016-04-10,L - Tim Johnson,2026-03-28,L - Tyrell Fortune,NA,NA
Muin Gafurov,1996-05-17,FALSE,FALSE,TRUE,FALSE,FALSE,FALSE,FALSE,NA,Tajikistan,male,bantamweight,16,NA,16,NA,16,16,5,2,0 KO 0 Sub 2 Dec,3,0 KO 2 Sub 1 Dec,-1,2,0,9.2,2826,2881,2859,2023-06-03,L - John Castaneda,2026-02-07,L - Jakub Wiklacz,NA,NA
Piera Rodriguez,1992-11-11,FALSE,FALSE,TRUE,FALSE,FALSE,FALSE,FALSE,NA,Venezuela,female,women's strawweight,16,NA,16,NA,16,16,7,5,0 KO 0 Sub 5 Dec,2,0 KO 1 Sub 0 Dec,3,3,0,11.3,2823,2823,2634,2022-04-09,W - Kay Hansen,2026-03-14,W - Sam Hughes,NA,NA
Rafael Estevam,1996-08-10,FALSE,FALSE,TRUE,FALSE,FALSE,FALSE,FALSE,NA,Brazil,male,flyweight,16,NA,16,NA,15,16,4,3,0 KO 0 Sub 3 Dec,1,1 KO 0 Sub 0 Dec,-1,3,0,9.2,2822,2963,2733,2023-11-18,W - Charles Johnson,2026-04-04,L - Ethyn Ewing,NA,NA
Andre Lima,1999-02-04,FALSE,FALSE,TRUE,FALSE,FALSE,FALSE,FALSE,NA,Brazil,male,flyweight,16,NA,16,NA,16,16,4,4,0 KO 1 Sub 2 Dec,0,0 KO 0 Sub 0 Dec,4,4,2,10.8,2822,2822,2578,2024-03-23,W - Igor Severino,2025-03-15,W - Daniel Barez,2026-06-20,Kevin Borjas
Ismail Naurdiev,1996-08-18,FALSE,FALSE,FALSE,FALSE,FALSE,FALSE,FALSE,NA,"Austria, Morocco, Russia",male,middleweight,16,NA,16,NA,16,16,7,4,1 KO 0 Sub 3 Dec,3,0 KO 0 Sub 3 Dec,1,1,0,10.7,2820,2893,2857,2019-02-23,W - Michel Prazeres,2025-11-22,W - Ryan Loder,NA,NA
Marcio Barbosa,1998-05-22,FALSE,FALSE,TRUE,FALSE,FALSE,FALSE,FALSE,NA,Brazil,male,featherweight,16,NA,16,NA,16,16,1,1,1 KO 0 Sub 0 Dec,0,0 KO 0 Sub 0 Dec,1,1,1,6,2816,2816,2572,2026-04-18,W - Dennis Buzukja,2026-04-18,W - Dennis Buzukja,NA,NA
Tabatha Ricci,1995-02-21,FALSE,FALSE,FALSE,FALSE,FALSE,FALSE,FALSE,NA,Brazil,female,women's strawweight,8,NA,16,NA,7,16,11,7,1 KO 1 Sub 5 Dec,4,1 KO 0 Sub 3 Dec,-1,4,0,6.9,2815,2916,2723,2021-06-05,L - Manon Fiorot,2026-04-04,L - Virna Jandiroba,NA,NA
Charles Radtke,1990-07-09,FALSE,FALSE,FALSE,FALSE,FALSE,FALSE,FALSE,NA,United States,male,welterweight,16,NA,16,NA,16,16,7,5,2 KO 1 Sub 2 Dec,2,2 KO 0 Sub 0 Dec,2,2,1,7.9,2814,2814,2645,2023-09-09,W - Blood Diamond,2026-04-11,W - Francisco Prado,NA,NA
Sumudaerji,1996-01-20,FALSE,FALSE,FALSE,FALSE,FALSE,FALSE,FALSE,NA,China,male,flyweight,16,NA,16,NA,11,16,10,6,1 KO 0 Sub 5 Dec,4,0 KO 3 Sub 1 Dec,3,3,2,7.3,2812,2812,2687,2018-11-24,L - Louis Smolka,2026-03-07,W - Jesus Aguilar,2026-05-30,Alex Perez
Rob Font,1987-06-25,FALSE,FALSE,FALSE,FALSE,FALSE,FALSE,FALSE,NA,"Puerto Rico, United States",male,bantamweight,16,NA,16,NA,3,16,21,12,6 KO 1 Sub 5 Dec,9,0 KO 1 Sub 8 Dec,-2,4,5,4.3,2812,3214,2935,2014-07-05,W - George Roop,2026-03-07,L - Raul Rosas Jr.,NA,NA
Kyler Phillips,1995-06-12,TRUE,FALSE,TRUE,FALSE,FALSE,FALSE,FALSE,NA,United States,male,bantamweight,16,NA,16,NA,10,16,10,6,1 KO 1 Sub 4 Dec,4,0 KO 0 Sub 4 Dec,-3,3,4,5.3,2812,3076,2846,2020-02-29,W - Gabriel Silva,2026-04-18,L - Charles Jourdain,NA,NA
Abdul-Kareem Al-Selwady,1995-04-10,FALSE,FALSE,TRUE,FALSE,FALSE,FALSE,FALSE,NA,"Palestine, United States",male,lightweight,16,NA,16,NA,16,16,2,1,0 KO 0 Sub 1 Dec,1,1 KO 0 Sub 0 Dec,1,1,0,11.5,2812,2812,2751,2024-03-02,L - Loik Radzhabov,2026-03-21,W - Shem Rock,NA,NA
Michael Johnson,1986-06-04,TRUE,FALSE,FALSE,FALSE,FALSE,FALSE,FALSE,NA,United States,male,lightweight,16,NA,16,NA,5,16,32,16,6 KO 0 Sub 10 Dec,16,4 KO 5 Sub 7 Dec,-1,4,6,4.8,2812,3055,2789,2010-12-04,L - Jonathan Brookins,2026-03-07,L - Drew Dober,NA,NA
Juan Diaz,1998-06-03,FALSE,FALSE,TRUE,FALSE,FALSE,FALSE,FALSE,NA,"Argentina, Mexico, Peru",male,bantamweight,16,NA,16,NA,16,16,0,NA,NA,NA,NA,NA,NA,0,NA,2811,NA,2678,NA,NA,NA,NA,2026-05-16,Malcolm Wellmaker
Abdul Rakhman Yakhyaev,2001-01-03,FALSE,FALSE,TRUE,FALSE,FALSE,FALSE,FALSE,NA,"Russia, Turkey",male,light heavyweight,16,NA,16,NA,16,16,2,2,0 KO 2 Sub 0 Dec,0,0 KO 0 Sub 0 Dec,2,2,0,6.5,2810,2810,2566,2025-11-22,W - Rafael Cerqueira,2026-04-04,W - Brendson Ribeiro,2026-06-27,Julius Walker
Morgan Charriere,1995-10-26,FALSE,FALSE,FALSE,FALSE,FALSE,FALSE,FALSE,NA,"France, NA",male,featherweight,16,NA,16,NA,16,16,6,3,3 KO 0 Sub 0 Dec,3,1 KO 0 Sub 2 Dec,-1,1,4,4.7,2809,2849,2793,2023-09-02,W - Manolo Zecchini,2025-12-13,L - Melquizael Costa,NA,NA
Joaquim Silva,1989-02-05,TRUE,FALSE,FALSE,FALSE,FALSE,FALSE,FALSE,NA,Brazil,male,lightweight,16,NA,16,NA,16,16,12,7,3 KO 0 Sub 4 Dec,5,3 KO 0 Sub 2 Dec,1,3,2,7.4,2808,2808,2775,2015-09-05,W - Nazareno Malegarie,2025-09-13,W - Claudio Puelles,NA,NA
Carlston Harris,1987-07-09,FALSE,FALSE,FALSE,FALSE,FALSE,FALSE,FALSE,NA,"Brazil, Guyana",male,welterweight,16,NA,16,NA,16,16,7,4,1 KO 2 Sub 1 Dec,3,3 KO 0 Sub 0 Dec,-2,2,2,7,2804,3054,2849,2021-05-08,W - Christian Aguilera,2025-01-11,L - Santiago Ponzinibbio,NA,NA
Bruno Gustavo da Silva,1990-03-16,TRUE,FALSE,FALSE,FALSE,FALSE,FALSE,FALSE,NA,Brazil,male,flyweight,15,NA,16,NA,12,16,11,5,3 KO 2 Sub 0 Dec,5,2 KO 0 Sub 3 Dec,-1,4,4,8.5,2803,2912,2762,2019-10-05,NC - Khalid Taha,2026-03-14,L - Charles Johnson,2026-06-06,Edgar Chairez
Mateusz Rebecki,1992-10-03,FALSE,FALSE,TRUE,FALSE,FALSE,FALSE,FALSE,NA,Poland,male,lightweight,16,NA,16,NA,16,16,8,4,1 KO 1 Sub 2 Dec,4,1 KO 1 Sub 2 Dec,-3,3,3,6.8,2803,3136,2897,2023-01-14,W - Nick Fiore,2026-05-09,L - Grant Dawson,NA,NA
Jose Delgado,1998-04-21,FALSE,FALSE,TRUE,FALSE,FALSE,FALSE,FALSE,NA,United States,male,featherweight,16,NA,16,NA,16,16,4,3,2 KO 0 Sub 1 Dec,1,0 KO 0 Sub 1 Dec,1,2,0,6.5,2801,2825,2775,2025-02-15,W - Connor Matthews,2026-03-14,W - Andre Fili,NA,NA
Kyle Nelson,1991-04-20,FALSE,FALSE,FALSE,FALSE,FALSE,FALSE,FALSE,NA,Canada,male,"lightweight, featherweight",16,NA,16,NA,16,16,12,5,2 KO 0 Sub 3 Dec,6,4 KO 1 Sub 1 Dec,-1,3,0,7.1,2801,2963,2785,2018-12-08,L - Diego Ferreira,2026-03-28,L - Terrance McKinney,NA,NA
Said Nurmagomedov,1992-04-05,FALSE,FALSE,FALSE,FALSE,FALSE,FALSE,FALSE,NA,Russia,male,bantamweight,16,NA,16,NA,12,16,11,7,2 KO 3 Sub 2 Dec,4,0 KO 0 Sub 4 Dec,-2,4,3,7.1,2800,3100,2829,2018-07-14,W - Justin Scoggins,2025-07-26,L - Bryce Mitchell,NA,NA
Miranda Maverick,1997-07-01,FALSE,FALSE,FALSE,FALSE,FALSE,FALSE,FALSE,NA,United States,female,women's flyweight,9,NA,16,NA,9,16,12,8,1 KO 2 Sub 5 Dec,4,0 KO 0 Sub 4 Dec,-1,4,0,8.2,2800,2895,2608,2020-10-24,W - Liana Jojua,2025-06-14,L - Rose Namajunas,NA,NA
Islam Dulatov,1998-08-02,FALSE,FALSE,TRUE,FALSE,FALSE,FALSE,FALSE,NA,"Germany, Russia",male,welterweight,16,NA,16,NA,16,16,1,1,1 KO 0 Sub 0 Dec,0,0 KO 0 Sub 0 Dec,1,1,1,10,2799,2799,2588,2025-07-19,W - Adam Fugitt,2025-07-19,W - Adam Fugitt,NA,NA
Keiichiro Nakamura,1998-12-02,FALSE,TRUE,FALSE,FALSE,FALSE,FALSE,FALSE,NA,Japan,NA,,16,NA,16,NA,16,16,0,NA,NA,NA,NA,NA,NA,NA,NA,2799,NA,NA,NA,NA,NA,NA,NA,NA
Casey O'Neill,1997-10-07,FALSE,FALSE,FALSE,FALSE,FALSE,FALSE,FALSE,NA,"Australia, Scotland",female,women's flyweight,11,NA,16,NA,10,16,8,6,3 KO 1 Sub 2 Dec,2,0 KO 1 Sub 1 Dec,2,4,1,8.4,2796,2796,2612,2021-02-20,W - Shana Dobson,2026-03-28,W - Gabriella Fernandes,NA,NA
Brando Pericic,1994-08-03,FALSE,FALSE,FALSE,FALSE,FALSE,FALSE,FALSE,NA,"Australia, Croatia",male,heavyweight,14,NA,16,NA,14,16,3,3,3 KO 0 Sub 0 Dec,0,0 KO 0 Sub 0 Dec,3,3,2,9,2794,2794,2612,2025-09-28,W - Elisha Ellison,2026-05-02,W - Shamil Gaziev,NA,NA
Claudio Puelles,1996-04-21,TRUE,FALSE,FALSE,FALSE,FALSE,FALSE,FALSE,NA,Peru,male,lightweight,16,NA,16,NA,16,16,9,5,0 KO 3 Sub 2 Dec,4,2 KO 0 Sub 2 Dec,-3,5,2,8.7,2793,3015,2734,2016-11-05,L - Martin Bravo,2025-09-13,L - Joaquim Silva,NA,NA
Loopy Godinez,1993-09-06,FALSE,FALSE,FALSE,FALSE,FALSE,FALSE,FALSE,NA,"Canada, Mexico",female,women's strawweight,6,NA,16,NA,6,16,15,9,0 KO 2 Sub 7 Dec,6,0 KO 1 Sub 5 Dec,-1,4,1,7.7,2793,2827,2650,2021-04-17,L - Jessica Penne,2026-04-11,L - Tatiana Suarez,NA,NA
Miles Johns,1994-03-30,FALSE,FALSE,TRUE,FALSE,FALSE,FALSE,FALSE,NA,United States,male,"bantamweight, featherweight",16,NA,16,NA,16,16,12,7,2 KO 0 Sub 5 Dec,5,1 KO 2 Sub 2 Dec,-3,4,2,8,2790,3036,2756,2019-09-14,W - Cole Smith,2025-11-08,L - Daniel Marcos,NA,NA
Darren Elkins,1984-05-16,FALSE,FALSE,FALSE,FALSE,FALSE,FALSE,FALSE,NA,United States,male,featherweight,16,NA,16,NA,9,16,30,19,4 KO 3 Sub 12 Dec,11,4 KO 1 Sub 6 Dec,-1,6,4,7,2790,3086,2766,2010-03-21,W - Duane Ludwig,2025-04-12,L - Julian Erosa,NA,NA
Muhammad Naimov,1994-08-07,FALSE,FALSE,TRUE,FALSE,FALSE,FALSE,FALSE,NA,Tajikistan,male,featherweight,16,NA,16,NA,16,16,7,5,2 KO 0 Sub 3 Dec,2,1 KO 1 Sub 0 Dec,-1,3,1,9.4,2790,2888,2767,2023-06-03,W - Jamie Mullarkey,2025-12-06,L - Mairon Santos,NA,NA
Katlyn Cerminara,1988-12-28,FALSE,FALSE,FALSE,FALSE,FALSE,FALSE,FALSE,NA,United States,female,women's flyweight,16,NA,16,NA,1,8,17,11,0 KO 0 Sub 11 Dec,6,2 KO 0 Sub 4 Dec,-2,4,1,6.8,2789,3038,2746,2016-07-13,W - Lauren Murphy,2024-03-09,L - Maycee Barber,NA,NA
Axel Sola,1997-09-17,FALSE,FALSE,FALSE,FALSE,FALSE,FALSE,FALSE,NA,France,male,"lightweight, welterweight",16,NA,16,NA,16,16,2,1,1 KO 0 Sub 0 Dec,1,0 KO 0 Sub 1 Dec,-1,1,1,6,2789,2866,2878,2025-09-06,W - Rhys McKee,2026-03-21,L - Mason Jones,NA,NA
Michel Pereira,1993-10-06,FALSE,FALSE,FALSE,FALSE,FALSE,FALSE,FALSE,NA,Brazil,male,middleweight,16,NA,16,NA,13,16,15,10,2 KO 3 Sub 5 Dec,5,2 KO 0 Sub 2 Dec,1,8,6,4.8,2788,3145,2825,2019-05-18,W - Danny Roberts,2026-02-21,W - Zachary Reese,2026-06-27,Shara Magomedov
Jacqueline Cavalcanti,1997-08-29,FALSE,FALSE,FALSE,FALSE,FALSE,FALSE,FALSE,NA,Portugal,female,women's bantamweight,11,NA,16,NA,10,16,5,5,0 KO 0 Sub 5 Dec,0,0 KO 0 Sub 0 Dec,5,5,0,10.8,2788,2788,2615,2023-09-02,W - Zarah Fairn,2025-11-08,W - Mayra Bueno Silva,2026-05-16,Ketlen Vieira
Michelle Montague,1993-11-25,FALSE,FALSE,FALSE,FALSE,FALSE,FALSE,FALSE,NA,New Zealand,female,women's bantamweight,12,NA,16,NA,12,16,2,2,0 KO 0 Sub 2 Dec,0,0 KO 0 Sub 0 Dec,2,2,0,9.5,2788,2788,2634,2025-09-28,W - Luana Carolina,2026-04-25,W - Mayra Bueno Silva,NA,NA
Edson Barboza,1986-01-21,FALSE,FALSE,FALSE,FALSE,FALSE,FALSE,FALSE,NA,Brazil,male,"lightweight, featherweight",16,NA,16,NA,3,16,32,18,8 KO 1 Sub 9 Dec,14,5 KO 2 Sub 7 Dec,-3,4,13,3.9,2786,3242,2897,2010-11-20,W - Mike Lullo,2025-12-06,L - Jalin Turner,NA,NA
Chidi Njokuani,1988-12-31,FALSE,FALSE,TRUE,FALSE,FALSE,FALSE,FALSE,NA,"Nigeria, United States",male,welterweight,16,NA,16,NA,16,16,10,5,3 KO 0 Sub 2 Dec,5,2 KO 1 Sub 2 Dec,-2,3,3,5.4,2786,2987,2841,2022-02-05,W - Marc-Andre Barriault,2026-02-21,L - Carlos Leal,NA,NA
Hecher Sosa,1995-08-25,FALSE,FALSE,TRUE,FALSE,FALSE,FALSE,FALSE,NA,Spain,male,bantamweight,16,NA,16,NA,16,16,1,1,0 KO 0 Sub 1 Dec,0,0 KO 0 Sub 0 Dec,1,1,0,13,2786,2786,2613,2026-03-14,W - Luan Lacerda,2026-03-14,W - Luan Lacerda,NA,NA
Rei Tsuruya,2002-06-22,FALSE,TRUE,FALSE,FALSE,FALSE,FALSE,FALSE,NA,Japan,male,flyweight,16,NA,16,NA,16,16,2,1,0 KO 0 Sub 1 Dec,1,0 KO 0 Sub 1 Dec,-1,1,0,9,2785,2876,2718,2024-06-29,W - Carlos Hernandez,2025-03-08,L - Joshua Van,2026-05-30,Jesus Aguilar
Rinya Nakamura,1995-03-23,FALSE,TRUE,FALSE,FALSE,FALSE,FALSE,FALSE,NA,Japan,male,bantamweight,16,NA,16,NA,16,16,5,4,2 KO 0 Sub 2 Dec,1,0 KO 0 Sub 1 Dec,1,3,1,7.6,2783,2825,2601,2023-02-04,W - Toshiomi Kazama,2025-08-02,W - Nathan Fletcher,NA,NA
Cesar Almeida,1988-03-28,FALSE,FALSE,TRUE,FALSE,FALSE,FALSE,FALSE,NA,Brazil,male,middleweight,16,NA,16,NA,16,16,5,3,2 KO 0 Sub 1 Dec,2,0 KO 0 Sub 2 Dec,-1,2,2,6.4,2783,2858,2761,2024-04-06,W - Dylan Budka,2025-12-13,L - Cezary Oleksiejczuk,2026-07-11,Damian Pinas
Amanda Lemos,1987-05-22,FALSE,FALSE,FALSE,FALSE,FALSE,FALSE,FALSE,NA,Brazil,female,women's strawweight,7,NA,16,NA,3,9,15,9,3 KO 2 Sub 4 Dec,6,1 KO 2 Sub 3 Dec,-2,5,3,5.4,2780,2989,2814,2017-07-16,L - Leslie Smith,2026-03-14,L - Gillian Robertson,NA,NA
Austin Bashi,2001-09-29,FALSE,FALSE,TRUE,FALSE,FALSE,FALSE,FALSE,NA,United States,male,featherweight,16,NA,16,NA,16,16,2,1,0 KO 1 Sub 0 Dec,1,0 KO 0 Sub 1 Dec,1,1,0,7.5,2780,2780,2664,2025-01-11,L - Christian Rodriguez,2025-08-02,W - John Yannis,NA,NA
Murtazali Magomedov,1999-08-26,FALSE,FALSE,TRUE,FALSE,FALSE,FALSE,FALSE,NA,Kyrgyzstan,male,featherweight,16,NA,16,NA,16,16,0,NA,NA,NA,NA,NA,NA,0,NA,2780,NA,2718,NA,NA,NA,NA,2026-06-20,Melsik Baghdasaryan
Giga Chikadze,1988-08-25,FALSE,FALSE,TRUE,FALSE,FALSE,FALSE,FALSE,NA,Georgia,male,featherweight,16,NA,16,NA,7,16,12,8,3 KO 0 Sub 5 Dec,4,1 KO 0 Sub 3 Dec,-3,7,4,5,2779,3127,2887,2019-09-28,W - Brandon Davis,2025-12-13,L - Kevin Vallejos,2026-06-20,Vinicius Oliveira
Jared Gordon,1988-09-06,FALSE,FALSE,FALSE,FALSE,FALSE,FALSE,FALSE,NA,United States,male,lightweight,16,NA,16,NA,16,16,18,9,3 KO 0 Sub 6 Dec,8,4 KO 2 Sub 2 Dec,-2,3,1,6.6,2779,3032,2825,2017-06-25,W - Michel Quinones,2026-05-09,L - Jim Miller,NA,NA
Ramiro Jimenez,1999-01-16,FALSE,FALSE,TRUE,FALSE,FALSE,FALSE,FALSE,NA,Mexico,male,featherweight,16,NA,16,NA,16,16,0,NA,NA,NA,NA,NA,NA,NA,NA,2778,NA,NA,NA,NA,NA,NA,NA,NA
Billy Elekana,1995-05-28,FALSE,FALSE,FALSE,FALSE,FALSE,FALSE,FALSE,NA,"United States, Samoa",male,light heavyweight,16,NA,16,NA,16,16,4,3,0 KO 2 Sub 1 Dec,1,0 KO 1 Sub 0 Dec,3,3,0,7.8,2775,2775,2653,2025-01-18,L - Bogdan Guskov,2026-02-01,W - Junior Tafa,2026-06-06,Iwo Baraniewski
Kaan Ofli,1993-06-19,TRUE,FALSE,FALSE,FALSE,FALSE,FALSE,FALSE,NA,"Australia, Turkey",male,featherweight,16,NA,16,NA,16,16,4,2,0 KO 1 Sub 1 Dec,2,1 KO 0 Sub 1 Dec,2,2,0,6.2,2773,2773,2698,2024-08-24,L - Mairon Santos,2026-02-01,W - Yizha,NA,NA
Jack Jenkins,1993-11-03,FALSE,FALSE,TRUE,FALSE,FALSE,FALSE,FALSE,NA,Australia,male,featherweight,16,NA,16,NA,16,16,6,4,1 KO 0 Sub 3 Dec,2,1 KO 1 Sub 0 Dec,1,2,0,7.8,2769,2837,2707,2023-02-11,W - Don Shainis,2025-09-28,W - Ramon Taveras,NA,NA
Kody Steele,1995-04-21,FALSE,FALSE,TRUE,FALSE,FALSE,FALSE,FALSE,NA,United States,male,lightweight,16,NA,16,NA,16,16,2,1,0 KO 1 Sub 0 Dec,1,0 KO 0 Sub 1 Dec,1,1,1,11.5,2768,2768,2758,2025-02-08,L - Rongzhu,2026-05-02,W - Dom Mar Fan,NA,NA
Lance Gibson Jr.,1995-02-02,FALSE,FALSE,FALSE,FALSE,FALSE,FALSE,FALSE,NA,Canada,male,lightweight,16,NA,16,NA,16,16,2,1,1 KO 0 Sub 0 Dec,1,0 KO 0 Sub 1 Dec,1,1,0,7,2768,2768,2862,2025-12-13,L - King Green,2026-03-28,W - Chase Hooper,NA,NA
Serhiy Sidey,1996-07-04,FALSE,FALSE,TRUE,FALSE,FALSE,FALSE,FALSE,NA,"Canada, Ukraine",male,bantamweight,16,NA,16,NA,16,16,3,2,0 KO 0 Sub 2 Dec,1,0 KO 0 Sub 1 Dec,2,2,0,8,2767,2767,2620,2024-01-20,L - Ramon Taveras,2025-05-03,W - Cameron Smotherman,NA,NA
Yadier del Valle,1996-07-29,FALSE,FALSE,TRUE,FALSE,FALSE,FALSE,FALSE,NA,Cuba,male,featherweight,16,NA,16,NA,16,16,3,2,0 KO 2 Sub 0 Dec,1,0 KO 0 Sub 1 Dec,-1,2,0,8,2767,2895,2632,2025-05-17,W - Connor Matthews,2026-02-21,L - Jordan Leavitt,NA,NA
Santiago Luna,2004-08-06,FALSE,FALSE,FALSE,FALSE,FALSE,FALSE,FALSE,NA,"Mexico, United States",male,bantamweight,16,NA,16,NA,16,16,2,2,1 KO 0 Sub 1 Dec,0,0 KO 0 Sub 0 Dec,2,2,1,6,2767,2767,2536,2025-09-13,W - Quang Le,2026-02-28,W - Angel Pacheco,NA,NA
Talita Alencar,1990-10-17,FALSE,FALSE,TRUE,FALSE,FALSE,FALSE,FALSE,NA,Brazil,female,women's strawweight,16,NA,16,NA,16,16,5,4,0 KO 1 Sub 3 Dec,1,0 KO 0 Sub 1 Dec,3,3,0,11.8,2765,2765,2573,2023-12-09,W - Rayanne dos Santos,2026-04-25,W - Julia Polastri,NA,NA
Alden Coria,1998-04-24,FALSE,FALSE,FALSE,FALSE,FALSE,FALSE,FALSE,NA,United States,male,flyweight,16,NA,16,NA,16,16,2,2,1 KO 0 Sub 1 Dec,0,0 KO 0 Sub 0 Dec,2,2,0,10.5,2765,2765,2637,2025-09-13,W - Alessandro Costa,2026-02-21,W - Luis Gurule,NA,NA
Dakota Hope,1997-01-29,FALSE,FALSE,FALSE,FALSE,FALSE,FALSE,FALSE,NA,United States,male,lightweight,16,NA,16,NA,16,16,1,0,0 KO 0 Sub 0 Dec,1,0 KO 0 Sub 1 Dec,-1,-1,0,13,2765,2765,2930,2026-04-04,L - Kai Kamaka III,2026-04-04,L - Kai Kamaka III,NA,NA
Julian Erosa,1989-07-31,TRUE,FALSE,TRUE,FALSE,FALSE,FALSE,FALSE,NA,United States,male,featherweight,16,NA,16,NA,16,16,18,9,2 KO 4 Sub 3 Dec,9,7 KO 0 Sub 2 Dec,-2,3,2,7.1,2764,2994,2773,2015-12-11,W - Marcin Wrzosek,2026-03-28,L - Lerryan Douglas,NA,NA
Imanol Rodriguez,1999-11-15,TRUE,FALSE,TRUE,FALSE,FALSE,FALSE,FALSE,NA,Mexico,male,flyweight,16,NA,16,NA,16,16,1,1,1 KO 0 Sub 0 Dec,0,0 KO 0 Sub 0 Dec,1,1,1,5,2764,2764,2596,2026-02-28,W - Kevin Borjas,2026-02-28,W - Kevin Borjas,2026-06-06,Matt Schnell
Thiago Moises,1995-03-23,FALSE,FALSE,TRUE,FALSE,FALSE,FALSE,FALSE,NA,Brazil,male,lightweight,16,NA,16,NA,14,16,16,8,1 KO 3 Sub 4 Dec,8,3 KO 1 Sub 4 Dec,-2,3,2,6.1,2761,3051,2854,2018-11-10,L - Beneil Dariush,2026-04-18,L - Gauge Young,NA,NA
Khaos Williams,1994-03-30,FALSE,FALSE,FALSE,FALSE,FALSE,FALSE,FALSE,NA,United States,male,welterweight,16,NA,16,NA,16,16,10,6,4 KO 0 Sub 2 Dec,4,0 KO 1 Sub 3 Dec,-2,2,4,5.9,2761,3030,2809,2020-02-08,W - Alex Morono,2025-06-07,L - Andreas Gustafsson,2026-05-16,Nikolay Veretennikov
SuYoung You,1995-12-11,FALSE,TRUE,FALSE,FALSE,FALSE,FALSE,FALSE,NA,South Korea,male,bantamweight,16,NA,16,NA,16,16,4,3,0 KO 0 Sub 3 Dec,1,0 KO 1 Sub 0 Dec,-1,3,0,8.8,2760,2883,2684,2024-11-23,W - Baergeng Jieleyisi,2026-03-14,L - Elijah Smith,NA,NA
Gabe Green,1993-05-02,FALSE,FALSE,FALSE,FALSE,FALSE,FALSE,FALSE,NA,United States,male,"lightweight, welterweight",16,NA,16,NA,16,16,6,3,1 KO 1 Sub 1 Dec,3,1 KO 0 Sub 2 Dec,1,2,0,8.2,2759,2864,2747,2020-05-30,L - Daniel Rodriguez,2025-05-17,W - Matheus Camilo,NA,NA
Rodolfo Bellato,1996-02-05,FALSE,FALSE,TRUE,FALSE,FALSE,FALSE,FALSE,NA,Brazil,male,light heavyweight,16,NA,16,NA,16,16,5,2,2 KO 0 Sub 0 Dec,1,0 KO 0 Sub 1 Dec,1,1,2,7.8,2759,2810,2731,2023-12-02,W - Ihor Potieria,2026-03-07,W - Luke Fernandez,2026-05-16,Modestas Bukauskas
Ketlen Souza,1994-08-18,FALSE,FALSE,FALSE,FALSE,FALSE,FALSE,FALSE,NA,Brazil,female,women's strawweight,16,NA,16,NA,16,16,6,3,0 KO 1 Sub 2 Dec,3,0 KO 1 Sub 2 Dec,1,2,1,8.5,2759,2759,2644,2023-06-03,L - Karine Silva,2026-02-07,W - Bruna Brasil,2026-06-06,Ariane Carnelossi
Luana Santos,2000-04-16,FALSE,FALSE,FALSE,FALSE,FALSE,FALSE,FALSE,NA,Brazil,female,women's bantamweight,14,NA,16,NA,13,16,6,5,1 KO 2 Sub 2 Dec,1,0 KO 0 Sub 1 Dec,2,3,0,9.7,2758,2758,2532,2023-08-12,W - Juliana Miller,2025-12-13,W - Melissa Croden,2026-06-20,Karol Rosa
Iwo Baraniewski,1998-11-20,FALSE,FALSE,TRUE,FALSE,FALSE,FALSE,FALSE,NA,Poland,male,light heavyweight,16,NA,16,NA,16,16,2,2,2 KO 0 Sub 0 Dec,0,0 KO 0 Sub 0 Dec,2,2,2,8,2754,2754,2603,2025-12-06,W - Ibo Aslan,2026-03-21,W - Austen Lane,2026-06-06,Billy Elekana
Ramiz Brahimaj,1992-11-17,FALSE,FALSE,FALSE,FALSE,FALSE,FALSE,FALSE,NA,"Albania, United States, Kosovo",male,welterweight,16,NA,16,NA,16,16,9,5,1 KO 4 Sub 0 Dec,4,1 KO 0 Sub 3 Dec,-1,3,2,8.7,2753,2842,2628,2020-11-07,L - Max Griffin,2026-02-21,L - Punahele Soriano,NA,NA
Mizuki,1994-08-19,FALSE,FALSE,FALSE,FALSE,FALSE,FALSE,FALSE,NA,Japan,female,women's strawweight,15,NA,16,NA,15,16,4,3,0 KO 0 Sub 3 Dec,1,0 KO 0 Sub 1 Dec,2,2,0,8.5,2751,2751,2576,2019-08-31,W - Yanan Wu,2025-10-25,W - Jaqueline Amorim,NA,NA
Francis Marshall,1999-03-03,FALSE,FALSE,TRUE,FALSE,FALSE,FALSE,FALSE,NA,United States,male,"lightweight, featherweight",16,NA,16,NA,16,16,7,4,1 KO 1 Sub 2 Dec,3,1 KO 0 Sub 2 Dec,2,2,0,10.1,2750,2750,2598,2022-12-03,W - Marcelo Rojo,2026-04-25,W - Lucas Brennan,NA,NA
Danny Silva,1997-01-30,FALSE,FALSE,TRUE,FALSE,FALSE,FALSE,FALSE,NA,"Mexico, United States",male,featherweight,16,NA,16,NA,16,16,4,3,1 KO 0 Sub 2 Dec,1,0 KO 0 Sub 1 Dec,1,2,0,7.5,2747,2747,2723,2024-03-16,W - Josh Culibao,2026-03-21,W - Kurtis Campbell,NA,NA
Timmy Cuamba,1999-02-08,FALSE,FALSE,TRUE,FALSE,FALSE,FALSE,FALSE,NA,United States,male,"bantamweight, featherweight",16,NA,16,NA,16,16,4,2,1 KO 0 Sub 1 Dec,2,0 KO 0 Sub 2 Dec,2,2,0,8,2746,2746,2632,2024-02-10,L - Bolaji Oki,2025-11-01,W - ChangHo Lee,2026-05-16,Benardo Sopaj
Nyamjargal Tumendemberel,1998-03-22,FALSE,TRUE,FALSE,FALSE,FALSE,FALSE,FALSE,NA,Mongolia,male,flyweight,16,NA,16,NA,16,16,3,2,0 KO 1 Sub 1 Dec,1,0 KO 0 Sub 1 Dec,2,2,0,11,2743,2743,2552,2024-11-23,L - Carlos Hernandez,2026-03-07,W - Cody Durden,NA,NA
Eric McConico,1990-05-09,FALSE,FALSE,FALSE,FALSE,FALSE,FALSE,FALSE,NA,United States,male,"middleweight, light heavyweight",16,NA,16,NA,16,16,4,2,0 KO 0 Sub 2 Dec,2,2 KO 0 Sub 0 Dec,1,1,0,10.8,2743,2743,2763,2025-02-22,L - Nursulton Ruziboev,2026-04-25,W - Rodolfo Vieira,NA,NA
Matt Frevola,1990-06-11,FALSE,FALSE,TRUE,FALSE,FALSE,FALSE,FALSE,NA,United States,male,lightweight,16,NA,16,NA,14,16,12,5,3 KO 0 Sub 2 Dec,6,4 KO 0 Sub 2 Dec,-3,3,1,7.1,2742,3028,2813,2018-01-14,L - Polo Reyes,2025-10-18,L - Kyle Nelson,NA,NA
Nikolas Motta,1993-02-08,TRUE,FALSE,TRUE,FALSE,FALSE,FALSE,FALSE,NA,Brazil,male,lightweight,16,NA,16,NA,16,16,7,3,2 KO 0 Sub 1 Dec,3,3 KO 0 Sub 0 Dec,-1,2,2,9,2742,2808,2717,2022-02-19,L - Jim Miller,2025-06-21,L - Nazim Sadykhov,NA,NA
Trey Waters,1995-02-21,FALSE,FALSE,TRUE,FALSE,FALSE,FALSE,FALSE,NA,United States,male,welterweight,16,NA,16,NA,16,16,3,2,0 KO 0 Sub 2 Dec,1,1 KO 0 Sub 0 Dec,-1,2,1,8.7,2742,2838,2765,2023-04-29,W - Josh Quinlan,2025-09-06,L - Sam Patterson,NA,NA
JJ Aldrich,1992-09-29,TRUE,FALSE,FALSE,FALSE,FALSE,FALSE,FALSE,NA,United States,female,women's flyweight,14,NA,16,NA,14,16,17,11,1 KO 0 Sub 10 Dec,6,1 KO 1 Sub 4 Dec,2,3,0,10.3,2742,2742,2521,2016-12-09,L - Juliana Lima,2026-04-18,W - Jamey-Lyn Horth,NA,NA
JooSang Yoo,1994-01-21,FALSE,FALSE,FALSE,FALSE,FALSE,FALSE,FALSE,NA,South Korea,male,featherweight,16,NA,16,NA,16,16,2,1,1 KO 0 Sub 0 Dec,1,1 KO 0 Sub 0 Dec,-1,1,1,9,2740,2814,2714,2025-06-07,W - Jeka Saragih,2025-10-04,L - Daniel Santos,NA,NA
Oumar Sy,1995-11-21,FALSE,FALSE,FALSE,FALSE,FALSE,FALSE,FALSE,NA,France,male,light heavyweight,16,NA,16,NA,16,16,5,3,1 KO 1 Sub 1 Dec,2,0 KO 1 Sub 1 Dec,-1,2,0,6.6,2740,2890,2721,2024-05-18,W - Tuco Tokkos,2026-03-14,L - Ion Cutelaba,NA,NA
Evan Elder,1997-04-11,FALSE,FALSE,FALSE,FALSE,FALSE,FALSE,FALSE,NA,United States,male,"lightweight, welterweight",16,NA,16,NA,16,16,5,3,0 KO 1 Sub 2 Dec,2,1 KO 0 Sub 1 Dec,3,3,1,9,2738,2738,2579,2022-04-23,L - Preston Parsons,2025-04-26,W - Gauge Young,NA,NA
Damian Pinas,2002-03-12,FALSE,FALSE,TRUE,FALSE,FALSE,FALSE,FALSE,NA,"Aruba, Suriname",male,middleweight,16,NA,16,NA,16,16,1,1,1 KO 0 Sub 0 Dec,0,0 KO 0 Sub 0 Dec,1,1,0,13,2737,2737,2667,2026-02-28,W - Wes Schultz,2026-02-28,W - Wes Schultz,2026-07-11,Cesar Almeida
Aoriqileng,1993-06-25,FALSE,FALSE,FALSE,FALSE,FALSE,FALSE,FALSE,NA,China,male,bantamweight,16,NA,16,NA,16,16,9,4,2 KO 0 Sub 2 Dec,4,1 KO 0 Sub 3 Dec,1,2,2,9.9,2736,2736,2666,2021-04-24,L - Jeff Molina,2025-10-18,W - Cody Gibson,2026-05-30,Cody Haddon
Jose Ochoa,2000-12-31,FALSE,FALSE,FALSE,FALSE,FALSE,FALSE,FALSE,NA,Peru,male,flyweight,16,NA,16,NA,16,16,4,2,1 KO 0 Sub 1 Dec,2,0 KO 0 Sub 2 Dec,1,1,1,9.5,2736,2736,2739,2024-11-23,L - Lone'er Kavanagh,2026-05-09,W - Clayton Carpenter,NA,NA
John Castaneda,1991-12-18,FALSE,FALSE,TRUE,FALSE,FALSE,FALSE,FALSE,NA,United States,male,"featherweight, bantamweight",16,NA,16,NA,16,16,9,4,1 KO 1 Sub 2 Dec,4,1 KO 0 Sub 3 Dec,0,2,1,9.7,2736,2928,2764,2020-07-25,L - Nathaniel Wood,2026-04-18,D - Mark Vologdin,NA,NA
Andre Fili,1990-06-25,FALSE,FALSE,FALSE,FALSE,FALSE,FALSE,FALSE,NA,United States,male,featherweight,16,NA,16,NA,15,16,26,13,4 KO 0 Sub 9 Dec,12,3 KO 3 Sub 6 Dec,-1,2,3,5.7,2734,2966,2768,2013-10-19,W - Jeremy Larsen,2026-03-14,L - Jose Delgado,NA,NA
Ismael Bonfim,1995-12-28,FALSE,FALSE,TRUE,FALSE,FALSE,FALSE,FALSE,NA,Brazil,male,lightweight,16,NA,16,NA,16,16,5,2,1 KO 0 Sub 1 Dec,3,2 KO 1 Sub 0 Dec,-2,1,1,7.4,2733,3013,2825,2023-01-21,W - Terrance McKinney,2025-11-08,L - Chris Padilla,NA,NA
Cody Haddon,1998-09-08,FALSE,FALSE,TRUE,FALSE,FALSE,FALSE,FALSE,NA,Australia,male,bantamweight,16,NA,16,NA,16,16,1,1,0 KO 0 Sub 1 Dec,0,0 KO 0 Sub 0 Dec,1,1,0,11,2732,2732,2660,2024-10-12,W - Dan Argueta,2024-10-12,W - Dan Argueta,2026-05-30,Aoriqileng
Robert Ruchala,1998-05-15,FALSE,FALSE,FALSE,FALSE,FALSE,FALSE,FALSE,NA,Poland,male,featherweight,16,NA,16,NA,16,16,2,0,0 KO 0 Sub 0 Dec,2,0 KO 0 Sub 2 Dec,-2,-1,0,6,2732,2851,2806,2025-09-06,L - William Gomis,2026-04-04,L - Jose Delano,NA,NA
Jean-Paul Lebosnoyani,1999-01-27,FALSE,FALSE,TRUE,FALSE,FALSE,FALSE,FALSE,NA,United States,male,welterweight,16,NA,16,NA,16,16,1,1,0 KO 0 Sub 1 Dec,0,0 KO 0 Sub 0 Dec,1,1,0,12,2732,2732,2716,2026-02-21,W - Phil Rowe,2026-02-21,W - Phil Rowe,NA,NA
Tommy McMillen,1997-12-15,FALSE,FALSE,TRUE,FALSE,FALSE,FALSE,FALSE,NA,United States,male,featherweight,16,NA,16,NA,16,16,1,1,1 KO 0 Sub 0 Dec,0,0 KO 0 Sub 0 Dec,1,1,1,5,2731,2731,2422,2026-04-04,W - Manolo Zecchini,2026-04-04,W - Manolo Zecchini,NA,NA
Victor Valenzuela,1994-02-09,FALSE,FALSE,TRUE,FALSE,FALSE,FALSE,FALSE,NA,Chile,male,welterweight,16,NA,16,NA,16,16,1,1,0 KO 0 Sub 1 Dec,0,0 KO 0 Sub 0 Dec,1,1,0,12,2730,2730,2810,2026-04-25,W - Max Griffin,2026-04-25,W - Max Griffin,NA,NA
Taiyilake Nueraji,2001-01-12,FALSE,TRUE,FALSE,FALSE,FALSE,FALSE,FALSE,NA,China,male,welterweight,16,NA,16,NA,16,16,1,1,1 KO 0 Sub 0 Dec,0,0 KO 0 Sub 0 Dec,1,1,0,5,2724,2724,2404,2025-08-23,W - Kiefer Crosbie,2025-08-23,W - Kiefer Crosbie,NA,NA
Austin Vanderford,1990-03-21,FALSE,FALSE,TRUE,FALSE,FALSE,FALSE,FALSE,NA,United States,male,welterweight,16,NA,16,NA,16,16,2,1,1 KO 0 Sub 0 Dec,1,0 KO 1 Sub 0 Dec,-1,1,0,11.5,2722,2867,2696,2025-02-22,W - Nikolay Veretennikov,2025-10-04,L - Ramiz Brahimaj,NA,NA
Mandel Nallo,1989-07-26,FALSE,FALSE,TRUE,FALSE,FALSE,FALSE,FALSE,NA,Canada,male,lightweight,16,NA,16,NA,16,16,1,0,0 KO 0 Sub 0 Dec,1,1 KO 0 Sub 0 Dec,-1,-1,0,3,2722,2722,2750,2026-04-18,L - Jai Herbert,2026-04-18,L - Jai Herbert,NA,NA
Alatengheili,1991-12-14,FALSE,FALSE,FALSE,FALSE,FALSE,FALSE,FALSE,NA,China,male,bantamweight,16,NA,16,NA,16,16,9,5,1 KO 0 Sub 4 Dec,3,0 KO 0 Sub 3 Dec,-1,2,1,11.3,2721,2789,2695,2019-08-31,W - Batgerel Danaa,2025-04-26,L - Da'Mon Blackshear,NA,NA
Jhonata Diniz,1991-06-23,FALSE,FALSE,TRUE,FALSE,FALSE,FALSE,FALSE,NA,Brazil,male,heavyweight,16,NA,16,NA,15,16,5,3,1 KO 0 Sub 2 Dec,2,2 KO 0 Sub 0 Dec,-1,2,1,7.2,2721,2852,2708,2024-04-27,W - Austen Lane,2025-10-11,L - Mario Pinto,2026-06-20,Jose Luiz
Rani Yahya,1984-09-12,FALSE,FALSE,FALSE,FALSE,FALSE,TRUE,FALSE,NA,"Brazil, Syria",male,bantamweight,16,NA,16,NA,13,16,21,13,0 KO 7 Sub 6 Dec,6,2 KO 0 Sub 4 Dec,-2,4,0,8.1,2720,2894,2652,2011-01-22,W - Mike Brown,2024-04-27,L - Victor Henry,NA,NA
Mansur Abdul-Malik,1997-10-07,FALSE,FALSE,TRUE,FALSE,FALSE,FALSE,FALSE,NA,United States,male,middleweight,16,NA,16,NA,16,16,5,4,2 KO 1 Sub 1 Dec,1,1 KO 0 Sub 0 Dec,-1,4,1,7.2,2720,2852,2595,2024-11-09,W - Dusko Todorovic,2026-03-28,L - Yousri Belgaroui,NA,NA
Christian Rodriguez,1997-12-17,FALSE,FALSE,TRUE,FALSE,FALSE,FALSE,FALSE,NA,United States,male,featherweight,16,NA,16,NA,16,16,9,5,0 KO 1 Sub 4 Dec,4,0 KO 1 Sub 3 Dec,-2,4,1,6.4,2719,2853,2732,2022-02-19,L - Jonathan Pearce,2025-08-09,L - Andre Fili,2026-06-20,Hyder Amil
Melsik Baghdasaryan,1992-01-28,FALSE,FALSE,TRUE,FALSE,FALSE,FALSE,FALSE,NA,"Armenia, United States",male,featherweight,16,NA,16,NA,16,16,5,3,1 KO 0 Sub 2 Dec,2,1 KO 1 Sub 0 Dec,-1,2,1,7,2718,2779,2748,2021-07-31,W - Collin Anglin,2025-02-22,L - Jean Silva,2026-06-20,Murtazali Magomedov
Michael Oliveira,1998-01-21,FALSE,FALSE,TRUE,FALSE,FALSE,FALSE,FALSE,NA,Brazil,male,welterweight,16,NA,16,NA,16,16,0,NA,NA,NA,NA,NA,NA,NA,NA,2717,NA,NA,NA,NA,NA,NA,NA,NA
Ty Miller,2000-06-04,FALSE,FALSE,TRUE,FALSE,FALSE,FALSE,FALSE,NA,United States,male,welterweight,16,NA,16,NA,16,16,1,1,1 KO 0 Sub 0 Dec,0,0 KO 0 Sub 0 Dec,1,1,1,11,2714,2714,2529,2026-01-24,W - Adam Fugitt,2026-01-24,W - Adam Fugitt,NA,NA
Shamil Gaziev,1990-02-10,FALSE,FALSE,TRUE,FALSE,FALSE,FALSE,FALSE,NA,"Bahrain, Russia",male,heavyweight,16,NA,16,NA,11,16,6,3,2 KO 0 Sub 1 Dec,3,3 KO 0 Sub 0 Dec,-2,2,2,6.5,2713,2919,2805,2023-12-16,W - Martin Buday,2026-05-02,L - Brando Pericic,NA,NA
Karol Rosa,1994-12-30,FALSE,FALSE,FALSE,FALSE,FALSE,FALSE,FALSE,NA,Czech Republic,female,women's bantamweight,10,NA,16,NA,8,16,12,8,0 KO 0 Sub 8 Dec,4,0 KO 0 Sub 4 Dec,1,4,1,8.6,2713,2751,2624,2019-08-31,W - Lara Fritzen,2025-08-02,W - Nora Cornolle,2026-06-20,Luana Santos
Sodiq Yusuff,1993-05-19,FALSE,FALSE,TRUE,FALSE,FALSE,FALSE,FALSE,NA,"Nigeria, United States",male,"lightweight, featherweight",16,NA,16,NA,10,16,10,6,2 KO 1 Sub 3 Dec,4,1 KO 0 Sub 3 Dec,-3,4,2,4.3,2712,3070,2838,2018-12-01,W - Suman Mokhtarian,2025-05-17,L - Mairon Santos,NA,NA
Ryan Gandra,1995-05-08,FALSE,FALSE,TRUE,FALSE,FALSE,FALSE,FALSE,NA,Brazil,male,middleweight,16,NA,16,NA,16,16,1,1,1 KO 0 Sub 0 Dec,0,0 KO 0 Sub 0 Dec,1,1,0,7,2712,2712,2474,2026-02-28,W - Jose Medina,2026-02-28,W - Jose Medina,2026-07-11,Zachary Reese
Chase Hooper,1999-09-13,FALSE,FALSE,TRUE,FALSE,FALSE,FALSE,FALSE,NA,United States,male,lightweight,16,NA,16,NA,16,16,13,8,2 KO 4 Sub 2 Dec,5,3 KO 0 Sub 2 Dec,-2,5,2,8.8,2711,3003,2663,2019-12-14,W - Daniel Teymur,2026-03-28,L - Lance Gibson Jr.,NA,NA
Karine Silva,1993-12-02,FALSE,FALSE,TRUE,FALSE,FALSE,FALSE,FALSE,NA,Brazil,female,women's flyweight,10,NA,16,NA,9,16,8,5,0 KO 3 Sub 2 Dec,3,0 KO 0 Sub 3 Dec,-2,4,1,6.4,2711,2922,2712,2022-06-04,W - Poliana Botelho,2026-04-18,L - Jasmine Jasudavicius,NA,NA
Cody Chovancek,1998-07-24,FALSE,FALSE,TRUE,FALSE,FALSE,FALSE,FALSE,NA,Canada,male,bantamweight,16,NA,16,NA,16,16,0,NA,NA,NA,NA,NA,NA,NA,NA,2711,NA,NA,NA,NA,NA,NA,NA,NA
Douglas Silva de Andrade,1985-06-22,FALSE,FALSE,FALSE,FALSE,FALSE,FALSE,FALSE,NA,Brazil,male,"featherweight, bantamweight",16,NA,16,NA,14,16,14,7,2 KO 1 Sub 4 Dec,7,2 KO 1 Sub 4 Dec,-2,2,3,7.9,2709,2926,2733,2014-02-15,L - Zubaira Tukhugov,2026-02-28,L - Javier Reyes,NA,NA
Eduarda Moura,1994-02-28,FALSE,FALSE,TRUE,FALSE,FALSE,FALSE,FALSE,NA,Brazil,female,women's flyweight,13,NA,16,NA,13,16,5,3,1 KO 0 Sub 2 Dec,2,0 KO 0 Sub 2 Dec,-1,2,0,10.6,2709,2838,2650,2023-11-04,W - Montserrat Conejo Ruiz,2026-02-07,L - Wang Cong,NA,NA
Gauge Young,2000-07-14,FALSE,FALSE,TRUE,FALSE,FALSE,FALSE,FALSE,NA,United States,male,lightweight,16,NA,16,NA,16,16,3,2,0 KO 0 Sub 2 Dec,1,0 KO 0 Sub 1 Dec,2,2,0,6.3,2708,2708,2674,2025-04-26,L - Evan Elder,2026-04-18,W - Thiago Moises,NA,NA
Zachary Reese,1994-03-24,FALSE,FALSE,TRUE,FALSE,FALSE,FALSE,FALSE,NA,United States,male,middleweight,16,NA,16,NA,16,16,8,4,1 KO 1 Sub 2 Dec,3,2 KO 0 Sub 1 Dec,-1,2,2,7.8,2708,2734,2611,2023-12-02,L - Cody Brundage,2026-02-21,L - Michel Pereira,2026-07-11,Ryan Gandra
Tresean Gore,1994-06-21,TRUE,FALSE,FALSE,FALSE,FALSE,FALSE,FALSE,NA,United States,male,middleweight,16,NA,16,NA,16,16,7,3,0 KO 3 Sub 0 Dec,4,2 KO 0 Sub 2 Dec,1,2,1,8.1,2707,2707,2678,2022-02-05,L - Bryan Battle,2026-04-04,W - Azamat Bekoev,NA,NA
Fernando Padilla,1996-12-15,FALSE,FALSE,FALSE,FALSE,FALSE,FALSE,FALSE,NA,Mexico,male,featherweight,16,NA,16,NA,16,16,4,2,1 KO 1 Sub 0 Dec,2,1 KO 0 Sub 1 Dec,-1,1,1,6,2705,2775,2786,2023-04-29,W - Julian Erosa,2024-12-14,L - Sean Woodson,NA,NA
Marco Tulio,1994-08-30,FALSE,FALSE,TRUE,FALSE,FALSE,FALSE,FALSE,NA,Brazil,male,middleweight,16,NA,16,NA,16,16,4,2,2 KO 0 Sub 0 Dec,2,1 KO 0 Sub 1 Dec,-2,2,0,8.8,2705,2850,2772,2025-01-11,W - Ihor Potieria,2026-05-09,L - Roman Kopylov,NA,NA
Themba Gorimbo,1991-01-23,FALSE,FALSE,FALSE,FALSE,FALSE,FALSE,FALSE,NA,"South Africa, Zimbabwe",male,welterweight,16,NA,16,NA,16,16,8,4,1 KO 0 Sub 3 Dec,4,0 KO 2 Sub 2 Dec,-3,4,0,8,2703,2824,2698,2023-02-18,L - AJ Fletcher,2026-05-02,L - Jonathan Micallef,NA,NA
Uran Satybaldiev,1994-08-10,FALSE,FALSE,FALSE,FALSE,FALSE,FALSE,FALSE,NA,Kyrgyzstan,male,"light heavyweight, heavyweight",16,NA,16,NA,16,16,2,1,0 KO 1 Sub 0 Dec,1,0 KO 0 Sub 1 Dec,1,1,1,11.5,2701,2701,2653,2025-04-05,L - Martin Buday,2025-08-23,W - Diyar Nurgozhay,NA,NA
Court McGee,1984-12-12,TRUE,FALSE,FALSE,FALSE,FALSE,FALSE,FALSE,NA,United States,male,welterweight,16,NA,16,NA,16,16,24,11,0 KO 3 Sub 8 Dec,13,3 KO 0 Sub 10 Dec,-1,3,1,6.8,2700,2873,2722,2010-06-19,W - Kris McCray,2025-06-14,L - Michael Chiesa,NA,NA
Josiah Harrell,1998-11-13,FALSE,FALSE,FALSE,FALSE,FALSE,FALSE,FALSE,NA,United States,male,welterweight,16,NA,16,NA,16,16,1,0,0 KO 0 Sub 0 Dec,1,1 KO 0 Sub 0 Dec,-1,-1,0,5,2698,2698,2832,2026-02-21,L - Jacobe Smith,2026-02-21,L - Jacobe Smith,NA,NA
Lucas Rocha,2000-08-12,FALSE,FALSE,TRUE,FALSE,FALSE,FALSE,FALSE,NA,Brazil,male,flyweight,16,NA,16,NA,16,16,2,1,0 KO 0 Sub 1 Dec,1,0 KO 1 Sub 0 Dec,1,1,0,11,2696,2696,2624,2024-10-12,L - Clayton Carpenter,2025-10-11,W - Stewart Nicoll,NA,NA
Nikolay Veretennikov,1989-12-22,FALSE,FALSE,TRUE,FALSE,FALSE,FALSE,FALSE,NA,Kazakhstan,male,welterweight,16,NA,16,NA,16,16,5,2,1 KO 0 Sub 1 Dec,3,1 KO 0 Sub 2 Dec,1,1,0,7.8,2694,2696,2707,2024-08-10,L - Danny Barlow,2026-02-07,W - Niko Price,2026-05-16,Khaos Williams
Zhu Kangjie,1996-01-15,FALSE,TRUE,FALSE,FALSE,FALSE,FALSE,FALSE,NA,China,male,featherweight,16,NA,16,NA,16,16,0,NA,NA,NA,NA,NA,NA,0,NA,2693,NA,2846,NA,NA,NA,NA,2026-05-30,Rodrigo Vera
Cristian Quinonez,1996-04-26,FALSE,FALSE,TRUE,FALSE,FALSE,FALSE,FALSE,NA,Mexico,male,bantamweight,16,NA,16,NA,16,16,4,2,1 KO 0 Sub 1 Dec,2,0 KO 2 Sub 0 Dec,1,1,0,8.5,2691,2805,2664,2022-09-03,W - Khalid Taha,2026-02-28,W - Kris Moutinho,NA,NA
Daniel Zellhuber,1999-07-07,FALSE,FALSE,TRUE,FALSE,FALSE,FALSE,FALSE,NA,Mexico,male,lightweight,16,NA,16,NA,16,16,7,3,0 KO 1 Sub 2 Dec,4,1 KO 0 Sub 3 Dec,-3,3,3,5.7,2691,2953,2766,2022-09-17,L - Trey Ogden,2026-02-28,L - King Green,NA,NA
Kennedy Nzechukwu,1992-06-13,FALSE,FALSE,TRUE,FALSE,FALSE,FALSE,FALSE,NA,Nigeria,male,heavyweight,16,NA,16,NA,14,16,15,8,6 KO 1 Sub 1 Dec,6,2 KO 2 Sub 2 Dec,0,3,4,7.4,2691,2932,2673,2019-03-30,L - Paul Craig,2025-12-13,D - Marcus Buchecha,NA,NA
Samuel Sanches,2003-01-28,FALSE,FALSE,TRUE,FALSE,FALSE,FALSE,FALSE,NA,Brazil,male,lightweight,16,NA,16,NA,16,16,0,NA,NA,NA,NA,NA,NA,NA,NA,2688,NA,NA,NA,NA,NA,NA,NA,NA
Thomas Petersen,1995-03-30,FALSE,FALSE,TRUE,FALSE,FALSE,FALSE,FALSE,NA,United States,male,heavyweight,16,NA,16,NA,16,16,6,3,0 KO 0 Sub 3 Dec,3,2 KO 0 Sub 1 Dec,1,1,0,9.5,2687,2687,2679,2024-02-03,L - Jamal Pogues,2026-04-04,W - Guilherme Pat,NA,NA
Bassil Hafez,1992-01-31,FALSE,FALSE,FALSE,FALSE,FALSE,FALSE,FALSE,NA,"Egypt, Syria, United States",male,welterweight,16,NA,16,NA,16,16,3,1,0 KO 0 Sub 1 Dec,2,1 KO 0 Sub 1 Dec,-1,1,1,7.7,2684,2744,2849,2023-07-15,L - Jack Della Maddalena,2024-11-16,L - Oban Elliott,NA,NA
Donte Johnson,1999-01-25,FALSE,FALSE,TRUE,FALSE,FALSE,FALSE,FALSE,NA,United States,male,middleweight,16,NA,16,NA,16,16,2,2,0 KO 1 Sub 1 Dec,0,0 KO 0 Sub 0 Dec,2,2,1,8,2684,2698,2562,2025-11-01,W - Sedriques Dumas,2026-03-07,W - Cody Brundage,NA,NA
Aleksandre Topuria,1996-01-28,FALSE,FALSE,FALSE,FALSE,FALSE,FALSE,FALSE,NA,"Georgia, Spain",male,bantamweight,16,NA,16,NA,16,16,2,2,0 KO 0 Sub 2 Dec,0,0 KO 0 Sub 0 Dec,2,2,0,10,2683,2683,2718,2025-02-08,W - Colby Thicknesse,2025-11-22,W - Bekzat Almakhan,NA,NA
Alibi Idiris,1994-10-22,TRUE,FALSE,FALSE,FALSE,FALSE,FALSE,FALSE,NA,Kazakhstan,male,flyweight,16,NA,16,NA,16,16,2,0,0 KO 0 Sub 0 Dec,1,0 KO 1 Sub 0 Dec,0,0,0,10,2682,2682,2696,2025-08-16,L - Joseph Morales,2026-02-21,NC - Ode Osbourne,NA,NA
John Yannis,1994-07-07,FALSE,FALSE,FALSE,FALSE,FALSE,FALSE,FALSE,NA,United States,male,"bantamweight, featherweight",16,NA,16,NA,16,16,2,1,1 KO 0 Sub 0 Dec,1,0 KO 1 Sub 0 Dec,1,1,0,11,2681,2681,2703,2025-08-02,L - Austin Bashi,2026-04-18,W - Jamie Siraj,NA,NA
Edgar Chairez,1996-01-27,FALSE,FALSE,TRUE,FALSE,FALSE,FALSE,FALSE,NA,Mexico,male,flyweight,16,NA,16,NA,16,16,6,3,0 KO 2 Sub 1 Dec,2,0 KO 0 Sub 2 Dec,2,2,1,6.5,2679,2679,2591,2023-07-08,L - Tatsuro Taira,2026-02-28,W - Felipe Bunes,2026-06-06,Bruno Gustavo da Silva
Dustin Stoltzfus,1991-11-15,FALSE,FALSE,TRUE,FALSE,FALSE,FALSE,FALSE,NA,United States,male,middleweight,16,NA,16,NA,16,16,10,3,1 KO 1 Sub 1 Dec,7,2 KO 2 Sub 3 Dec,-2,1,2,6.2,2679,2782,2796,2020-11-21,L - Kyle Daukaus,2025-09-13,L - Kelvin Gastelum,NA,NA
Malcolm Wellmaker,1994-06-04,FALSE,FALSE,TRUE,FALSE,FALSE,FALSE,FALSE,NA,United States,male,"bantamweight, featherweight",16,NA,16,NA,16,16,3,2,2 KO 0 Sub 0 Dec,1,0 KO 0 Sub 1 Dec,-1,2,2,9.7,2678,2818,2663,2025-04-26,W - Cameron Saaiman,2025-11-15,L - Ethyn Ewing,2026-05-16,Juan Diaz
Song Kenan,1990-03-10,FALSE,FALSE,FALSE,FALSE,FALSE,FALSE,FALSE,NA,China,male,welterweight,16,NA,16,NA,16,16,11,6,3 KO 0 Sub 3 Dec,5,3 KO 0 Sub 2 Dec,-1,2,1,6.7,2678,2762,2679,2017-11-25,W - Bobby Nash,2024-11-23,L - Muslim Salikhov,NA,NA
Yizha,1997-01-08,FALSE,TRUE,FALSE,FALSE,FALSE,FALSE,FALSE,NA,China,male,featherweight,16,NA,16,NA,16,16,4,1,1 KO 0 Sub 0 Dec,3,0 KO 0 Sub 3 Dec,-1,1,0,9,2676,2764,2643,2023-02-04,L - JeongYeong Lee,2026-02-01,L - Kaan Ofli,NA,NA
Billy Quarantillo,1988-12-08,TRUE,FALSE,TRUE,FALSE,FALSE,FALSE,FALSE,NA,United States,male,featherweight,16,NA,16,NA,16,16,11,6,3 KO 1 Sub 2 Dec,5,2 KO 1 Sub 2 Dec,-2,3,3,5.6,2675,2947,2761,2019-12-07,W - Jacob Kilburn,2024-12-14,L - Cub Swanson,NA,NA
Carli Judice,1999-03-02,FALSE,FALSE,TRUE,FALSE,FALSE,FALSE,FALSE,NA,United States,female,women's flyweight,16,NA,16,NA,16,16,4,3,2 KO 0 Sub 1 Dec,1,0 KO 0 Sub 1 Dec,3,3,3,12.2,2675,2675,2530,2024-06-15,L - Gabriella Fernandes,2026-02-21,W - Juliana Miller,NA,NA
Ding Meng,1994-09-26,FALSE,FALSE,TRUE,FALSE,FALSE,FALSE,FALSE,NA,China,male,welterweight,16,NA,16,NA,16,16,0,NA,NA,NA,NA,NA,NA,0,NA,2673,NA,2390,NA,NA,NA,NA,2026-05-30,Jose Henrique
Carlos Vera,1987-11-05,TRUE,FALSE,FALSE,FALSE,FALSE,FALSE,FALSE,NA,Ecuador,male,bantamweight,16,NA,16,NA,16,16,2,1,0 KO 1 Sub 0 Dec,1,0 KO 0 Sub 1 Dec,1,1,1,8.5,2671,2671,2658,2024-02-17,L - Rinya Nakamura,2025-03-15,W - Josias Musasa,NA,NA
Charlie Campbell,1995-07-03,FALSE,FALSE,TRUE,FALSE,FALSE,FALSE,FALSE,NA,United States,male,lightweight,16,NA,16,NA,16,16,3,2,1 KO 0 Sub 1 Dec,1,0 KO 1 Sub 0 Dec,-1,2,1,6.7,2671,2747,2727,2023-09-16,W - Alex Reyes,2025-09-28,L - Tom Nolan,NA,NA
DongHun Choi,1999-01-02,FALSE,TRUE,FALSE,FALSE,FALSE,FALSE,FALSE,NA,South Korea,male,flyweight,16,NA,16,NA,16,16,1,1,1 KO 0 Sub 0 Dec,0,0 KO 0 Sub 0 Dec,1,1,0,8,2667,2667,2396,2024-11-23,W - Kiru Sahota,2024-11-23,W - Kiru Sahota,NA,NA
Colby Thicknesse,1999-06-23,FALSE,FALSE,FALSE,FALSE,FALSE,FALSE,FALSE,NA,Australia,male,bantamweight,16,NA,16,NA,16,16,3,2,0 KO 0 Sub 2 Dec,1,0 KO 0 Sub 1 Dec,2,2,0,9.3,2666,2666,2468,2025-02-08,L - Aleksandre Topuria,2026-05-02,W - Vince Morales,NA,NA
Jaqueline Amorim,1995-06-24,FALSE,FALSE,FALSE,FALSE,FALSE,FALSE,FALSE,NA,Brazil,female,women's strawweight,16,NA,16,NA,16,16,6,4,1 KO 3 Sub 0 Dec,2,0 KO 0 Sub 2 Dec,-1,4,1,11.5,2666,2824,2578,2023-04-08,L - Sam Hughes,2025-10-25,L - Mizuki,2026-05-30,Loma Lookboonmee
Alessandro Costa,1996-01-28,FALSE,FALSE,TRUE,FALSE,FALSE,FALSE,FALSE,NA,"Brazil, Mexico",male,flyweight,16,NA,16,NA,16,16,6,3,3 KO 0 Sub 0 Dec,3,2 KO 0 Sub 1 Dec,1,1,3,8.2,2665,2758,2672,2022-12-17,L - Amir Albazi,2026-04-04,W - Stewart Nicoll,NA,NA
HyunSung Park,1995-11-04,FALSE,TRUE,FALSE,FALSE,FALSE,FALSE,FALSE,NA,South Korea,male,flyweight,16,NA,16,NA,16,16,5,3,1 KO 2 Sub 0 Dec,2,0 KO 2 Sub 0 Dec,-2,3,1,7.2,2663,2822,2665,2023-02-04,W - SeungGuk Choi,2025-10-18,L - Bruno Gustavo da Silva,NA,NA
Oban Elliott,1997-12-19,FALSE,FALSE,TRUE,FALSE,FALSE,FALSE,FALSE,NA,"United Kingdom, Wales",male,welterweight,16,NA,16,NA,16,16,5,3,1 KO 0 Sub 2 Dec,2,0 KO 1 Sub 1 Dec,-2,3,1,9.6,2663,2951,2660,2024-02-17,W - Val Woodburn,2026-02-01,L - Jonathan Micallef,NA,NA
Carol Foro,1997-03-21,FALSE,FALSE,TRUE,FALSE,FALSE,FALSE,FALSE,NA,Brazil,female,women's strawweight,16,NA,16,NA,16,16,0,NA,NA,NA,NA,NA,NA,NA,NA,2663,NA,NA,NA,NA,NA,NA,NA,NA
Levi Rodrigues Jr.,1996-10-15,FALSE,FALSE,TRUE,FALSE,FALSE,FALSE,FALSE,NA,Brazil,male,light heavyweight,16,NA,16,NA,16,16,0,NA,NA,NA,NA,NA,NA,NA,NA,2663,NA,NA,NA,NA,NA,NA,NA,NA
Benardo Sopaj,2000-09-25,FALSE,FALSE,FALSE,FALSE,FALSE,FALSE,FALSE,NA,"Albania, Greece, Sweden",male,bantamweight,16,NA,16,NA,16,16,2,1,0 KO 0 Sub 1 Dec,1,1 KO 0 Sub 0 Dec,1,1,1,9.5,2661,2661,2658,2024-03-02,L - Vinicius Oliveira,2025-01-18,W - Ricky Turcios,2026-05-16,Timmy Cuamba
Bia Mesquita,1991-04-07,FALSE,FALSE,FALSE,FALSE,FALSE,FALSE,FALSE,NA,Brazil,female,women's bantamweight,15,NA,16,NA,15,16,2,2,0 KO 2 Sub 0 Dec,0,0 KO 0 Sub 0 Dec,2,2,1,10.5,2660,2660,2417,2025-10-11,W - Irina Alekseeva,2026-03-14,W - Montserrat Rendon,2026-06-20,Melissa Mullins
JeongYeong Lee,1995-11-13,FALSE,TRUE,FALSE,FALSE,FALSE,FALSE,FALSE,NA,South Korea,male,featherweight,16,NA,16,NA,16,16,4,2,0 KO 0 Sub 2 Dec,2,1 KO 0 Sub 1 Dec,-2,2,0,8.5,2659,2860,2722,2023-02-04,W - Yizha,2025-05-10,L - Daniel Santos,NA,NA
Juan Martinetti,1995-08-20,FALSE,FALSE,TRUE,FALSE,FALSE,FALSE,FALSE,NA,Ecuador,male,bantamweight,16,NA,16,NA,16,16,1,0,0 KO 0 Sub 0 Dec,1,0 KO 0 Sub 1 Dec,-1,-1,1,4,2659,2659,2877,2026-04-25,L - Davey Grant,2026-04-25,L - Davey Grant,NA,NA
Hyder Amil,1990-05-28,FALSE,FALSE,TRUE,FALSE,FALSE,FALSE,FALSE,NA,"Philippines, United States",male,featherweight,16,NA,16,NA,16,16,5,3,2 KO 0 Sub 1 Dec,2,1 KO 0 Sub 1 Dec,-2,3,1,7.2,2658,2905,2712,2024-02-10,W - Fernie Garcia,2025-11-08,L - Jamall Emmers,2026-06-20,Christian Rodriguez
Brad Tavares,1987-12-21,TRUE,FALSE,FALSE,FALSE,FALSE,FALSE,FALSE,NA,United States,male,middleweight,16,NA,16,NA,8,16,28,16,2 KO 0 Sub 14 Dec,12,6 KO 0 Sub 6 Dec,-2,5,0,6.2,2657,3087,2771,2010-06-19,W - Seth Baczynski,2026-03-14,L - Eryk Anders,NA,NA
Dom Mar Fan,2000-03-19,FALSE,TRUE,FALSE,FALSE,FALSE,FALSE,FALSE,NA,Australia,male,lightweight,16,NA,16,NA,16,16,1,0,0 KO 0 Sub 0 Dec,1,0 KO 1 Sub 0 Dec,-1,-1,0,13,2656,2656,2619,2026-05-02,L - Kody Steele,2026-05-02,L - Kody Steele,NA,NA
Matheus Camilo,2001-01-02,FALSE,FALSE,FALSE,FALSE,FALSE,FALSE,FALSE,NA,Brazil,male,lightweight,16,NA,16,NA,16,16,2,1,0 KO 0 Sub 1 Dec,1,0 KO 1 Sub 0 Dec,1,1,0,9.5,2653,2653,2702,2025-05-17,L - Gabe Green,2025-11-15,W - Viacheslav Borshchev,2026-06-27,Nazim Sadykhov
Max Griffin,1985-11-29,TRUE,FALSE,FALSE,FALSE,FALSE,FALSE,FALSE,NA,United States,male,welterweight,16,NA,16,NA,16,16,19,8,3 KO 0 Sub 5 Dec,11,1 KO 1 Sub 9 Dec,-3,3,2,7.5,2650,2999,2810,2016-08-20,L - Colby Covington,2026-04-25,L - Victor Valenzuela,NA,NA
Robert Bryczek,1990-07-04,FALSE,FALSE,FALSE,FALSE,FALSE,FALSE,FALSE,NA,Poland,male,middleweight,16,NA,16,NA,16,16,3,1,1 KO 0 Sub 0 Dec,2,0 KO 0 Sub 2 Dec,-1,1,0,7,2649,2724,2772,2024-02-10,L - Ihor Potieria,2026-05-02,L - Cam Rowston,NA,NA
Bekzat Almakhan,1997-10-08,FALSE,FALSE,FALSE,FALSE,FALSE,FALSE,FALSE,NA,Kazakhstan,male,bantamweight,16,NA,16,NA,16,16,3,1,1 KO 0 Sub 0 Dec,2,0 KO 0 Sub 2 Dec,-1,1,0,9,2648,2819,2859,2024-03-02,L - Umar Nurmagomedov,2025-11-22,L - Aleksandre Topuria,2026-06-27,Jean Matsumoto
Cody Durden,1991-03-29,FALSE,FALSE,FALSE,FALSE,FALSE,FALSE,FALSE,NA,United States,male,"bantamweight, flyweight",16,NA,16,NA,13,16,16,7,1 KO 1 Sub 5 Dec,8,2 KO 4 Sub 2 Dec,1,4,1,8.9,2646,2944,2717,2020-08-01,D - Chris Gutierrez,2026-04-25,W - Jafel Filho,2026-07-11,Ode Osbourne
Loma Lookboonmee,1996-01-18,FALSE,FALSE,FALSE,FALSE,FALSE,FALSE,FALSE,NA,Thailand,female,women's strawweight,16,NA,16,NA,14,16,10,7,0 KO 1 Sub 6 Dec,3,0 KO 0 Sub 3 Dec,-1,4,0,9.7,2645,2765,2528,2019-10-26,W - Aleksandra Albu,2025-09-28,L - Alexia Thainara,2026-05-30,Jaqueline Amorim
Rodrigo Sezinando,1997-12-11,TRUE,FALSE,FALSE,FALSE,FALSE,FALSE,FALSE,NA,Brazil,male,welterweight,16,NA,16,NA,16,16,1,0,0 KO 0 Sub 0 Dec,1,1 KO 0 Sub 0 Dec,-1,-1,0,14,2645,2645,2823,2025-09-13,L - Daniil Donchenko,2025-09-13,L - Daniil Donchenko,NA,NA
Jessica Andrade,1991-09-25,FALSE,FALSE,FALSE,FALSE,FALSE,FALSE,FALSE,NA,Brazil,female,"women's strawweight, women's flyweight",9,NA,16,NA,-1,4,30,17,6 KO 3 Sub 8 Dec,13,4 KO 5 Sub 4 Dec,-3,4,11,4.5,2644,3133,2780,2013-07-27,L - Liz Carmouche,2025-08-16,L - Loopy Godinez,NA,NA
Matt Schnell,1990-01-15,TRUE,FALSE,FALSE,FALSE,FALSE,FALSE,FALSE,NA,United States,male,flyweight,16,NA,16,NA,7,16,16,7,0 KO 3 Sub 4 Dec,8,5 KO 3 Sub 0 Dec,-1,4,3,7,2643,2847,2724,2016-12-03,L - Rob Font,2025-11-08,L - Joseph Morales,2026-06-06,Imanol Rodriguez
Nate Landwehr,1988-06-06,FALSE,FALSE,FALSE,FALSE,FALSE,FALSE,FALSE,NA,United States,male,featherweight,16,NA,16,NA,16,16,11,5,1 KO 2 Sub 2 Dec,6,5 KO 0 Sub 1 Dec,-3,3,5,5.9,2643,2956,2800,2020-01-25,L - Herbert Burns,2026-04-11,L - Cub Swanson,NA,NA
Elves Brener,1997-09-27,FALSE,FALSE,FALSE,FALSE,FALSE,FALSE,FALSE,NA,Brazil,male,lightweight,16,NA,16,NA,16,16,6,3,2 KO 0 Sub 1 Dec,3,1 KO 0 Sub 2 Dec,-3,3,3,7.5,2643,2835,2881,2023-02-11,W - Zubaira Tukhugov,2025-08-02,L - Esteban Ribovics,NA,NA
Mark Choinski,1995-10-22,FALSE,FALSE,FALSE,FALSE,FALSE,FALSE,FALSE,NA,United States,male,lightweight,16,NA,16,NA,16,16,1,0,0 KO 0 Sub 0 Dec,1,0 KO 0 Sub 1 Dec,-1,-1,0,13,2643,2643,2827,2025-06-07,L - MarQuel Mederos,2025-06-07,L - MarQuel Mederos,NA,NA
Marc-Andre Barriault,1990-02-18,FALSE,FALSE,FALSE,FALSE,FALSE,FALSE,FALSE,NA,Canada,male,middleweight,16,NA,16,NA,16,16,17,6,3 KO 1 Sub 2 Dec,10,3 KO 1 Sub 6 Dec,-2,2,4,6.4,2641,2918,2768,2019-05-04,L - Andrew Sanchez,2026-02-07,L - Michal Oleksiejczuk,NA,NA
Jesus Aguilar,1996-03-13,FALSE,FALSE,TRUE,FALSE,FALSE,FALSE,FALSE,NA,Mexico,male,flyweight,16,NA,16,NA,16,16,7,4,1 KO 1 Sub 2 Dec,3,0 KO 1 Sub 2 Dec,-1,3,0,10,2640,2760,2643,2023-02-04,L - Tatsuro Taira,2026-03-07,L - Sumudaerji,2026-05-30,Rei Tsuruya
Jamie Mullarkey,1994-08-17,FALSE,FALSE,FALSE,FALSE,FALSE,FALSE,FALSE,NA,Australia,male,lightweight,16,NA,16,NA,16,16,13,6,2 KO 0 Sub 4 Dec,7,4 KO 1 Sub 2 Dec,-1,2,3,7.4,2640,2773,2694,2019-10-05,L - Brad Riddell,2026-02-01,L - Quillan Salkilld,NA,NA
Julius Walker,1999-07-16,FALSE,FALSE,FALSE,FALSE,FALSE,FALSE,FALSE,NA,United States,male,light heavyweight,16,NA,16,NA,16,16,3,1,0 KO 0 Sub 1 Dec,2,1 KO 0 Sub 1 Dec,-1,1,1,6,2640,2672,2789,2025-02-22,L - Alonzo Menifield,2026-02-07,L - Dustin Jacoby,2026-06-27,Abdul Rakhman Yakhyaev
Regina Tarin,2004-10-19,FALSE,FALSE,FALSE,FALSE,FALSE,FALSE,FALSE,NA,Mexico,NA,,16,NA,16,NA,16,16,1,1,0 KO 0 Sub 1 Dec,0,0 KO 0 Sub 0 Dec,1,1,1,11,2640,2640,2437,2026-02-28,W - Ernesta Kareckaite,2026-02-28,W - Ernesta Kareckaite,NA,NA
Diyar Nurgozhay,1997-04-22,FALSE,FALSE,TRUE,FALSE,FALSE,FALSE,FALSE,NA,Kazakhstan,male,light heavyweight,16,NA,16,NA,16,16,3,1,0 KO 0 Sub 1 Dec,2,0 KO 2 Sub 0 Dec,1,1,0,9.3,2638,2638,2581,2025-03-15,L - Brendson Ribeiro,2026-03-07,W - Rafael Tobias,NA,NA
Ryan Loder,1991-06-05,TRUE,FALSE,FALSE,FALSE,FALSE,FALSE,FALSE,NA,United States,male,middleweight,16,NA,16,NA,16,16,3,1,1 KO 0 Sub 0 Dec,2,2 KO 0 Sub 0 Dec,-2,1,0,7.7,2637,2839,2782,2024-08-24,W - Robert Valentin,2025-11-22,L - Ismail Naurdiev,NA,NA
Robert Valentin,1995-03-31,TRUE,FALSE,FALSE,FALSE,FALSE,FALSE,FALSE,NA,Switzerland,male,middleweight,16,NA,16,NA,16,16,4,1,0 KO 1 Sub 0 Dec,3,2 KO 0 Sub 1 Dec,1,1,0,6.2,2636,2654,2642,2024-08-24,L - Ryan Loder,2026-04-18,W - Julien Leblanc,NA,NA
Bruno Lopes,1993-04-24,FALSE,FALSE,TRUE,FALSE,FALSE,FALSE,FALSE,NA,Brazil,male,light heavyweight,16,NA,16,NA,16,16,3,1,0 KO 0 Sub 1 Dec,2,2 KO 0 Sub 0 Dec,-2,1,0,8.7,2633,2734,2825,2025-01-11,W - Magomed Gadzhiyasulov,2026-03-28,L - Navajo Stirling,NA,NA
Melissa Croden,1991-04-12,FALSE,FALSE,FALSE,FALSE,FALSE,FALSE,FALSE,NA,Canada,female,women's bantamweight,16,NA,16,NA,16,16,3,2,1 KO 0 Sub 1 Dec,1,0 KO 0 Sub 1 Dec,1,1,0,10.7,2633,2633,2591,2025-10-18,W - Tainara Lisboa,2026-04-18,W - Daria Zhelezniakova,NA,NA
Magomed Zaynukov,1995-01-02,FALSE,FALSE,TRUE,FALSE,FALSE,FALSE,FALSE,NA,Russia,male,lightweight,16,NA,16,NA,16,16,0,NA,NA,NA,NA,NA,NA,NA,NA,2632,NA,NA,NA,NA,NA,NA,NA,NA
Andre Petroski,1991-06-12,TRUE,FALSE,FALSE,FALSE,FALSE,FALSE,FALSE,NA,United States,male,middleweight,16,NA,16,NA,16,16,12,8,1 KO 2 Sub 5 Dec,4,3 KO 0 Sub 1 Dec,-2,5,0,8.4,2631,2918,2642,2021-08-28,W - Micheal Gillmore,2025-09-28,L - Cam Rowston,2026-05-16,Cody Brundage
Harry Hardwick,1994-09-29,FALSE,FALSE,FALSE,FALSE,FALSE,FALSE,FALSE,NA,"United Kingdom, England",male,"featherweight, lightweight",16,NA,16,NA,16,16,2,0,0 KO 0 Sub 0 Dec,2,2 KO 0 Sub 0 Dec,-2,-1,1,6.5,2629,2737,2766,2025-09-06,L - Kaue Fernandes,2026-03-14,L - Marwan Rahiki,NA,NA
Ozzy Diaz,1990-11-22,FALSE,FALSE,TRUE,FALSE,FALSE,FALSE,FALSE,NA,United States,male,"middleweight, light heavyweight",16,NA,16,NA,16,16,3,1,0 KO 0 Sub 1 Dec,2,2 KO 0 Sub 0 Dec,-1,1,0,7.3,2628,2688,2721,2024-11-23,L - Zhang Mingyang,2026-05-09,L - Ateba Gautier,NA,NA
Klaudia Sygula,1998-12-30,FALSE,FALSE,FALSE,FALSE,FALSE,FALSE,FALSE,NA,Poland,female,women's bantamweight,16,NA,16,NA,16,16,3,2,0 KO 0 Sub 2 Dec,1,1 KO 0 Sub 0 Dec,2,2,0,11.3,2628,2628,2470,2024-11-09,L - Melissa Mullins,2026-02-07,W - Priscila Cachoeira,NA,NA
Thomas Gantt,1993-01-09,FALSE,FALSE,TRUE,FALSE,FALSE,FALSE,FALSE,NA,United States,male,lightweight,16,NA,16,NA,16,16,0,NA,NA,NA,NA,NA,NA,0,NA,2627,NA,2529,NA,NA,NA,NA,2026-05-16,Artur Minev
Jafel Filho,1993-05-05,FALSE,FALSE,TRUE,FALSE,FALSE,FALSE,FALSE,NA,Brazil,male,"bantamweight, flyweight",16,NA,16,NA,16,16,6,3,0 KO 3 Sub 0 Dec,3,0 KO 1 Sub 2 Dec,-1,2,1,9.3,2626,2799,2704,2023-03-18,L - Muhammad Mokaev,2026-04-25,L - Cody Durden,NA,NA
Dione Barbosa,1992-05-08,FALSE,FALSE,TRUE,FALSE,FALSE,FALSE,FALSE,NA,Brazil,female,women's flyweight,16,NA,16,NA,16,16,5,3,0 KO 1 Sub 2 Dec,2,0 KO 0 Sub 2 Dec,1,1,1,9.8,2623,2623,2592,2024-05-04,W - Ernesta Kareckaite,2026-04-04,W - Melissa Gatto,2026-07-18,Veronica Hardy
Azamat Bekoev,1995-12-30,FALSE,FALSE,FALSE,FALSE,FALSE,FALSE,FALSE,NA,Russia,male,middleweight,16,NA,16,NA,16,16,4,2,2 KO 0 Sub 0 Dec,2,1 KO 1 Sub 0 Dec,-2,2,1,9.5,2622,2962,2651,2025-01-18,W - Zachary Reese,2026-04-04,L - Tresean Gore,NA,NA
Sam Hughes,1992-06-28,FALSE,FALSE,FALSE,FALSE,FALSE,FALSE,FALSE,NA,United States,female,women's strawweight,16,NA,16,NA,16,16,12,6,1 KO 1 Sub 4 Dec,6,1 KO 0 Sub 5 Dec,-1,3,0,10.5,2622,2721,2617,2020-12-12,L - Tecia Pennington,2026-03-14,L - Piera Rodriguez,NA,NA
ChangHo Lee,1994-05-09,FALSE,TRUE,FALSE,FALSE,FALSE,FALSE,FALSE,NA,South Korea,male,bantamweight,16,NA,16,NA,16,16,3,2,1 KO 0 Sub 1 Dec,1,0 KO 0 Sub 1 Dec,-1,2,1,7.3,2621,2765,2609,2024-06-22,W - Xiao Long,2025-11-01,L - Timmy Cuamba,NA,NA
Mitch Raposo,1998-10-16,TRUE,FALSE,TRUE,FALSE,FALSE,FALSE,FALSE,NA,United States,male,flyweight,16,NA,16,NA,16,16,3,1,0 KO 0 Sub 1 Dec,2,0 KO 0 Sub 2 Dec,1,1,0,11.7,2620,2620,2675,2024-06-01,L - Andre Lima,2025-10-25,W - Azat Maksum,2026-06-20,Allan Nascimento
Alberto Montes,1994-05-31,FALSE,FALSE,TRUE,FALSE,FALSE,FALSE,FALSE,NA,Venezuela,male,featherweight,16,NA,16,NA,16,16,1,1,0 KO 1 Sub 0 Dec,0,0 KO 0 Sub 0 Dec,1,1,1,8,2619,2619,2419,2026-03-07,W - Ricky Turcios,2026-03-07,W - Ricky Turcios,NA,NA
Stephanie Luciano,1999-12-16,FALSE,FALSE,TRUE,FALSE,FALSE,FALSE,FALSE,NA,Brazil,female,women's strawweight,16,NA,16,NA,16,16,3,2,0 KO 1 Sub 1 Dec,1,0 KO 0 Sub 1 Dec,1,1,0,10.3,2618,2618,2521,2024-08-10,W - Talita Alencar,2025-10-18,W - Ravena Oliveira,NA,NA
Amanda Ribas,1993-08-26,FALSE,FALSE,FALSE,FALSE,FALSE,FALSE,FALSE,NA,Brazil,female,women's strawweight,10,NA,16,NA,7,16,13,7,1 KO 2 Sub 4 Dec,6,3 KO 1 Sub 2 Dec,-3,4,2,5.3,2618,2898,2735,2019-06-29,W - Emily Whitmire,2025-07-26,L - Tabatha Ricci,2026-07-18,Fatima Kline
Xiao Long,1998-04-13,FALSE,TRUE,TRUE,FALSE,FALSE,FALSE,FALSE,NA,China,male,bantamweight,16,NA,16,NA,16,16,4,1,1 KO 0 Sub 0 Dec,3,0 KO 0 Sub 3 Dec,-2,1,0,10,2616,2789,2714,2024-06-22,L - ChangHo Lee,2026-03-07,L - Cody Garbrandt,NA,NA
Rodolfo Vieira,1989-09-25,FALSE,FALSE,FALSE,FALSE,FALSE,FALSE,FALSE,NA,Brazil,male,middleweight,16,NA,16,NA,16,16,11,6,0 KO 5 Sub 1 Dec,5,1 KO 1 Sub 3 Dec,-2,2,3,5.8,2612,2933,2739,2019-08-10,W - Oskar Piechota,2026-04-25,L - Eric McConico,NA,NA
Jamey-Lyn Horth,1990-03-30,FALSE,FALSE,FALSE,FALSE,FALSE,FALSE,FALSE,NA,Canada,female,women's flyweight,16,NA,16,NA,16,16,7,4,1 KO 0 Sub 3 Dec,3,0 KO 0 Sub 3 Dec,-1,2,0,11.7,2610,2750,2568,2023-04-29,W - Hailey Cowan,2026-04-18,L - JJ Aldrich,NA,NA
Louie Sutherland,1994-02-08,FALSE,FALSE,FALSE,FALSE,FALSE,FALSE,FALSE,NA,"United Kingdom, Scotland",male,heavyweight,16,NA,16,NA,16,16,3,1,0 KO 0 Sub 1 Dec,2,1 KO 1 Sub 0 Dec,1,1,0,8.7,2610,2610,2707,2025-10-25,L - Valter Walker,2026-05-02,W - Tai Tuivasa,NA,NA
Bolaji Oki,1995-11-15,FALSE,FALSE,TRUE,FALSE,FALSE,FALSE,FALSE,NA,"Belgium, Nigeria, Zimbabwe",male,lightweight,16,NA,16,NA,16,16,5,2,0 KO 0 Sub 2 Dec,3,2 KO 1 Sub 0 Dec,-2,1,0,8.8,2608,2690,2754,2024-02-10,W - Timmy Cuamba,2026-03-14,L - Manoel Sousa,NA,NA
Garrett Armfield,1996-10-09,FALSE,FALSE,FALSE,FALSE,FALSE,FALSE,FALSE,NA,United States,male,bantamweight,16,NA,16,NA,16,16,5,2,1 KO 0 Sub 1 Dec,3,0 KO 2 Sub 1 Dec,-2,2,0,7.6,2607,2739,2721,2022-07-09,L - David Onama,2024-11-02,L - Serhiy Sidey,NA,NA
Michael Aswell Jr.,2000-09-27,FALSE,FALSE,TRUE,FALSE,FALSE,FALSE,FALSE,NA,United States,male,featherweight,16,NA,16,NA,16,16,3,1,1 KO 0 Sub 0 Dec,2,0 KO 0 Sub 2 Dec,-1,1,0,5.3,2607,2658,2651,2025-05-31,L - Bolaji Oki,2026-03-21,L - Luke Riley,2026-06-20,Gaston Bolanos
Veronica Hardy,1995-10-30,FALSE,FALSE,FALSE,FALSE,FALSE,FALSE,FALSE,NA,"United Kingdom, England, Portugal, Venezuela",female,women's flyweight,16,NA,16,NA,16,16,10,5,0 KO 1 Sub 4 Dec,5,1 KO 1 Sub 3 Dec,1,3,2,11.1,2602,2664,2523,2016-09-03,L - Ashlee Evans-Smith,2025-10-04,W - Brogan Walker,2026-07-18,Dione Barbosa
Cody Gibson,1987-09-11,TRUE,FALSE,FALSE,FALSE,FALSE,FALSE,FALSE,NA,United States,male,bantamweight,16,NA,16,NA,16,16,10,3,1 KO 1 Sub 1 Dec,7,1 KO 2 Sub 4 Dec,-2,2,1,8.6,2600,2850,2690,2014-02-22,L - Aljamain Sterling,2025-10-18,L - Aoriqileng,NA,NA
Tanner Boser,1991-08-02,FALSE,FALSE,FALSE,FALSE,FALSE,FALSE,FALSE,NA,Canada,male,"heavyweight, light heavyweight",16,NA,16,NA,15,16,11,5,3 KO 0 Sub 2 Dec,6,2 KO 0 Sub 4 Dec,-1,2,1,6.6,2600,2826,2682,2019-10-18,W - Daniel Spitz,2026-04-18,L - Gokhan Saricam,NA,NA
Yazmin Jauregui,1999-02-28,FALSE,FALSE,FALSE,FALSE,FALSE,FALSE,FALSE,NA,Mexico,female,women's strawweight,16,NA,16,NA,16,16,5,3,1 KO 0 Sub 2 Dec,2,1 KO 1 Sub 0 Dec,-1,2,0,7.4,2598,2787,2564,2022-08-13,W - Iasmin Lucindo,2024-09-14,L - Ketlen Souza,NA,NA
Wes Schultz,1996-08-09,FALSE,FALSE,TRUE,FALSE,FALSE,FALSE,FALSE,NA,United States,male,middleweight,16,NA,16,NA,16,16,2,1,0 KO 1 Sub 0 Dec,1,1 KO 0 Sub 0 Dec,1,1,0,12,2598,2598,2603,2026-02-28,L - Damian Pinas,2026-05-02,W - Ben Johnston,NA,NA
Torrez Finney,1998-10-24,FALSE,FALSE,TRUE,FALSE,FALSE,FALSE,FALSE,NA,United States,male,middleweight,16,NA,16,NA,16,16,2,1,0 KO 0 Sub 1 Dec,1,0 KO 0 Sub 1 Dec,-1,1,0,7,2596,2683,2691,2025-04-05,W - Robert Valentin,2026-02-01,L - Jacob Malkoun,NA,NA
Tuco Tokkos,1990-06-30,FALSE,TRUE,FALSE,FALSE,FALSE,FALSE,FALSE,NA,"Brazil, Cyprus, United Kingdom, Greece, England",male,light heavyweight,16,NA,16,NA,16,16,3,1,0 KO 1 Sub 0 Dec,2,0 KO 1 Sub 1 Dec,1,1,0,6.3,2596,2596,2621,2024-05-18,L - Oumar Sy,2025-07-12,W - Junior Tafa,2026-05-16,Ivan Erslan
Mantas Kondratavicius,1999-07-17,FALSE,FALSE,TRUE,FALSE,FALSE,FALSE,FALSE,NA,Lithuania,male,middleweight,16,NA,16,NA,16,16,1,1,0 KO 0 Sub 1 Dec,0,0 KO 0 Sub 0 Dec,1,1,0,10,2596,2596,2382,2026-03-21,W - Antonio Trocoli,2026-03-21,W - Antonio Trocoli,NA,NA
Macy Chiasson,1991-07-27,TRUE,FALSE,FALSE,FALSE,FALSE,FALSE,FALSE,NA,United States,female,"women's bantamweight, women's featherweight",9,NA,16,NA,4,16,14,8,3 KO 2 Sub 3 Dec,6,1 KO 1 Sub 4 Dec,-3,3,3,7.4,2595,2838,2644,2018-11-30,W - Pannie Kianzad,2026-02-28,L - Ailin Perez,NA,NA
Christopher Alvidrez,1996-12-27,FALSE,FALSE,TRUE,FALSE,FALSE,FALSE,FALSE,NA,United States,male,welterweight,16,NA,16,NA,16,16,0,NA,NA,NA,NA,NA,NA,NA,NA,2595,NA,NA,NA,NA,NA,NA,NA,NA
Miesha Tate,1986-08-18,FALSE,FALSE,FALSE,FALSE,TRUE,FALSE,FALSE,NA,United States,female,"women's bantamweight, women's flyweight",16,NA,16,NA,-1,15,14,7,1 KO 2 Sub 4 Dec,7,1 KO 2 Sub 4 Dec,-1,5,5,3.6,2594,2966,2687,2013-04-13,L - Cat Zingano,2025-05-03,L - Yana Santos,NA,NA
Tereza Bleda,2001-11-30,FALSE,FALSE,TRUE,FALSE,FALSE,FALSE,FALSE,NA,Czech Republic,female,women's flyweight,16,NA,16,NA,16,16,3,1,0 KO 0 Sub 1 Dec,2,2 KO 0 Sub 0 Dec,-1,1,0,11,2593,2720,2631,2022-11-19,L - Natalia Silva,2025-12-13,L - Jamey-Lyn Horth,NA,NA
Bogdan Grad,1995-09-28,FALSE,FALSE,TRUE,FALSE,FALSE,FALSE,FALSE,NA,"Austria, Romania",male,featherweight,16,NA,16,NA,16,16,3,1,1 KO 0 Sub 0 Dec,2,1 KO 0 Sub 1 Dec,-2,1,1,7.7,2592,2742,2709,2025-02-01,W - Lucas Alexander,2025-11-22,L - Luke Riley,NA,NA
Denzel Freeman,1991-11-10,FALSE,FALSE,FALSE,FALSE,FALSE,FALSE,FALSE,NA,United States,male,heavyweight,16,NA,16,NA,16,16,2,1,0 KO 0 Sub 1 Dec,1,1 KO 0 Sub 0 Dec,-1,1,0,12,2592,2701,2587,2025-11-22,W - Marek Bujlo,2026-01-24,L - Josh Hokit,NA,NA
Angela Hill,1985-01-12,TRUE,FALSE,FALSE,FALSE,FALSE,FALSE,FALSE,NA,United States,female,women's strawweight,14,NA,16,NA,9,16,29,13,2 KO 1 Sub 10 Dec,16,0 KO 2 Sub 14 Dec,-2,3,5,6.6,2591,2858,2628,2014-12-12,W - Emily Kagan,2025-11-15,L - Fatima Kline,2026-05-30,Jingnan Xiong
Shayilan Nuerdanbieke,1994-05-04,FALSE,FALSE,FALSE,FALSE,FALSE,FALSE,FALSE,NA,China,male,featherweight,16,NA,16,NA,16,16,6,3,1 KO 0 Sub 2 Dec,3,1 KO 1 Sub 1 Dec,-2,3,0,8.7,2589,2817,2649,2021-05-22,L - Josh Culibao,2024-06-15,L - Melquizael Costa,NA,NA
Marcus Buchecha,1990-01-08,FALSE,FALSE,FALSE,FALSE,FALSE,FALSE,FALSE,NA,Brazil,male,heavyweight,16,NA,16,NA,16,16,3,0,0 KO 0 Sub 0 Dec,2,1 KO 0 Sub 1 Dec,-1,0,0,7.7,2588,2644,2775,2025-07-26,L - Martin Buday,2026-04-25,L - Ryan Spann,NA,NA
Gabriella Fernandes,1993-08-13,FALSE,FALSE,FALSE,FALSE,FALSE,FALSE,FALSE,NA,Brazil,female,women's flyweight,15,NA,16,NA,14,16,6,3,0 KO 1 Sub 2 Dec,3,1 KO 0 Sub 2 Dec,-1,3,2,8.2,2588,2683,2569,2023-02-25,L - Jasmine Jasudavicius,2026-03-28,L - Casey O'Neill,NA,NA
Ode Osbourne,1992-01-09,FALSE,FALSE,TRUE,FALSE,FALSE,FALSE,FALSE,NA,Jamaica,male,"flyweight, bantamweight",16,NA,16,NA,16,16,13,5,3 KO 0 Sub 2 Dec,7,2 KO 3 Sub 2 Dec,0,2,2,8.1,2587,2705,2685,2020-01-18,L - Brian Kelleher,2026-02-21,NC - Alibi Idiris,2026-07-11,Cody Durden
Tim Means,1984-02-20,FALSE,FALSE,FALSE,FALSE,FALSE,FALSE,FALSE,NA,United States,male,welterweight,16,NA,16,NA,16,16,30,15,6 KO 2 Sub 7 Dec,14,2 KO 6 Sub 6 Dec,-2,4,3,6.5,2587,3040,2767,2012-02-15,W - Bernardo Magalhaes,2024-10-05,L - Court McGee,NA,NA
Eric Nolan,1997-09-13,FALSE,FALSE,FALSE,FALSE,FALSE,FALSE,FALSE,NA,United States,male,"welterweight, middleweight",16,NA,16,NA,16,16,1,0,0 KO 0 Sub 0 Dec,1,0 KO 1 Sub 0 Dec,-1,-1,0,6,2587,2587,2642,2025-08-16,L - Baisangur Susurkaev,2025-08-16,L - Baisangur Susurkaev,2026-06-27,Farman Hasanov
Steven Asplund,1998-07-16,FALSE,FALSE,TRUE,FALSE,FALSE,FALSE,FALSE,NA,United States,male,heavyweight,16,NA,16,NA,16,16,2,1,1 KO 0 Sub 0 Dec,1,0 KO 0 Sub 1 Dec,-1,1,1,8.5,2582,2620,2599,2025-12-13,W - Sean Sharaf,2026-03-14,L - Vitor Petrino,NA,NA
Djorden Santos,1997-08-01,FALSE,FALSE,TRUE,FALSE,FALSE,FALSE,FALSE,NA,Brazil,male,middleweight,16,NA,16,NA,16,16,3,1,0 KO 0 Sub 1 Dec,2,0 KO 1 Sub 1 Dec,-1,1,0,10.7,2581,2615,2708,2025-03-08,L - Ozzy Diaz,2026-05-09,L - Baisangur Susurkaev,NA,NA
Steven Nguyen,1993-05-19,FALSE,FALSE,TRUE,FALSE,FALSE,FALSE,FALSE,NA,United States,male,featherweight,16,NA,16,NA,16,16,2,1,1 KO 0 Sub 0 Dec,1,0 KO 0 Sub 1 Dec,1,1,2,10.5,2575,2575,2390,2024-03-23,L - Jarno Errens,2025-07-26,W - Mohammad Yahya,NA,NA
Ronaldo Rodriguez,1999-05-07,FALSE,FALSE,TRUE,FALSE,FALSE,FALSE,FALSE,NA,Mexico,male,flyweight,16,NA,16,NA,16,16,3,2,0 KO 1 Sub 1 Dec,1,0 KO 0 Sub 1 Dec,-1,2,0,7,2573,2723,2507,2024-02-24,W - Denys Bondar,2025-03-29,L - Kevin Borjas,NA,NA
Louis Jourdain,1997-03-13,FALSE,FALSE,TRUE,FALSE,FALSE,FALSE,FALSE,NA,Canada,male,bantamweight,16,NA,16,NA,16,16,0,NA,NA,NA,NA,NA,NA,NA,NA,2573,NA,NA,NA,NA,NA,NA,NA,NA
Darrius Flowers,1994-08-25,FALSE,FALSE,TRUE,FALSE,FALSE,FALSE,FALSE,NA,United States,male,"welterweight, lightweight",16,NA,16,NA,16,16,4,1,1 KO 0 Sub 0 Dec,3,0 KO 2 Sub 1 Dec,1,1,0,8.8,2572,2607,2663,2023-07-29,L - Jake Matthews,2026-04-04,W - Lando Vannata,NA,NA
Mark Vologdin,2000-04-18,FALSE,FALSE,TRUE,FALSE,FALSE,FALSE,FALSE,NA,Russia,male,bantamweight,16,NA,16,NA,16,16,1,0,NA,0,NA,0,0,0,11,2571,2571,2806,2026-04-18,D - John Castaneda,2026-04-18,D - John Castaneda,NA,NA
Ottman Azaitar,1990-02-20,FALSE,FALSE,FALSE,FALSE,FALSE,FALSE,FALSE,NA,"Germany, Morocco",male,lightweight,16,NA,16,NA,16,16,5,2,2 KO 0 Sub 0 Dec,3,3 KO 0 Sub 0 Dec,-3,2,2,6.2,2570,2949,2699,2019-09-07,W - Teemu Packalen,2024-12-14,L - Michael Johnson,NA,NA
Chad Anheliger,1986-12-01,FALSE,FALSE,TRUE,FALSE,FALSE,FALSE,FALSE,NA,Canada,male,bantamweight,16,NA,16,NA,16,16,5,2,1 KO 0 Sub 1 Dec,3,0 KO 1 Sub 2 Dec,-1,1,0,10.8,2569,2738,2620,2022-02-19,W - Jesse Strader,2024-11-02,L - Cody Gibson,NA,NA
Jackson McVey,1999-03-25,FALSE,FALSE,FALSE,FALSE,FALSE,FALSE,FALSE,NA,United States,male,middleweight,16,NA,16,NA,16,16,3,1,0 KO 1 Sub 0 Dec,2,0 KO 2 Sub 0 Dec,1,1,1,11,2566,2566,2681,2025-07-19,L - Brunno Ferreira,2026-04-25,W - Sedriques Dumas,NA,NA
Gerald Meerschaert,1987-12-18,FALSE,FALSE,FALSE,FALSE,FALSE,FALSE,FALSE,NA,United States,male,middleweight,16,NA,16,NA,16,16,26,12,1 KO 11 Sub 0 Dec,14,5 KO 3 Sub 6 Dec,-5,3,5,7.1,2566,2986,2791,2016-12-09,W - Joe Gigliotti,2026-05-02,L - Jacob Malkoun,NA,NA
Daniel Barez,1988-12-10,FALSE,FALSE,TRUE,FALSE,FALSE,FALSE,FALSE,NA,Spain,male,flyweight,16,NA,16,NA,16,16,3,1,0 KO 0 Sub 1 Dec,2,0 KO 2 Sub 0 Dec,-1,1,0,12.7,2565,2631,2602,2023-07-22,L - Jafel Filho,2025-03-15,L - Andre Lima,2026-05-16,Luis Gurule
Melissa Gatto,1996-05-02,FALSE,FALSE,FALSE,FALSE,FALSE,FALSE,FALSE,NA,Brazil,female,"women's flyweight, women's bantamweight",16,NA,16,NA,16,16,6,3,3 KO 0 Sub 0 Dec,3,0 KO 0 Sub 3 Dec,-1,2,1,9.3,2562,2696,2583,2021-08-07,W - Victoria Leonardo,2026-04-04,L - Dione Barbosa,NA,NA
Alvin Hines,1991-10-20,FALSE,FALSE,FALSE,FALSE,FALSE,FALSE,FALSE,NA,United States,male,heavyweight,16,NA,16,NA,16,16,1,0,0 KO 0 Sub 0 Dec,1,0 KO 0 Sub 1 Dec,-1,-1,0,11,2562,2562,2631,2025-06-28,L - Jhonata Diniz,2025-06-28,L - Jhonata Diniz,2026-07-18,Allen Frye Jr.
Guilherme Pat,1994-04-20,FALSE,FALSE,FALSE,FALSE,FALSE,FALSE,FALSE,NA,Brazil,male,heavyweight,16,NA,16,NA,16,16,2,1,0 KO 0 Sub 1 Dec,1,0 KO 0 Sub 1 Dec,-1,1,0,9,2561,2631,2613,2025-12-13,W - Allen Frye Jr.,2026-04-04,L - Thomas Petersen,NA,NA
Luis Dias de Assis,1995-01-17,FALSE,FALSE,TRUE,FALSE,FALSE,FALSE,FALSE,NA,Brazil,male,middleweight,16,NA,16,NA,16,16,0,NA,NA,NA,NA,NA,NA,0,NA,2561,NA,2506,NA,NA,NA,NA,2026-05-30,Yi Sak Lee
Kurtis Campbell,2002-07-29,FALSE,FALSE,TRUE,FALSE,FALSE,FALSE,FALSE,NA,"United Kingdom, England",male,featherweight,16,NA,16,NA,16,16,1,0,0 KO 0 Sub 0 Dec,1,1 KO 0 Sub 0 Dec,-1,-1,0,6,2557,2557,2640,2026-03-21,L - Danny Silva,2026-03-21,L - Danny Silva,NA,NA
Kyle Prepolec,1989-08-30,FALSE,FALSE,FALSE,FALSE,FALSE,FALSE,FALSE,NA,Canada,male,lightweight,16,NA,16,NA,16,16,4,0,0 KO 0 Sub 0 Dec,4,1 KO 1 Sub 2 Dec,-4,-1,1,8.2,2556,2647,2756,2019-05-04,L - Nordine Taleb,2025-10-18,L - Drew Dober,NA,NA
Jamie Siraj,1994-06-28,FALSE,FALSE,FALSE,FALSE,FALSE,FALSE,FALSE,NA,Canada,male,bantamweight,16,NA,16,NA,16,16,1,0,0 KO 0 Sub 0 Dec,1,1 KO 0 Sub 0 Dec,-1,-1,0,12,2556,2556,2537,2026-04-18,L - John Yannis,2026-04-18,L - John Yannis,NA,NA
Farman Hasanov,1995-08-01,FALSE,FALSE,FALSE,FALSE,FALSE,FALSE,FALSE,NA,Azerbaijan,male,welterweight,16,NA,16,NA,16,16,0,NA,NA,NA,NA,NA,NA,0,NA,2555,NA,2587,NA,NA,NA,NA,2026-06-27,Eric Nolan
Andrey Pulyaev,1997-09-10,FALSE,FALSE,TRUE,FALSE,FALSE,FALSE,FALSE,NA,Russia,male,middleweight,16,NA,16,NA,16,16,3,1,1 KO 0 Sub 0 Dec,2,0 KO 0 Sub 2 Dec,-1,1,0,8.7,2554,2608,2759,2025-03-22,L - Christian Leroy Duncan,2026-01-24,L - Ateba Gautier,2026-06-27,Nursulton Ruziboev
Shi Ming,1994-11-14,FALSE,TRUE,FALSE,FALSE,FALSE,FALSE,FALSE,NA,China,female,women's strawweight,16,NA,16,NA,16,16,2,1,1 KO 0 Sub 0 Dec,1,0 KO 0 Sub 1 Dec,-1,1,1,11,2553,2707,2596,2024-11-23,W - Feng Xiaocan,2025-08-23,L - Bruna Brasil,NA,NA
Tai Tuivasa,1993-03-16,FALSE,FALSE,FALSE,FALSE,FALSE,FALSE,FALSE,NA,"Australia, Samoa",male,heavyweight,16,NA,16,NA,3,16,18,8,7 KO 0 Sub 1 Dec,10,3 KO 3 Sub 4 Dec,-7,5,5,4,2552,3130,2851,2017-11-18,W - Rashad Coulter,2026-05-02,L - Louie Sutherland,NA,NA
Jeisla Chaves,1997-02-02,FALSE,FALSE,TRUE,FALSE,FALSE,FALSE,FALSE,NA,Brazil,female,women's flyweight,16,NA,16,NA,16,16,0,NA,NA,NA,NA,NA,NA,0,NA,2552,NA,2432,NA,NA,NA,NA,2026-06-06,Yuneisy Duben
Jeremy Stephens,1986-05-25,FALSE,FALSE,FALSE,FALSE,FALSE,FALSE,FALSE,NA,United States,male,"lightweight, featherweight",16,NA,16,NA,4,16,36,15,8 KO 0 Sub 7 Dec,20,3 KO 4 Sub 13 Dec,-5,3,10,4.5,2550,3134,2822,2007-05-26,L - Din Thomas,2026-05-09,L - King Green,NA,NA
Alice Ardelean,1992-04-19,FALSE,FALSE,FALSE,FALSE,FALSE,FALSE,FALSE,NA,"United Kingdom, England, Romania",female,women's strawweight,16,NA,16,NA,16,16,4,2,0 KO 0 Sub 2 Dec,2,0 KO 0 Sub 2 Dec,2,2,1,11,2548,2548,2410,2024-07-27,L - Shauna Bannon,2025-11-01,W - Montserrat Conejo Ruiz,2026-05-16,Polyana Viana
Victor Martinez,1991-07-17,FALSE,FALSE,TRUE,FALSE,FALSE,FALSE,FALSE,NA,United States,male,lightweight,16,NA,16,NA,16,16,2,0,0 KO 0 Sub 0 Dec,2,2 KO 0 Sub 0 Dec,-2,-1,0,6.5,2546,2671,2642,2023-02-25,L - Jordan Leavitt,2024-05-18,L - Tom Nolan,NA,NA
Ivan Erslan,1991-11-15,FALSE,FALSE,FALSE,FALSE,FALSE,FALSE,FALSE,NA,Croatia,male,light heavyweight,16,NA,16,NA,16,16,3,0,0 KO 0 Sub 0 Dec,3,0 KO 1 Sub 2 Dec,-3,-1,0,6,2545,2684,2697,2024-09-28,L - Ion Cutelaba,2025-09-28,L - Jimmy Crute,2026-05-16,Tuco Tokkos
Isaac Thomson,2002-05-03,FALSE,FALSE,FALSE,FALSE,FALSE,FALSE,FALSE,NA,Australia,male,featherweight,16,NA,16,NA,16,16,1,0,0 KO 0 Sub 0 Dec,1,0 KO 0 Sub 1 Dec,-1,-1,0,8,2545,2545,2879,2025-12-13,L - Joanderson Brito,2025-12-13,L - Joanderson Brito,NA,NA
Brendson Ribeiro,1996-09-08,FALSE,FALSE,TRUE,FALSE,FALSE,FALSE,FALSE,NA,Brazil,male,light heavyweight,16,NA,16,NA,16,16,7,2,0 KO 1 Sub 1 Dec,5,3 KO 1 Sub 1 Dec,-3,2,0,6.3,2544,2695,2752,2024-02-17,L - Zhang Mingyang,2026-04-04,L - Abdul Rakhman Yakhyaev,NA,NA
Daniel Frunza,1994-04-13,FALSE,FALSE,TRUE,FALSE,FALSE,FALSE,FALSE,NA,Romania,male,welterweight,16,NA,16,NA,16,16,2,0,0 KO 0 Sub 0 Dec,2,1 KO 1 Sub 0 Dec,-2,-1,0,6.5,2543,2631,2685,2025-04-05,L - Rhys McKee,2025-11-01,L - Charles Radtke,NA,NA
Ariane Carnelossi,1992-11-17,FALSE,FALSE,FALSE,FALSE,FALSE,FALSE,FALSE,NA,Brazil,female,women's strawweight,16,NA,16,NA,16,16,6,3,1 KO 1 Sub 0 Dec,3,1 KO 1 Sub 1 Dec,-1,2,0,11.2,2543,2678,2594,2019-09-21,L - Angela Hill,2025-11-01,L - Talita Alencar,2026-06-06,Ketlen Souza
Wellington Turman,1996-07-22,FALSE,FALSE,FALSE,FALSE,FALSE,FALSE,FALSE,NA,Brazil,male,"welterweight, middleweight",16,NA,16,NA,16,16,9,3,0 KO 1 Sub 2 Dec,6,2 KO 1 Sub 3 Dec,-3,2,1,6.7,2540,2780,2753,2019-07-13,L - Karl Roberson,2023-12-02,L - Jared Gooden,NA,NA
Treston Vines,1996-06-18,FALSE,FALSE,FALSE,FALSE,FALSE,FALSE,FALSE,NA,United States,male,middleweight,16,NA,16,NA,16,16,1,0,0 KO 0 Sub 0 Dec,1,1 KO 0 Sub 0 Dec,-1,-1,0,6,2536,2536,2706,2025-10-04,L - Ateba Gautier,2025-10-04,L - Ateba Gautier,NA,NA
Clayton Carpenter,1996-06-09,FALSE,FALSE,TRUE,FALSE,FALSE,FALSE,FALSE,NA,United States,male,flyweight,16,NA,16,NA,16,16,5,2,0 KO 2 Sub 0 Dec,3,0 KO 1 Sub 2 Dec,-3,2,1,11.2,2533,2811,2704,2023-02-18,W - Juancamilo Ronderos,2026-05-09,L - Jose Ochoa,NA,NA
Cody Brundage,1994-05-16,FALSE,FALSE,TRUE,FALSE,FALSE,FALSE,FALSE,NA,United States,male,middleweight,16,NA,16,NA,16,16,15,5,3 KO 1 Sub 0 Dec,9,2 KO 2 Sub 5 Dec,-4,2,2,7.5,2533,2688,2650,2021-09-25,L - Nick Maximov,2026-03-07,L - Donte Johnson,2026-05-16,Andre Petroski
Julia Polastri,1998-03-05,FALSE,FALSE,TRUE,FALSE,FALSE,FALSE,FALSE,NA,Brazil,female,women's strawweight,16,NA,16,NA,16,16,5,2,1 KO 0 Sub 1 Dec,3,0 KO 0 Sub 3 Dec,-1,1,1,10.8,2532,2611,2633,2024-06-15,L - Josefine Knutsson,2026-04-25,L - Talita Alencar,NA,NA
Cameron Smotherman,1997-09-17,FALSE,FALSE,TRUE,FALSE,FALSE,FALSE,FALSE,NA,United States,male,bantamweight,16,NA,16,NA,16,16,3,1,0 KO 0 Sub 1 Dec,2,0 KO 0 Sub 2 Dec,-2,1,0,6.7,2530,2647,2791,2024-10-19,W - Jake Hadley,2025-06-14,L - Ricky Simon,2026-05-30,Kai Asakura
Francisco Prado,2002-06-16,FALSE,FALSE,FALSE,FALSE,FALSE,FALSE,FALSE,NA,Argentina,male,welterweight,16,NA,16,NA,16,16,6,1,1 KO 0 Sub 0 Dec,5,0 KO 0 Sub 5 Dec,-4,1,2,6.7,2530,2686,2789,2023-02-11,L - Jamie Mullarkey,2026-04-11,L - Charles Radtke,NA,NA
Artur Minev,2003-09-27,FALSE,FALSE,FALSE,FALSE,FALSE,FALSE,FALSE,NA,"Bulgaria, Ukraine",male,lightweight,16,NA,16,NA,16,16,0,NA,NA,NA,NA,NA,NA,0,NA,2529,NA,2627,NA,NA,NA,NA,2026-05-16,Thomas Gantt
Damir Hadzovic,1986-08-08,FALSE,FALSE,FALSE,FALSE,FALSE,FALSE,FALSE,NA,"Bosnia and Herzegovina, Denmark",male,lightweight,16,NA,16,NA,16,16,10,4,2 KO 0 Sub 2 Dec,6,2 KO 1 Sub 3 Dec,-2,2,1,8.2,2527,2779,2746,2016-04-10,L - Mairbek Taisumov,2025-02-01,L - Terrance McKinney,NA,NA
Ramon Taveras,1994-01-09,FALSE,FALSE,TRUE,FALSE,FALSE,FALSE,FALSE,NA,United States,male,bantamweight,16,NA,16,NA,16,16,3,1,0 KO 0 Sub 1 Dec,2,0 KO 0 Sub 2 Dec,-2,1,0,7.7,2525,2643,2753,2024-01-20,W - Serhiy Sidey,2025-09-28,L - Jack Jenkins,NA,NA
Luke Fernandez,1995-06-29,FALSE,FALSE,TRUE,FALSE,FALSE,FALSE,FALSE,NA,United States,male,light heavyweight,16,NA,16,NA,16,16,1,0,0 KO 0 Sub 0 Dec,1,1 KO 0 Sub 0 Dec,-1,-1,0,12,2524,2524,2681,2026-03-07,L - Rodolfo Bellato,2026-03-07,L - Rodolfo Bellato,NA,NA
Dennis Buzukja,1997-10-01,FALSE,FALSE,TRUE,FALSE,FALSE,FALSE,FALSE,NA,United States,male,"featherweight, lightweight",16,NA,16,NA,16,16,5,1,1 KO 0 Sub 0 Dec,4,2 KO 0 Sub 2 Dec,-2,1,1,9.4,2523,2649,2659,2023-08-05,L - Sean Woodson,2026-04-18,L - Marcio Barbosa,NA,NA
Junior Tafa,1996-09-21,FALSE,FALSE,FALSE,FALSE,FALSE,FALSE,FALSE,NA,"Australia, Samoa",male,light heavyweight,16,NA,16,NA,16,16,8,3,3 KO 0 Sub 0 Dec,5,1 KO 3 Sub 1 Dec,1,1,1,7.1,2523,2581,2593,2023-04-22,L - Mohammed Usman,2026-05-02,W - Kevin Christian,NA,NA
Lucas Brennan,2000-06-03,FALSE,FALSE,FALSE,FALSE,FALSE,FALSE,FALSE,NA,United States,male,lightweight,16,NA,16,NA,16,16,1,0,0 KO 0 Sub 0 Dec,1,0 KO 0 Sub 1 Dec,-1,-1,0,11,2522,2522,2669,2026-04-25,L - Francis Marshall,2026-04-25,L - Francis Marshall,NA,NA
Billy Ray Goff,1998-06-18,FALSE,FALSE,TRUE,FALSE,FALSE,FALSE,FALSE,NA,United States,male,welterweight,16,NA,16,NA,16,16,3,1,1 KO 0 Sub 0 Dec,2,0 KO 1 Sub 1 Dec,-2,1,1,7.7,2518,2727,2555,2023-08-26,W - Yusaku Kinoshita,2025-05-31,L - Ramiz Brahimaj,NA,NA
Alice Pereira,2005-12-20,FALSE,FALSE,FALSE,FALSE,FALSE,FALSE,FALSE,NA,Brazil,female,women's bantamweight,16,NA,16,NA,16,16,2,1,1 KO 0 Sub 0 Dec,1,0 KO 0 Sub 1 Dec,1,1,1,11.5,2517,2517,2371,2025-09-13,L - Montserrat Rendon,2026-04-04,W - Hailey Cowan,NA,NA
Elise Reed,1992-12-05,FALSE,FALSE,FALSE,FALSE,FALSE,FALSE,FALSE,NA,United States,female,women's strawweight,16,NA,16,NA,16,16,9,4,0 KO 0 Sub 4 Dec,5,3 KO 2 Sub 0 Dec,-1,1,0,10,2516,2567,2569,2021-07-24,L - Sijara Eubanks,2025-05-17,L - Denise Gomes,NA,NA
Mitch Ramirez,1992-11-03,FALSE,FALSE,TRUE,FALSE,FALSE,FALSE,FALSE,NA,United States,male,lightweight,16,NA,16,NA,16,16,2,0,0 KO 0 Sub 0 Dec,2,2 KO 0 Sub 0 Dec,-2,-1,0,11.5,2513,2545,2853,2024-03-16,L - Thiago Moises,2025-07-12,L - Mike Davis,NA,NA
Shanelle Dyer,2001-04-23,FALSE,FALSE,TRUE,FALSE,FALSE,FALSE,FALSE,NA,"United Kingdom, England, Montserrat, Nigeria",female,women's strawweight,16,NA,16,NA,16,16,1,1,1 KO 0 Sub 0 Dec,0,0 KO 0 Sub 0 Dec,1,1,1,13,2513,2513,2347,2026-03-21,W - Ravena Oliveira,2026-03-21,W - Ravena Oliveira,NA,NA
Dusko Todorovic,1994-05-19,FALSE,FALSE,TRUE,FALSE,FALSE,FALSE,FALSE,NA,Serbia,male,middleweight,16,NA,16,NA,16,16,10,4,3 KO 1 Sub 0 Dec,6,4 KO 0 Sub 2 Dec,1,1,2,5.6,2507,2762,2608,2020-10-03,W - Dequan Townsend,2025-09-13,W - Jose Medina,NA,NA
Felipe Franco,2001-01-22,FALSE,FALSE,TRUE,FALSE,FALSE,FALSE,FALSE,NA,Brazil,male,heavyweight,16,NA,16,NA,16,16,1,0,0 KO 0 Sub 0 Dec,1,0 KO 0 Sub 1 Dec,-1,-1,0,9,2506,2506,2893,2026-03-21,L - Mario Pinto,2026-03-21,L - Mario Pinto,NA,NA
Yi Sak Lee,2000-01-11,FALSE,FALSE,FALSE,FALSE,FALSE,FALSE,FALSE,NA,South Korea,male,middleweight,16,NA,16,NA,16,16,0,NA,NA,NA,NA,NA,NA,0,NA,2506,NA,2561,NA,NA,NA,NA,2026-05-30,Luis Dias de Assis
Cameron Saaiman,2000-12-20,FALSE,FALSE,TRUE,FALSE,FALSE,FALSE,FALSE,NA,South Africa,male,bantamweight,16,NA,16,NA,16,16,6,3,2 KO 0 Sub 1 Dec,3,2 KO 0 Sub 1 Dec,-3,3,1,9,2505,2728,2620,2022-12-10,W - Steven Koslow,2025-04-26,L - Malcolm Wellmaker,NA,NA
Gaston Bolanos,1992-09-14,FALSE,FALSE,FALSE,FALSE,FALSE,FALSE,FALSE,NA,Peru,male,"featherweight, bantamweight",16,NA,16,NA,16,16,4,2,0 KO 0 Sub 2 Dec,2,1 KO 1 Sub 0 Dec,-1,1,0,8.2,2503,2626,2584,2023-04-15,W - Aaron Phillips,2025-05-03,L - Quang Le,2026-06-20,Michael Aswell Jr.
Anshul Jubli,1995-01-13,FALSE,TRUE,FALSE,FALSE,FALSE,FALSE,FALSE,NA,India,male,lightweight,16,NA,16,NA,16,16,3,1,1 KO 0 Sub 0 Dec,2,2 KO 0 Sub 0 Dec,-2,1,1,9.3,2503,2724,2625,2023-02-04,W - Jeka Saragih,2025-02-08,L - Quillan Salkilld,NA,NA
Nora Cornolle,1989-12-06,FALSE,FALSE,FALSE,FALSE,FALSE,FALSE,FALSE,NA,"Algeria, France",female,women's bantamweight,13,NA,16,NA,12,16,6,3,1 KO 1 Sub 1 Dec,3,0 KO 1 Sub 2 Dec,-2,2,0,10.2,2497,2702,2571,2023-09-02,W - Joselyne Edwards,2026-02-21,L - Joselyne Edwards,NA,NA
Kevin Borjas,1997-12-06,FALSE,FALSE,TRUE,FALSE,FALSE,FALSE,FALSE,NA,Peru,male,flyweight,16,NA,16,NA,16,16,5,1,0 KO 0 Sub 1 Dec,4,2 KO 0 Sub 2 Dec,-2,1,0,8,2491,2682,2702,2023-11-11,L - Joshua Van,2026-02-28,L - Imanol Rodriguez,2026-06-20,Andre Lima
Trevor Peek,1995-01-09,FALSE,FALSE,TRUE,FALSE,FALSE,FALSE,FALSE,NA,United States,male,lightweight,16,NA,16,NA,16,16,5,2,1 KO 0 Sub 1 Dec,3,0 KO 0 Sub 3 Dec,-2,1,1,6.6,2486,2713,2590,2023-02-25,W - Erick Gonzalez,2024-09-07,L - Yanal Ashmouz,NA,NA
Shauna Bannon,1993-10-23,FALSE,FALSE,FALSE,FALSE,FALSE,FALSE,FALSE,NA,Ireland,female,women's strawweight,16,NA,16,NA,16,16,4,2,0 KO 1 Sub 1 Dec,2,0 KO 1 Sub 1 Dec,-1,2,1,13,2486,2564,2520,2023-07-22,L - Bruna Brasil,2025-09-06,L - Sam Hughes,2026-05-16,Nicolle Caliari
Luana Pinheiro,1992-11-18,FALSE,FALSE,TRUE,FALSE,FALSE,FALSE,FALSE,NA,Brazil,female,women's strawweight,16,NA,16,NA,9,16,7,3,0 KO 0 Sub 2 Dec,4,1 KO 1 Sub 2 Dec,-4,3,0,7,2485,2673,2646,2021-05-01,W - Randa Markos,2025-05-17,L - Tecia Pennington,NA,NA
Rafael Tobias,2003-03-20,FALSE,FALSE,TRUE,FALSE,FALSE,FALSE,FALSE,NA,Brazil,male,light heavyweight,16,NA,16,NA,16,16,1,0,0 KO 0 Sub 0 Dec,1,0 KO 0 Sub 1 Dec,-1,-1,0,11,2483,2483,2509,2026-03-07,L - Diyar Nurgozhay,2026-03-07,L - Diyar Nurgozhay,NA,NA
Vince Morales,1990-11-12,FALSE,FALSE,TRUE,FALSE,FALSE,FALSE,FALSE,NA,United States,male,bantamweight,16,NA,16,NA,16,16,12,3,1 KO 0 Sub 2 Dec,9,1 KO 0 Sub 8 Dec,-6,2,0,8.7,2481,2796,2698,2018-11-24,L - Song Yadong,2026-05-02,L - Colby Thicknesse,NA,NA
Alex Reyes,1986-10-02,FALSE,FALSE,FALSE,FALSE,FALSE,FALSE,FALSE,NA,United States,male,"lightweight, welterweight",16,NA,16,NA,16,16,3,0,0 KO 0 Sub 0 Dec,3,2 KO 0 Sub 1 Dec,-3,-1,0,7.3,2480,2663,2726,2017-09-16,L - Mike Perry,2024-08-17,L - Tom Nolan,NA,NA
Allen Frye Jr.,1998-04-15,FALSE,FALSE,FALSE,FALSE,FALSE,FALSE,FALSE,NA,United States,male,heavyweight,16,NA,16,NA,16,16,1,0,0 KO 0 Sub 0 Dec,1,0 KO 0 Sub 1 Dec,-1,-1,0,11,2479,2479,2531,2025-12-13,L - Guilherme Pat,2025-12-13,L - Guilherme Pat,2026-07-18,Alvin Hines
Mayra Bueno Silva,1991-08-22,FALSE,FALSE,TRUE,FALSE,FALSE,FALSE,FALSE,NA,Brazil,female,"women's bantamweight, women's flyweight",16,NA,16,NA,2,14,14,5,0 KO 4 Sub 1 Dec,7,1 KO 0 Sub 6 Dec,-5,3,4,6.5,2476,2742,2654,2018-09-22,W - Gillian Robertson,2026-04-25,L - Michelle Montague,NA,NA
Melissa Mullins,1991-07-23,FALSE,FALSE,FALSE,FALSE,FALSE,FALSE,FALSE,NA,"United Kingdom, England",female,women's bantamweight,16,NA,16,NA,15,16,4,2,1 KO 0 Sub 1 Dec,2,1 KO 0 Sub 1 Dec,-1,1,0,10.2,2473,2617,2564,2023-10-14,W - Irina Alekseeva,2025-06-21,L - Daria Zhelezniakova,2026-06-20,Bia Mesquita
Luis Gurule,1993-11-16,FALSE,FALSE,TRUE,FALSE,FALSE,FALSE,FALSE,NA,United States,male,flyweight,16,NA,16,NA,16,16,3,0,0 KO 0 Sub 0 Dec,3,1 KO 0 Sub 2 Dec,-3,-1,0,8,2472,2598,2609,2025-04-05,L - Ode Osbourne,2026-02-21,L - Alden Coria,2026-05-16,Daniel Barez
Julien Leblanc,1992-01-21,FALSE,FALSE,FALSE,FALSE,FALSE,FALSE,FALSE,NA,Canada,male,middleweight,16,NA,16,NA,16,16,1,0,0 KO 0 Sub 0 Dec,1,0 KO 1 Sub 0 Dec,-1,-1,0,7,2472,2472,2513,2026-04-18,L - Robert Valentin,2026-04-18,L - Robert Valentin,NA,NA
Daria Zhelezniakova,1996-01-23,FALSE,FALSE,FALSE,FALSE,FALSE,FALSE,FALSE,NA,Russia,female,women's bantamweight,16,NA,16,NA,15,16,4,2,0 KO 0 Sub 2 Dec,2,0 KO 1 Sub 1 Dec,-1,1,0,10,2471,2595,2567,2024-03-23,W - Montserrat Rendon,2026-04-18,L - Melissa Croden,NA,NA
Terrance Saeteurn,1995-05-30,FALSE,FALSE,FALSE,FALSE,FALSE,FALSE,FALSE,NA,United States,male,flyweight,16,NA,16,NA,16,16,1,0,0 KO 0 Sub 0 Dec,1,0 KO 1 Sub 0 Dec,-1,-1,0,14,2469,2469,2594,2025-08-23,L - Nyamjargal Tumendemberel,2025-08-23,L - Nyamjargal Tumendemberel,NA,NA
Ibo Aslan,1996-04-23,FALSE,FALSE,TRUE,FALSE,FALSE,FALSE,FALSE,NA,Turkey,male,light heavyweight,16,NA,16,NA,16,16,5,2,2 KO 0 Sub 0 Dec,3,1 KO 1 Sub 1 Dec,-3,2,1,9,2467,2791,2620,2024-03-30,W - Anton Turkalj,2025-12-06,L - Iwo Baraniewski,NA,NA
Chelsea Chandler,1990-11-23,FALSE,FALSE,FALSE,FALSE,FALSE,FALSE,FALSE,NA,United States,female,"women's bantamweight, women's featherweight",16,NA,16,NA,13,16,5,2,1 KO 0 Sub 1 Dec,3,1 KO 0 Sub 2 Dec,-2,1,1,8.4,2467,2734,2583,2022-10-01,W - Julija Stoliarenko,2025-04-26,L - Joselyne Edwards,2026-06-06,Priscila Cachoeira
Sofia Montenegro,1999-06-18,FALSE,FALSE,TRUE,FALSE,FALSE,FALSE,FALSE,NA,Argentina,female,women's flyweight,16,NA,16,NA,16,16,0,NA,NA,NA,NA,NA,NA,NA,NA,2465,NA,NA,NA,NA,NA,NA,NA,NA
Toshiomi Kazama,1997-05-15,FALSE,TRUE,FALSE,FALSE,FALSE,FALSE,FALSE,NA,Japan,male,bantamweight,16,NA,16,NA,16,16,4,1,0 KO 1 Sub 0 Dec,3,3 KO 0 Sub 0 Dec,-1,1,1,7.5,2454,2489,2568,2023-02-04,L - Rinya Nakamura,2025-08-09,L - Elijah Smith,NA,NA
Gilbert Urbina,1996-04-05,FALSE,FALSE,FALSE,FALSE,FALSE,FALSE,FALSE,NA,"Mexico, United States",male,"welterweight, middleweight",16,NA,16,NA,16,16,4,1,1 KO 0 Sub 0 Dec,3,2 KO 1 Sub 0 Dec,-2,1,0,6.5,2454,2597,2659,2021-08-28,L - Bryan Battle,2025-08-09,L - Uros Medic,NA,NA
Austen Lane,1987-11-09,FALSE,FALSE,TRUE,FALSE,FALSE,FALSE,FALSE,NA,United States,male,"light heavyweight, heavyweight",16,NA,16,NA,16,16,7,1,0 KO 0 Sub 1 Dec,5,4 KO 1 Sub 0 Dec,-3,1,0,5.3,2451,2719,2659,2023-06-24,NC - Justin Tafa,2026-03-21,L - Iwo Baraniewski,NA,NA
Juliana Miller,1996-05-07,TRUE,FALSE,FALSE,FALSE,FALSE,FALSE,FALSE,NA,"Brazil, United States",female,women's flyweight,16,NA,16,NA,16,16,5,2,1 KO 0 Sub 1 Dec,3,1 KO 0 Sub 2 Dec,-1,1,0,11.6,2440,2611,2512,2022-08-06,W - Brogan Walker,2026-02-21,L - Carli Judice,NA,NA
Jose Luiz,1996-08-25,FALSE,FALSE,FALSE,FALSE,FALSE,FALSE,FALSE,NA,Brazil,male,heavyweight,16,NA,16,NA,16,16,0,NA,NA,NA,NA,NA,NA,0,NA,2440,NA,2721,NA,NA,NA,NA,2026-06-20,Jhonata Diniz
Yuneisy Duben,1996-07-08,FALSE,FALSE,TRUE,FALSE,FALSE,FALSE,FALSE,NA,Venezuela,female,women's flyweight,16,NA,16,NA,16,16,1,0,0 KO 0 Sub 0 Dec,1,1 KO 0 Sub 0 Dec,-1,-1,0,13,2432,2432,2435,2025-03-15,L - Carli Judice,2025-03-15,L - Carli Judice,2026-06-06,Jeisla Chaves
Josiane Nunes,1993-12-23,FALSE,FALSE,FALSE,FALSE,FALSE,FALSE,FALSE,NA,Brazil,female,"women's bantamweight, women's featherweight",16,NA,16,NA,13,16,6,3,1 KO 0 Sub 2 Dec,3,1 KO 0 Sub 2 Dec,-3,3,1,10,2420,2708,2498,2021-08-21,W - Bea Malecki,2025-03-15,L - Priscila Cachoeira,NA,NA
Ben Johnston,1990-10-11,FALSE,FALSE,FALSE,FALSE,FALSE,FALSE,FALSE,NA,Australia,male,middleweight,16,NA,16,NA,16,16,1,0,0 KO 0 Sub 0 Dec,1,0 KO 1 Sub 0 Dec,-1,-1,0,11,2420,2420,2484,2026-05-02,L - Wes Schultz,2026-05-02,L - Wes Schultz,NA,NA
Nicolle Caliari,1996-11-04,FALSE,FALSE,TRUE,FALSE,FALSE,FALSE,FALSE,NA,Brazil,female,"women's strawweight, women's flyweight",16,NA,16,NA,16,16,2,0,0 KO 0 Sub 0 Dec,2,1 KO 0 Sub 1 Dec,-2,-1,0,12.5,2418,2531,2434,2025-01-11,L - Ernesta Kareckaite,2025-07-19,L - Carli Judice,2026-05-16,Shauna Bannon
Karolina Kowalkiewicz,1985-10-15,FALSE,FALSE,FALSE,FALSE,FALSE,FALSE,FALSE,NA,Poland,female,women's strawweight,16,NA,16,NA,2,16,19,9,0 KO 1 Sub 8 Dec,10,2 KO 2 Sub 6 Dec,-3,4,1,5.6,2414,2784,2622,2015-12-19,W - Randa Markos,2025-10-11,L - Julia Polastri,NA,NA
Lando Vannata,1992-03-14,FALSE,FALSE,FALSE,FALSE,FALSE,FALSE,FALSE,NA,United States,male,"lightweight, featherweight",16,NA,16,NA,16,16,14,4,1 KO 1 Sub 2 Dec,8,1 KO 2 Sub 5 Dec,-3,1,5,6.7,2413,2694,2707,2016-07-13,L - Tony Ferguson,2026-04-04,L - Darrius Flowers,NA,NA
Priscila Cachoeira,1988-08-19,FALSE,FALSE,FALSE,FALSE,FALSE,FALSE,FALSE,NA,Brazil,female,women's bantamweight,16,NA,16,NA,16,16,13,5,4 KO 0 Sub 1 Dec,8,1 KO 4 Sub 3 Dec,-2,2,3,9.5,2409,2605,2526,2018-02-03,L - Valentina Shevchenko,2026-02-07,L - Klaudia Sygula,2026-06-06,Chelsea Chandler
Max Gimenis,1993-04-14,FALSE,FALSE,FALSE,FALSE,FALSE,FALSE,FALSE,NA,Brazil,male,heavyweight,16,NA,16,NA,16,16,1,0,0 KO 0 Sub 0 Dec,1,1 KO 0 Sub 0 Dec,-1,-1,0,9,2407,2407,2606,2025-11-08,L - Josh Hokit,2025-11-08,L - Josh Hokit,NA,NA
Stewart Nicoll,1994-11-03,FALSE,FALSE,FALSE,FALSE,FALSE,FALSE,FALSE,NA,"Australia, Solomon Islands",male,flyweight,16,NA,16,NA,16,16,3,0,0 KO 0 Sub 0 Dec,3,1 KO 1 Sub 1 Dec,-3,-1,0,10,2402,2543,2630,2024-08-17,L - Jesus Aguilar,2026-04-04,L - Alessandro Costa,NA,NA
Pete Rodriguez,1996-11-13,FALSE,FALSE,FALSE,FALSE,FALSE,FALSE,FALSE,NA,United States,male,welterweight,16,NA,16,NA,16,16,3,1,1 KO 0 Sub 0 Dec,2,2 KO 0 Sub 0 Dec,-1,1,0,9,2401,2483,2534,2022-01-22,L - Jack Della Maddalena,2024-02-03,L - Themba Gorimbo,NA,NA
Nick Klein,1995-09-08,FALSE,FALSE,TRUE,FALSE,FALSE,FALSE,FALSE,NA,United States,male,middleweight,16,NA,16,NA,16,16,2,0,0 KO 0 Sub 0 Dec,2,2 KO 0 Sub 0 Dec,-2,-1,0,8.5,2397,2490,2613,2025-02-22,L - Mansur Abdul-Malik,2025-08-02,L - Andrey Pulyaev,NA,NA
Polyana Viana,1992-06-14,FALSE,FALSE,FALSE,FALSE,FALSE,FALSE,FALSE,NA,Brazil,female,women's strawweight,16,NA,16,NA,15,16,11,4,1 KO 3 Sub 0 Dec,7,1 KO 3 Sub 3 Dec,-3,2,2,8.4,2397,2615,2499,2018-02-03,W - Maia Kahaunaele,2025-04-26,L - Jaqueline Amorim,2026-05-16,Alice Ardelean
Mickey Gall,1992-01-22,FALSE,FALSE,FALSE,FALSE,FALSE,FALSE,FALSE,NA,United States,male,welterweight,16,NA,16,NA,16,16,13,6,0 KO 5 Sub 1 Dec,7,3 KO 0 Sub 4 Dec,-4,3,0,7.4,2390,2714,2609,2016-02-06,W - Mike Jackson,2024-11-16,L - Ramiz Brahimaj,NA,NA
Jose Henrique,2002-05-23,FALSE,FALSE,TRUE,FALSE,FALSE,FALSE,FALSE,NA,Brazil,male,welterweight,16,NA,16,NA,16,16,0,NA,NA,NA,NA,NA,NA,0,NA,2390,NA,2673,NA,NA,NA,NA,2026-05-30,Ding Meng
Puja Tomar,1993-12-05,FALSE,FALSE,FALSE,FALSE,FALSE,FALSE,FALSE,NA,India,female,women's strawweight,16,NA,16,NA,16,16,2,1,0 KO 0 Sub 1 Dec,1,0 KO 1 Sub 0 Dec,-1,1,0,12.5,2389,2506,2481,2024-06-08,W - Rayanne dos Santos,2025-03-22,L - Shauna Bannon,NA,NA
Sedriques Dumas,1995-08-06,FALSE,FALSE,TRUE,FALSE,FALSE,FALSE,FALSE,NA,United States,male,middleweight,16,NA,16,NA,16,16,9,3,0 KO 0 Sub 3 Dec,5,2 KO 3 Sub 0 Dec,-2,2,0,9.6,2388,2690,2609,2023-03-11,L - Josh Fremd,2026-04-25,L - Jackson McVey,NA,NA
Manolo Zecchini,1996-10-22,FALSE,FALSE,FALSE,FALSE,FALSE,FALSE,FALSE,NA,Italy,male,featherweight,16,NA,16,NA,16,16,2,0,0 KO 0 Sub 0 Dec,2,2 KO 0 Sub 0 Dec,-2,-1,1,5.5,2388,2422,2687,2023-09-02,L - Morgan Charriere,2026-04-04,L - Tommy McMillen,NA,NA
Roberto Romero,2000-01-30,FALSE,FALSE,FALSE,FALSE,FALSE,FALSE,FALSE,NA,Mexico,male,"featherweight, lightweight",16,NA,16,NA,16,16,2,0,0 KO 0 Sub 0 Dec,2,1 KO 0 Sub 1 Dec,-2,-1,0,10.5,2386,2474,2723,2024-11-16,L - David Onama,2025-04-26,L - Timmy Cuamba,NA,NA
Tainara Lisboa,1991-03-02,FALSE,FALSE,FALSE,FALSE,FALSE,FALSE,FALSE,NA,Brazil,female,women's bantamweight,16,NA,16,NA,15,16,4,2,0 KO 1 Sub 1 Dec,2,1 KO 1 Sub 0 Dec,-2,2,0,9.8,2385,2591,2482,2023-05-13,W - Jessica-Rose Clark,2025-10-18,L - Melissa Croden,NA,NA
Angel Pacheco,1992-01-13,FALSE,FALSE,TRUE,FALSE,FALSE,FALSE,FALSE,NA,United States,male,bantamweight,16,NA,16,NA,16,16,2,0,0 KO 0 Sub 0 Dec,2,0 KO 0 Sub 2 Dec,-2,-1,0,9.5,2380,2405,2706,2024-03-30,L - Caolan Loughran,2026-02-28,L - Santiago Luna,NA,NA
Ernesta Kareckaite,1998-07-05,FALSE,FALSE,TRUE,FALSE,FALSE,FALSE,FALSE,NA,Lithuania,female,women's flyweight,16,NA,16,NA,16,16,3,1,0 KO 0 Sub 1 Dec,2,0 KO 0 Sub 2 Dec,-1,1,1,11,2376,2437,2562,2024-05-04,L - Dione Barbosa,2026-02-28,L - Regina Tarin,NA,NA
Ollie Schmid,2000-12-28,FALSE,FALSE,FALSE,FALSE,FALSE,FALSE,FALSE,NA,"Hungary, New Zealand, United States",male,featherweight,16,NA,16,NA,16,16,1,0,0 KO 0 Sub 0 Dec,1,1 KO 0 Sub 0 Dec,-1,-1,0,4,2376,2376,2816,2026-05-02,L - Marwan Rahiki,2026-05-02,L - Marwan Rahiki,NA,NA
Kevin Christian,1995-01-21,FALSE,FALSE,TRUE,FALSE,FALSE,FALSE,FALSE,NA,Brazil,male,light heavyweight,16,NA,16,NA,16,16,2,0,0 KO 0 Sub 0 Dec,2,1 KO 1 Sub 0 Dec,-2,-1,0,7.5,2365,2492,2539,2025-11-01,L - Billy Elekana,2026-05-02,L - Junior Tafa,NA,NA
Josias Musasa,1998-10-10,FALSE,FALSE,TRUE,FALSE,FALSE,FALSE,FALSE,NA,DR Congo,male,bantamweight,16,NA,16,NA,16,16,2,0,0 KO 0 Sub 0 Dec,2,0 KO 1 Sub 1 Dec,-2,-1,0,9,2361,2465,2514,2025-03-15,L - Carlos Vera,2025-09-28,L - Colby Thicknesse,NA,NA
Saimon Oliveira,1991-04-21,FALSE,FALSE,TRUE,FALSE,FALSE,FALSE,FALSE,NA,Brazil,male,bantamweight,16,NA,16,NA,16,16,4,0,0 KO 0 Sub 0 Dec,4,2 KO 1 Sub 1 Dec,-4,-1,0,10,2360,2498,2693,2022-01-22,L - Tony Gravely,2025-10-11,L - Luan Lacerda,NA,NA
Ricky Turcios,1993-06-05,TRUE,FALSE,TRUE,FALSE,FALSE,FALSE,FALSE,NA,"Philippines, El Salvador, United States",male,"featherweight, bantamweight",16,NA,16,NA,16,16,6,2,0 KO 0 Sub 2 Dec,4,0 KO 2 Sub 2 Dec,-3,1,0,6.5,2357,2738,2563,2021-08-28,W - Brady Hiestand,2026-03-07,L - Alberto Montes,NA,NA
Vanessa Demopoulos,1988-09-22,FALSE,FALSE,TRUE,FALSE,FALSE,FALSE,FALSE,NA,"Greece, United States",female,"women's flyweight, women's strawweight",16,NA,16,NA,16,16,10,5,0 KO 1 Sub 4 Dec,5,0 KO 1 Sub 4 Dec,-3,3,1,10.3,2350,2603,2541,2021-08-28,L - JJ Aldrich,2025-06-14,L - Jamey-Lyn Horth,NA,NA
Marnic Mann,1993-03-05,FALSE,FALSE,TRUE,FALSE,FALSE,FALSE,FALSE,NA,United States,female,women's strawweight,16,NA,16,NA,16,16,2,0,0 KO 0 Sub 0 Dec,2,0 KO 0 Sub 2 Dec,-2,-1,0,10.5,2349,2421,2604,2023-09-16,L - Josefine Knutsson,2024-04-27,L - Ketlen Souza,NA,NA
Rayanne dos Santos,1995-06-08,FALSE,FALSE,TRUE,FALSE,FALSE,FALSE,FALSE,NA,Brazil,female,women's strawweight,16,NA,16,NA,16,16,3,0,0 KO 0 Sub 0 Dec,3,0 KO 0 Sub 3 Dec,-3,-1,1,11.3,2332,2515,2427,2023-12-09,L - Talita Alencar,2025-05-31,L - Alice Ardelean,NA,NA
Elisha Ellison,1997-03-05,FALSE,FALSE,FALSE,FALSE,FALSE,FALSE,FALSE,NA,United States,male,heavyweight,16,NA,16,NA,16,16,1,0,0 KO 0 Sub 0 Dec,1,1 KO 0 Sub 0 Dec,-1,-1,0,11,2319,2319,2433,2025-09-28,L - Brando Pericic,2025-09-28,L - Brando Pericic,NA,NA
Montserrat Conejo Ruiz,1993-02-03,FALSE,FALSE,FALSE,FALSE,FALSE,FALSE,FALSE,NA,Mexico,female,women's strawweight,16,NA,16,NA,16,16,5,1,0 KO 0 Sub 1 Dec,4,3 KO 0 Sub 1 Dec,-4,1,0,8.2,2297,2582,2565,2021-03-20,W - Cheyanne Vlismas,2025-11-01,L - Alice Ardelean,NA,NA
Sean Sharaf,1993-07-11,FALSE,FALSE,FALSE,FALSE,FALSE,FALSE,FALSE,NA,United States,male,heavyweight,16,NA,16,NA,16,16,2,0,0 KO 0 Sub 0 Dec,2,2 KO 0 Sub 0 Dec,-2,-1,1,9,2291,2329,2514,2024-10-12,L - Junior Tafa,2025-12-13,L - Steven Asplund,NA,NA
Hailey Cowan,1992-02-12,FALSE,FALSE,TRUE,FALSE,FALSE,FALSE,FALSE,NA,United States,female,women's bantamweight,16,NA,16,NA,16,16,3,0,0 KO 0 Sub 0 Dec,3,1 KO 1 Sub 1 Dec,-3,-1,0,11.3,2284,2402,2572,2023-04-29,L - Jamey-Lyn Horth,2026-04-04,L - Alice Pereira,NA,NA
Ravena Oliveira,1997-02-20,FALSE,FALSE,FALSE,FALSE,FALSE,FALSE,FALSE,NA,Brazil,female,"women's strawweight, women's bantamweight",16,NA,16,NA,16,16,3,0,0 KO 0 Sub 0 Dec,3,1 KO 1 Sub 1 Dec,-3,-1,0,10.3,2273,2406,2493,2023-10-14,L - Tainara Lisboa,2026-03-21,L - Shanelle Dyer,NA,NA
